Medicine_ID,Medicine_Name,Category,Manufacturer,Is_Critical,Month,Opening_Stock,Restock_Qty,Monthly_Demand,Demand_Std_Dev,Fulfilled_Demand,Stockout_Units,Stockout_Flag,Closing_Stock,Lead_Time_Days,Unit_Cost_INR,Holding_Cost_Percent,Ordering_Cost_INR,Shelf_Life_Months
MED0001,Nifedipine 2.5mg Capsule,Vaccine,Aurobindo,Yes,2025-08,36,517,728,193,553,175,Yes,0,2,693.01,0.22,259.5,18
MED0001,Nifedipine 2.5mg Capsule,Vaccine,Aurobindo,Yes,2025-09,0,0,717,113.9,0,717,Yes,0,2,693.01,0.22,259.5,18
MED0001,Nifedipine 2.5mg Capsule,Vaccine,Aurobindo,Yes,2025-10,0,379,345,90.9,345,0,No,34,2,693.01,0.22,259.5,18
MED0001,Nifedipine 2.5mg Capsule,Vaccine,Aurobindo,Yes,2025-11,34,336,345,52.7,345,0,No,25,2,693.01,0.22,259.5,18
MED0001,Nifedipine 2.5mg Capsule,Vaccine,Aurobindo,Yes,2025-12,25,269,269,44.2,269,0,No,25,2,693.01,0.22,259.5,18
MED0001,Nifedipine 2.5mg Capsule,Vaccine,Aurobindo,Yes,2026-01,25,0,291,71.9,25,266,Yes,0,2,693.01,0.22,259.5,18
MED0001,Nifedipine 2.5mg Capsule,Vaccine,Aurobindo,Yes,2026-02,0,301,282,52,282,0,No,19,2,693.01,0.22,259.5,18
MED0001,Nifedipine 2.5mg Capsule,Vaccine,Aurobindo,Yes,2026-03,19,209,282,96.6,228,54,Yes,0,2,693.01,0.22,259.5,18
MED0001,Nifedipine 2.5mg Capsule,Vaccine,Aurobindo,Yes,2026-04,0,444,373,74.8,373,0,No,71,2,693.01,0.22,259.5,18
MED0001,Nifedipine 2.5mg Capsule,Vaccine,Aurobindo,Yes,2026-05,71,592,514,128.7,514,0,No,149,2,693.01,0.22,259.5,18
MED0001,Nifedipine 2.5mg Capsule,Vaccine,Aurobindo,Yes,2026-06,149,452,600,155.6,600,0,No,1,2,693.01,0.22,259.5,18
MED0001,Nifedipine 2.5mg Capsule,Vaccine,Aurobindo,Yes,2026-07,1,566,746,239.2,567,179,Yes,0,2,693.01,0.22,259.5,18
MED0002,Amoxicillin 1mg Ointment,Respiratory,Biocon,Yes,2025-08,295,0,2318,753.2,295,2023,Yes,0,5,6.15,0.12,202.68,18
MED0002,Amoxicillin 1mg Ointment,Respiratory,Biocon,Yes,2025-09,0,2126,2328,396.3,2126,202,Yes,0,5,6.15,0.12,202.68,18
MED0002,Amoxicillin 1mg Ointment,Respiratory,Biocon,Yes,2025-10,0,1283,1525,300,1283,242,Yes,0,5,6.15,0.12,202.68,18
MED0002,Amoxicillin 1mg Ointment,Respiratory,Biocon,Yes,2025-11,0,0,1161,377,0,1161,Yes,0,5,6.15,0.12,202.68,18
MED0002,Amoxicillin 1mg Ointment,Respiratory,Biocon,Yes,2025-12,0,0,1038,278.9,0,1038,Yes,0,5,6.15,0.12,202.68,18
MED0002,Amoxicillin 1mg Ointment,Respiratory,Biocon,Yes,2026-01,0,1057,915,166.7,915,0,No,142,5,6.15,0.12,202.68,18
MED0002,Amoxicillin 1mg Ointment,Respiratory,Biocon,Yes,2026-02,142,1040,825,207.3,825,0,No,357,5,6.15,0.12,202.68,18
MED0002,Amoxicillin 1mg Ointment,Respiratory,Biocon,Yes,2026-03,357,1026,1096,372.7,1096,0,No,287,5,6.15,0.12,202.68,18
MED0002,Amoxicillin 1mg Ointment,Respiratory,Biocon,Yes,2026-04,287,1369,1378,342.6,1378,0,No,278,5,6.15,0.12,202.68,18
MED0002,Amoxicillin 1mg Ointment,Respiratory,Biocon,Yes,2026-05,278,1549,1722,544.8,1722,0,No,105,5,6.15,0.12,202.68,18
MED0002,Amoxicillin 1mg Ointment,Respiratory,Biocon,Yes,2026-06,105,2745,2334,617.5,2334,0,No,516,5,6.15,0.12,202.68,18
MED0002,Amoxicillin 1mg Ointment,Respiratory,Biocon,Yes,2026-07,516,0,2641,572.6,516,2125,Yes,0,5,6.15,0.12,202.68,18
MED0003,Atenolol 250mg Inhaler,Dermatological,Abbott,No,2025-08,1290,6315,6468,1364.9,6468,0,No,1137,5,136.83,0.13,334.15,9
MED0003,Atenolol 250mg Inhaler,Dermatological,Abbott,No,2025-09,1137,5512,5370,843.3,5370,0,No,1279,5,136.83,0.13,334.15,9
MED0003,Atenolol 250mg Inhaler,Dermatological,Abbott,No,2025-10,1279,7404,5788,1281,5788,0,No,2895,5,136.83,0.13,334.15,9
MED0003,Atenolol 250mg Inhaler,Dermatological,Abbott,No,2025-11,2895,5350,5490,1107,5490,0,No,2755,5,136.83,0.13,334.15,9
MED0003,Atenolol 250mg Inhaler,Dermatological,Abbott,No,2025-12,2755,4378,6143,1174.5,6143,0,No,990,5,136.83,0.13,334.15,9
MED0003,Atenolol 250mg Inhaler,Dermatological,Abbott,No,2026-01,990,5773,5561,1697.1,5561,0,No,1202,5,136.83,0.13,334.15,9
MED0003,Atenolol 250mg Inhaler,Dermatological,Abbott,No,2026-02,1202,0,5195,1550.2,1202,3993,Yes,0,5,136.83,0.13,334.15,9
MED0003,Atenolol 250mg Inhaler,Dermatological,Abbott,No,2026-03,0,5744,6302,1195.1,5744,558,Yes,0,5,136.83,0.13,334.15,9
MED0003,Atenolol 250mg Inhaler,Dermatological,Abbott,No,2026-04,0,4717,6080,1300.2,4717,1363,Yes,0,5,136.83,0.13,334.15,9
MED0003,Atenolol 250mg Inhaler,Dermatological,Abbott,No,2026-05,0,0,5150,1280.3,0,5150,Yes,0,5,136.83,0.13,334.15,9
MED0003,Atenolol 250mg Inhaler,Dermatological,Abbott,No,2026-06,0,4795,5180,1754.7,4795,385,Yes,0,5,136.83,0.13,334.15,9
MED0003,Atenolol 250mg Inhaler,Dermatological,Abbott,No,2026-07,0,7203,6423,1663.3,6423,0,No,780,5,136.83,0.13,334.15,9
MED0004,Diazepam 500mg Syrup,Dermatological,Zydus,Yes,2025-08,328,1383,1892,384.1,1711,181,Yes,0,3,396.39,0.13,321.89,18
MED0004,Diazepam 500mg Syrup,Dermatological,Zydus,Yes,2025-09,0,1722,1458,219.8,1458,0,No,264,3,396.39,0.13,321.89,18
MED0004,Diazepam 500mg Syrup,Dermatological,Zydus,Yes,2025-10,264,1416,1791,451.2,1680,111,Yes,0,3,396.39,0.13,321.89,18
MED0004,Diazepam 500mg Syrup,Dermatological,Zydus,Yes,2025-11,0,1579,1543,347.5,1543,0,No,36,3,396.39,0.13,321.89,18
MED0004,Diazepam 500mg Syrup,Dermatological,Zydus,Yes,2025-12,36,0,1440,221.2,36,1404,Yes,0,3,396.39,0.13,321.89,18
MED0004,Diazepam 500mg Syrup,Dermatological,Zydus,Yes,2026-01,0,1895,1605,540.3,1605,0,No,290,3,396.39,0.13,321.89,18
MED0004,Diazepam 500mg Syrup,Dermatological,Zydus,Yes,2026-02,290,0,1633,363.1,290,1343,Yes,0,3,396.39,0.13,321.89,18
MED0004,Diazepam 500mg Syrup,Dermatological,Zydus,Yes,2026-03,0,1849,1836,563,1836,0,No,13,3,396.39,0.13,321.89,18
MED0004,Diazepam 500mg Syrup,Dermatological,Zydus,Yes,2026-04,13,1721,1643,451.9,1643,0,No,91,3,396.39,0.13,321.89,18
MED0004,Diazepam 500mg Syrup,Dermatological,Zydus,Yes,2026-05,91,0,1669,267.1,91,1578,Yes,0,3,396.39,0.13,321.89,18
MED0004,Diazepam 500mg Syrup,Dermatological,Zydus,Yes,2026-06,0,1695,1495,234,1495,0,No,200,3,396.39,0.13,321.89,18
MED0004,Diazepam 500mg Syrup,Dermatological,Zydus,Yes,2026-07,200,1293,1469,466,1469,0,No,24,3,396.39,0.13,321.89,18
MED0005,Ibuprofen 10ml Inhaler,Cardiac,Cadila,No,2025-08,134,1067,1130,227.1,1130,0,No,71,2,157.19,0.13,140.85,24
MED0005,Ibuprofen 10ml Inhaler,Cardiac,Cadila,No,2025-09,71,0,1431,230.7,71,1360,Yes,0,2,157.19,0.13,140.85,24
MED0005,Ibuprofen 10ml Inhaler,Cardiac,Cadila,No,2025-10,0,0,1272,350,0,1272,Yes,0,2,157.19,0.13,140.85,24
MED0005,Ibuprofen 10ml Inhaler,Cardiac,Cadila,No,2025-11,0,2180,2103,530.8,2103,0,No,77,2,157.19,0.13,140.85,24
MED0005,Ibuprofen 10ml Inhaler,Cardiac,Cadila,No,2025-12,77,2237,2119,401.6,2119,0,No,195,2,157.19,0.13,140.85,24
MED0005,Ibuprofen 10ml Inhaler,Cardiac,Cadila,No,2026-01,195,1626,2281,395.2,1821,460,Yes,0,2,157.19,0.13,140.85,24
MED0005,Ibuprofen 10ml Inhaler,Cardiac,Cadila,No,2026-02,0,1753,2244,690.3,1753,491,Yes,0,2,157.19,0.13,140.85,24
MED0005,Ibuprofen 10ml Inhaler,Cardiac,Cadila,No,2026-03,0,1535,1313,380.1,1313,0,No,222,2,157.19,0.13,140.85,24
MED0005,Ibuprofen 10ml Inhaler,Cardiac,Cadila,No,2026-04,222,1125,1330,383.6,1330,0,No,17,2,157.19,0.13,140.85,24
MED0005,Ibuprofen 10ml Inhaler,Cardiac,Cadila,No,2026-05,17,0,1134,217.6,17,1117,Yes,0,2,157.19,0.13,140.85,24
MED0005,Ibuprofen 10ml Inhaler,Cardiac,Cadila,No,2026-06,0,1189,1091,251.5,1091,0,No,98,2,157.19,0.13,140.85,24
MED0005,Ibuprofen 10ml Inhaler,Cardiac,Cadila,No,2026-07,98,872,967,328.4,967,0,No,3,2,157.19,0.13,140.85,24
MED0006,Hepatitis B Vaccine 1mg Capsule,Dermatological,Cipla,Yes,2025-08,493,0,1998,498.1,493,1505,Yes,0,4,132.63,0.12,171.25,12
MED0006,Hepatitis B Vaccine 1mg Capsule,Dermatological,Cipla,Yes,2025-09,0,2648,2241,493.3,2241,0,No,407,4,132.63,0.12,171.25,12
MED0006,Hepatitis B Vaccine 1mg Capsule,Dermatological,Cipla,Yes,2025-10,407,1636,2069,462,2043,26,Yes,0,4,132.63,0.12,171.25,12
MED0006,Hepatitis B Vaccine 1mg Capsule,Dermatological,Cipla,Yes,2025-11,0,2314,2516,733.3,2314,202,Yes,0,4,132.63,0.12,171.25,12
MED0006,Hepatitis B Vaccine 1mg Capsule,Dermatological,Cipla,Yes,2025-12,0,0,2036,561.2,0,2036,Yes,0,4,132.63,0.12,171.25,12
MED0006,Hepatitis B Vaccine 1mg Capsule,Dermatological,Cipla,Yes,2026-01,0,2770,2646,810,2646,0,No,124,4,132.63,0.12,171.25,12
MED0006,Hepatitis B Vaccine 1mg Capsule,Dermatological,Cipla,Yes,2026-02,124,2406,2595,676.8,2530,65,Yes,0,4,132.63,0.12,171.25,12
MED0006,Hepatitis B Vaccine 1mg Capsule,Dermatological,Cipla,Yes,2026-03,0,3107,2547,710.2,2547,0,No,560,4,132.63,0.12,171.25,12
MED0006,Hepatitis B Vaccine 1mg Capsule,Dermatological,Cipla,Yes,2026-04,560,0,2583,862.6,560,2023,Yes,0,4,132.63,0.12,171.25,12
MED0006,Hepatitis B Vaccine 1mg Capsule,Dermatological,Cipla,Yes,2026-05,0,2489,2340,697.6,2340,0,No,149,4,132.63,0.12,171.25,12
MED0006,Hepatitis B Vaccine 1mg Capsule,Dermatological,Cipla,Yes,2026-06,149,1562,2079,643.4,1711,368,Yes,0,4,132.63,0.12,171.25,12
MED0006,Hepatitis B Vaccine 1mg Capsule,Dermatological,Cipla,Yes,2026-07,0,1623,2284,422.1,1623,661,Yes,0,4,132.63,0.12,171.25,12
MED0007,Aspirin 250mg Injection,Analgesic,Mankind,No,2025-08,1523,2985,2484,680.4,2484,0,No,2024,14,680.11,0.19,69.58,24
MED0007,Aspirin 250mg Injection,Analgesic,Mankind,No,2025-09,2024,1480,1865,324.7,1865,0,No,1639,14,680.11,0.19,69.58,24
MED0007,Aspirin 250mg Injection,Analgesic,Mankind,No,2025-10,1639,2402,1864,593.7,1864,0,No,2177,14,680.11,0.19,69.58,24
MED0007,Aspirin 250mg Injection,Analgesic,Mankind,No,2025-11,2177,1142,1255,264.3,1255,0,No,2064,14,680.11,0.19,69.58,24
MED0007,Aspirin 250mg Injection,Analgesic,Mankind,No,2025-12,2064,1577,1496,244,1496,0,No,2145,14,680.11,0.19,69.58,24
MED0007,Aspirin 250mg Injection,Analgesic,Mankind,No,2026-01,2145,1543,1280,257.5,1280,0,No,2408,14,680.11,0.19,69.58,24
MED0007,Aspirin 250mg Injection,Analgesic,Mankind,No,2026-02,2408,1501,1297,409,1297,0,No,2612,14,680.11,0.19,69.58,24
MED0007,Aspirin 250mg Injection,Analgesic,Mankind,No,2026-03,2612,2383,1953,374,1953,0,No,3042,14,680.11,0.19,69.58,24
MED0007,Aspirin 250mg Injection,Analgesic,Mankind,No,2026-04,3042,2040,2597,891.6,2597,0,No,2485,14,680.11,0.19,69.58,24
MED0007,Aspirin 250mg Injection,Analgesic,Mankind,No,2026-05,2485,4092,3352,1140.8,3352,0,No,3225,14,680.11,0.19,69.58,24
MED0007,Aspirin 250mg Injection,Analgesic,Mankind,No,2026-06,3225,0,3637,800.3,3225,412,Yes,0,14,680.11,0.19,69.58,24
MED0007,Aspirin 250mg Injection,Analgesic,Mankind,No,2026-07,0,2732,2830,600.8,2732,98,Yes,0,14,680.11,0.19,69.58,24
MED0008,Hydrochlorothiazide 2.5mg Inhaler,Antidiabetic,Biocon,No,2025-08,243,1413,1527,345.8,1527,0,No,129,3,570.74,0.24,214,12
MED0008,Hydrochlorothiazide 2.5mg Inhaler,Antidiabetic,Biocon,No,2025-09,129,1240,1353,345.3,1353,0,No,16,3,570.74,0.24,214,12
MED0008,Hydrochlorothiazide 2.5mg Inhaler,Antidiabetic,Biocon,No,2025-10,16,1230,1420,403.5,1246,174,Yes,0,3,570.74,0.24,214,12
MED0008,Hydrochlorothiazide 2.5mg Inhaler,Antidiabetic,Biocon,No,2025-11,0,1734,1593,469.5,1593,0,No,141,3,570.74,0.24,214,12
MED0008,Hydrochlorothiazide 2.5mg Inhaler,Antidiabetic,Biocon,No,2025-12,141,1243,1210,331.1,1210,0,No,174,3,570.74,0.24,214,12
MED0008,Hydrochlorothiazide 2.5mg Inhaler,Antidiabetic,Biocon,No,2026-01,174,1715,1350,224.5,1350,0,No,539,3,570.74,0.24,214,12
MED0008,Hydrochlorothiazide 2.5mg Inhaler,Antidiabetic,Biocon,No,2026-02,539,0,1371,333.6,539,832,Yes,0,3,570.74,0.24,214,12
MED0008,Hydrochlorothiazide 2.5mg Inhaler,Antidiabetic,Biocon,No,2026-03,0,1220,1214,356.2,1214,0,No,6,3,570.74,0.24,214,12
MED0008,Hydrochlorothiazide 2.5mg Inhaler,Antidiabetic,Biocon,No,2026-04,6,1058,1301,388.9,1064,237,Yes,0,3,570.74,0.24,214,12
MED0008,Hydrochlorothiazide 2.5mg Inhaler,Antidiabetic,Biocon,No,2026-05,0,1514,1393,288.7,1393,0,No,121,3,570.74,0.24,214,12
MED0008,Hydrochlorothiazide 2.5mg Inhaler,Antidiabetic,Biocon,No,2026-06,121,1095,1473,463.9,1216,257,Yes,0,3,570.74,0.24,214,12
MED0008,Hydrochlorothiazide 2.5mg Inhaler,Antidiabetic,Biocon,No,2026-07,0,1479,1314,454.6,1314,0,No,165,3,570.74,0.24,214,12
MED0009,Atenolol 10ml Syrup,Dermatological,Zydus,No,2025-08,141,301,241,38,241,0,No,201,14,199.81,0.19,274.22,12
MED0009,Atenolol 10ml Syrup,Dermatological,Zydus,No,2025-09,201,367,290,74.9,290,0,No,278,14,199.81,0.19,274.22,12
MED0009,Atenolol 10ml Syrup,Dermatological,Zydus,No,2025-10,278,265,315,51.3,315,0,No,228,14,199.81,0.19,274.22,12
MED0009,Atenolol 10ml Syrup,Dermatological,Zydus,No,2025-11,228,352,386,93.1,386,0,No,194,14,199.81,0.19,274.22,12
MED0009,Atenolol 10ml Syrup,Dermatological,Zydus,No,2025-12,194,473,431,108.1,431,0,No,236,14,199.81,0.19,274.22,12
MED0009,Atenolol 10ml Syrup,Dermatological,Zydus,No,2026-01,236,400,485,163.5,485,0,No,151,14,199.81,0.19,274.22,12
MED0009,Atenolol 10ml Syrup,Dermatological,Zydus,No,2026-02,151,462,361,107.7,361,0,No,252,14,199.81,0.19,274.22,12
MED0009,Atenolol 10ml Syrup,Dermatological,Zydus,No,2026-03,252,240,335,90.5,335,0,No,157,14,199.81,0.19,274.22,12
MED0009,Atenolol 10ml Syrup,Dermatological,Zydus,No,2026-04,157,228,221,53.5,221,0,No,164,14,199.81,0.19,274.22,12
MED0009,Atenolol 10ml Syrup,Dermatological,Zydus,No,2026-05,164,169,225,46.3,225,0,No,108,14,199.81,0.19,274.22,12
MED0009,Atenolol 10ml Syrup,Dermatological,Zydus,No,2026-06,108,264,204,61.2,204,0,No,168,14,199.81,0.19,274.22,12
MED0009,Atenolol 10ml Syrup,Dermatological,Zydus,No,2026-07,168,202,210,52.4,210,0,No,160,14,199.81,0.19,274.22,12
MED0010,Furosemide 10ml Syrup,Anesthetic,Glenmark,Yes,2025-08,971,3292,2690,878.3,2690,0,No,1573,5,175.14,0.19,313.82,6
MED0010,Furosemide 10ml Syrup,Anesthetic,Glenmark,Yes,2025-09,1573,1966,2213,725.2,2213,0,No,1326,5,175.14,0.19,313.82,6
MED0010,Furosemide 10ml Syrup,Anesthetic,Glenmark,Yes,2025-10,1326,0,2559,865.3,1326,1233,Yes,0,5,175.14,0.19,313.82,6
MED0010,Furosemide 10ml Syrup,Anesthetic,Glenmark,Yes,2025-11,0,1996,2436,782.7,1996,440,Yes,0,5,175.14,0.19,313.82,6
MED0010,Furosemide 10ml Syrup,Anesthetic,Glenmark,Yes,2025-12,0,2883,2492,566,2492,0,No,391,5,175.14,0.19,313.82,6
MED0010,Furosemide 10ml Syrup,Anesthetic,Glenmark,Yes,2026-01,391,1876,2553,887.6,2267,286,Yes,0,5,175.14,0.19,313.82,6
MED0010,Furosemide 10ml Syrup,Anesthetic,Glenmark,Yes,2026-02,0,3003,2368,561.7,2368,0,No,635,5,175.14,0.19,313.82,6
MED0010,Furosemide 10ml Syrup,Anesthetic,Glenmark,Yes,2026-03,635,3119,2754,560.9,2754,0,No,1000,5,175.14,0.19,313.82,6
MED0010,Furosemide 10ml Syrup,Anesthetic,Glenmark,Yes,2026-04,1000,3362,2887,942.1,2887,0,No,1475,5,175.14,0.19,313.82,6
MED0010,Furosemide 10ml Syrup,Anesthetic,Glenmark,Yes,2026-05,1475,0,2597,676.6,1475,1122,Yes,0,5,175.14,0.19,313.82,6
MED0010,Furosemide 10ml Syrup,Anesthetic,Glenmark,Yes,2026-06,0,1612,2263,579.1,1612,651,Yes,0,5,175.14,0.19,313.82,6
MED0010,Furosemide 10ml Syrup,Anesthetic,Glenmark,Yes,2026-07,0,2783,2720,425.7,2720,0,No,63,5,175.14,0.19,313.82,6
MED0011,Streptokinase 5ml Tablet,Emergency/Critical Care,Dr Reddy's,No,2025-08,475,3488,2896,471.2,2896,0,No,1067,2,408.84,0.19,108.85,12
MED0011,Streptokinase 5ml Tablet,Emergency/Critical Care,Dr Reddy's,No,2025-09,1067,4158,3343,789.2,3343,0,No,1882,2,408.84,0.19,108.85,12
MED0011,Streptokinase 5ml Tablet,Emergency/Critical Care,Dr Reddy's,No,2025-10,1882,1913,2640,720.9,2640,0,No,1155,2,408.84,0.19,108.85,12
MED0011,Streptokinase 5ml Tablet,Emergency/Critical Care,Dr Reddy's,No,2025-11,1155,3523,2776,563.7,2776,0,No,1902,2,408.84,0.19,108.85,12
MED0011,Streptokinase 5ml Tablet,Emergency/Critical Care,Dr Reddy's,No,2025-12,1902,0,2707,845.4,1902,805,Yes,0,2,408.84,0.19,108.85,12
MED0011,Streptokinase 5ml Tablet,Emergency/Critical Care,Dr Reddy's,No,2026-01,0,3413,2943,483,2943,0,No,470,2,408.84,0.19,108.85,12
MED0011,Streptokinase 5ml Tablet,Emergency/Critical Care,Dr Reddy's,No,2026-02,470,3904,3047,959.1,3047,0,No,1327,2,408.84,0.19,108.85,12
MED0011,Streptokinase 5ml Tablet,Emergency/Critical Care,Dr Reddy's,No,2026-03,1327,2384,3096,1036.9,3096,0,No,615,2,408.84,0.19,108.85,12
MED0011,Streptokinase 5ml Tablet,Emergency/Critical Care,Dr Reddy's,No,2026-04,615,2903,2934,514.5,2934,0,No,584,2,408.84,0.19,108.85,12
MED0011,Streptokinase 5ml Tablet,Emergency/Critical Care,Dr Reddy's,No,2026-05,584,3001,3017,458.6,3017,0,No,568,2,408.84,0.19,108.85,12
MED0011,Streptokinase 5ml Tablet,Emergency/Critical Care,Dr Reddy's,No,2026-06,568,3728,3303,748.9,3303,0,No,993,2,408.84,0.19,108.85,12
MED0011,Streptokinase 5ml Tablet,Emergency/Critical Care,Dr Reddy's,No,2026-07,993,2491,3000,629.4,3000,0,No,484,2,408.84,0.19,108.85,12
MED0012,Enoxaparin 5ml Ointment,Cardiac,Cipla,Yes,2025-08,1645,0,853,191.4,853,0,No,792,21,769.98,0.16,194.15,6
MED0012,Enoxaparin 5ml Ointment,Cardiac,Cipla,Yes,2025-09,792,657,879,269.1,879,0,No,570,21,769.98,0.16,194.15,6
MED0012,Enoxaparin 5ml Ointment,Cardiac,Cipla,Yes,2025-10,570,0,952,144.7,570,382,Yes,0,21,769.98,0.16,194.15,6
MED0012,Enoxaparin 5ml Ointment,Cardiac,Cipla,Yes,2025-11,0,1270,1048,318.9,1048,0,No,222,21,769.98,0.16,194.15,6
MED0012,Enoxaparin 5ml Ointment,Cardiac,Cipla,Yes,2025-12,222,1221,1012,162.4,1012,0,No,431,21,769.98,0.16,194.15,6
MED0012,Enoxaparin 5ml Ointment,Cardiac,Cipla,Yes,2026-01,431,1262,1046,263.3,1046,0,No,647,21,769.98,0.16,194.15,6
MED0012,Enoxaparin 5ml Ointment,Cardiac,Cipla,Yes,2026-02,647,856,1025,354.8,1025,0,No,478,21,769.98,0.16,194.15,6
MED0012,Enoxaparin 5ml Ointment,Cardiac,Cipla,Yes,2026-03,478,648,876,270.3,876,0,No,250,21,769.98,0.16,194.15,6
MED0012,Enoxaparin 5ml Ointment,Cardiac,Cipla,Yes,2026-04,250,1013,1103,170.9,1103,0,No,160,21,769.98,0.16,194.15,6
MED0012,Enoxaparin 5ml Ointment,Cardiac,Cipla,Yes,2026-05,160,1328,1058,276.1,1058,0,No,430,21,769.98,0.16,194.15,6
MED0012,Enoxaparin 5ml Ointment,Cardiac,Cipla,Yes,2026-06,430,901,818,135,818,0,No,513,21,769.98,0.16,194.15,6
MED0012,Enoxaparin 5ml Ointment,Cardiac,Cipla,Yes,2026-07,513,870,1071,259.2,1071,0,No,312,21,769.98,0.16,194.15,6
MED0013,Amoxicillin 1mg Syrup,Gastrointestinal,Mankind,No,2025-08,602,1002,1334,271.8,1334,0,No,270,7,424.98,0.19,211.4,12
MED0013,Amoxicillin 1mg Syrup,Gastrointestinal,Mankind,No,2025-09,270,0,1190,298.2,270,920,Yes,0,7,424.98,0.19,211.4,12
MED0013,Amoxicillin 1mg Syrup,Gastrointestinal,Mankind,No,2025-10,0,1208,1149,249.1,1149,0,No,59,7,424.98,0.19,211.4,12
MED0013,Amoxicillin 1mg Syrup,Gastrointestinal,Mankind,No,2025-11,59,917,997,301.3,976,21,Yes,0,7,424.98,0.19,211.4,12
MED0013,Amoxicillin 1mg Syrup,Gastrointestinal,Mankind,No,2025-12,0,855,1013,304.9,855,158,Yes,0,7,424.98,0.19,211.4,12
MED0013,Amoxicillin 1mg Syrup,Gastrointestinal,Mankind,No,2026-01,0,878,1108,206.9,878,230,Yes,0,7,424.98,0.19,211.4,12
MED0013,Amoxicillin 1mg Syrup,Gastrointestinal,Mankind,No,2026-02,0,1042,1119,323.8,1042,77,Yes,0,7,424.98,0.19,211.4,12
MED0013,Amoxicillin 1mg Syrup,Gastrointestinal,Mankind,No,2026-03,0,0,1142,299.7,0,1142,Yes,0,7,424.98,0.19,211.4,12
MED0013,Amoxicillin 1mg Syrup,Gastrointestinal,Mankind,No,2026-04,0,0,1022,333.4,0,1022,Yes,0,7,424.98,0.19,211.4,12
MED0013,Amoxicillin 1mg Syrup,Gastrointestinal,Mankind,No,2026-05,0,1145,1242,414.8,1145,97,Yes,0,7,424.98,0.19,211.4,12
MED0013,Amoxicillin 1mg Syrup,Gastrointestinal,Mankind,No,2026-06,0,1365,1194,389.7,1194,0,No,171,7,424.98,0.19,211.4,12
MED0013,Amoxicillin 1mg Syrup,Gastrointestinal,Mankind,No,2026-07,171,1005,1024,290.6,1024,0,No,152,7,424.98,0.19,211.4,12
MED0014,Telmisartan 10mg Drops,Vaccine,Torrent,No,2025-08,766,651,740,228,740,0,No,677,21,319.36,0.25,287.49,36
MED0014,Telmisartan 10mg Drops,Vaccine,Torrent,No,2025-09,677,721,836,268.3,836,0,No,562,21,319.36,0.25,287.49,36
MED0014,Telmisartan 10mg Drops,Vaccine,Torrent,No,2025-10,562,946,902,180.8,902,0,No,606,21,319.36,0.25,287.49,36
MED0014,Telmisartan 10mg Drops,Vaccine,Torrent,No,2025-11,606,1585,1339,360.6,1339,0,No,852,21,319.36,0.25,287.49,36
MED0014,Telmisartan 10mg Drops,Vaccine,Torrent,No,2025-12,852,0,1643,284.8,852,791,Yes,0,21,319.36,0.25,287.49,36
MED0014,Telmisartan 10mg Drops,Vaccine,Torrent,No,2026-01,0,2141,1753,591.3,1753,0,No,388,21,319.36,0.25,287.49,36
MED0014,Telmisartan 10mg Drops,Vaccine,Torrent,No,2026-02,388,0,1541,307.5,388,1153,Yes,0,21,319.36,0.25,287.49,36
MED0014,Telmisartan 10mg Drops,Vaccine,Torrent,No,2026-03,0,828,898,265.5,828,70,Yes,0,21,319.36,0.25,287.49,36
MED0014,Telmisartan 10mg Drops,Vaccine,Torrent,No,2026-04,0,0,816,240.8,0,816,Yes,0,21,319.36,0.25,287.49,36
MED0014,Telmisartan 10mg Drops,Vaccine,Torrent,No,2026-05,0,825,693,171.2,693,0,No,132,21,319.36,0.25,287.49,36
MED0014,Telmisartan 10mg Drops,Vaccine,Torrent,No,2026-06,132,664,643,200.3,643,0,No,153,21,319.36,0.25,287.49,36
MED0014,Telmisartan 10mg Drops,Vaccine,Torrent,No,2026-07,153,0,810,188.2,153,657,Yes,0,21,319.36,0.25,287.49,36
MED0015,Azithromycin 1mg Capsule,Emergency/Critical Care,Mankind,No,2025-08,551,2075,1668,463.5,1668,0,No,958,4,77.39,0.27,163.25,6
MED0015,Azithromycin 1mg Capsule,Emergency/Critical Care,Mankind,No,2025-09,958,2082,1805,301.6,1805,0,No,1235,4,77.39,0.27,163.25,6
MED0015,Azithromycin 1mg Capsule,Emergency/Critical Care,Mankind,No,2025-10,1235,1938,2252,560.6,2252,0,No,921,4,77.39,0.27,163.25,6
MED0015,Azithromycin 1mg Capsule,Emergency/Critical Care,Mankind,No,2025-11,921,2909,2618,863.2,2618,0,No,1212,4,77.39,0.27,163.25,6
MED0015,Azithromycin 1mg Capsule,Emergency/Critical Care,Mankind,No,2025-12,1212,3273,3668,615.3,3668,0,No,817,4,77.39,0.27,163.25,6
MED0015,Azithromycin 1mg Capsule,Emergency/Critical Care,Mankind,No,2026-01,817,2704,3179,629,3179,0,No,342,4,77.39,0.27,163.25,6
MED0015,Azithromycin 1mg Capsule,Emergency/Critical Care,Mankind,No,2026-02,342,2860,2742,485.3,2742,0,No,460,4,77.39,0.27,163.25,6
MED0015,Azithromycin 1mg Capsule,Emergency/Critical Care,Mankind,No,2026-03,460,2513,2033,445.9,2033,0,No,940,4,77.39,0.27,163.25,6
MED0015,Azithromycin 1mg Capsule,Emergency/Critical Care,Mankind,No,2026-04,940,1410,1783,385.8,1783,0,No,567,4,77.39,0.27,163.25,6
MED0015,Azithromycin 1mg Capsule,Emergency/Critical Care,Mankind,No,2026-05,567,1091,1288,282.2,1288,0,No,370,4,77.39,0.27,163.25,6
MED0015,Azithromycin 1mg Capsule,Emergency/Critical Care,Mankind,No,2026-06,370,1360,1259,222,1259,0,No,471,4,77.39,0.27,163.25,6
MED0015,Azithromycin 1mg Capsule,Emergency/Critical Care,Mankind,No,2026-07,471,1571,1437,375.1,1437,0,No,605,4,77.39,0.27,163.25,6
MED0016,Sertraline 100mg Tablet,Vitamin/Supplement,Zydus,No,2025-08,160,642,905,191.7,802,103,Yes,0,7,183.23,0.15,344.47,9
MED0016,Sertraline 100mg Tablet,Vitamin/Supplement,Zydus,No,2025-09,0,510,686,151.2,510,176,Yes,0,7,183.23,0.15,344.47,9
MED0016,Sertraline 100mg Tablet,Vitamin/Supplement,Zydus,No,2025-10,0,588,498,96.4,498,0,No,90,7,183.23,0.15,344.47,9
MED0016,Sertraline 100mg Tablet,Vitamin/Supplement,Zydus,No,2025-11,90,331,363,108.2,363,0,No,58,7,183.23,0.15,344.47,9
MED0016,Sertraline 100mg Tablet,Vitamin/Supplement,Zydus,No,2025-12,58,383,334,69.8,334,0,No,107,7,183.23,0.15,344.47,9
MED0016,Sertraline 100mg Tablet,Vitamin/Supplement,Zydus,No,2026-01,107,350,294,61.9,294,0,No,163,7,183.23,0.15,344.47,9
MED0016,Sertraline 100mg Tablet,Vitamin/Supplement,Zydus,No,2026-02,163,428,345,89.4,345,0,No,246,7,183.23,0.15,344.47,9
MED0016,Sertraline 100mg Tablet,Vitamin/Supplement,Zydus,No,2026-03,246,374,314,61.7,314,0,No,306,7,183.23,0.15,344.47,9
MED0016,Sertraline 100mg Tablet,Vitamin/Supplement,Zydus,No,2026-04,306,0,451,105.1,306,145,Yes,0,7,183.23,0.15,344.47,9
MED0016,Sertraline 100mg Tablet,Vitamin/Supplement,Zydus,No,2026-05,0,581,500,98.1,500,0,No,81,7,183.23,0.15,344.47,9
MED0016,Sertraline 100mg Tablet,Vitamin/Supplement,Zydus,No,2026-06,81,705,667,210.4,667,0,No,119,7,183.23,0.15,344.47,9
MED0016,Sertraline 100mg Tablet,Vitamin/Supplement,Zydus,No,2026-07,119,0,760,165.3,119,641,Yes,0,7,183.23,0.15,344.47,9
MED0017,Cetirizine 5mg Suspension,Emergency/Critical Care,Zydus,Yes,2025-08,610,1650,1310,316.9,1310,0,No,950,10,685.13,0.18,315.21,18
MED0017,Cetirizine 5mg Suspension,Emergency/Critical Care,Zydus,Yes,2025-09,950,1267,1001,182.4,1001,0,No,1216,10,685.13,0.18,315.21,18
MED0017,Cetirizine 5mg Suspension,Emergency/Critical Care,Zydus,Yes,2025-10,1216,460,574,113.4,574,0,No,1102,10,685.13,0.18,315.21,18
MED0017,Cetirizine 5mg Suspension,Emergency/Critical Care,Zydus,Yes,2025-11,1102,457,464,122.5,464,0,No,1095,10,685.13,0.18,315.21,18
MED0017,Cetirizine 5mg Suspension,Emergency/Critical Care,Zydus,Yes,2025-12,1095,0,516,147.5,516,0,No,579,10,685.13,0.18,315.21,18
MED0017,Cetirizine 5mg Suspension,Emergency/Critical Care,Zydus,Yes,2026-01,579,533,516,119.5,516,0,No,596,10,685.13,0.18,315.21,18
MED0017,Cetirizine 5mg Suspension,Emergency/Critical Care,Zydus,Yes,2026-02,596,0,423,70.8,423,0,No,173,10,685.13,0.18,315.21,18
MED0017,Cetirizine 5mg Suspension,Emergency/Critical Care,Zydus,Yes,2026-03,173,671,517,164.1,517,0,No,327,10,685.13,0.18,315.21,18
MED0017,Cetirizine 5mg Suspension,Emergency/Critical Care,Zydus,Yes,2026-04,327,447,561,115.6,561,0,No,213,10,685.13,0.18,315.21,18
MED0017,Cetirizine 5mg Suspension,Emergency/Critical Care,Zydus,Yes,2026-05,213,900,701,216.3,701,0,No,412,10,685.13,0.18,315.21,18
MED0017,Cetirizine 5mg Suspension,Emergency/Critical Care,Zydus,Yes,2026-06,412,793,1034,337.4,1034,0,No,171,10,685.13,0.18,315.21,18
MED0017,Cetirizine 5mg Suspension,Emergency/Critical Care,Zydus,Yes,2026-07,171,1356,1416,392.5,1416,0,No,111,10,685.13,0.18,315.21,18
MED0018,Normal Saline 250mg Inhaler,Anesthetic,Cadila,Yes,2025-08,54,447,610,146.8,501,109,Yes,0,2,129.07,0.21,254.49,6
MED0018,Normal Saline 250mg Inhaler,Anesthetic,Cadila,Yes,2025-09,0,484,545,134.3,484,61,Yes,0,2,129.07,0.21,254.49,6
MED0018,Normal Saline 250mg Inhaler,Anesthetic,Cadila,Yes,2025-10,0,720,609,197.9,609,0,No,111,2,129.07,0.21,254.49,6
MED0018,Normal Saline 250mg Inhaler,Anesthetic,Cadila,Yes,2025-11,111,554,629,163.6,629,0,No,36,2,129.07,0.21,254.49,6
MED0018,Normal Saline 250mg Inhaler,Anesthetic,Cadila,Yes,2025-12,36,480,552,117.8,516,36,Yes,0,2,129.07,0.21,254.49,6
MED0018,Normal Saline 250mg Inhaler,Anesthetic,Cadila,Yes,2026-01,0,0,648,137.7,0,648,Yes,0,2,129.07,0.21,254.49,6
MED0018,Normal Saline 250mg Inhaler,Anesthetic,Cadila,Yes,2026-02,0,0,574,92.7,0,574,Yes,0,2,129.07,0.21,254.49,6
MED0018,Normal Saline 250mg Inhaler,Anesthetic,Cadila,Yes,2026-03,0,615,522,126.8,522,0,No,93,2,129.07,0.21,254.49,6
MED0018,Normal Saline 250mg Inhaler,Anesthetic,Cadila,Yes,2026-04,93,542,610,143.5,610,0,No,25,2,129.07,0.21,254.49,6
MED0018,Normal Saline 250mg Inhaler,Anesthetic,Cadila,Yes,2026-05,25,0,616,98.8,25,591,Yes,0,2,129.07,0.21,254.49,6
MED0018,Normal Saline 250mg Inhaler,Anesthetic,Cadila,Yes,2026-06,0,0,620,152.2,0,620,Yes,0,2,129.07,0.21,254.49,6
MED0018,Normal Saline 250mg Inhaler,Anesthetic,Cadila,Yes,2026-07,0,589,524,176.3,524,0,No,65,2,129.07,0.21,254.49,6
MED0019,Amlodipine 500mg Suspension,Vaccine,Intas,No,2025-08,697,2026,2444,843.3,2444,0,No,279,5,75.39,0.18,122.21,36
MED0019,Amlodipine 500mg Suspension,Vaccine,Intas,No,2025-09,279,2936,2656,503.2,2656,0,No,559,5,75.39,0.18,122.21,36
MED0019,Amlodipine 500mg Suspension,Vaccine,Intas,No,2025-10,559,0,2360,793.7,559,1801,Yes,0,5,75.39,0.18,122.21,36
MED0019,Amlodipine 500mg Suspension,Vaccine,Intas,No,2025-11,0,1935,2438,813.6,1935,503,Yes,0,5,75.39,0.18,122.21,36
MED0019,Amlodipine 500mg Suspension,Vaccine,Intas,No,2025-12,0,2986,2332,638.6,2332,0,No,654,5,75.39,0.18,122.21,36
MED0019,Amlodipine 500mg Suspension,Vaccine,Intas,No,2026-01,654,0,2732,501,654,2078,Yes,0,5,75.39,0.18,122.21,36
MED0019,Amlodipine 500mg Suspension,Vaccine,Intas,No,2026-02,0,2020,2127,705.9,2020,107,Yes,0,5,75.39,0.18,122.21,36
MED0019,Amlodipine 500mg Suspension,Vaccine,Intas,No,2026-03,0,0,2392,645.4,0,2392,Yes,0,5,75.39,0.18,122.21,36
MED0019,Amlodipine 500mg Suspension,Vaccine,Intas,No,2026-04,0,2606,2230,749.9,2230,0,No,376,5,75.39,0.18,122.21,36
MED0019,Amlodipine 500mg Suspension,Vaccine,Intas,No,2026-05,376,1798,2079,447.8,2079,0,No,95,5,75.39,0.18,122.21,36
MED0019,Amlodipine 500mg Suspension,Vaccine,Intas,No,2026-06,95,0,2728,755.1,95,2633,Yes,0,5,75.39,0.18,122.21,36
MED0019,Amlodipine 500mg Suspension,Vaccine,Intas,No,2026-07,0,0,2728,931.8,0,2728,Yes,0,5,75.39,0.18,122.21,36
MED0020,Lorazepam 2.5mg Ointment,Emergency/Critical Care,Cadila,No,2025-08,503,1654,1580,361.1,1580,0,No,577,5,461.73,0.2,100.53,18
MED0020,Lorazepam 2.5mg Ointment,Emergency/Critical Care,Cadila,No,2025-09,577,0,1910,478.7,577,1333,Yes,0,5,461.73,0.2,100.53,18
MED0020,Lorazepam 2.5mg Ointment,Emergency/Critical Care,Cadila,No,2025-10,0,1671,1740,379.4,1671,69,Yes,0,5,461.73,0.2,100.53,18
MED0020,Lorazepam 2.5mg Ointment,Emergency/Critical Care,Cadila,No,2025-11,0,1310,1525,287,1310,215,Yes,0,5,461.73,0.2,100.53,18
MED0020,Lorazepam 2.5mg Ointment,Emergency/Critical Care,Cadila,No,2025-12,0,1776,1814,346.8,1776,38,Yes,0,5,461.73,0.2,100.53,18
MED0020,Lorazepam 2.5mg Ointment,Emergency/Critical Care,Cadila,No,2026-01,0,1741,1903,640.1,1741,162,Yes,0,5,461.73,0.2,100.53,18
MED0020,Lorazepam 2.5mg Ointment,Emergency/Critical Care,Cadila,No,2026-02,0,1864,1503,378.8,1503,0,No,361,5,461.73,0.2,100.53,18
MED0020,Lorazepam 2.5mg Ointment,Emergency/Critical Care,Cadila,No,2026-03,361,2346,1896,429.8,1896,0,No,811,5,461.73,0.2,100.53,18
MED0020,Lorazepam 2.5mg Ointment,Emergency/Critical Care,Cadila,No,2026-04,811,1747,1834,276.4,1834,0,No,724,5,461.73,0.2,100.53,18
MED0020,Lorazepam 2.5mg Ointment,Emergency/Critical Care,Cadila,No,2026-05,724,0,1543,293,724,819,Yes,0,5,461.73,0.2,100.53,18
MED0020,Lorazepam 2.5mg Ointment,Emergency/Critical Care,Cadila,No,2026-06,0,0,1752,354.8,0,1752,Yes,0,5,461.73,0.2,100.53,18
MED0020,Lorazepam 2.5mg Ointment,Emergency/Critical Care,Cadila,No,2026-07,0,1528,1544,479.2,1528,16,Yes,0,5,461.73,0.2,100.53,18
MED0021,Folic Acid 50mg Ointment,Dermatological,Cipla,Yes,2025-08,773,1020,1166,221.7,1166,0,No,627,14,342.83,0.27,338.72,24
MED0021,Folic Acid 50mg Ointment,Dermatological,Cipla,Yes,2025-09,627,982,919,207.6,919,0,No,690,14,342.83,0.27,338.72,24
MED0021,Folic Acid 50mg Ointment,Dermatological,Cipla,Yes,2025-10,690,0,993,334.5,690,303,Yes,0,14,342.83,0.27,338.72,24
MED0021,Folic Acid 50mg Ointment,Dermatological,Cipla,Yes,2025-11,0,673,931,245,673,258,Yes,0,14,342.83,0.27,338.72,24
MED0021,Folic Acid 50mg Ointment,Dermatological,Cipla,Yes,2025-12,0,1072,990,277,990,0,No,82,14,342.83,0.27,338.72,24
MED0021,Folic Acid 50mg Ointment,Dermatological,Cipla,Yes,2026-01,82,750,965,162.8,832,133,Yes,0,14,342.83,0.27,338.72,24
MED0021,Folic Acid 50mg Ointment,Dermatological,Cipla,Yes,2026-02,0,1340,1156,283.3,1156,0,No,184,14,342.83,0.27,338.72,24
MED0021,Folic Acid 50mg Ointment,Dermatological,Cipla,Yes,2026-03,184,1243,1019,216,1019,0,No,408,14,342.83,0.27,338.72,24
MED0021,Folic Acid 50mg Ointment,Dermatological,Cipla,Yes,2026-04,408,1241,1072,170.9,1072,0,No,577,14,342.83,0.27,338.72,24
MED0021,Folic Acid 50mg Ointment,Dermatological,Cipla,Yes,2026-05,577,646,908,177.7,908,0,No,315,14,342.83,0.27,338.72,24
MED0021,Folic Acid 50mg Ointment,Dermatological,Cipla,Yes,2026-06,315,772,1097,268.5,1087,10,Yes,0,14,342.83,0.27,338.72,24
MED0021,Folic Acid 50mg Ointment,Dermatological,Cipla,Yes,2026-07,0,1235,1117,247.9,1117,0,No,118,14,342.83,0.27,338.72,24
MED0022,Human Albumin 250mg Tablet,Antibiotic,Biocon,No,2025-08,1984,2993,2353,603,2353,0,No,2624,14,556.98,0.21,70.12,9
MED0022,Human Albumin 250mg Tablet,Antibiotic,Biocon,No,2025-09,2624,0,2158,452.4,2158,0,No,466,14,556.98,0.21,70.12,9
MED0022,Human Albumin 250mg Tablet,Antibiotic,Biocon,No,2025-10,466,2242,2282,507.6,2282,0,No,426,14,556.98,0.21,70.12,9
MED0022,Human Albumin 250mg Tablet,Antibiotic,Biocon,No,2025-11,426,0,1883,509,426,1457,Yes,0,14,556.98,0.21,70.12,9
MED0022,Human Albumin 250mg Tablet,Antibiotic,Biocon,No,2025-12,0,2316,2016,522.8,2016,0,No,300,14,556.98,0.21,70.12,9
MED0022,Human Albumin 250mg Tablet,Antibiotic,Biocon,No,2026-01,300,0,2273,691.6,300,1973,Yes,0,14,556.98,0.21,70.12,9
MED0022,Human Albumin 250mg Tablet,Antibiotic,Biocon,No,2026-02,0,2257,1880,483.8,1880,0,No,377,14,556.98,0.21,70.12,9
MED0022,Human Albumin 250mg Tablet,Antibiotic,Biocon,No,2026-03,377,2241,2282,480.7,2282,0,No,336,14,556.98,0.21,70.12,9
MED0022,Human Albumin 250mg Tablet,Antibiotic,Biocon,No,2026-04,336,1568,1857,290.1,1857,0,No,47,14,556.98,0.21,70.12,9
MED0022,Human Albumin 250mg Tablet,Antibiotic,Biocon,No,2026-05,47,1999,1908,318,1908,0,No,138,14,556.98,0.21,70.12,9
MED0022,Human Albumin 250mg Tablet,Antibiotic,Biocon,No,2026-06,138,2331,2173,722.1,2173,0,No,296,14,556.98,0.21,70.12,9
MED0022,Human Albumin 250mg Tablet,Antibiotic,Biocon,No,2026-07,296,2068,1783,334.1,1783,0,No,581,14,556.98,0.21,70.12,9
MED0023,Amoxicillin 50mg Syrup,Vaccine,Cadila,Yes,2025-08,531,0,2010,516,531,1479,Yes,0,4,647.58,0.25,308.79,6
MED0023,Amoxicillin 50mg Syrup,Vaccine,Cadila,Yes,2025-09,0,2421,2046,392.1,2046,0,No,375,4,647.58,0.25,308.79,6
MED0023,Amoxicillin 50mg Syrup,Vaccine,Cadila,Yes,2025-10,375,2971,2437,458.9,2437,0,No,909,4,647.58,0.25,308.79,6
MED0023,Amoxicillin 50mg Syrup,Vaccine,Cadila,Yes,2025-11,909,3593,3129,518.5,3129,0,No,1373,4,647.58,0.25,308.79,6
MED0023,Amoxicillin 50mg Syrup,Vaccine,Cadila,Yes,2025-12,1373,4983,4239,1328.3,4239,0,No,2117,4,647.58,0.25,308.79,6
MED0023,Amoxicillin 50mg Syrup,Vaccine,Cadila,Yes,2026-01,2117,0,4575,1137.7,2117,2458,Yes,0,4,647.58,0.25,308.79,6
MED0023,Amoxicillin 50mg Syrup,Vaccine,Cadila,Yes,2026-02,0,4602,4184,948.5,4184,0,No,418,4,647.58,0.25,308.79,6
MED0023,Amoxicillin 50mg Syrup,Vaccine,Cadila,Yes,2026-03,418,2361,2441,652.1,2441,0,No,338,4,647.58,0.25,308.79,6
MED0023,Amoxicillin 50mg Syrup,Vaccine,Cadila,Yes,2026-04,338,2349,2298,466.5,2298,0,No,389,4,647.58,0.25,308.79,6
MED0023,Amoxicillin 50mg Syrup,Vaccine,Cadila,Yes,2026-05,389,2083,1916,587.8,1916,0,No,556,4,647.58,0.25,308.79,6
MED0023,Amoxicillin 50mg Syrup,Vaccine,Cadila,Yes,2026-06,556,1860,1635,550.2,1635,0,No,781,4,647.58,0.25,308.79,6
MED0023,Amoxicillin 50mg Syrup,Vaccine,Cadila,Yes,2026-07,781,2055,1675,320,1675,0,No,1161,4,647.58,0.25,308.79,6
MED0024,Insulin 1g Tablet,Dermatological,Dr Reddy's,No,2025-08,304,2221,2878,710.2,2525,353,Yes,0,2,463.3,0.19,248.33,36
MED0024,Insulin 1g Tablet,Dermatological,Dr Reddy's,No,2025-09,0,3466,2781,554.5,2781,0,No,685,2,463.3,0.19,248.33,36
MED0024,Insulin 1g Tablet,Dermatological,Dr Reddy's,No,2025-10,685,3371,2889,733.9,2889,0,No,1167,2,463.3,0.19,248.33,36
MED0024,Insulin 1g Tablet,Dermatological,Dr Reddy's,No,2025-11,1167,0,2267,612.5,1167,1100,Yes,0,2,463.3,0.19,248.33,36
MED0024,Insulin 1g Tablet,Dermatological,Dr Reddy's,No,2025-12,0,2341,2548,461.1,2341,207,Yes,0,2,463.3,0.19,248.33,36
MED0024,Insulin 1g Tablet,Dermatological,Dr Reddy's,No,2026-01,0,0,2498,686,0,2498,Yes,0,2,463.3,0.19,248.33,36
MED0024,Insulin 1g Tablet,Dermatological,Dr Reddy's,No,2026-02,0,2762,2552,476,2552,0,No,210,2,463.3,0.19,248.33,36
MED0024,Insulin 1g Tablet,Dermatological,Dr Reddy's,No,2026-03,210,3005,2593,771.8,2593,0,No,622,2,463.3,0.19,248.33,36
MED0024,Insulin 1g Tablet,Dermatological,Dr Reddy's,No,2026-04,622,1776,2498,616.6,2398,100,Yes,0,2,463.3,0.19,248.33,36
MED0024,Insulin 1g Tablet,Dermatological,Dr Reddy's,No,2026-05,0,2004,2667,730,2004,663,Yes,0,2,463.3,0.19,248.33,36
MED0024,Insulin 1g Tablet,Dermatological,Dr Reddy's,No,2026-06,0,1736,2237,748.6,1736,501,Yes,0,2,463.3,0.19,248.33,36
MED0024,Insulin 1g Tablet,Dermatological,Dr Reddy's,No,2026-07,0,1771,2440,655.1,1771,669,Yes,0,2,463.3,0.19,248.33,36
MED0025,Fluoxetine 10mg Syrup,Analgesic,Cadila,Yes,2025-08,170,769,603,91.6,603,0,No,336,7,173.05,0.22,66.46,36
MED0025,Fluoxetine 10mg Syrup,Analgesic,Cadila,Yes,2025-09,336,0,558,112.9,336,222,Yes,0,7,173.05,0.22,66.46,36
MED0025,Fluoxetine 10mg Syrup,Analgesic,Cadila,Yes,2025-10,0,439,463,92.1,439,24,Yes,0,7,173.05,0.22,66.46,36
MED0025,Fluoxetine 10mg Syrup,Analgesic,Cadila,Yes,2025-11,0,468,575,191.9,468,107,Yes,0,7,173.05,0.22,66.46,36
MED0025,Fluoxetine 10mg Syrup,Analgesic,Cadila,Yes,2025-12,0,400,542,179.7,400,142,Yes,0,7,173.05,0.22,66.46,36
MED0025,Fluoxetine 10mg Syrup,Analgesic,Cadila,Yes,2026-01,0,441,571,151,441,130,Yes,0,7,173.05,0.22,66.46,36
MED0025,Fluoxetine 10mg Syrup,Analgesic,Cadila,Yes,2026-02,0,539,545,177.6,539,6,Yes,0,7,173.05,0.22,66.46,36
MED0025,Fluoxetine 10mg Syrup,Analgesic,Cadila,Yes,2026-03,0,595,470,96.6,470,0,No,125,7,173.05,0.22,66.46,36
MED0025,Fluoxetine 10mg Syrup,Analgesic,Cadila,Yes,2026-04,125,401,504,122.1,504,0,No,22,7,173.05,0.22,66.46,36
MED0025,Fluoxetine 10mg Syrup,Analgesic,Cadila,Yes,2026-05,22,577,537,159.9,537,0,No,62,7,173.05,0.22,66.46,36
MED0025,Fluoxetine 10mg Syrup,Analgesic,Cadila,Yes,2026-06,62,442,567,99.4,504,63,Yes,0,7,173.05,0.22,66.46,36
MED0025,Fluoxetine 10mg Syrup,Analgesic,Cadila,Yes,2026-07,0,661,584,118.5,584,0,No,77,7,173.05,0.22,66.46,36
MED0026,Haloperidol 500mg Ointment,Antibiotic,Mankind,No,2025-08,264,1582,1362,325,1362,0,No,484,4,636.25,0.16,176.08,9
MED0026,Haloperidol 500mg Ointment,Antibiotic,Mankind,No,2025-09,484,988,1147,392.8,1147,0,No,325,4,636.25,0.16,176.08,9
MED0026,Haloperidol 500mg Ointment,Antibiotic,Mankind,No,2025-10,325,815,918,232.9,918,0,No,222,4,636.25,0.16,176.08,9
MED0026,Haloperidol 500mg Ointment,Antibiotic,Mankind,No,2025-11,222,717,666,197.1,666,0,No,273,4,636.25,0.16,176.08,9
MED0026,Haloperidol 500mg Ointment,Antibiotic,Mankind,No,2025-12,273,0,591,172.7,273,318,Yes,0,4,636.25,0.16,176.08,9
MED0026,Haloperidol 500mg Ointment,Antibiotic,Mankind,No,2026-01,0,522,618,149.3,522,96,Yes,0,4,636.25,0.16,176.08,9
MED0026,Haloperidol 500mg Ointment,Antibiotic,Mankind,No,2026-02,0,638,555,181.7,555,0,No,83,4,636.25,0.16,176.08,9
MED0026,Haloperidol 500mg Ointment,Antibiotic,Mankind,No,2026-03,83,664,572,140.3,572,0,No,175,4,636.25,0.16,176.08,9
MED0026,Haloperidol 500mg Ointment,Antibiotic,Mankind,No,2026-04,175,642,679,169.9,679,0,No,138,4,636.25,0.16,176.08,9
MED0026,Haloperidol 500mg Ointment,Antibiotic,Mankind,No,2026-05,138,1263,1008,306.7,1008,0,No,393,4,636.25,0.16,176.08,9
MED0026,Haloperidol 500mg Ointment,Antibiotic,Mankind,No,2026-06,393,1523,1433,323.8,1433,0,No,483,4,636.25,0.16,176.08,9
MED0026,Haloperidol 500mg Ointment,Antibiotic,Mankind,No,2026-07,483,1296,1609,397.9,1609,0,No,170,4,636.25,0.16,176.08,9
MED0027,Salbutamol 5ml Drops,Dermatological,Lupin,No,2025-08,115,595,473,83.4,473,0,No,237,4,439.61,0.23,244.66,24
MED0027,Salbutamol 5ml Drops,Dermatological,Lupin,No,2025-09,237,0,442,98.9,237,205,Yes,0,4,439.61,0.23,244.66,24
MED0027,Salbutamol 5ml Drops,Dermatological,Lupin,No,2025-10,0,253,313,54,253,60,Yes,0,4,439.61,0.23,244.66,24
MED0027,Salbutamol 5ml Drops,Dermatological,Lupin,No,2025-11,0,296,252,58.3,252,0,No,44,4,439.61,0.23,244.66,24
MED0027,Salbutamol 5ml Drops,Dermatological,Lupin,No,2025-12,44,251,250,46,250,0,No,45,4,439.61,0.23,244.66,24
MED0027,Salbutamol 5ml Drops,Dermatological,Lupin,No,2026-01,45,235,209,56.9,209,0,No,71,4,439.61,0.23,244.66,24
MED0027,Salbutamol 5ml Drops,Dermatological,Lupin,No,2026-02,71,260,308,102.4,308,0,No,23,4,439.61,0.23,244.66,24
MED0027,Salbutamol 5ml Drops,Dermatological,Lupin,No,2026-03,23,400,312,65.7,312,0,No,111,4,439.61,0.23,244.66,24
MED0027,Salbutamol 5ml Drops,Dermatological,Lupin,No,2026-04,111,535,561,96.5,561,0,No,85,4,439.61,0.23,244.66,24
MED0027,Salbutamol 5ml Drops,Dermatological,Lupin,No,2026-05,85,0,565,134.7,85,480,Yes,0,4,439.61,0.23,244.66,24
MED0027,Salbutamol 5ml Drops,Dermatological,Lupin,No,2026-06,0,674,632,137.6,632,0,No,42,4,439.61,0.23,244.66,24
MED0027,Salbutamol 5ml Drops,Dermatological,Lupin,No,2026-07,42,670,563,159,563,0,No,149,4,439.61,0.23,244.66,24
MED0028,Levetiracetam 10mg Suspension,Vitamin/Supplement,Abbott,Yes,2025-08,365,599,823,211,823,0,No,141,5,127.34,0.14,145.98,6
MED0028,Levetiracetam 10mg Suspension,Vitamin/Supplement,Abbott,Yes,2025-09,141,1160,977,315.1,977,0,No,324,5,127.34,0.14,145.98,6
MED0028,Levetiracetam 10mg Suspension,Vitamin/Supplement,Abbott,Yes,2025-10,324,1277,1028,342.2,1028,0,No,573,5,127.34,0.14,145.98,6
MED0028,Levetiracetam 10mg Suspension,Vitamin/Supplement,Abbott,Yes,2025-11,573,0,879,229,573,306,Yes,0,5,127.34,0.14,145.98,6
MED0028,Levetiracetam 10mg Suspension,Vitamin/Supplement,Abbott,Yes,2025-12,0,684,802,235.8,684,118,Yes,0,5,127.34,0.14,145.98,6
MED0028,Levetiracetam 10mg Suspension,Vitamin/Supplement,Abbott,Yes,2026-01,0,0,843,239.4,0,843,Yes,0,5,127.34,0.14,145.98,6
MED0028,Levetiracetam 10mg Suspension,Vitamin/Supplement,Abbott,Yes,2026-02,0,945,1015,168.3,945,70,Yes,0,5,127.34,0.14,145.98,6
MED0028,Levetiracetam 10mg Suspension,Vitamin/Supplement,Abbott,Yes,2026-03,0,1182,925,204.4,925,0,No,257,5,127.34,0.14,145.98,6
MED0028,Levetiracetam 10mg Suspension,Vitamin/Supplement,Abbott,Yes,2026-04,257,1187,969,149.9,969,0,No,475,5,127.34,0.14,145.98,6
MED0028,Levetiracetam 10mg Suspension,Vitamin/Supplement,Abbott,Yes,2026-05,475,929,874,147.6,874,0,No,530,5,127.34,0.14,145.98,6
MED0028,Levetiracetam 10mg Suspension,Vitamin/Supplement,Abbott,Yes,2026-06,530,0,949,152.5,530,419,Yes,0,5,127.34,0.14,145.98,6
MED0028,Levetiracetam 10mg Suspension,Vitamin/Supplement,Abbott,Yes,2026-07,0,989,964,184.7,964,0,No,25,5,127.34,0.14,145.98,6
MED0029,Carbamazepine 5mg Capsule,Dermatological,Zydus,No,2025-08,185,1056,1415,450.7,1241,174,Yes,0,5,38.92,0.27,314.87,9
MED0029,Carbamazepine 5mg Capsule,Dermatological,Zydus,No,2025-09,0,1238,962,239.1,962,0,No,276,5,38.92,0.27,314.87,9
MED0029,Carbamazepine 5mg Capsule,Dermatological,Zydus,No,2025-10,276,682,630,155.9,630,0,No,328,5,38.92,0.27,314.87,9
MED0029,Carbamazepine 5mg Capsule,Dermatological,Zydus,No,2025-11,328,597,485,114.5,485,0,No,440,5,38.92,0.27,314.87,9
MED0029,Carbamazepine 5mg Capsule,Dermatological,Zydus,No,2025-12,440,354,403,134.1,403,0,No,391,5,38.92,0.27,314.87,9
MED0029,Carbamazepine 5mg Capsule,Dermatological,Zydus,No,2026-01,391,516,508,79.4,508,0,No,399,5,38.92,0.27,314.87,9
MED0029,Carbamazepine 5mg Capsule,Dermatological,Zydus,No,2026-02,399,0,440,97.9,399,41,Yes,0,5,38.92,0.27,314.87,9
MED0029,Carbamazepine 5mg Capsule,Dermatological,Zydus,No,2026-03,0,604,626,98.8,604,22,Yes,0,5,38.92,0.27,314.87,9
MED0029,Carbamazepine 5mg Capsule,Dermatological,Zydus,No,2026-04,0,700,708,141,700,8,Yes,0,5,38.92,0.27,314.87,9
MED0029,Carbamazepine 5mg Capsule,Dermatological,Zydus,No,2026-05,0,685,827,135.3,685,142,Yes,0,5,38.92,0.27,314.87,9
MED0029,Carbamazepine 5mg Capsule,Dermatological,Zydus,No,2026-06,0,1038,1253,235.3,1038,215,Yes,0,5,38.92,0.27,314.87,9
MED0029,Carbamazepine 5mg Capsule,Dermatological,Zydus,No,2026-07,0,1338,1469,497.2,1338,131,Yes,0,5,38.92,0.27,314.87,9
MED0030,Enoxaparin 1g Tablet,Respiratory,GSK,No,2025-08,594,2329,2283,465,2283,0,No,640,5,755.14,0.27,308.83,18
MED0030,Enoxaparin 1g Tablet,Respiratory,GSK,No,2025-09,640,2971,2991,685.7,2991,0,No,620,5,755.14,0.27,308.83,18
MED0030,Enoxaparin 1g Tablet,Respiratory,GSK,No,2025-10,620,2602,2649,539.2,2649,0,No,573,5,755.14,0.27,308.83,18
MED0030,Enoxaparin 1g Tablet,Respiratory,GSK,No,2025-11,573,2033,2803,947.8,2606,197,Yes,0,5,755.14,0.27,308.83,18
MED0030,Enoxaparin 1g Tablet,Respiratory,GSK,No,2025-12,0,3049,2637,682.7,2637,0,No,412,5,755.14,0.27,308.83,18
MED0030,Enoxaparin 1g Tablet,Respiratory,GSK,No,2026-01,412,3705,3024,1025.6,3024,0,No,1093,5,755.14,0.27,308.83,18
MED0030,Enoxaparin 1g Tablet,Respiratory,GSK,No,2026-02,1093,3388,2801,674.4,2801,0,No,1680,5,755.14,0.27,308.83,18
MED0030,Enoxaparin 1g Tablet,Respiratory,GSK,No,2026-03,1680,2748,2624,589.5,2624,0,No,1804,5,755.14,0.27,308.83,18
MED0030,Enoxaparin 1g Tablet,Respiratory,GSK,No,2026-04,1804,2584,2393,790.1,2393,0,No,1995,5,755.14,0.27,308.83,18
MED0030,Enoxaparin 1g Tablet,Respiratory,GSK,No,2026-05,1995,0,2322,628.9,1995,327,Yes,0,5,755.14,0.27,308.83,18
MED0030,Enoxaparin 1g Tablet,Respiratory,GSK,No,2026-06,0,2428,2306,589.1,2306,0,No,122,5,755.14,0.27,308.83,18
MED0030,Enoxaparin 1g Tablet,Respiratory,GSK,No,2026-07,122,2990,2314,546.6,2314,0,No,798,5,755.14,0.27,308.83,18
MED0031,Clopidogrel 250mg Tablet,Emergency/Critical Care,Sun Pharma,Yes,2025-08,928,0,912,196.2,912,0,No,16,14,157.04,0.13,71.24,9
MED0031,Clopidogrel 250mg Tablet,Emergency/Critical Care,Sun Pharma,Yes,2025-09,16,1143,1049,217.4,1049,0,No,110,14,157.04,0.13,71.24,9
MED0031,Clopidogrel 250mg Tablet,Emergency/Critical Care,Sun Pharma,Yes,2025-10,110,802,926,289,912,14,Yes,0,14,157.04,0.13,71.24,9
MED0031,Clopidogrel 250mg Tablet,Emergency/Critical Care,Sun Pharma,Yes,2025-11,0,1355,1219,222.5,1219,0,No,136,14,157.04,0.13,71.24,9
MED0031,Clopidogrel 250mg Tablet,Emergency/Critical Care,Sun Pharma,Yes,2025-12,136,1667,1598,260.7,1598,0,No,205,14,157.04,0.13,71.24,9
MED0031,Clopidogrel 250mg Tablet,Emergency/Critical Care,Sun Pharma,Yes,2026-01,205,1964,1783,397.1,1783,0,No,386,14,157.04,0.13,71.24,9
MED0031,Clopidogrel 250mg Tablet,Emergency/Critical Care,Sun Pharma,Yes,2026-02,386,1646,1725,319.4,1725,0,No,307,14,157.04,0.13,71.24,9
MED0031,Clopidogrel 250mg Tablet,Emergency/Critical Care,Sun Pharma,Yes,2026-03,307,1052,1062,213.3,1062,0,No,297,14,157.04,0.13,71.24,9
MED0031,Clopidogrel 250mg Tablet,Emergency/Critical Care,Sun Pharma,Yes,2026-04,297,657,875,184.6,875,0,No,79,14,157.04,0.13,71.24,9
MED0031,Clopidogrel 250mg Tablet,Emergency/Critical Care,Sun Pharma,Yes,2026-05,79,751,804,152.2,804,0,No,26,14,157.04,0.13,71.24,9
MED0031,Clopidogrel 250mg Tablet,Emergency/Critical Care,Sun Pharma,Yes,2026-06,26,559,736,179.5,585,151,Yes,0,14,157.04,0.13,71.24,9
MED0031,Clopidogrel 250mg Tablet,Emergency/Critical Care,Sun Pharma,Yes,2026-07,0,665,763,215.7,665,98,Yes,0,14,157.04,0.13,71.24,9
MED0032,Povidone Iodine 1g Syrup,Neuro/Psychiatric,Sun Pharma,No,2025-08,425,0,1716,329.6,425,1291,Yes,0,4,208.93,0.2,254.8,24
MED0032,Povidone Iodine 1g Syrup,Neuro/Psychiatric,Sun Pharma,No,2025-09,0,1834,2114,406.2,1834,280,Yes,0,4,208.93,0.2,254.8,24
MED0032,Povidone Iodine 1g Syrup,Neuro/Psychiatric,Sun Pharma,No,2025-10,0,0,1678,466.2,0,1678,Yes,0,4,208.93,0.2,254.8,24
MED0032,Povidone Iodine 1g Syrup,Neuro/Psychiatric,Sun Pharma,No,2025-11,0,1891,1682,469.2,1682,0,No,209,4,208.93,0.2,254.8,24
MED0032,Povidone Iodine 1g Syrup,Neuro/Psychiatric,Sun Pharma,No,2025-12,209,1479,1922,386.7,1688,234,Yes,0,4,208.93,0.2,254.8,24
MED0032,Povidone Iodine 1g Syrup,Neuro/Psychiatric,Sun Pharma,No,2026-01,0,2029,1910,453.5,1910,0,No,119,4,208.93,0.2,254.8,24
MED0032,Povidone Iodine 1g Syrup,Neuro/Psychiatric,Sun Pharma,No,2026-02,119,1979,2100,734.5,2098,2,Yes,0,4,208.93,0.2,254.8,24
MED0032,Povidone Iodine 1g Syrup,Neuro/Psychiatric,Sun Pharma,No,2026-03,0,1595,1734,349.3,1595,139,Yes,0,4,208.93,0.2,254.8,24
MED0032,Povidone Iodine 1g Syrup,Neuro/Psychiatric,Sun Pharma,No,2026-04,0,1975,2124,475.1,1975,149,Yes,0,4,208.93,0.2,254.8,24
MED0032,Povidone Iodine 1g Syrup,Neuro/Psychiatric,Sun Pharma,No,2026-05,0,1873,2080,582.7,1873,207,Yes,0,4,208.93,0.2,254.8,24
MED0032,Povidone Iodine 1g Syrup,Neuro/Psychiatric,Sun Pharma,No,2026-06,0,2085,2070,326.4,2070,0,No,15,4,208.93,0.2,254.8,24
MED0032,Povidone Iodine 1g Syrup,Neuro/Psychiatric,Sun Pharma,No,2026-07,15,1296,1832,457,1311,521,Yes,0,4,208.93,0.2,254.8,24
MED0033,Hepatitis B Vaccine 5ml Suspension,Cardiac,Alkem,No,2025-08,3004,0,1830,400,1830,0,No,1174,21,330.39,0.18,280.69,24
MED0033,Hepatitis B Vaccine 5ml Suspension,Cardiac,Alkem,No,2025-09,1174,2021,1826,455.2,1826,0,No,1369,21,330.39,0.18,280.69,24
MED0033,Hepatitis B Vaccine 5ml Suspension,Cardiac,Alkem,No,2025-10,1369,2149,1815,621.2,1815,0,No,1703,21,330.39,0.18,280.69,24
MED0033,Hepatitis B Vaccine 5ml Suspension,Cardiac,Alkem,No,2025-11,1703,1710,1642,376.8,1642,0,No,1771,21,330.39,0.18,280.69,24
MED0033,Hepatitis B Vaccine 5ml Suspension,Cardiac,Alkem,No,2025-12,1771,0,2061,341.4,1771,290,Yes,0,21,330.39,0.18,280.69,24
MED0033,Hepatitis B Vaccine 5ml Suspension,Cardiac,Alkem,No,2026-01,0,2107,2055,395.7,2055,0,No,52,21,330.39,0.18,280.69,24
MED0033,Hepatitis B Vaccine 5ml Suspension,Cardiac,Alkem,No,2026-02,52,0,2045,357.9,52,1993,Yes,0,21,330.39,0.18,280.69,24
MED0033,Hepatitis B Vaccine 5ml Suspension,Cardiac,Alkem,No,2026-03,0,1694,1891,641.6,1694,197,Yes,0,21,330.39,0.18,280.69,24
MED0033,Hepatitis B Vaccine 5ml Suspension,Cardiac,Alkem,No,2026-04,0,2489,1919,645,1919,0,No,570,21,330.39,0.18,280.69,24
MED0033,Hepatitis B Vaccine 5ml Suspension,Cardiac,Alkem,No,2026-05,570,1899,1593,274.9,1593,0,No,876,21,330.39,0.18,280.69,24
MED0033,Hepatitis B Vaccine 5ml Suspension,Cardiac,Alkem,No,2026-06,876,1276,1740,344.2,1740,0,No,412,21,330.39,0.18,280.69,24
MED0033,Hepatitis B Vaccine 5ml Suspension,Cardiac,Alkem,No,2026-07,412,2032,1787,448.8,1787,0,No,657,21,330.39,0.18,280.69,24
MED0034,Haloperidol 20mg Suspension,Anesthetic,Cadila,No,2025-08,134,739,682,182.1,682,0,No,191,4,427.69,0.2,160.78,6
MED0034,Haloperidol 20mg Suspension,Anesthetic,Cadila,No,2025-09,191,0,612,102.2,191,421,Yes,0,4,427.69,0.2,160.78,6
MED0034,Haloperidol 20mg Suspension,Anesthetic,Cadila,No,2025-10,0,678,605,151.3,605,0,No,73,4,427.69,0.2,160.78,6
MED0034,Haloperidol 20mg Suspension,Anesthetic,Cadila,No,2025-11,73,671,717,157.9,717,0,No,27,4,427.69,0.2,160.78,6
MED0034,Haloperidol 20mg Suspension,Anesthetic,Cadila,No,2025-12,27,773,598,97,598,0,No,202,4,427.69,0.2,160.78,6
MED0034,Haloperidol 20mg Suspension,Anesthetic,Cadila,No,2026-01,202,505,594,94.6,594,0,No,113,4,427.69,0.2,160.78,6
MED0034,Haloperidol 20mg Suspension,Anesthetic,Cadila,No,2026-02,113,685,725,210.8,725,0,No,73,4,427.69,0.2,160.78,6
MED0034,Haloperidol 20mg Suspension,Anesthetic,Cadila,No,2026-03,73,671,692,168.1,692,0,No,52,4,427.69,0.2,160.78,6
MED0034,Haloperidol 20mg Suspension,Anesthetic,Cadila,No,2026-04,52,709,598,150.4,598,0,No,163,4,427.69,0.2,160.78,6
MED0034,Haloperidol 20mg Suspension,Anesthetic,Cadila,No,2026-05,163,0,706,199.6,163,543,Yes,0,4,427.69,0.2,160.78,6
MED0034,Haloperidol 20mg Suspension,Anesthetic,Cadila,No,2026-06,0,880,703,175.8,703,0,No,177,4,427.69,0.2,160.78,6
MED0034,Haloperidol 20mg Suspension,Anesthetic,Cadila,No,2026-07,177,0,571,179.4,177,394,Yes,0,4,427.69,0.2,160.78,6
MED0035,Sodium Valproate 250mg Tablet,Dermatological,Abbott,No,2025-08,426,1177,1670,300,1603,67,Yes,0,5,394.67,0.13,68.43,12
MED0035,Sodium Valproate 250mg Tablet,Dermatological,Abbott,No,2025-09,0,1856,1485,395.2,1485,0,No,371,5,394.67,0.13,68.43,12
MED0035,Sodium Valproate 250mg Tablet,Dermatological,Abbott,No,2025-10,371,1227,1751,497.9,1598,153,Yes,0,5,394.67,0.13,68.43,12
MED0035,Sodium Valproate 250mg Tablet,Dermatological,Abbott,No,2025-11,0,1388,1461,375.3,1388,73,Yes,0,5,394.67,0.13,68.43,12
MED0035,Sodium Valproate 250mg Tablet,Dermatological,Abbott,No,2025-12,0,0,1764,448.7,0,1764,Yes,0,5,394.67,0.13,68.43,12
MED0035,Sodium Valproate 250mg Tablet,Dermatological,Abbott,No,2026-01,0,1851,1497,476,1497,0,No,354,5,394.67,0.13,68.43,12
MED0035,Sodium Valproate 250mg Tablet,Dermatological,Abbott,No,2026-02,354,1032,1460,508.1,1386,74,Yes,0,5,394.67,0.13,68.43,12
MED0035,Sodium Valproate 250mg Tablet,Dermatological,Abbott,No,2026-03,0,1528,1896,391,1528,368,Yes,0,5,394.67,0.13,68.43,12
MED0035,Sodium Valproate 250mg Tablet,Dermatological,Abbott,No,2026-04,0,1861,1689,558.7,1689,0,No,172,5,394.67,0.13,68.43,12
MED0035,Sodium Valproate 250mg Tablet,Dermatological,Abbott,No,2026-05,172,1235,1495,411.1,1407,88,Yes,0,5,394.67,0.13,68.43,12
MED0035,Sodium Valproate 250mg Tablet,Dermatological,Abbott,No,2026-06,0,1460,1557,289.2,1460,97,Yes,0,5,394.67,0.13,68.43,12
MED0035,Sodium Valproate 250mg Tablet,Dermatological,Abbott,No,2026-07,0,1746,1523,365,1523,0,No,223,5,394.67,0.13,68.43,12
MED0036,Diazepam 5ml Drops,Vitamin/Supplement,Mankind,No,2025-08,454,865,1089,350.9,1089,0,No,230,5,46.52,0.21,176.87,12
MED0036,Diazepam 5ml Drops,Vitamin/Supplement,Mankind,No,2025-09,230,1447,1173,296.4,1173,0,No,504,5,46.52,0.21,176.87,12
MED0036,Diazepam 5ml Drops,Vitamin/Supplement,Mankind,No,2025-10,504,1082,1090,360,1090,0,No,496,5,46.52,0.21,176.87,12
MED0036,Diazepam 5ml Drops,Vitamin/Supplement,Mankind,No,2025-11,496,1258,1144,246.1,1144,0,No,610,5,46.52,0.21,176.87,12
MED0036,Diazepam 5ml Drops,Vitamin/Supplement,Mankind,No,2025-12,610,702,958,206.3,958,0,No,354,5,46.52,0.21,176.87,12
MED0036,Diazepam 5ml Drops,Vitamin/Supplement,Mankind,No,2026-01,354,915,951,228.2,951,0,No,318,5,46.52,0.21,176.87,12
MED0036,Diazepam 5ml Drops,Vitamin/Supplement,Mankind,No,2026-02,318,1039,1030,188.4,1030,0,No,327,5,46.52,0.21,176.87,12
MED0036,Diazepam 5ml Drops,Vitamin/Supplement,Mankind,No,2026-03,327,750,1010,216.1,1010,0,No,67,5,46.52,0.21,176.87,12
MED0036,Diazepam 5ml Drops,Vitamin/Supplement,Mankind,No,2026-04,67,1142,992,163.3,992,0,No,217,5,46.52,0.21,176.87,12
MED0036,Diazepam 5ml Drops,Vitamin/Supplement,Mankind,No,2026-05,217,1177,1194,350.2,1194,0,No,200,5,46.52,0.21,176.87,12
MED0036,Diazepam 5ml Drops,Vitamin/Supplement,Mankind,No,2026-06,200,1349,1157,182.4,1157,0,No,392,5,46.52,0.21,176.87,12
MED0036,Diazepam 5ml Drops,Vitamin/Supplement,Mankind,No,2026-07,392,1205,1110,245.9,1110,0,No,487,5,46.52,0.21,176.87,12
MED0037,Loperamide 10ml Tablet,Neuro/Psychiatric,Lupin,No,2025-08,285,1105,1066,232.9,1066,0,No,324,7,58.67,0.25,258.94,36
MED0037,Loperamide 10ml Tablet,Neuro/Psychiatric,Lupin,No,2025-09,324,979,936,239.2,936,0,No,367,7,58.67,0.25,258.94,36
MED0037,Loperamide 10ml Tablet,Neuro/Psychiatric,Lupin,No,2025-10,367,0,580,198.9,367,213,Yes,0,7,58.67,0.25,258.94,36
MED0037,Loperamide 10ml Tablet,Neuro/Psychiatric,Lupin,No,2025-11,0,388,363,122.5,363,0,No,25,7,58.67,0.25,258.94,36
MED0037,Loperamide 10ml Tablet,Neuro/Psychiatric,Lupin,No,2025-12,25,411,358,60.4,358,0,No,78,7,58.67,0.25,258.94,36
MED0037,Loperamide 10ml Tablet,Neuro/Psychiatric,Lupin,No,2026-01,78,252,339,71.6,330,9,Yes,0,7,58.67,0.25,258.94,36
MED0037,Loperamide 10ml Tablet,Neuro/Psychiatric,Lupin,No,2026-02,0,505,401,80.7,401,0,No,104,7,58.67,0.25,258.94,36
MED0037,Loperamide 10ml Tablet,Neuro/Psychiatric,Lupin,No,2026-03,104,400,442,102.9,442,0,No,62,7,58.67,0.25,258.94,36
MED0037,Loperamide 10ml Tablet,Neuro/Psychiatric,Lupin,No,2026-04,62,485,447,156.2,447,0,No,100,7,58.67,0.25,258.94,36
MED0037,Loperamide 10ml Tablet,Neuro/Psychiatric,Lupin,No,2026-05,100,0,573,91.6,100,473,Yes,0,7,58.67,0.25,258.94,36
MED0037,Loperamide 10ml Tablet,Neuro/Psychiatric,Lupin,No,2026-06,0,1100,914,276.4,914,0,No,186,7,58.67,0.25,258.94,36
MED0037,Loperamide 10ml Tablet,Neuro/Psychiatric,Lupin,No,2026-07,186,849,877,195.9,877,0,No,158,7,58.67,0.25,258.94,36
MED0038,Tramadol 500mg Inhaler,Analgesic,Cadila,No,2025-08,1163,1628,1704,331.7,1704,0,No,1087,21,602.83,0.18,65.89,12
MED0038,Tramadol 500mg Inhaler,Analgesic,Cadila,No,2025-09,1087,1208,1718,448.1,1718,0,No,577,21,602.83,0.18,65.89,12
MED0038,Tramadol 500mg Inhaler,Analgesic,Cadila,No,2025-10,577,0,1611,532.6,577,1034,Yes,0,21,602.83,0.18,65.89,12
MED0038,Tramadol 500mg Inhaler,Analgesic,Cadila,No,2025-11,0,1351,1318,309.6,1318,0,No,33,21,602.83,0.18,65.89,12
MED0038,Tramadol 500mg Inhaler,Analgesic,Cadila,No,2025-12,33,0,1512,269.5,33,1479,Yes,0,21,602.83,0.18,65.89,12
MED0038,Tramadol 500mg Inhaler,Analgesic,Cadila,No,2026-01,0,2046,1639,274.6,1639,0,No,407,21,602.83,0.18,65.89,12
MED0038,Tramadol 500mg Inhaler,Analgesic,Cadila,No,2026-02,407,0,1368,387.2,407,961,Yes,0,21,602.83,0.18,65.89,12
MED0038,Tramadol 500mg Inhaler,Analgesic,Cadila,No,2026-03,0,1361,1546,282.6,1361,185,Yes,0,21,602.83,0.18,65.89,12
MED0038,Tramadol 500mg Inhaler,Analgesic,Cadila,No,2026-04,0,1698,1483,400.2,1483,0,No,215,21,602.83,0.18,65.89,12
MED0038,Tramadol 500mg Inhaler,Analgesic,Cadila,No,2026-05,215,1570,1411,398.6,1411,0,No,374,21,602.83,0.18,65.89,12
MED0038,Tramadol 500mg Inhaler,Analgesic,Cadila,No,2026-06,374,1530,1332,313.1,1332,0,No,572,21,602.83,0.18,65.89,12
MED0038,Tramadol 500mg Inhaler,Analgesic,Cadila,No,2026-07,572,1138,1392,454.3,1392,0,No,318,21,602.83,0.18,65.89,12
MED0039,Glimepiride 250mg Drops,Antibiotic,Intas,No,2025-08,132,661,604,137.9,604,0,No,189,3,519.54,0.24,220.84,18
MED0039,Glimepiride 250mg Drops,Antibiotic,Intas,No,2025-09,189,544,715,147.7,715,0,No,18,3,519.54,0.24,220.84,18
MED0039,Glimepiride 250mg Drops,Antibiotic,Intas,No,2025-10,18,624,735,184.3,642,93,Yes,0,3,519.54,0.24,220.84,18
MED0039,Glimepiride 250mg Drops,Antibiotic,Intas,No,2025-11,0,0,653,141.6,0,653,Yes,0,3,519.54,0.24,220.84,18
MED0039,Glimepiride 250mg Drops,Antibiotic,Intas,No,2025-12,0,664,657,204.1,657,0,No,7,3,519.54,0.24,220.84,18
MED0039,Glimepiride 250mg Drops,Antibiotic,Intas,No,2026-01,7,481,680,106.2,488,192,Yes,0,3,519.54,0.24,220.84,18
MED0039,Glimepiride 250mg Drops,Antibiotic,Intas,No,2026-02,0,981,782,193.8,782,0,No,199,3,519.54,0.24,220.84,18
MED0039,Glimepiride 250mg Drops,Antibiotic,Intas,No,2026-03,199,491,591,157.4,591,0,No,99,3,519.54,0.24,220.84,18
MED0039,Glimepiride 250mg Drops,Antibiotic,Intas,No,2026-04,99,472,675,189.3,571,104,Yes,0,3,519.54,0.24,220.84,18
MED0039,Glimepiride 250mg Drops,Antibiotic,Intas,No,2026-05,0,669,780,142.7,669,111,Yes,0,3,519.54,0.24,220.84,18
MED0039,Glimepiride 250mg Drops,Antibiotic,Intas,No,2026-06,0,528,594,103.7,528,66,Yes,0,3,519.54,0.24,220.84,18
MED0039,Glimepiride 250mg Drops,Antibiotic,Intas,No,2026-07,0,739,610,104.6,610,0,No,129,3,519.54,0.24,220.84,18
MED0040,Risperidone 10mg Tablet,Respiratory,Aurobindo,No,2025-08,110,0,1027,199.9,110,917,Yes,0,2,775.92,0.13,316.25,18
MED0040,Risperidone 10mg Tablet,Respiratory,Aurobindo,No,2025-09,0,1067,1057,249.8,1057,0,No,10,2,775.92,0.13,316.25,18
MED0040,Risperidone 10mg Tablet,Respiratory,Aurobindo,No,2025-10,10,1155,1111,375.6,1111,0,No,54,2,775.92,0.13,316.25,18
MED0040,Risperidone 10mg Tablet,Respiratory,Aurobindo,No,2025-11,54,1303,1147,259.5,1147,0,No,210,2,775.92,0.13,316.25,18
MED0040,Risperidone 10mg Tablet,Respiratory,Aurobindo,No,2025-12,210,1065,1182,379.8,1182,0,No,93,2,775.92,0.13,316.25,18
MED0040,Risperidone 10mg Tablet,Respiratory,Aurobindo,No,2026-01,93,1157,1221,206.4,1221,0,No,29,2,775.92,0.13,316.25,18
MED0040,Risperidone 10mg Tablet,Respiratory,Aurobindo,No,2026-02,29,1064,1094,355.9,1093,1,Yes,0,2,775.92,0.13,316.25,18
MED0040,Risperidone 10mg Tablet,Respiratory,Aurobindo,No,2026-03,0,1512,1238,357,1238,0,No,274,2,775.92,0.13,316.25,18
MED0040,Risperidone 10mg Tablet,Respiratory,Aurobindo,No,2026-04,274,0,1224,291.2,274,950,Yes,0,2,775.92,0.13,316.25,18
MED0040,Risperidone 10mg Tablet,Respiratory,Aurobindo,No,2026-05,0,1423,1187,372.9,1187,0,No,236,2,775.92,0.13,316.25,18
MED0040,Risperidone 10mg Tablet,Respiratory,Aurobindo,No,2026-06,236,0,1197,207.9,236,961,Yes,0,2,775.92,0.13,316.25,18
MED0040,Risperidone 10mg Tablet,Respiratory,Aurobindo,No,2026-07,0,990,1129,327,990,139,Yes,0,2,775.92,0.13,316.25,18
MED0041,Isosorbide Dinitrate 500mg Injection,Anesthetic,Torrent,No,2025-08,1447,6081,7779,1805.5,7528,251,Yes,0,5,502.23,0.21,319.36,9
MED0041,Isosorbide Dinitrate 500mg Injection,Anesthetic,Torrent,No,2025-09,0,4470,6337,1020.7,4470,1867,Yes,0,5,502.23,0.21,319.36,9
MED0041,Isosorbide Dinitrate 500mg Injection,Anesthetic,Torrent,No,2025-10,0,3797,4653,992.4,3797,856,Yes,0,5,502.23,0.21,319.36,9
MED0041,Isosorbide Dinitrate 500mg Injection,Anesthetic,Torrent,No,2025-11,0,0,3324,736.5,0,3324,Yes,0,5,502.23,0.21,319.36,9
MED0041,Isosorbide Dinitrate 500mg Injection,Anesthetic,Torrent,No,2025-12,0,4066,3292,514.9,3292,0,No,774,5,502.23,0.21,319.36,9
MED0041,Isosorbide Dinitrate 500mg Injection,Anesthetic,Torrent,No,2026-01,774,2814,3019,781.1,3019,0,No,569,5,502.23,0.21,319.36,9
MED0041,Isosorbide Dinitrate 500mg Injection,Anesthetic,Torrent,No,2026-02,569,0,3119,495.8,569,2550,Yes,0,5,502.23,0.21,319.36,9
MED0041,Isosorbide Dinitrate 500mg Injection,Anesthetic,Torrent,No,2026-03,0,2624,3441,894.4,2624,817,Yes,0,5,502.23,0.21,319.36,9
MED0041,Isosorbide Dinitrate 500mg Injection,Anesthetic,Torrent,No,2026-04,0,3888,4369,838.9,3888,481,Yes,0,5,502.23,0.21,319.36,9
MED0041,Isosorbide Dinitrate 500mg Injection,Anesthetic,Torrent,No,2026-05,0,5704,4830,869.9,4830,0,No,874,5,502.23,0.21,319.36,9
MED0041,Isosorbide Dinitrate 500mg Injection,Anesthetic,Torrent,No,2026-06,874,8245,7338,1820.7,7338,0,No,1781,5,502.23,0.21,319.36,9
MED0041,Isosorbide Dinitrate 500mg Injection,Anesthetic,Torrent,No,2026-07,1781,8831,8441,1701.2,8441,0,No,2171,5,502.23,0.21,319.36,9
MED0042,Misoprostol 1mg Inhaler,Vaccine,Sun Pharma,No,2025-08,298,0,2501,776.9,298,2203,Yes,0,4,150.9,0.19,149.54,24
MED0042,Misoprostol 1mg Inhaler,Vaccine,Sun Pharma,No,2025-09,0,2528,2699,475.2,2528,171,Yes,0,4,150.9,0.19,149.54,24
MED0042,Misoprostol 1mg Inhaler,Vaccine,Sun Pharma,No,2025-10,0,1541,1508,491.8,1508,0,No,33,4,150.9,0.19,149.54,24
MED0042,Misoprostol 1mg Inhaler,Vaccine,Sun Pharma,No,2025-11,33,1126,1016,152.9,1016,0,No,143,4,150.9,0.19,149.54,24
MED0042,Misoprostol 1mg Inhaler,Vaccine,Sun Pharma,No,2025-12,143,972,893,154.3,893,0,No,222,4,150.9,0.19,149.54,24
MED0042,Misoprostol 1mg Inhaler,Vaccine,Sun Pharma,No,2026-01,222,0,1072,199.1,222,850,Yes,0,4,150.9,0.19,149.54,24
MED0042,Misoprostol 1mg Inhaler,Vaccine,Sun Pharma,No,2026-02,0,1389,1141,230.6,1141,0,No,248,4,150.9,0.19,149.54,24
MED0042,Misoprostol 1mg Inhaler,Vaccine,Sun Pharma,No,2026-03,248,1477,1272,233.8,1272,0,No,453,4,150.9,0.19,149.54,24
MED0042,Misoprostol 1mg Inhaler,Vaccine,Sun Pharma,No,2026-04,453,1068,1382,300.5,1382,0,No,139,4,150.9,0.19,149.54,24
MED0042,Misoprostol 1mg Inhaler,Vaccine,Sun Pharma,No,2026-05,139,1659,1684,449.7,1684,0,No,114,4,150.9,0.19,149.54,24
MED0042,Misoprostol 1mg Inhaler,Vaccine,Sun Pharma,No,2026-06,114,1928,2416,672.1,2042,374,Yes,0,4,150.9,0.19,149.54,24
MED0042,Misoprostol 1mg Inhaler,Vaccine,Sun Pharma,No,2026-07,0,3132,2754,490.7,2754,0,No,378,4,150.9,0.19,149.54,24
MED0043,Morphine 10mg Injection,Analgesic,Dr Reddy's,No,2025-08,230,0,672,228.5,230,442,Yes,0,4,106.98,0.13,331.56,6
MED0043,Morphine 10mg Injection,Analgesic,Dr Reddy's,No,2025-09,0,755,742,119.8,742,0,No,13,4,106.98,0.13,331.56,6
MED0043,Morphine 10mg Injection,Analgesic,Dr Reddy's,No,2025-10,13,546,756,239.1,559,197,Yes,0,4,106.98,0.13,331.56,6
MED0043,Morphine 10mg Injection,Analgesic,Dr Reddy's,No,2025-11,0,0,801,170.6,0,801,Yes,0,4,106.98,0.13,331.56,6
MED0043,Morphine 10mg Injection,Analgesic,Dr Reddy's,No,2025-12,0,0,713,192.3,0,713,Yes,0,4,106.98,0.13,331.56,6
MED0043,Morphine 10mg Injection,Analgesic,Dr Reddy's,No,2026-01,0,830,671,105.1,671,0,No,159,4,106.98,0.13,331.56,6
MED0043,Morphine 10mg Injection,Analgesic,Dr Reddy's,No,2026-02,159,1024,824,228.6,824,0,No,359,4,106.98,0.13,331.56,6
MED0043,Morphine 10mg Injection,Analgesic,Dr Reddy's,No,2026-03,359,834,723,130.7,723,0,No,470,4,106.98,0.13,331.56,6
MED0043,Morphine 10mg Injection,Analgesic,Dr Reddy's,No,2026-04,470,636,770,224.7,770,0,No,336,4,106.98,0.13,331.56,6
MED0043,Morphine 10mg Injection,Analgesic,Dr Reddy's,No,2026-05,336,888,760,147.4,760,0,No,464,4,106.98,0.13,331.56,6
MED0043,Morphine 10mg Injection,Analgesic,Dr Reddy's,No,2026-06,464,939,781,187.9,781,0,No,622,4,106.98,0.13,331.56,6
MED0043,Morphine 10mg Injection,Analgesic,Dr Reddy's,No,2026-07,622,669,753,147.4,753,0,No,538,4,106.98,0.13,331.56,6
MED0044,Risperidone 100mg Inhaler,Emergency/Critical Care,Cipla,No,2025-08,18,277,223,42.8,223,0,No,72,2,301.48,0.25,346.06,9
MED0044,Risperidone 100mg Inhaler,Emergency/Critical Care,Cipla,No,2025-09,72,159,211,62,211,0,No,20,2,301.48,0.25,346.06,9
MED0044,Risperidone 100mg Inhaler,Emergency/Critical Care,Cipla,No,2025-10,20,311,270,71.2,270,0,No,61,2,301.48,0.25,346.06,9
MED0044,Risperidone 100mg Inhaler,Emergency/Critical Care,Cipla,No,2025-11,61,0,222,64.1,61,161,Yes,0,2,301.48,0.25,346.06,9
MED0044,Risperidone 100mg Inhaler,Emergency/Critical Care,Cipla,No,2025-12,0,219,264,63.3,219,45,Yes,0,2,301.48,0.25,346.06,9
MED0044,Risperidone 100mg Inhaler,Emergency/Critical Care,Cipla,No,2026-01,0,269,252,76.7,252,0,No,17,2,301.48,0.25,346.06,9
MED0044,Risperidone 100mg Inhaler,Emergency/Critical Care,Cipla,No,2026-02,17,284,236,77.6,236,0,No,65,2,301.48,0.25,346.06,9
MED0044,Risperidone 100mg Inhaler,Emergency/Critical Care,Cipla,No,2026-03,65,246,261,60.6,261,0,No,50,2,301.48,0.25,346.06,9
MED0044,Risperidone 100mg Inhaler,Emergency/Critical Care,Cipla,No,2026-04,50,311,263,51.4,263,0,No,98,2,301.48,0.25,346.06,9
MED0044,Risperidone 100mg Inhaler,Emergency/Critical Care,Cipla,No,2026-05,98,175,229,63.8,229,0,No,44,2,301.48,0.25,346.06,9
MED0044,Risperidone 100mg Inhaler,Emergency/Critical Care,Cipla,No,2026-06,44,316,261,44.3,261,0,No,99,2,301.48,0.25,346.06,9
MED0044,Risperidone 100mg Inhaler,Emergency/Critical Care,Cipla,No,2026-07,99,196,228,78.6,228,0,No,67,2,301.48,0.25,346.06,9
MED0045,Dextrose 5% 2.5mg Injection,Analgesic,Biocon,No,2025-08,161,0,968,232.5,161,807,Yes,0,4,45.57,0.26,292,12
MED0045,Dextrose 5% 2.5mg Injection,Analgesic,Biocon,No,2025-09,0,805,1029,160.8,805,224,Yes,0,4,45.57,0.26,292,12
MED0045,Dextrose 5% 2.5mg Injection,Analgesic,Biocon,No,2025-10,0,1129,1012,187.4,1012,0,No,117,4,45.57,0.26,292,12
MED0045,Dextrose 5% 2.5mg Injection,Analgesic,Biocon,No,2025-11,117,1357,1615,370.7,1474,141,Yes,0,4,45.57,0.26,292,12
MED0045,Dextrose 5% 2.5mg Injection,Analgesic,Biocon,No,2025-12,0,1548,1813,472,1548,265,Yes,0,4,45.57,0.26,292,12
MED0045,Dextrose 5% 2.5mg Injection,Analgesic,Biocon,No,2026-01,0,1558,2198,404.3,1558,640,Yes,0,4,45.57,0.26,292,12
MED0045,Dextrose 5% 2.5mg Injection,Analgesic,Biocon,No,2026-02,0,1653,1586,343.6,1586,0,No,67,4,45.57,0.26,292,12
MED0045,Dextrose 5% 2.5mg Injection,Analgesic,Biocon,No,2026-03,67,1241,1117,260.2,1117,0,No,191,4,45.57,0.26,292,12
MED0045,Dextrose 5% 2.5mg Injection,Analgesic,Biocon,No,2026-04,191,1054,1003,200.6,1003,0,No,242,4,45.57,0.26,292,12
MED0045,Dextrose 5% 2.5mg Injection,Analgesic,Biocon,No,2026-05,242,601,766,189.4,766,0,No,77,4,45.57,0.26,292,12
MED0045,Dextrose 5% 2.5mg Injection,Analgesic,Biocon,No,2026-06,77,799,729,124.7,729,0,No,147,4,45.57,0.26,292,12
MED0045,Dextrose 5% 2.5mg Injection,Analgesic,Biocon,No,2026-07,147,0,970,287.1,147,823,Yes,0,4,45.57,0.26,292,12
MED0046,Propranolol 5mg Suspension,Neuro/Psychiatric,Cadila,Yes,2025-08,663,3250,2528,603.3,2528,0,No,1385,3,360.71,0.14,335.76,6
MED0046,Propranolol 5mg Suspension,Neuro/Psychiatric,Cadila,Yes,2025-09,1385,0,2445,809.5,1385,1060,Yes,0,3,360.71,0.14,335.76,6
MED0046,Propranolol 5mg Suspension,Neuro/Psychiatric,Cadila,Yes,2025-10,0,3075,2585,615.6,2585,0,No,490,3,360.71,0.14,335.76,6
MED0046,Propranolol 5mg Suspension,Neuro/Psychiatric,Cadila,Yes,2025-11,490,0,4247,967.3,490,3757,Yes,0,3,360.71,0.14,335.76,6
MED0046,Propranolol 5mg Suspension,Neuro/Psychiatric,Cadila,Yes,2025-12,0,4956,4972,1346.8,4956,16,Yes,0,3,360.71,0.14,335.76,6
MED0046,Propranolol 5mg Suspension,Neuro/Psychiatric,Cadila,Yes,2026-01,0,4589,5197,1580.3,4589,608,Yes,0,3,360.71,0.14,335.76,6
MED0046,Propranolol 5mg Suspension,Neuro/Psychiatric,Cadila,Yes,2026-02,0,3956,4557,1288.1,3956,601,Yes,0,3,360.71,0.14,335.76,6
MED0046,Propranolol 5mg Suspension,Neuro/Psychiatric,Cadila,Yes,2026-03,0,3101,3047,604.6,3047,0,No,54,3,360.71,0.14,335.76,6
MED0046,Propranolol 5mg Suspension,Neuro/Psychiatric,Cadila,Yes,2026-04,54,0,2136,589.1,54,2082,Yes,0,3,360.71,0.14,335.76,6
MED0046,Propranolol 5mg Suspension,Neuro/Psychiatric,Cadila,Yes,2026-05,0,0,2087,431.3,0,2087,Yes,0,3,360.71,0.14,335.76,6
MED0046,Propranolol 5mg Suspension,Neuro/Psychiatric,Cadila,Yes,2026-06,0,1487,1771,596.3,1487,284,Yes,0,3,360.71,0.14,335.76,6
MED0046,Propranolol 5mg Suspension,Neuro/Psychiatric,Cadila,Yes,2026-07,0,2140,2316,629.3,2140,176,Yes,0,3,360.71,0.14,335.76,6
MED0047,Heparin 1mg Syrup,Vaccine,Intas,No,2025-08,829,874,855,196,855,0,No,848,10,246.57,0.25,340.07,6
MED0047,Heparin 1mg Syrup,Vaccine,Intas,No,2025-09,848,1063,978,170.2,978,0,No,933,10,246.57,0.25,340.07,6
MED0047,Heparin 1mg Syrup,Vaccine,Intas,No,2025-10,933,0,1183,402.4,933,250,Yes,0,10,246.57,0.25,340.07,6
MED0047,Heparin 1mg Syrup,Vaccine,Intas,No,2025-11,0,1280,1504,502.7,1280,224,Yes,0,10,246.57,0.25,340.07,6
MED0047,Heparin 1mg Syrup,Vaccine,Intas,No,2025-12,0,0,1988,625.7,0,1988,Yes,0,10,246.57,0.25,340.07,6
MED0047,Heparin 1mg Syrup,Vaccine,Intas,No,2026-01,0,2669,2368,731.7,2368,0,No,301,10,246.57,0.25,340.07,6
MED0047,Heparin 1mg Syrup,Vaccine,Intas,No,2026-02,301,2123,1662,383,1662,0,No,762,10,246.57,0.25,340.07,6
MED0047,Heparin 1mg Syrup,Vaccine,Intas,No,2026-03,762,1010,1092,255.7,1092,0,No,680,10,246.57,0.25,340.07,6
MED0047,Heparin 1mg Syrup,Vaccine,Intas,No,2026-04,680,906,943,151.3,943,0,No,643,10,246.57,0.25,340.07,6
MED0047,Heparin 1mg Syrup,Vaccine,Intas,No,2026-05,643,775,782,244.9,782,0,No,636,10,246.57,0.25,340.07,6
MED0047,Heparin 1mg Syrup,Vaccine,Intas,No,2026-06,636,680,808,224.3,808,0,No,508,10,246.57,0.25,340.07,6
MED0047,Heparin 1mg Syrup,Vaccine,Intas,No,2026-07,508,0,986,155.9,508,478,Yes,0,10,246.57,0.25,340.07,6
MED0048,Vitamin D3 5mg Drops,Respiratory,Sun Pharma,No,2025-08,292,544,623,102,623,0,No,213,10,722.57,0.22,343.94,36
MED0048,Vitamin D3 5mg Drops,Respiratory,Sun Pharma,No,2025-09,213,668,661,131,661,0,No,220,10,722.57,0.22,343.94,36
MED0048,Vitamin D3 5mg Drops,Respiratory,Sun Pharma,No,2025-10,220,751,834,270.8,834,0,No,137,10,722.57,0.22,343.94,36
MED0048,Vitamin D3 5mg Drops,Respiratory,Sun Pharma,No,2025-11,137,1140,1031,232.6,1031,0,No,246,10,722.57,0.22,343.94,36
MED0048,Vitamin D3 5mg Drops,Respiratory,Sun Pharma,No,2025-12,246,0,1304,346.1,246,1058,Yes,0,10,722.57,0.22,343.94,36
MED0048,Vitamin D3 5mg Drops,Respiratory,Sun Pharma,No,2026-01,0,1243,1342,310.6,1243,99,Yes,0,10,722.57,0.22,343.94,36
MED0048,Vitamin D3 5mg Drops,Respiratory,Sun Pharma,No,2026-02,0,0,1277,256.7,0,1277,Yes,0,10,722.57,0.22,343.94,36
MED0048,Vitamin D3 5mg Drops,Respiratory,Sun Pharma,No,2026-03,0,606,754,159.2,606,148,Yes,0,10,722.57,0.22,343.94,36
MED0048,Vitamin D3 5mg Drops,Respiratory,Sun Pharma,No,2026-04,0,695,750,114.9,695,55,Yes,0,10,722.57,0.22,343.94,36
MED0048,Vitamin D3 5mg Drops,Respiratory,Sun Pharma,No,2026-05,0,535,610,160.2,535,75,Yes,0,10,722.57,0.22,343.94,36
MED0048,Vitamin D3 5mg Drops,Respiratory,Sun Pharma,No,2026-06,0,493,651,211.1,493,158,Yes,0,10,722.57,0.22,343.94,36
MED0048,Vitamin D3 5mg Drops,Respiratory,Sun Pharma,No,2026-07,0,668,730,160.6,668,62,Yes,0,10,722.57,0.22,343.94,36
MED0049,Calcium Carbonate 100mg Drops,Cardiac,Cipla,No,2025-08,843,4247,4374,1115.5,4374,0,No,716,5,558.26,0.25,182.4,18
MED0049,Calcium Carbonate 100mg Drops,Cardiac,Cipla,No,2025-09,716,0,4639,1243.6,716,3923,Yes,0,5,558.26,0.25,182.4,18
MED0049,Calcium Carbonate 100mg Drops,Cardiac,Cipla,No,2025-10,0,4655,4321,1255.5,4321,0,No,334,5,558.26,0.25,182.4,18
MED0049,Calcium Carbonate 100mg Drops,Cardiac,Cipla,No,2025-11,334,2727,3816,1114.4,3061,755,Yes,0,5,558.26,0.25,182.4,18
MED0049,Calcium Carbonate 100mg Drops,Cardiac,Cipla,No,2025-12,0,3440,4147,898.2,3440,707,Yes,0,5,558.26,0.25,182.4,18
MED0049,Calcium Carbonate 100mg Drops,Cardiac,Cipla,No,2026-01,0,5482,4376,1455.6,4376,0,No,1106,5,558.26,0.25,182.4,18
MED0049,Calcium Carbonate 100mg Drops,Cardiac,Cipla,No,2026-02,1106,4616,4871,741,4871,0,No,851,5,558.26,0.25,182.4,18
MED0049,Calcium Carbonate 100mg Drops,Cardiac,Cipla,No,2026-03,851,5040,4719,945.5,4719,0,No,1172,5,558.26,0.25,182.4,18
MED0049,Calcium Carbonate 100mg Drops,Cardiac,Cipla,No,2026-04,1172,5353,4635,774.6,4635,0,No,1890,5,558.26,0.25,182.4,18
MED0049,Calcium Carbonate 100mg Drops,Cardiac,Cipla,No,2026-05,1890,0,3649,1143.5,1890,1759,Yes,0,5,558.26,0.25,182.4,18
MED0049,Calcium Carbonate 100mg Drops,Cardiac,Cipla,No,2026-06,0,4984,4460,994.7,4460,0,No,524,5,558.26,0.25,182.4,18
MED0049,Calcium Carbonate 100mg Drops,Cardiac,Cipla,No,2026-07,524,0,4058,696.3,524,3534,Yes,0,5,558.26,0.25,182.4,18
MED0050,Atropine 10mg Syrup,Respiratory,GSK,Yes,2025-08,105,402,422,125.9,422,0,No,85,4,430.04,0.19,221.28,18
MED0050,Atropine 10mg Syrup,Respiratory,GSK,Yes,2025-09,85,523,407,63.2,407,0,No,201,4,430.04,0.19,221.28,18
MED0050,Atropine 10mg Syrup,Respiratory,GSK,Yes,2025-10,201,564,467,100.8,467,0,No,298,4,430.04,0.19,221.28,18
MED0050,Atropine 10mg Syrup,Respiratory,GSK,Yes,2025-11,298,0,412,63.3,298,114,Yes,0,4,430.04,0.19,221.28,18
MED0050,Atropine 10mg Syrup,Respiratory,GSK,Yes,2025-12,0,312,421,144.8,312,109,Yes,0,4,430.04,0.19,221.28,18
MED0050,Atropine 10mg Syrup,Respiratory,GSK,Yes,2026-01,0,406,380,115.6,380,0,No,26,4,430.04,0.19,221.28,18
MED0050,Atropine 10mg Syrup,Respiratory,GSK,Yes,2026-02,26,513,438,68.2,438,0,No,101,4,430.04,0.19,221.28,18
MED0050,Atropine 10mg Syrup,Respiratory,GSK,Yes,2026-03,101,281,389,113.5,382,7,Yes,0,4,430.04,0.19,221.28,18
MED0050,Atropine 10mg Syrup,Respiratory,GSK,Yes,2026-04,0,363,382,70.9,363,19,Yes,0,4,430.04,0.19,221.28,18
MED0050,Atropine 10mg Syrup,Respiratory,GSK,Yes,2026-05,0,302,421,103.3,302,119,Yes,0,4,430.04,0.19,221.28,18
MED0050,Atropine 10mg Syrup,Respiratory,GSK,Yes,2026-06,0,528,433,99.2,433,0,No,95,4,430.04,0.19,221.28,18
MED0050,Atropine 10mg Syrup,Respiratory,GSK,Yes,2026-07,95,351,451,145,446,5,Yes,0,4,430.04,0.19,221.28,18
MED0051,Risperidone 250mg Tablet,Antidiabetic,Sun Pharma,No,2025-08,1073,0,683,162.7,683,0,No,390,21,481.75,0.16,294.76,24
MED0051,Risperidone 250mg Tablet,Antidiabetic,Sun Pharma,No,2025-09,390,1002,823,144.2,823,0,No,569,21,481.75,0.16,294.76,24
MED0051,Risperidone 250mg Tablet,Antidiabetic,Sun Pharma,No,2025-10,569,876,742,221.8,742,0,No,703,21,481.75,0.16,294.76,24
MED0051,Risperidone 250mg Tablet,Antidiabetic,Sun Pharma,No,2025-11,703,928,734,225.5,734,0,No,897,21,481.75,0.16,294.76,24
MED0051,Risperidone 250mg Tablet,Antidiabetic,Sun Pharma,No,2025-12,897,889,746,180.9,746,0,No,1040,21,481.75,0.16,294.76,24
MED0051,Risperidone 250mg Tablet,Antidiabetic,Sun Pharma,No,2026-01,1040,976,762,141.7,762,0,No,1254,21,481.75,0.16,294.76,24
MED0051,Risperidone 250mg Tablet,Antidiabetic,Sun Pharma,No,2026-02,1254,0,806,251.7,806,0,No,448,21,481.75,0.16,294.76,24
MED0051,Risperidone 250mg Tablet,Antidiabetic,Sun Pharma,No,2026-03,448,541,742,207.3,742,0,No,247,21,481.75,0.16,294.76,24
MED0051,Risperidone 250mg Tablet,Antidiabetic,Sun Pharma,No,2026-04,247,738,829,215.3,829,0,No,156,21,481.75,0.16,294.76,24
MED0051,Risperidone 250mg Tablet,Antidiabetic,Sun Pharma,No,2026-05,156,0,700,179.3,156,544,Yes,0,21,481.75,0.16,294.76,24
MED0051,Risperidone 250mg Tablet,Antidiabetic,Sun Pharma,No,2026-06,0,0,673,210.3,0,673,Yes,0,21,481.75,0.16,294.76,24
MED0051,Risperidone 250mg Tablet,Antidiabetic,Sun Pharma,No,2026-07,0,799,690,166.1,690,0,No,109,21,481.75,0.16,294.76,24
MED0052,Adrenaline 5mg Tablet,Anesthetic,Aurobindo,Yes,2025-08,481,0,2347,642.3,481,1866,Yes,0,4,257.61,0.13,189.16,36
MED0052,Adrenaline 5mg Tablet,Anesthetic,Aurobindo,Yes,2025-09,0,2220,1937,459.9,1937,0,No,283,4,257.61,0.13,189.16,36
MED0052,Adrenaline 5mg Tablet,Anesthetic,Aurobindo,Yes,2025-10,283,1849,2212,503.5,2132,80,Yes,0,4,257.61,0.13,189.16,36
MED0052,Adrenaline 5mg Tablet,Anesthetic,Aurobindo,Yes,2025-11,0,1771,2208,518.2,1771,437,Yes,0,4,257.61,0.13,189.16,36
MED0052,Adrenaline 5mg Tablet,Anesthetic,Aurobindo,Yes,2025-12,0,2253,2265,726,2253,12,Yes,0,4,257.61,0.13,189.16,36
MED0052,Adrenaline 5mg Tablet,Anesthetic,Aurobindo,Yes,2026-01,0,1861,2468,534.7,1861,607,Yes,0,4,257.61,0.13,189.16,36
MED0052,Adrenaline 5mg Tablet,Anesthetic,Aurobindo,Yes,2026-02,0,2516,2228,374.1,2228,0,No,288,4,257.61,0.13,189.16,36
MED0052,Adrenaline 5mg Tablet,Anesthetic,Aurobindo,Yes,2026-03,288,2275,2346,682.3,2346,0,No,217,4,257.61,0.13,189.16,36
MED0052,Adrenaline 5mg Tablet,Anesthetic,Aurobindo,Yes,2026-04,217,3011,2392,816.6,2392,0,No,836,4,257.61,0.13,189.16,36
MED0052,Adrenaline 5mg Tablet,Anesthetic,Aurobindo,Yes,2026-05,836,1826,2213,570.2,2213,0,No,449,4,257.61,0.13,189.16,36
MED0052,Adrenaline 5mg Tablet,Anesthetic,Aurobindo,Yes,2026-06,449,1705,1838,364.5,1838,0,No,316,4,257.61,0.13,189.16,36
MED0052,Adrenaline 5mg Tablet,Anesthetic,Aurobindo,Yes,2026-07,316,2065,2126,735.9,2126,0,No,255,4,257.61,0.13,189.16,36
MED0053,Vitamin B Complex 50mg Suspension,Neuro/Psychiatric,Alkem,No,2025-08,79,1186,1026,313,1026,0,No,239,2,478.02,0.28,206.34,9
MED0053,Vitamin B Complex 50mg Suspension,Neuro/Psychiatric,Alkem,No,2025-09,239,741,886,234.2,886,0,No,94,2,478.02,0.28,206.34,9
MED0053,Vitamin B Complex 50mg Suspension,Neuro/Psychiatric,Alkem,No,2025-10,94,519,675,118.8,613,62,Yes,0,2,478.02,0.28,206.34,9
MED0053,Vitamin B Complex 50mg Suspension,Neuro/Psychiatric,Alkem,No,2025-11,0,0,794,168.1,0,794,Yes,0,2,478.02,0.28,206.34,9
MED0053,Vitamin B Complex 50mg Suspension,Neuro/Psychiatric,Alkem,No,2025-12,0,0,585,156.5,0,585,Yes,0,2,478.02,0.28,206.34,9
MED0053,Vitamin B Complex 50mg Suspension,Neuro/Psychiatric,Alkem,No,2026-01,0,638,658,225.2,638,20,Yes,0,2,478.02,0.28,206.34,9
MED0053,Vitamin B Complex 50mg Suspension,Neuro/Psychiatric,Alkem,No,2026-02,0,511,593,164.9,511,82,Yes,0,2,478.02,0.28,206.34,9
MED0053,Vitamin B Complex 50mg Suspension,Neuro/Psychiatric,Alkem,No,2026-03,0,655,812,228,655,157,Yes,0,2,478.02,0.28,206.34,9
MED0053,Vitamin B Complex 50mg Suspension,Neuro/Psychiatric,Alkem,No,2026-04,0,1047,1360,357.7,1047,313,Yes,0,2,478.02,0.28,206.34,9
MED0053,Vitamin B Complex 50mg Suspension,Neuro/Psychiatric,Alkem,No,2026-05,0,0,1827,520.2,0,1827,Yes,0,2,478.02,0.28,206.34,9
MED0053,Vitamin B Complex 50mg Suspension,Neuro/Psychiatric,Alkem,No,2026-06,0,1315,1676,399.4,1315,361,Yes,0,2,478.02,0.28,206.34,9
MED0053,Vitamin B Complex 50mg Suspension,Neuro/Psychiatric,Alkem,No,2026-07,0,1205,1342,303.8,1205,137,Yes,0,2,478.02,0.28,206.34,9
MED0054,Bisacodyl 100mg Ointment,Neuro/Psychiatric,Biocon,Yes,2025-08,769,2746,2117,432,2117,0,No,1398,5,86.18,0.19,205.11,24
MED0054,Bisacodyl 100mg Ointment,Neuro/Psychiatric,Biocon,Yes,2025-09,1398,1533,1749,415.1,1749,0,No,1182,5,86.18,0.19,205.11,24
MED0054,Bisacodyl 100mg Ointment,Neuro/Psychiatric,Biocon,Yes,2025-10,1182,1560,1615,313.4,1615,0,No,1127,5,86.18,0.19,205.11,24
MED0054,Bisacodyl 100mg Ointment,Neuro/Psychiatric,Biocon,Yes,2025-11,1127,1279,1703,552.9,1703,0,No,703,5,86.18,0.19,205.11,24
MED0054,Bisacodyl 100mg Ointment,Neuro/Psychiatric,Biocon,Yes,2025-12,703,1386,1975,554.4,1975,0,No,114,5,86.18,0.19,205.11,24
MED0054,Bisacodyl 100mg Ointment,Neuro/Psychiatric,Biocon,Yes,2026-01,114,1978,1747,586.2,1747,0,No,345,5,86.18,0.19,205.11,24
MED0054,Bisacodyl 100mg Ointment,Neuro/Psychiatric,Biocon,Yes,2026-02,345,1711,2040,343.3,2040,0,No,16,5,86.18,0.19,205.11,24
MED0054,Bisacodyl 100mg Ointment,Neuro/Psychiatric,Biocon,Yes,2026-03,16,0,1709,533.3,16,1693,Yes,0,5,86.18,0.19,205.11,24
MED0054,Bisacodyl 100mg Ointment,Neuro/Psychiatric,Biocon,Yes,2026-04,0,2408,1872,632.2,1872,0,No,536,5,86.18,0.19,205.11,24
MED0054,Bisacodyl 100mg Ointment,Neuro/Psychiatric,Biocon,Yes,2026-05,536,1930,2170,566.6,2170,0,No,296,5,86.18,0.19,205.11,24
MED0054,Bisacodyl 100mg Ointment,Neuro/Psychiatric,Biocon,Yes,2026-06,296,2370,1847,391.3,1847,0,No,819,5,86.18,0.19,205.11,24
MED0054,Bisacodyl 100mg Ointment,Neuro/Psychiatric,Biocon,Yes,2026-07,819,0,1693,502.3,819,874,Yes,0,5,86.18,0.19,205.11,24
MED0055,Gentamicin 50mg Tablet,Vitamin/Supplement,Glenmark,No,2025-08,492,1913,1754,364.1,1754,0,No,651,5,186.96,0.17,186.93,24
MED0055,Gentamicin 50mg Tablet,Vitamin/Supplement,Glenmark,No,2025-09,651,1412,1659,477.1,1659,0,No,404,5,186.96,0.17,186.93,24
MED0055,Gentamicin 50mg Tablet,Vitamin/Supplement,Glenmark,No,2025-10,404,2141,1773,593.4,1773,0,No,772,5,186.96,0.17,186.93,24
MED0055,Gentamicin 50mg Tablet,Vitamin/Supplement,Glenmark,No,2025-11,772,1469,1537,361,1537,0,No,704,5,186.96,0.17,186.93,24
MED0055,Gentamicin 50mg Tablet,Vitamin/Supplement,Glenmark,No,2025-12,704,1843,1577,243.6,1577,0,No,970,5,186.96,0.17,186.93,24
MED0055,Gentamicin 50mg Tablet,Vitamin/Supplement,Glenmark,No,2026-01,970,1168,1644,455.4,1644,0,No,494,5,186.96,0.17,186.93,24
MED0055,Gentamicin 50mg Tablet,Vitamin/Supplement,Glenmark,No,2026-02,494,1418,1586,487.6,1586,0,No,326,5,186.96,0.17,186.93,24
MED0055,Gentamicin 50mg Tablet,Vitamin/Supplement,Glenmark,No,2026-03,326,1704,1389,454.9,1389,0,No,641,5,186.96,0.17,186.93,24
MED0055,Gentamicin 50mg Tablet,Vitamin/Supplement,Glenmark,No,2026-04,641,1752,1600,455.7,1600,0,No,793,5,186.96,0.17,186.93,24
MED0055,Gentamicin 50mg Tablet,Vitamin/Supplement,Glenmark,No,2026-05,793,1397,1512,382.1,1512,0,No,678,5,186.96,0.17,186.93,24
MED0055,Gentamicin 50mg Tablet,Vitamin/Supplement,Glenmark,No,2026-06,678,1137,1507,254.9,1507,0,No,308,5,186.96,0.17,186.93,24
MED0055,Gentamicin 50mg Tablet,Vitamin/Supplement,Glenmark,No,2026-07,308,1804,1629,379,1629,0,No,483,5,186.96,0.17,186.93,24
MED0056,Verapamil 10mg Drops,Antibiotic,GSK,No,2025-08,664,3736,4657,1417.6,4400,257,Yes,0,4,270.29,0.26,228.34,24
MED0056,Verapamil 10mg Drops,Antibiotic,GSK,No,2025-09,0,5025,5070,1425.8,5025,45,Yes,0,4,270.29,0.26,228.34,24
MED0056,Verapamil 10mg Drops,Antibiotic,GSK,No,2025-10,0,4444,4587,1531.2,4444,143,Yes,0,4,270.29,0.26,228.34,24
MED0056,Verapamil 10mg Drops,Antibiotic,GSK,No,2025-11,0,3682,4223,965.5,3682,541,Yes,0,4,270.29,0.26,228.34,24
MED0056,Verapamil 10mg Drops,Antibiotic,GSK,No,2025-12,0,0,4215,1358.1,0,4215,Yes,0,4,270.29,0.26,228.34,24
MED0056,Verapamil 10mg Drops,Antibiotic,GSK,No,2026-01,0,3515,4771,880.6,3515,1256,Yes,0,4,270.29,0.26,228.34,24
MED0056,Verapamil 10mg Drops,Antibiotic,GSK,No,2026-02,0,3512,4217,1280.6,3512,705,Yes,0,4,270.29,0.26,228.34,24
MED0056,Verapamil 10mg Drops,Antibiotic,GSK,No,2026-03,0,5186,4480,1093.4,4480,0,No,706,4,270.29,0.26,228.34,24
MED0056,Verapamil 10mg Drops,Antibiotic,GSK,No,2026-04,706,3208,4547,1292,3914,633,Yes,0,4,270.29,0.26,228.34,24
MED0056,Verapamil 10mg Drops,Antibiotic,GSK,No,2026-05,0,4511,4398,1457.7,4398,0,No,113,4,270.29,0.26,228.34,24
MED0056,Verapamil 10mg Drops,Antibiotic,GSK,No,2026-06,113,4996,4570,1003.4,4570,0,No,539,4,270.29,0.26,228.34,24
MED0056,Verapamil 10mg Drops,Antibiotic,GSK,No,2026-07,539,3503,4419,1294,4042,377,Yes,0,4,270.29,0.26,228.34,24
MED0057,Clopidogrel 10mg Suspension,Respiratory,Biocon,Yes,2025-08,523,3288,3033,872,3033,0,No,778,3,128.96,0.15,128.38,6
MED0057,Clopidogrel 10mg Suspension,Respiratory,Biocon,Yes,2025-09,778,4500,3473,811.4,3473,0,No,1805,3,128.96,0.15,128.38,6
MED0057,Clopidogrel 10mg Suspension,Respiratory,Biocon,Yes,2025-10,1805,3507,2751,540.9,2751,0,No,2561,3,128.96,0.15,128.38,6
MED0057,Clopidogrel 10mg Suspension,Respiratory,Biocon,Yes,2025-11,2561,3559,2743,419.7,2743,0,No,3377,3,128.96,0.15,128.38,6
MED0057,Clopidogrel 10mg Suspension,Respiratory,Biocon,Yes,2025-12,3377,2008,2820,706.4,2820,0,No,2565,3,128.96,0.15,128.38,6
MED0057,Clopidogrel 10mg Suspension,Respiratory,Biocon,Yes,2026-01,2565,2799,3217,660.8,3217,0,No,2147,3,128.96,0.15,128.38,6
MED0057,Clopidogrel 10mg Suspension,Respiratory,Biocon,Yes,2026-02,2147,2374,3294,938.3,3294,0,No,1227,3,128.96,0.15,128.38,6
MED0057,Clopidogrel 10mg Suspension,Respiratory,Biocon,Yes,2026-03,1227,3581,3035,630.8,3035,0,No,1773,3,128.96,0.15,128.38,6
MED0057,Clopidogrel 10mg Suspension,Respiratory,Biocon,Yes,2026-04,1773,3683,3079,835.3,3079,0,No,2377,3,128.96,0.15,128.38,6
MED0057,Clopidogrel 10mg Suspension,Respiratory,Biocon,Yes,2026-05,2377,3115,3049,625.3,3049,0,No,2443,3,128.96,0.15,128.38,6
MED0057,Clopidogrel 10mg Suspension,Respiratory,Biocon,Yes,2026-06,2443,0,3072,731.2,2443,629,Yes,0,3,128.96,0.15,128.38,6
MED0057,Clopidogrel 10mg Suspension,Respiratory,Biocon,Yes,2026-07,0,3150,3324,640.7,3150,174,Yes,0,3,128.96,0.15,128.38,6
MED0058,Warfarin 5mg Ointment,Cardiac,Sun Pharma,No,2025-08,2056,2295,2245,503.5,2245,0,No,2106,21,392.85,0.24,294.47,9
MED0058,Warfarin 5mg Ointment,Cardiac,Sun Pharma,No,2025-09,2106,1915,1995,361.4,1995,0,No,2026,21,392.85,0.24,294.47,9
MED0058,Warfarin 5mg Ointment,Cardiac,Sun Pharma,No,2025-10,2026,2201,2132,335,2132,0,No,2095,21,392.85,0.24,294.47,9
MED0058,Warfarin 5mg Ointment,Cardiac,Sun Pharma,No,2025-11,2095,1896,2228,649.3,2228,0,No,1763,21,392.85,0.24,294.47,9
MED0058,Warfarin 5mg Ointment,Cardiac,Sun Pharma,No,2025-12,1763,0,2394,812.6,1763,631,Yes,0,21,392.85,0.24,294.47,9
MED0058,Warfarin 5mg Ointment,Cardiac,Sun Pharma,No,2026-01,0,0,2188,421.9,0,2188,Yes,0,21,392.85,0.24,294.47,9
MED0058,Warfarin 5mg Ointment,Cardiac,Sun Pharma,No,2026-02,0,2116,2075,370.9,2075,0,No,41,21,392.85,0.24,294.47,9
MED0058,Warfarin 5mg Ointment,Cardiac,Sun Pharma,No,2026-03,41,1575,1955,296.9,1616,339,Yes,0,21,392.85,0.24,294.47,9
MED0058,Warfarin 5mg Ointment,Cardiac,Sun Pharma,No,2026-04,0,2009,2259,491.1,2009,250,Yes,0,21,392.85,0.24,294.47,9
MED0058,Warfarin 5mg Ointment,Cardiac,Sun Pharma,No,2026-05,0,1835,1918,373.2,1835,83,Yes,0,21,392.85,0.24,294.47,9
MED0058,Warfarin 5mg Ointment,Cardiac,Sun Pharma,No,2026-06,0,0,2293,464.9,0,2293,Yes,0,21,392.85,0.24,294.47,9
MED0058,Warfarin 5mg Ointment,Cardiac,Sun Pharma,No,2026-07,0,2320,2202,597.1,2202,0,No,118,21,392.85,0.24,294.47,9
MED0059,Ivermectin 10mg Suspension,Neuro/Psychiatric,Glenmark,No,2025-08,314,1008,1128,378.5,1128,0,No,194,4,406.33,0.16,75.6,36
MED0059,Ivermectin 10mg Suspension,Neuro/Psychiatric,Glenmark,No,2025-09,194,1238,1080,218.7,1080,0,No,352,4,406.33,0.16,75.6,36
MED0059,Ivermectin 10mg Suspension,Neuro/Psychiatric,Glenmark,No,2025-10,352,1634,1381,225.9,1381,0,No,605,4,406.33,0.16,75.6,36
MED0059,Ivermectin 10mg Suspension,Neuro/Psychiatric,Glenmark,No,2025-11,605,2072,1680,475.1,1680,0,No,997,4,406.33,0.16,75.6,36
MED0059,Ivermectin 10mg Suspension,Neuro/Psychiatric,Glenmark,No,2025-12,997,2996,2436,621.4,2436,0,No,1557,4,406.33,0.16,75.6,36
MED0059,Ivermectin 10mg Suspension,Neuro/Psychiatric,Glenmark,No,2026-01,1557,1948,2342,498,2342,0,No,1163,4,406.33,0.16,75.6,36
MED0059,Ivermectin 10mg Suspension,Neuro/Psychiatric,Glenmark,No,2026-02,1163,1759,1867,603.3,1867,0,No,1055,4,406.33,0.16,75.6,36
MED0059,Ivermectin 10mg Suspension,Neuro/Psychiatric,Glenmark,No,2026-03,1055,1015,1261,278.9,1261,0,No,809,4,406.33,0.16,75.6,36
MED0059,Ivermectin 10mg Suspension,Neuro/Psychiatric,Glenmark,No,2026-04,809,1102,1184,237.3,1184,0,No,727,4,406.33,0.16,75.6,36
MED0059,Ivermectin 10mg Suspension,Neuro/Psychiatric,Glenmark,No,2026-05,727,0,1105,252.2,727,378,Yes,0,4,406.33,0.16,75.6,36
MED0059,Ivermectin 10mg Suspension,Neuro/Psychiatric,Glenmark,No,2026-06,0,805,847,227.1,805,42,Yes,0,4,406.33,0.16,75.6,36
MED0059,Ivermectin 10mg Suspension,Neuro/Psychiatric,Glenmark,No,2026-07,0,1015,1013,162.9,1013,0,No,2,4,406.33,0.16,75.6,36
MED0060,Ranitidine 500mg Drops,Emergency/Critical Care,Zydus,No,2025-08,42,0,185,32.3,42,143,Yes,0,5,439.36,0.15,252.22,24
MED0060,Ranitidine 500mg Drops,Emergency/Critical Care,Zydus,No,2025-09,0,173,216,40.9,173,43,Yes,0,5,439.36,0.15,252.22,24
MED0060,Ranitidine 500mg Drops,Emergency/Critical Care,Zydus,No,2025-10,0,213,238,76.4,213,25,Yes,0,5,439.36,0.15,252.22,24
MED0060,Ranitidine 500mg Drops,Emergency/Critical Care,Zydus,No,2025-11,0,0,191,47.4,0,191,Yes,0,5,439.36,0.15,252.22,24
MED0060,Ranitidine 500mg Drops,Emergency/Critical Care,Zydus,No,2025-12,0,175,220,56,175,45,Yes,0,5,439.36,0.15,252.22,24
MED0060,Ranitidine 500mg Drops,Emergency/Critical Care,Zydus,No,2026-01,0,0,229,70.6,0,229,Yes,0,5,439.36,0.15,252.22,24
MED0060,Ranitidine 500mg Drops,Emergency/Critical Care,Zydus,No,2026-02,0,174,203,37.4,174,29,Yes,0,5,439.36,0.15,252.22,24
MED0060,Ranitidine 500mg Drops,Emergency/Critical Care,Zydus,No,2026-03,0,165,213,49.5,165,48,Yes,0,5,439.36,0.15,252.22,24
MED0060,Ranitidine 500mg Drops,Emergency/Critical Care,Zydus,No,2026-04,0,215,239,46.9,215,24,Yes,0,5,439.36,0.15,252.22,24
MED0060,Ranitidine 500mg Drops,Emergency/Critical Care,Zydus,No,2026-05,0,204,187,60.1,187,0,No,17,5,439.36,0.15,252.22,24
MED0060,Ranitidine 500mg Drops,Emergency/Critical Care,Zydus,No,2026-06,17,243,214,52.3,214,0,No,46,5,439.36,0.15,252.22,24
MED0060,Ranitidine 500mg Drops,Emergency/Critical Care,Zydus,No,2026-07,46,135,184,52.2,181,3,Yes,0,5,439.36,0.15,252.22,24
MED0061,Omeprazole 1g Injection,Gastrointestinal,Intas,No,2025-08,460,3798,4856,1153.1,4258,598,Yes,0,4,743.66,0.25,339.16,12
MED0061,Omeprazole 1g Injection,Gastrointestinal,Intas,No,2025-09,0,4630,3998,700.9,3998,0,No,632,4,743.66,0.25,339.16,12
MED0061,Omeprazole 1g Injection,Gastrointestinal,Intas,No,2025-10,632,2644,2378,585.4,2378,0,No,898,4,743.66,0.25,339.16,12
MED0061,Omeprazole 1g Injection,Gastrointestinal,Intas,No,2025-11,898,1592,2199,512.3,2199,0,No,291,4,743.66,0.25,339.16,12
MED0061,Omeprazole 1g Injection,Gastrointestinal,Intas,No,2025-12,291,1830,1516,289,1516,0,No,605,4,743.66,0.25,339.16,12
MED0061,Omeprazole 1g Injection,Gastrointestinal,Intas,No,2026-01,605,1715,1631,458.2,1631,0,No,689,4,743.66,0.25,339.16,12
MED0061,Omeprazole 1g Injection,Gastrointestinal,Intas,No,2026-02,689,1227,1636,434.2,1636,0,No,280,4,743.66,0.25,339.16,12
MED0061,Omeprazole 1g Injection,Gastrointestinal,Intas,No,2026-03,280,0,2289,401.6,280,2009,Yes,0,4,743.66,0.25,339.16,12
MED0061,Omeprazole 1g Injection,Gastrointestinal,Intas,No,2026-04,0,2277,2538,533.9,2277,261,Yes,0,4,743.66,0.25,339.16,12
MED0061,Omeprazole 1g Injection,Gastrointestinal,Intas,No,2026-05,0,2609,2757,558.1,2609,148,Yes,0,4,743.66,0.25,339.16,12
MED0061,Omeprazole 1g Injection,Gastrointestinal,Intas,No,2026-06,0,3304,4557,1149.8,3304,1253,Yes,0,4,743.66,0.25,339.16,12
MED0061,Omeprazole 1g Injection,Gastrointestinal,Intas,No,2026-07,0,3537,4849,1293.9,3537,1312,Yes,0,4,743.66,0.25,339.16,12
MED0062,Loperamide 250mg Injection,Analgesic,Lupin,Yes,2025-08,329,1114,1566,310.7,1443,123,Yes,0,3,636.32,0.15,90.73,12
MED0062,Loperamide 250mg Injection,Analgesic,Lupin,Yes,2025-09,0,1550,1609,541.6,1550,59,Yes,0,3,636.32,0.15,90.73,12
MED0062,Loperamide 250mg Injection,Analgesic,Lupin,Yes,2025-10,0,1096,1528,510.4,1096,432,Yes,0,3,636.32,0.15,90.73,12
MED0062,Loperamide 250mg Injection,Analgesic,Lupin,Yes,2025-11,0,0,2432,599.2,0,2432,Yes,0,3,636.32,0.15,90.73,12
MED0062,Loperamide 250mg Injection,Analgesic,Lupin,Yes,2025-12,0,2778,2589,421.7,2589,0,No,189,3,636.32,0.15,90.73,12
MED0062,Loperamide 250mg Injection,Analgesic,Lupin,Yes,2026-01,189,3223,3014,944.6,3014,0,No,398,3,636.32,0.15,90.73,12
MED0062,Loperamide 250mg Injection,Analgesic,Lupin,Yes,2026-02,398,2198,2115,611.3,2115,0,No,481,3,636.32,0.15,90.73,12
MED0062,Loperamide 250mg Injection,Analgesic,Lupin,Yes,2026-03,481,1442,1849,406.9,1849,0,No,74,3,636.32,0.15,90.73,12
MED0062,Loperamide 250mg Injection,Analgesic,Lupin,Yes,2026-04,74,1142,1488,224.5,1216,272,Yes,0,3,636.32,0.15,90.73,12
MED0062,Loperamide 250mg Injection,Analgesic,Lupin,Yes,2026-05,0,901,1088,235.7,901,187,Yes,0,3,636.32,0.15,90.73,12
MED0062,Loperamide 250mg Injection,Analgesic,Lupin,Yes,2026-06,0,0,1270,303,0,1270,Yes,0,3,636.32,0.15,90.73,12
MED0062,Loperamide 250mg Injection,Analgesic,Lupin,Yes,2026-07,0,1424,1255,391.7,1255,0,No,169,3,636.32,0.15,90.73,12
MED0063,Dexamethasone 500mg Inhaler,Anesthetic,Dr Reddy's,No,2025-08,949,4723,3939,669.4,3939,0,No,1733,4,653.37,0.19,156.85,6
MED0063,Dexamethasone 500mg Inhaler,Anesthetic,Dr Reddy's,No,2025-09,1733,0,3981,990.4,1733,2248,Yes,0,4,653.37,0.19,156.85,6
MED0063,Dexamethasone 500mg Inhaler,Anesthetic,Dr Reddy's,No,2025-10,0,1849,2483,532.4,1849,634,Yes,0,4,653.37,0.19,156.85,6
MED0063,Dexamethasone 500mg Inhaler,Anesthetic,Dr Reddy's,No,2025-11,0,3224,2760,615.5,2760,0,No,464,4,653.37,0.19,156.85,6
MED0063,Dexamethasone 500mg Inhaler,Anesthetic,Dr Reddy's,No,2025-12,464,2636,2435,660.7,2435,0,No,665,4,653.37,0.19,156.85,6
MED0063,Dexamethasone 500mg Inhaler,Anesthetic,Dr Reddy's,No,2026-01,665,2470,2168,565.3,2168,0,No,967,4,653.37,0.19,156.85,6
MED0063,Dexamethasone 500mg Inhaler,Anesthetic,Dr Reddy's,No,2026-02,967,1979,2638,856,2638,0,No,308,4,653.37,0.19,156.85,6
MED0063,Dexamethasone 500mg Inhaler,Anesthetic,Dr Reddy's,No,2026-03,308,3009,3115,787.5,3115,0,No,202,4,653.37,0.19,156.85,6
MED0063,Dexamethasone 500mg Inhaler,Anesthetic,Dr Reddy's,No,2026-04,202,0,4620,1180,202,4418,Yes,0,4,653.37,0.19,156.85,6
MED0063,Dexamethasone 500mg Inhaler,Anesthetic,Dr Reddy's,No,2026-05,0,6466,6120,1931.5,6120,0,No,346,4,653.37,0.19,156.85,6
MED0063,Dexamethasone 500mg Inhaler,Anesthetic,Dr Reddy's,No,2026-06,346,0,5724,1046.6,346,5378,Yes,0,4,653.37,0.19,156.85,6
MED0063,Dexamethasone 500mg Inhaler,Anesthetic,Dr Reddy's,No,2026-07,0,4154,5175,1183.7,4154,1021,Yes,0,4,653.37,0.19,156.85,6
MED0064,Atenolol 5ml Tablet,Analgesic,Mankind,No,2025-08,952,0,1053,293.5,952,101,Yes,0,14,499.58,0.14,331.35,9
MED0064,Atenolol 5ml Tablet,Analgesic,Mankind,No,2025-09,0,1114,1140,259.8,1114,26,Yes,0,14,499.58,0.14,331.35,9
MED0064,Atenolol 5ml Tablet,Analgesic,Mankind,No,2025-10,0,869,986,318.2,869,117,Yes,0,14,499.58,0.14,331.35,9
MED0064,Atenolol 5ml Tablet,Analgesic,Mankind,No,2025-11,0,958,1131,346.4,958,173,Yes,0,14,499.58,0.14,331.35,9
MED0064,Atenolol 5ml Tablet,Analgesic,Mankind,No,2025-12,0,733,1043,213.7,733,310,Yes,0,14,499.58,0.14,331.35,9
MED0064,Atenolol 5ml Tablet,Analgesic,Mankind,No,2026-01,0,1129,1039,226.3,1039,0,No,90,14,499.58,0.14,331.35,9
MED0064,Atenolol 5ml Tablet,Analgesic,Mankind,No,2026-02,90,967,1127,306.4,1057,70,Yes,0,14,499.58,0.14,331.35,9
MED0064,Atenolol 5ml Tablet,Analgesic,Mankind,No,2026-03,0,0,1025,246.1,0,1025,Yes,0,14,499.58,0.14,331.35,9
MED0064,Atenolol 5ml Tablet,Analgesic,Mankind,No,2026-04,0,1184,1037,292.8,1037,0,No,147,14,499.58,0.14,331.35,9
MED0064,Atenolol 5ml Tablet,Analgesic,Mankind,No,2026-05,147,0,1041,170,147,894,Yes,0,14,499.58,0.14,331.35,9
MED0064,Atenolol 5ml Tablet,Analgesic,Mankind,No,2026-06,0,0,1049,215,0,1049,Yes,0,14,499.58,0.14,331.35,9
MED0064,Atenolol 5ml Tablet,Analgesic,Mankind,No,2026-07,0,1129,998,260.3,998,0,No,131,14,499.58,0.14,331.35,9
MED0065,Atenolol 50mg Drops,Cardiac,GSK,No,2025-08,727,2281,2108,634.5,2108,0,No,900,5,798.16,0.24,259.16,36
MED0065,Atenolol 50mg Drops,Cardiac,GSK,No,2025-09,900,2087,2255,343.4,2255,0,No,732,5,798.16,0.24,259.16,36
MED0065,Atenolol 50mg Drops,Cardiac,GSK,No,2025-10,732,2140,2514,788.4,2514,0,No,358,5,798.16,0.24,259.16,36
MED0065,Atenolol 50mg Drops,Cardiac,GSK,No,2025-11,358,1774,2022,441,2022,0,No,110,5,798.16,0.24,259.16,36
MED0065,Atenolol 50mg Drops,Cardiac,GSK,No,2025-12,110,1704,2229,408.1,1814,415,Yes,0,5,798.16,0.24,259.16,36
MED0065,Atenolol 50mg Drops,Cardiac,GSK,No,2026-01,0,2845,2507,834.1,2507,0,No,338,5,798.16,0.24,259.16,36
MED0065,Atenolol 50mg Drops,Cardiac,GSK,No,2026-02,338,1917,2177,600.9,2177,0,No,78,5,798.16,0.24,259.16,36
MED0065,Atenolol 50mg Drops,Cardiac,GSK,No,2026-03,78,1981,2272,567.2,2059,213,Yes,0,5,798.16,0.24,259.16,36
MED0065,Atenolol 50mg Drops,Cardiac,GSK,No,2026-04,0,0,2131,355.4,0,2131,Yes,0,5,798.16,0.24,259.16,36
MED0065,Atenolol 50mg Drops,Cardiac,GSK,No,2026-05,0,0,2055,338.8,0,2055,Yes,0,5,798.16,0.24,259.16,36
MED0065,Atenolol 50mg Drops,Cardiac,GSK,No,2026-06,0,2096,2428,383.1,2096,332,Yes,0,5,798.16,0.24,259.16,36
MED0065,Atenolol 50mg Drops,Cardiac,GSK,No,2026-07,0,2493,2467,609.3,2467,0,No,26,5,798.16,0.24,259.16,36
MED0066,Fentanyl 5mg Syrup,Emergency/Critical Care,Alkem,Yes,2025-08,182,1016,1064,184,1064,0,No,134,4,365.87,0.22,195.71,18
MED0066,Fentanyl 5mg Syrup,Emergency/Critical Care,Alkem,Yes,2025-09,134,995,830,242.4,830,0,No,299,4,365.87,0.22,195.71,18
MED0066,Fentanyl 5mg Syrup,Emergency/Critical Care,Alkem,Yes,2025-10,299,0,686,201.6,299,387,Yes,0,4,365.87,0.22,195.71,18
MED0066,Fentanyl 5mg Syrup,Emergency/Critical Care,Alkem,Yes,2025-11,0,528,672,199.7,528,144,Yes,0,4,365.87,0.22,195.71,18
MED0066,Fentanyl 5mg Syrup,Emergency/Critical Care,Alkem,Yes,2025-12,0,519,534,184.3,519,15,Yes,0,4,365.87,0.22,195.71,18
MED0066,Fentanyl 5mg Syrup,Emergency/Critical Care,Alkem,Yes,2026-01,0,569,448,102.8,448,0,No,121,4,365.87,0.22,195.71,18
MED0066,Fentanyl 5mg Syrup,Emergency/Critical Care,Alkem,Yes,2026-02,121,443,612,192.1,564,48,Yes,0,4,365.87,0.22,195.71,18
MED0066,Fentanyl 5mg Syrup,Emergency/Critical Care,Alkem,Yes,2026-03,0,898,739,195.9,739,0,No,159,4,365.87,0.22,195.71,18
MED0066,Fentanyl 5mg Syrup,Emergency/Critical Care,Alkem,Yes,2026-04,159,1301,1038,201.4,1038,0,No,422,4,365.87,0.22,195.71,18
MED0066,Fentanyl 5mg Syrup,Emergency/Critical Care,Alkem,Yes,2026-05,422,1639,1635,498.6,1635,0,No,426,4,365.87,0.22,195.71,18
MED0066,Fentanyl 5mg Syrup,Emergency/Critical Care,Alkem,Yes,2026-06,426,989,1377,276.3,1377,0,No,38,4,365.87,0.22,195.71,18
MED0066,Fentanyl 5mg Syrup,Emergency/Critical Care,Alkem,Yes,2026-07,38,959,1006,329.3,997,9,Yes,0,4,365.87,0.22,195.71,18
MED0067,Amoxicillin 250mg Injection,Antidiabetic,Alkem,No,2025-08,621,2670,2306,687.5,2306,0,No,985,7,479.42,0.25,337.31,9
MED0067,Amoxicillin 250mg Injection,Antidiabetic,Alkem,No,2025-09,985,2199,2240,427.6,2240,0,No,944,7,479.42,0.25,337.31,9
MED0067,Amoxicillin 250mg Injection,Antidiabetic,Alkem,No,2025-10,944,1002,1281,385.6,1281,0,No,665,7,479.42,0.25,337.31,9
MED0067,Amoxicillin 250mg Injection,Antidiabetic,Alkem,No,2025-11,665,1086,1018,352.2,1018,0,No,733,7,479.42,0.25,337.31,9
MED0067,Amoxicillin 250mg Injection,Antidiabetic,Alkem,No,2025-12,733,987,881,144.7,881,0,No,839,7,479.42,0.25,337.31,9
MED0067,Amoxicillin 250mg Injection,Antidiabetic,Alkem,No,2026-01,839,678,903,293,903,0,No,614,7,479.42,0.25,337.31,9
MED0067,Amoxicillin 250mg Injection,Antidiabetic,Alkem,No,2026-02,614,1195,1017,229.5,1017,0,No,792,7,479.42,0.25,337.31,9
MED0067,Amoxicillin 250mg Injection,Antidiabetic,Alkem,No,2026-03,792,0,994,291.5,792,202,Yes,0,7,479.42,0.25,337.31,9
MED0067,Amoxicillin 250mg Injection,Antidiabetic,Alkem,No,2026-04,0,936,1124,201.1,936,188,Yes,0,7,479.42,0.25,337.31,9
MED0067,Amoxicillin 250mg Injection,Antidiabetic,Alkem,No,2026-05,0,1635,1597,540.8,1597,0,No,38,7,479.42,0.25,337.31,9
MED0067,Amoxicillin 250mg Injection,Antidiabetic,Alkem,No,2026-06,38,2360,2223,478.3,2223,0,No,175,7,479.42,0.25,337.31,9
MED0067,Amoxicillin 250mg Injection,Antidiabetic,Alkem,No,2026-07,175,3602,2921,986,2921,0,No,856,7,479.42,0.25,337.31,9
MED0068,Cetirizine 1g Syrup,Antibiotic,Alkem,No,2025-08,833,1122,879,289.2,879,0,No,1076,14,452.32,0.23,325.97,6
MED0068,Cetirizine 1g Syrup,Antibiotic,Alkem,No,2025-09,1076,1103,869,234.8,869,0,No,1310,14,452.32,0.23,325.97,6
MED0068,Cetirizine 1g Syrup,Antibiotic,Alkem,No,2025-10,1310,834,969,290,969,0,No,1175,14,452.32,0.23,325.97,6
MED0068,Cetirizine 1g Syrup,Antibiotic,Alkem,No,2025-11,1175,1320,1478,384.9,1478,0,No,1017,14,452.32,0.23,325.97,6
MED0068,Cetirizine 1g Syrup,Antibiotic,Alkem,No,2025-12,1017,1367,1670,456.7,1670,0,No,714,14,452.32,0.23,325.97,6
MED0068,Cetirizine 1g Syrup,Antibiotic,Alkem,No,2026-01,714,1923,2032,512.7,2032,0,No,605,14,452.32,0.23,325.97,6
MED0068,Cetirizine 1g Syrup,Antibiotic,Alkem,No,2026-02,605,1443,1406,325.4,1406,0,No,642,14,452.32,0.23,325.97,6
MED0068,Cetirizine 1g Syrup,Antibiotic,Alkem,No,2026-03,642,0,1063,265.1,642,421,Yes,0,14,452.32,0.23,325.97,6
MED0068,Cetirizine 1g Syrup,Antibiotic,Alkem,No,2026-04,0,0,839,154.2,0,839,Yes,0,14,452.32,0.23,325.97,6
MED0068,Cetirizine 1g Syrup,Antibiotic,Alkem,No,2026-05,0,781,830,224.9,781,49,Yes,0,14,452.32,0.23,325.97,6
MED0068,Cetirizine 1g Syrup,Antibiotic,Alkem,No,2026-06,0,759,825,229,759,66,Yes,0,14,452.32,0.23,325.97,6
MED0068,Cetirizine 1g Syrup,Antibiotic,Alkem,No,2026-07,0,719,896,281.4,719,177,Yes,0,14,452.32,0.23,325.97,6
MED0069,Omeprazole 250mg Inhaler,Vaccine,Zydus,Yes,2025-08,846,867,1207,246.4,1207,0,No,506,14,98.69,0.16,91.31,6
MED0069,Omeprazole 250mg Inhaler,Vaccine,Zydus,Yes,2025-09,506,944,1125,230.4,1125,0,No,325,14,98.69,0.16,91.31,6
MED0069,Omeprazole 250mg Inhaler,Vaccine,Zydus,Yes,2025-10,325,0,1405,369,325,1080,Yes,0,14,98.69,0.16,91.31,6
MED0069,Omeprazole 250mg Inhaler,Vaccine,Zydus,Yes,2025-11,0,0,1262,292.3,0,1262,Yes,0,14,98.69,0.16,91.31,6
MED0069,Omeprazole 250mg Inhaler,Vaccine,Zydus,Yes,2025-12,0,1544,1358,394.4,1358,0,No,186,14,98.69,0.16,91.31,6
MED0069,Omeprazole 250mg Inhaler,Vaccine,Zydus,Yes,2026-01,186,1361,1096,373.5,1096,0,No,451,14,98.69,0.16,91.31,6
MED0069,Omeprazole 250mg Inhaler,Vaccine,Zydus,Yes,2026-02,451,1324,1102,371.1,1102,0,No,673,14,98.69,0.16,91.31,6
MED0069,Omeprazole 250mg Inhaler,Vaccine,Zydus,Yes,2026-03,673,1253,1132,337.1,1132,0,No,794,14,98.69,0.16,91.31,6
MED0069,Omeprazole 250mg Inhaler,Vaccine,Zydus,Yes,2026-04,794,1395,1317,446.6,1317,0,No,872,14,98.69,0.16,91.31,6
MED0069,Omeprazole 250mg Inhaler,Vaccine,Zydus,Yes,2026-05,872,0,1280,430.8,872,408,Yes,0,14,98.69,0.16,91.31,6
MED0069,Omeprazole 250mg Inhaler,Vaccine,Zydus,Yes,2026-06,0,1354,1290,370.7,1290,0,No,64,14,98.69,0.16,91.31,6
MED0069,Omeprazole 250mg Inhaler,Vaccine,Zydus,Yes,2026-07,64,0,1448,490,64,1384,Yes,0,14,98.69,0.16,91.31,6
MED0070,Lorazepam 250mg Drops,Vaccine,Zydus,No,2025-08,38,410,329,71,329,0,No,119,3,630.34,0.22,75.42,12
MED0070,Lorazepam 250mg Drops,Vaccine,Zydus,No,2025-09,119,0,370,64.9,119,251,Yes,0,3,630.34,0.22,75.42,12
MED0070,Lorazepam 250mg Drops,Vaccine,Zydus,No,2025-10,0,273,221,56.7,221,0,No,52,3,630.34,0.22,75.42,12
MED0070,Lorazepam 250mg Drops,Vaccine,Zydus,No,2025-11,52,175,189,43.6,189,0,No,38,3,630.34,0.22,75.42,12
MED0070,Lorazepam 250mg Drops,Vaccine,Zydus,No,2025-12,38,0,154,37.8,38,116,Yes,0,3,630.34,0.22,75.42,12
MED0070,Lorazepam 250mg Drops,Vaccine,Zydus,No,2026-01,0,149,162,39,149,13,Yes,0,3,630.34,0.22,75.42,12
MED0070,Lorazepam 250mg Drops,Vaccine,Zydus,No,2026-02,0,137,123,20.9,123,0,No,14,3,630.34,0.22,75.42,12
MED0070,Lorazepam 250mg Drops,Vaccine,Zydus,No,2026-03,14,178,159,46,159,0,No,33,3,630.34,0.22,75.42,12
MED0070,Lorazepam 250mg Drops,Vaccine,Zydus,No,2026-04,33,185,191,63.6,191,0,No,27,3,630.34,0.22,75.42,12
MED0070,Lorazepam 250mg Drops,Vaccine,Zydus,No,2026-05,27,0,218,46.1,27,191,Yes,0,3,630.34,0.22,75.42,12
MED0070,Lorazepam 250mg Drops,Vaccine,Zydus,No,2026-06,0,434,374,74.7,374,0,No,60,3,630.34,0.22,75.42,12
MED0070,Lorazepam 250mg Drops,Vaccine,Zydus,No,2026-07,60,449,386,76.6,386,0,No,123,3,630.34,0.22,75.42,12
MED0071,Diclofenac 2.5mg Syrup,Antibiotic,Torrent,No,2025-08,633,3385,3135,788.1,3135,0,No,883,5,26.76,0.27,116.95,36
MED0071,Diclofenac 2.5mg Syrup,Antibiotic,Torrent,No,2025-09,883,3017,3476,552.5,3476,0,No,424,5,26.76,0.27,116.95,36
MED0071,Diclofenac 2.5mg Syrup,Antibiotic,Torrent,No,2025-10,424,2879,2842,590.7,2842,0,No,461,5,26.76,0.27,116.95,36
MED0071,Diclofenac 2.5mg Syrup,Antibiotic,Torrent,No,2025-11,461,3008,3336,754.7,3336,0,No,133,5,26.76,0.27,116.95,36
MED0071,Diclofenac 2.5mg Syrup,Antibiotic,Torrent,No,2025-12,133,0,2979,769.3,133,2846,Yes,0,5,26.76,0.27,116.95,36
MED0071,Diclofenac 2.5mg Syrup,Antibiotic,Torrent,No,2026-01,0,3148,2779,649.2,2779,0,No,369,5,26.76,0.27,116.95,36
MED0071,Diclofenac 2.5mg Syrup,Antibiotic,Torrent,No,2026-02,369,2972,2787,889.8,2787,0,No,554,5,26.76,0.27,116.95,36
MED0071,Diclofenac 2.5mg Syrup,Antibiotic,Torrent,No,2026-03,554,3510,3485,804.4,3485,0,No,579,5,26.76,0.27,116.95,36
MED0071,Diclofenac 2.5mg Syrup,Antibiotic,Torrent,No,2026-04,579,4094,3226,831.2,3226,0,No,1447,5,26.76,0.27,116.95,36
MED0071,Diclofenac 2.5mg Syrup,Antibiotic,Torrent,No,2026-05,1447,4510,3563,1158.5,3563,0,No,2394,5,26.76,0.27,116.95,36
MED0071,Diclofenac 2.5mg Syrup,Antibiotic,Torrent,No,2026-06,2394,3377,2796,567.7,2796,0,No,2975,5,26.76,0.27,116.95,36
MED0071,Diclofenac 2.5mg Syrup,Antibiotic,Torrent,No,2026-07,2975,0,3184,953.9,2975,209,Yes,0,5,26.76,0.27,116.95,36
MED0072,Clopidogrel 2.5mg Tablet,Gastrointestinal,Biocon,No,2025-08,665,633,737,134.8,737,0,No,561,21,367.46,0.21,306.8,6
MED0072,Clopidogrel 2.5mg Tablet,Gastrointestinal,Biocon,No,2025-09,561,679,658,191.9,658,0,No,582,21,367.46,0.21,306.8,6
MED0072,Clopidogrel 2.5mg Tablet,Gastrointestinal,Biocon,No,2025-10,582,661,607,188.8,607,0,No,636,21,367.46,0.21,306.8,6
MED0072,Clopidogrel 2.5mg Tablet,Gastrointestinal,Biocon,No,2025-11,636,787,736,141.3,736,0,No,687,21,367.46,0.21,306.8,6
MED0072,Clopidogrel 2.5mg Tablet,Gastrointestinal,Biocon,No,2025-12,687,778,675,125.9,675,0,No,790,21,367.46,0.21,306.8,6
MED0072,Clopidogrel 2.5mg Tablet,Gastrointestinal,Biocon,No,2026-01,790,702,629,136.8,629,0,No,863,21,367.46,0.21,306.8,6
MED0072,Clopidogrel 2.5mg Tablet,Gastrointestinal,Biocon,No,2026-02,863,694,745,177.5,745,0,No,812,21,367.46,0.21,306.8,6
MED0072,Clopidogrel 2.5mg Tablet,Gastrointestinal,Biocon,No,2026-03,812,558,630,174.2,630,0,No,740,21,367.46,0.21,306.8,6
MED0072,Clopidogrel 2.5mg Tablet,Gastrointestinal,Biocon,No,2026-04,740,821,681,193.9,681,0,No,880,21,367.46,0.21,306.8,6
MED0072,Clopidogrel 2.5mg Tablet,Gastrointestinal,Biocon,No,2026-05,880,856,744,120.3,744,0,No,992,21,367.46,0.21,306.8,6
MED0072,Clopidogrel 2.5mg Tablet,Gastrointestinal,Biocon,No,2026-06,992,587,765,214.4,765,0,No,814,21,367.46,0.21,306.8,6
MED0072,Clopidogrel 2.5mg Tablet,Gastrointestinal,Biocon,No,2026-07,814,491,658,214,658,0,No,647,21,367.46,0.21,306.8,6
MED0073,Enoxaparin 20mg Suspension,Antidiabetic,Intas,No,2025-08,501,844,759,138.5,759,0,No,586,10,164.51,0.15,51.33,12
MED0073,Enoxaparin 20mg Suspension,Antidiabetic,Intas,No,2025-09,586,566,694,219.3,694,0,No,458,10,164.51,0.15,51.33,12
MED0073,Enoxaparin 20mg Suspension,Antidiabetic,Intas,No,2025-10,458,763,645,161.9,645,0,No,576,10,164.51,0.15,51.33,12
MED0073,Enoxaparin 20mg Suspension,Antidiabetic,Intas,No,2025-11,576,611,750,199.7,750,0,No,437,10,164.51,0.15,51.33,12
MED0073,Enoxaparin 20mg Suspension,Antidiabetic,Intas,No,2025-12,437,0,596,193.5,437,159,Yes,0,10,164.51,0.15,51.33,12
MED0073,Enoxaparin 20mg Suspension,Antidiabetic,Intas,No,2026-01,0,780,637,184.1,637,0,No,143,10,164.51,0.15,51.33,12
MED0073,Enoxaparin 20mg Suspension,Antidiabetic,Intas,No,2026-02,143,678,648,98.7,648,0,No,173,10,164.51,0.15,51.33,12
MED0073,Enoxaparin 20mg Suspension,Antidiabetic,Intas,No,2026-03,173,828,664,170.6,664,0,No,337,10,164.51,0.15,51.33,12
MED0073,Enoxaparin 20mg Suspension,Antidiabetic,Intas,No,2026-04,337,813,641,155.4,641,0,No,509,10,164.51,0.15,51.33,12
MED0073,Enoxaparin 20mg Suspension,Antidiabetic,Intas,No,2026-05,509,734,793,156.3,793,0,No,450,10,164.51,0.15,51.33,12
MED0073,Enoxaparin 20mg Suspension,Antidiabetic,Intas,No,2026-06,450,583,588,89.3,588,0,No,445,10,164.51,0.15,51.33,12
MED0073,Enoxaparin 20mg Suspension,Antidiabetic,Intas,No,2026-07,445,612,591,169.8,591,0,No,466,10,164.51,0.15,51.33,12
MED0074,Bisacodyl 100mg Injection,Antibiotic,Dr Reddy's,No,2025-08,91,396,388,89.8,388,0,No,99,7,82.83,0.17,63.41,9
MED0074,Bisacodyl 100mg Injection,Antibiotic,Dr Reddy's,No,2025-09,99,378,343,86.3,343,0,No,134,7,82.83,0.17,63.41,9
MED0074,Bisacodyl 100mg Injection,Antibiotic,Dr Reddy's,No,2025-10,134,193,261,44.9,261,0,No,66,7,82.83,0.17,63.41,9
MED0074,Bisacodyl 100mg Injection,Antibiotic,Dr Reddy's,No,2025-11,66,196,194,39.4,194,0,No,68,7,82.83,0.17,63.41,9
MED0074,Bisacodyl 100mg Injection,Antibiotic,Dr Reddy's,No,2025-12,68,171,182,47.3,182,0,No,57,7,82.83,0.17,63.41,9
MED0074,Bisacodyl 100mg Injection,Antibiotic,Dr Reddy's,No,2026-01,57,220,183,55.9,183,0,No,94,7,82.83,0.17,63.41,9
MED0074,Bisacodyl 100mg Injection,Antibiotic,Dr Reddy's,No,2026-02,94,128,158,49.9,158,0,No,64,7,82.83,0.17,63.41,9
MED0074,Bisacodyl 100mg Injection,Antibiotic,Dr Reddy's,No,2026-03,64,175,200,41.6,200,0,No,39,7,82.83,0.17,63.41,9
MED0074,Bisacodyl 100mg Injection,Antibiotic,Dr Reddy's,No,2026-04,39,0,230,45.1,39,191,Yes,0,7,82.83,0.17,63.41,9
MED0074,Bisacodyl 100mg Injection,Antibiotic,Dr Reddy's,No,2026-05,0,0,287,52.9,0,287,Yes,0,7,82.83,0.17,63.41,9
MED0074,Bisacodyl 100mg Injection,Antibiotic,Dr Reddy's,No,2026-06,0,271,373,84.3,271,102,Yes,0,7,82.83,0.17,63.41,9
MED0074,Bisacodyl 100mg Injection,Antibiotic,Dr Reddy's,No,2026-07,0,466,523,153.4,466,57,Yes,0,7,82.83,0.17,63.41,9
MED0075,Ceftriaxone 50mg Capsule,Vitamin/Supplement,Lupin,Yes,2025-08,471,2845,2341,419.7,2341,0,No,975,3,404.65,0.22,145.17,6
MED0075,Ceftriaxone 50mg Capsule,Vitamin/Supplement,Lupin,Yes,2025-09,975,2438,2221,502,2221,0,No,1192,3,404.65,0.22,145.17,6
MED0075,Ceftriaxone 50mg Capsule,Vitamin/Supplement,Lupin,Yes,2025-10,1192,0,2686,770.2,1192,1494,Yes,0,3,404.65,0.22,145.17,6
MED0075,Ceftriaxone 50mg Capsule,Vitamin/Supplement,Lupin,Yes,2025-11,0,4995,3925,971.1,3925,0,No,1070,3,404.65,0.22,145.17,6
MED0075,Ceftriaxone 50mg Capsule,Vitamin/Supplement,Lupin,Yes,2025-12,1070,4661,5088,1688.5,5088,0,No,643,3,404.65,0.22,145.17,6
MED0075,Ceftriaxone 50mg Capsule,Vitamin/Supplement,Lupin,Yes,2026-01,643,3909,4743,1365.9,4552,191,Yes,0,3,404.65,0.22,145.17,6
MED0075,Ceftriaxone 50mg Capsule,Vitamin/Supplement,Lupin,Yes,2026-02,0,5456,4443,1390.8,4443,0,No,1013,3,404.65,0.22,145.17,6
MED0075,Ceftriaxone 50mg Capsule,Vitamin/Supplement,Lupin,Yes,2026-03,1013,0,2633,450.7,1013,1620,Yes,0,3,404.65,0.22,145.17,6
MED0075,Ceftriaxone 50mg Capsule,Vitamin/Supplement,Lupin,Yes,2026-04,0,2620,2114,576.8,2114,0,No,506,3,404.65,0.22,145.17,6
MED0075,Ceftriaxone 50mg Capsule,Vitamin/Supplement,Lupin,Yes,2026-05,506,1555,2047,309.4,2047,0,No,14,3,404.65,0.22,145.17,6
MED0075,Ceftriaxone 50mg Capsule,Vitamin/Supplement,Lupin,Yes,2026-06,14,0,1893,473.8,14,1879,Yes,0,3,404.65,0.22,145.17,6
MED0075,Ceftriaxone 50mg Capsule,Vitamin/Supplement,Lupin,Yes,2026-07,0,1974,2018,375,1974,44,Yes,0,3,404.65,0.22,145.17,6
MED0076,Aspirin 250mg Syrup,Vaccine,Lupin,No,2025-08,52,88,88,30,88,0,No,52,10,664.26,0.18,247.11,9
MED0076,Aspirin 250mg Syrup,Vaccine,Lupin,No,2025-09,52,88,96,25.1,96,0,No,44,10,664.26,0.18,247.11,9
MED0076,Aspirin 250mg Syrup,Vaccine,Lupin,No,2025-10,44,77,89,14.9,89,0,No,32,10,664.26,0.18,247.11,9
MED0076,Aspirin 250mg Syrup,Vaccine,Lupin,No,2025-11,32,59,80,20.7,80,0,No,11,10,664.26,0.18,247.11,9
MED0076,Aspirin 250mg Syrup,Vaccine,Lupin,No,2025-12,11,93,95,26.1,95,0,No,9,10,664.26,0.18,247.11,9
MED0076,Aspirin 250mg Syrup,Vaccine,Lupin,No,2026-01,9,84,95,24.3,93,2,Yes,0,10,664.26,0.18,247.11,9
MED0076,Aspirin 250mg Syrup,Vaccine,Lupin,No,2026-02,0,68,92,31.1,68,24,Yes,0,10,664.26,0.18,247.11,9
MED0076,Aspirin 250mg Syrup,Vaccine,Lupin,No,2026-03,0,0,88,28.9,0,88,Yes,0,10,664.26,0.18,247.11,9
MED0076,Aspirin 250mg Syrup,Vaccine,Lupin,No,2026-04,0,0,103,35,0,103,Yes,0,10,664.26,0.18,247.11,9
MED0076,Aspirin 250mg Syrup,Vaccine,Lupin,No,2026-05,0,96,101,22.5,96,5,Yes,0,10,664.26,0.18,247.11,9
MED0076,Aspirin 250mg Syrup,Vaccine,Lupin,No,2026-06,0,63,88,24.4,63,25,Yes,0,10,664.26,0.18,247.11,9
MED0076,Aspirin 250mg Syrup,Vaccine,Lupin,No,2026-07,0,83,92,17.2,83,9,Yes,0,10,664.26,0.18,247.11,9
MED0077,Diclofenac 20mg Tablet,Respiratory,Mankind,Yes,2025-08,119,0,159,27.3,119,40,Yes,0,10,273.78,0.16,157.7,18
MED0077,Diclofenac 20mg Tablet,Respiratory,Mankind,Yes,2025-09,0,117,153,37.3,117,36,Yes,0,10,273.78,0.16,157.7,18
MED0077,Diclofenac 20mg Tablet,Respiratory,Mankind,Yes,2025-10,0,258,238,70.6,238,0,No,20,10,273.78,0.16,157.7,18
MED0077,Diclofenac 20mg Tablet,Respiratory,Mankind,Yes,2025-11,20,334,299,51.2,299,0,No,55,10,273.78,0.16,157.7,18
MED0077,Diclofenac 20mg Tablet,Respiratory,Mankind,Yes,2025-12,55,0,344,108.9,55,289,Yes,0,10,273.78,0.16,157.7,18
MED0077,Diclofenac 20mg Tablet,Respiratory,Mankind,Yes,2026-01,0,340,377,96.8,340,37,Yes,0,10,273.78,0.16,157.7,18
MED0077,Diclofenac 20mg Tablet,Respiratory,Mankind,Yes,2026-02,0,363,304,99.8,304,0,No,59,10,273.78,0.16,157.7,18
MED0077,Diclofenac 20mg Tablet,Respiratory,Mankind,Yes,2026-03,59,0,203,34.6,59,144,Yes,0,10,273.78,0.16,157.7,18
MED0077,Diclofenac 20mg Tablet,Respiratory,Mankind,Yes,2026-04,0,163,145,32.8,145,0,No,18,10,273.78,0.16,157.7,18
MED0077,Diclofenac 20mg Tablet,Respiratory,Mankind,Yes,2026-05,18,135,157,25.1,153,4,Yes,0,10,273.78,0.16,157.7,18
MED0077,Diclofenac 20mg Tablet,Respiratory,Mankind,Yes,2026-06,0,0,149,26.7,0,149,Yes,0,10,273.78,0.16,157.7,18
MED0077,Diclofenac 20mg Tablet,Respiratory,Mankind,Yes,2026-07,0,168,178,55.3,168,10,Yes,0,10,273.78,0.16,157.7,18
MED0078,Cloxacillin 5ml Ointment,Antibiotic,Intas,No,2025-08,588,0,4175,1052.3,588,3587,Yes,0,3,779.65,0.24,75.41,36
MED0078,Cloxacillin 5ml Ointment,Antibiotic,Intas,No,2025-09,0,3807,4115,943.9,3807,308,Yes,0,3,779.65,0.24,75.41,36
MED0078,Cloxacillin 5ml Ointment,Antibiotic,Intas,No,2025-10,0,3603,3837,838.9,3603,234,Yes,0,3,779.65,0.24,75.41,36
MED0078,Cloxacillin 5ml Ointment,Antibiotic,Intas,No,2025-11,0,2386,3286,1000.6,2386,900,Yes,0,3,779.65,0.24,75.41,36
MED0078,Cloxacillin 5ml Ointment,Antibiotic,Intas,No,2025-12,0,4001,4017,1224.3,4001,16,Yes,0,3,779.65,0.24,75.41,36
MED0078,Cloxacillin 5ml Ointment,Antibiotic,Intas,No,2026-01,0,2967,3500,1041.1,2967,533,Yes,0,3,779.65,0.24,75.41,36
MED0078,Cloxacillin 5ml Ointment,Antibiotic,Intas,No,2026-02,0,5234,4304,735.4,4304,0,No,930,3,779.65,0.24,75.41,36
MED0078,Cloxacillin 5ml Ointment,Antibiotic,Intas,No,2026-03,930,3302,4056,1369.9,4056,0,No,176,3,779.65,0.24,75.41,36
MED0078,Cloxacillin 5ml Ointment,Antibiotic,Intas,No,2026-04,176,4319,3773,619.9,3773,0,No,722,3,779.65,0.24,75.41,36
MED0078,Cloxacillin 5ml Ointment,Antibiotic,Intas,No,2026-05,722,4537,3709,801.4,3709,0,No,1550,3,779.65,0.24,75.41,36
MED0078,Cloxacillin 5ml Ointment,Antibiotic,Intas,No,2026-06,1550,3706,3318,753.5,3318,0,No,1938,3,779.65,0.24,75.41,36
MED0078,Cloxacillin 5ml Ointment,Antibiotic,Intas,No,2026-07,1938,2773,3385,957.8,3385,0,No,1326,3,779.65,0.24,75.41,36
MED0079,Enoxaparin 100mg Tablet,Antidiabetic,Glenmark,No,2025-08,1192,0,2546,604.8,1192,1354,Yes,0,4,174.81,0.22,170.73,24
MED0079,Enoxaparin 100mg Tablet,Antidiabetic,Glenmark,No,2025-09,0,2451,3146,787.2,2451,695,Yes,0,4,174.81,0.22,170.73,24
MED0079,Enoxaparin 100mg Tablet,Antidiabetic,Glenmark,No,2025-10,0,3648,3582,1018.9,3582,0,No,66,4,174.81,0.22,170.73,24
MED0079,Enoxaparin 100mg Tablet,Antidiabetic,Glenmark,No,2025-11,66,3958,4966,944.2,4024,942,Yes,0,4,174.81,0.22,170.73,24
MED0079,Enoxaparin 100mg Tablet,Antidiabetic,Glenmark,No,2025-12,0,5711,5504,1073.2,5504,0,No,207,4,174.81,0.22,170.73,24
MED0079,Enoxaparin 100mg Tablet,Antidiabetic,Glenmark,No,2026-01,207,8532,7168,1355.6,7168,0,No,1571,4,174.81,0.22,170.73,24
MED0079,Enoxaparin 100mg Tablet,Antidiabetic,Glenmark,No,2026-02,1571,3836,5302,1065.7,5302,0,No,105,4,174.81,0.22,170.73,24
MED0079,Enoxaparin 100mg Tablet,Antidiabetic,Glenmark,No,2026-03,105,0,3502,1046.8,105,3397,Yes,0,4,174.81,0.22,170.73,24
MED0079,Enoxaparin 100mg Tablet,Antidiabetic,Glenmark,No,2026-04,0,2651,2725,793.6,2651,74,Yes,0,4,174.81,0.22,170.73,24
MED0079,Enoxaparin 100mg Tablet,Antidiabetic,Glenmark,No,2026-05,0,2589,2758,627.7,2589,169,Yes,0,4,174.81,0.22,170.73,24
MED0079,Enoxaparin 100mg Tablet,Antidiabetic,Glenmark,No,2026-06,0,0,2666,905.4,0,2666,Yes,0,4,174.81,0.22,170.73,24
MED0079,Enoxaparin 100mg Tablet,Antidiabetic,Glenmark,No,2026-07,0,1997,2796,603.3,1997,799,Yes,0,4,174.81,0.22,170.73,24
MED0080,Ampicillin 10mg Injection,Antibiotic,Aurobindo,No,2025-08,646,1259,1446,377.1,1446,0,No,459,10,398.72,0.13,165.63,24
MED0080,Ampicillin 10mg Injection,Antibiotic,Aurobindo,No,2025-09,459,1587,1240,281,1240,0,No,806,10,398.72,0.13,165.63,24
MED0080,Ampicillin 10mg Injection,Antibiotic,Aurobindo,No,2025-10,806,1238,1295,296.1,1295,0,No,749,10,398.72,0.13,165.63,24
MED0080,Ampicillin 10mg Injection,Antibiotic,Aurobindo,No,2025-11,749,1365,1340,262.9,1340,0,No,774,10,398.72,0.13,165.63,24
MED0080,Ampicillin 10mg Injection,Antibiotic,Aurobindo,No,2025-12,774,1628,1442,441.5,1442,0,No,960,10,398.72,0.13,165.63,24
MED0080,Ampicillin 10mg Injection,Antibiotic,Aurobindo,No,2026-01,960,1008,1438,315.2,1438,0,No,530,10,398.72,0.13,165.63,24
MED0080,Ampicillin 10mg Injection,Antibiotic,Aurobindo,No,2026-02,530,1056,1300,286.6,1300,0,No,286,10,398.72,0.13,165.63,24
MED0080,Ampicillin 10mg Injection,Antibiotic,Aurobindo,No,2026-03,286,1445,1462,294.7,1462,0,No,269,10,398.72,0.13,165.63,24
MED0080,Ampicillin 10mg Injection,Antibiotic,Aurobindo,No,2026-04,269,1057,1319,254.6,1319,0,No,7,10,398.72,0.13,165.63,24
MED0080,Ampicillin 10mg Injection,Antibiotic,Aurobindo,No,2026-05,7,1586,1406,427.4,1406,0,No,187,10,398.72,0.13,165.63,24
MED0080,Ampicillin 10mg Injection,Antibiotic,Aurobindo,No,2026-06,187,1685,1413,251,1413,0,No,459,10,398.72,0.13,165.63,24
MED0080,Ampicillin 10mg Injection,Antibiotic,Aurobindo,No,2026-07,459,0,1202,225.1,459,743,Yes,0,10,398.72,0.13,165.63,24
MED0081,Ringer Lactate 5ml Injection,Gastrointestinal,Intas,No,2025-08,108,665,580,141.5,580,0,No,193,5,458.85,0.25,165.36,9
MED0081,Ringer Lactate 5ml Injection,Gastrointestinal,Intas,No,2025-09,193,0,556,159.7,193,363,Yes,0,5,458.85,0.25,165.36,9
MED0081,Ringer Lactate 5ml Injection,Gastrointestinal,Intas,No,2025-10,0,0,509,141.3,0,509,Yes,0,5,458.85,0.25,165.36,9
MED0081,Ringer Lactate 5ml Injection,Gastrointestinal,Intas,No,2025-11,0,398,464,148.7,398,66,Yes,0,5,458.85,0.25,165.36,9
MED0081,Ringer Lactate 5ml Injection,Gastrointestinal,Intas,No,2025-12,0,411,570,175.8,411,159,Yes,0,5,458.85,0.25,165.36,9
MED0081,Ringer Lactate 5ml Injection,Gastrointestinal,Intas,No,2026-01,0,0,610,133.6,0,610,Yes,0,5,458.85,0.25,165.36,9
MED0081,Ringer Lactate 5ml Injection,Gastrointestinal,Intas,No,2026-02,0,463,538,163.4,463,75,Yes,0,5,458.85,0.25,165.36,9
MED0081,Ringer Lactate 5ml Injection,Gastrointestinal,Intas,No,2026-03,0,520,498,173.5,498,0,No,22,5,458.85,0.25,165.36,9
MED0081,Ringer Lactate 5ml Injection,Gastrointestinal,Intas,No,2026-04,22,771,608,109.1,608,0,No,185,5,458.85,0.25,165.36,9
MED0081,Ringer Lactate 5ml Injection,Gastrointestinal,Intas,No,2026-05,185,696,602,116.1,602,0,No,279,5,458.85,0.25,165.36,9
MED0081,Ringer Lactate 5ml Injection,Gastrointestinal,Intas,No,2026-06,279,558,618,115,618,0,No,219,5,458.85,0.25,165.36,9
MED0081,Ringer Lactate 5ml Injection,Gastrointestinal,Intas,No,2026-07,219,476,487,114.1,487,0,No,208,5,458.85,0.25,165.36,9
MED0082,Tramadol 5mg Injection,Cardiac,GSK,No,2025-08,270,3799,4134,950.1,4069,65,Yes,0,2,669.74,0.19,323.81,12
MED0082,Tramadol 5mg Injection,Cardiac,GSK,No,2025-09,0,3125,3048,881.3,3048,0,No,77,2,669.74,0.19,323.81,12
MED0082,Tramadol 5mg Injection,Cardiac,GSK,No,2025-10,77,2190,2188,367.2,2188,0,No,79,2,669.74,0.19,323.81,12
MED0082,Tramadol 5mg Injection,Cardiac,GSK,No,2025-11,79,955,1348,270.4,1034,314,Yes,0,2,669.74,0.19,323.81,12
MED0082,Tramadol 5mg Injection,Cardiac,GSK,No,2025-12,0,1574,1254,317,1254,0,No,320,2,669.74,0.19,323.81,12
MED0082,Tramadol 5mg Injection,Cardiac,GSK,No,2026-01,320,1648,1408,328,1408,0,No,560,2,669.74,0.19,323.81,12
MED0082,Tramadol 5mg Injection,Cardiac,GSK,No,2026-02,560,1272,1228,216.3,1228,0,No,604,2,669.74,0.19,323.81,12
MED0082,Tramadol 5mg Injection,Cardiac,GSK,No,2026-03,604,2210,1711,509.5,1711,0,No,1103,2,669.74,0.19,323.81,12
MED0082,Tramadol 5mg Injection,Cardiac,GSK,No,2026-04,1103,1547,1818,313.8,1818,0,No,832,2,669.74,0.19,323.81,12
MED0082,Tramadol 5mg Injection,Cardiac,GSK,No,2026-05,832,2577,2437,832,2437,0,No,972,2,669.74,0.19,323.81,12
MED0082,Tramadol 5mg Injection,Cardiac,GSK,No,2026-06,972,3606,3334,743.1,3334,0,No,1244,2,669.74,0.19,323.81,12
MED0082,Tramadol 5mg Injection,Cardiac,GSK,No,2026-07,1244,4098,4113,1175.1,4113,0,No,1229,2,669.74,0.19,323.81,12
MED0083,Haloperidol 1g Drops,Gastrointestinal,GSK,No,2025-08,437,1045,953,245.2,953,0,No,529,5,130.03,0.25,302.39,9
MED0083,Haloperidol 1g Drops,Gastrointestinal,GSK,No,2025-09,529,1286,992,326.4,992,0,No,823,5,130.03,0.25,302.39,9
MED0083,Haloperidol 1g Drops,Gastrointestinal,GSK,No,2025-10,823,899,1062,162.5,1062,0,No,660,5,130.03,0.25,302.39,9
MED0083,Haloperidol 1g Drops,Gastrointestinal,GSK,No,2025-11,660,2158,1667,520.4,1667,0,No,1151,5,130.03,0.25,302.39,9
MED0083,Haloperidol 1g Drops,Gastrointestinal,GSK,No,2025-12,1151,0,1801,526,1151,650,Yes,0,5,130.03,0.25,302.39,9
MED0083,Haloperidol 1g Drops,Gastrointestinal,GSK,No,2026-01,0,2090,1982,633.4,1982,0,No,108,5,130.03,0.25,302.39,9
MED0083,Haloperidol 1g Drops,Gastrointestinal,GSK,No,2026-02,108,1232,1681,469.3,1340,341,Yes,0,5,130.03,0.25,302.39,9
MED0083,Haloperidol 1g Drops,Gastrointestinal,GSK,No,2026-03,0,915,1226,395.5,915,311,Yes,0,5,130.03,0.25,302.39,9
MED0083,Haloperidol 1g Drops,Gastrointestinal,GSK,No,2026-04,0,1181,977,211.4,977,0,No,204,5,130.03,0.25,302.39,9
MED0083,Haloperidol 1g Drops,Gastrointestinal,GSK,No,2026-05,204,942,845,284.5,845,0,No,301,5,130.03,0.25,302.39,9
MED0083,Haloperidol 1g Drops,Gastrointestinal,GSK,No,2026-06,301,891,715,168.4,715,0,No,477,5,130.03,0.25,302.39,9
MED0083,Haloperidol 1g Drops,Gastrointestinal,GSK,No,2026-07,477,696,812,168.3,812,0,No,361,5,130.03,0.25,302.39,9
MED0084,Fentanyl 5ml Suspension,Anesthetic,Dr Reddy's,No,2025-08,73,0,432,72.5,73,359,Yes,0,4,564.09,0.22,182.5,24
MED0084,Fentanyl 5ml Suspension,Anesthetic,Dr Reddy's,No,2025-09,0,384,403,118.5,384,19,Yes,0,4,564.09,0.22,182.5,24
MED0084,Fentanyl 5ml Suspension,Anesthetic,Dr Reddy's,No,2025-10,0,313,428,95.5,313,115,Yes,0,4,564.09,0.22,182.5,24
MED0084,Fentanyl 5ml Suspension,Anesthetic,Dr Reddy's,No,2025-11,0,357,441,144.8,357,84,Yes,0,4,564.09,0.22,182.5,24
MED0084,Fentanyl 5ml Suspension,Anesthetic,Dr Reddy's,No,2025-12,0,0,394,115.6,0,394,Yes,0,4,564.09,0.22,182.5,24
MED0084,Fentanyl 5ml Suspension,Anesthetic,Dr Reddy's,No,2026-01,0,348,459,134.8,348,111,Yes,0,4,564.09,0.22,182.5,24
MED0084,Fentanyl 5ml Suspension,Anesthetic,Dr Reddy's,No,2026-02,0,324,447,127.8,324,123,Yes,0,4,564.09,0.22,182.5,24
MED0084,Fentanyl 5ml Suspension,Anesthetic,Dr Reddy's,No,2026-03,0,0,359,80.6,0,359,Yes,0,4,564.09,0.22,182.5,24
MED0084,Fentanyl 5ml Suspension,Anesthetic,Dr Reddy's,No,2026-04,0,515,427,142.4,427,0,No,88,4,564.09,0.22,182.5,24
MED0084,Fentanyl 5ml Suspension,Anesthetic,Dr Reddy's,No,2026-05,88,0,357,65.6,88,269,Yes,0,4,564.09,0.22,182.5,24
MED0084,Fentanyl 5ml Suspension,Anesthetic,Dr Reddy's,No,2026-06,0,0,398,132,0,398,Yes,0,4,564.09,0.22,182.5,24
MED0084,Fentanyl 5ml Suspension,Anesthetic,Dr Reddy's,No,2026-07,0,334,433,104,334,99,Yes,0,4,564.09,0.22,182.5,24
MED0085,Calcium Carbonate 10mg Inhaler,Antibiotic,Abbott,No,2025-08,885,1208,989,234.2,989,0,No,1104,21,632.12,0.23,201.6,12
MED0085,Calcium Carbonate 10mg Inhaler,Antibiotic,Abbott,No,2025-09,1104,747,990,270.1,990,0,No,861,21,632.12,0.23,201.6,12
MED0085,Calcium Carbonate 10mg Inhaler,Antibiotic,Abbott,No,2025-10,861,933,755,264.2,755,0,No,1039,21,632.12,0.23,201.6,12
MED0085,Calcium Carbonate 10mg Inhaler,Antibiotic,Abbott,No,2025-11,1039,517,737,125.7,737,0,No,819,21,632.12,0.23,201.6,12
MED0085,Calcium Carbonate 10mg Inhaler,Antibiotic,Abbott,No,2025-12,819,649,587,100.8,587,0,No,881,21,632.12,0.23,201.6,12
MED0085,Calcium Carbonate 10mg Inhaler,Antibiotic,Abbott,No,2026-01,881,468,640,191.9,640,0,No,709,21,632.12,0.23,201.6,12
MED0085,Calcium Carbonate 10mg Inhaler,Antibiotic,Abbott,No,2026-02,709,488,573,161.7,573,0,No,624,21,632.12,0.23,201.6,12
MED0085,Calcium Carbonate 10mg Inhaler,Antibiotic,Abbott,No,2026-03,624,790,820,167.2,820,0,No,594,21,632.12,0.23,201.6,12
MED0085,Calcium Carbonate 10mg Inhaler,Antibiotic,Abbott,No,2026-04,594,1065,1252,356.2,1252,0,No,407,21,632.12,0.23,201.6,12
MED0085,Calcium Carbonate 10mg Inhaler,Antibiotic,Abbott,No,2026-05,407,1694,1468,322.8,1468,0,No,633,21,632.12,0.23,201.6,12
MED0085,Calcium Carbonate 10mg Inhaler,Antibiotic,Abbott,No,2026-06,633,1680,1612,317.3,1612,0,No,701,21,632.12,0.23,201.6,12
MED0085,Calcium Carbonate 10mg Inhaler,Antibiotic,Abbott,No,2026-07,701,1290,1242,322.9,1242,0,No,749,21,632.12,0.23,201.6,12
MED0086,Atorvastatin 20mg Tablet,Respiratory,Glenmark,Yes,2025-08,476,0,609,182.7,476,133,Yes,0,10,200.11,0.2,108.57,9
MED0086,Atorvastatin 20mg Tablet,Respiratory,Glenmark,Yes,2025-09,0,441,600,207.1,441,159,Yes,0,10,200.11,0.2,108.57,9
MED0086,Atorvastatin 20mg Tablet,Respiratory,Glenmark,Yes,2025-10,0,812,678,127,678,0,No,134,10,200.11,0.2,108.57,9
MED0086,Atorvastatin 20mg Tablet,Respiratory,Glenmark,Yes,2025-11,134,831,783,216.8,783,0,No,182,10,200.11,0.2,108.57,9
MED0086,Atorvastatin 20mg Tablet,Respiratory,Glenmark,Yes,2025-12,182,673,651,216.1,651,0,No,204,10,200.11,0.2,108.57,9
MED0086,Atorvastatin 20mg Tablet,Respiratory,Glenmark,Yes,2026-01,204,0,653,136.3,204,449,Yes,0,10,200.11,0.2,108.57,9
MED0086,Atorvastatin 20mg Tablet,Respiratory,Glenmark,Yes,2026-02,0,741,755,181.3,741,14,Yes,0,10,200.11,0.2,108.57,9
MED0086,Atorvastatin 20mg Tablet,Respiratory,Glenmark,Yes,2026-03,0,935,755,132.1,755,0,No,180,10,200.11,0.2,108.57,9
MED0086,Atorvastatin 20mg Tablet,Respiratory,Glenmark,Yes,2026-04,180,722,782,179.5,782,0,No,120,10,200.11,0.2,108.57,9
MED0086,Atorvastatin 20mg Tablet,Respiratory,Glenmark,Yes,2026-05,120,645,655,121.3,655,0,No,110,10,200.11,0.2,108.57,9
MED0086,Atorvastatin 20mg Tablet,Respiratory,Glenmark,Yes,2026-06,110,885,765,119.7,765,0,No,230,10,200.11,0.2,108.57,9
MED0086,Atorvastatin 20mg Tablet,Respiratory,Glenmark,Yes,2026-07,230,933,743,243.1,743,0,No,420,10,200.11,0.2,108.57,9
MED0087,Pantoprazole 20mg Ointment,Analgesic,Sun Pharma,No,2025-08,152,0,1531,234,152,1379,Yes,0,2,558.09,0.17,326.56,24
MED0087,Pantoprazole 20mg Ointment,Analgesic,Sun Pharma,No,2025-09,0,1136,1410,239.9,1136,274,Yes,0,2,558.09,0.17,326.56,24
MED0087,Pantoprazole 20mg Ointment,Analgesic,Sun Pharma,No,2025-10,0,0,1313,435.7,0,1313,Yes,0,2,558.09,0.17,326.56,24
MED0087,Pantoprazole 20mg Ointment,Analgesic,Sun Pharma,No,2025-11,0,2024,1638,295.5,1638,0,No,386,2,558.09,0.17,326.56,24
MED0087,Pantoprazole 20mg Ointment,Analgesic,Sun Pharma,No,2025-12,386,0,1600,455.1,386,1214,Yes,0,2,558.09,0.17,326.56,24
MED0087,Pantoprazole 20mg Ointment,Analgesic,Sun Pharma,No,2026-01,0,1919,1752,570.4,1752,0,No,167,2,558.09,0.17,326.56,24
MED0087,Pantoprazole 20mg Ointment,Analgesic,Sun Pharma,No,2026-02,167,1512,1458,479.3,1458,0,No,221,2,558.09,0.17,326.56,24
MED0087,Pantoprazole 20mg Ointment,Analgesic,Sun Pharma,No,2026-03,221,0,1346,450.1,221,1125,Yes,0,2,558.09,0.17,326.56,24
MED0087,Pantoprazole 20mg Ointment,Analgesic,Sun Pharma,No,2026-04,0,1503,1403,367.1,1403,0,No,100,2,558.09,0.17,326.56,24
MED0087,Pantoprazole 20mg Ointment,Analgesic,Sun Pharma,No,2026-05,100,1816,1407,211.3,1407,0,No,509,2,558.09,0.17,326.56,24
MED0087,Pantoprazole 20mg Ointment,Analgesic,Sun Pharma,No,2026-06,509,1581,1672,404.7,1672,0,No,418,2,558.09,0.17,326.56,24
MED0087,Pantoprazole 20mg Ointment,Analgesic,Sun Pharma,No,2026-07,418,1795,1541,378.2,1541,0,No,672,2,558.09,0.17,326.56,24
MED0088,Insulin Glargine 20mg Capsule,Antidiabetic,Abbott,No,2025-08,214,0,272,54.8,214,58,Yes,0,10,30.09,0.22,111.3,12
MED0088,Insulin Glargine 20mg Capsule,Antidiabetic,Abbott,No,2025-09,0,0,313,61.3,0,313,Yes,0,10,30.09,0.22,111.3,12
MED0088,Insulin Glargine 20mg Capsule,Antidiabetic,Abbott,No,2025-10,0,376,376,107.6,376,0,No,0,10,30.09,0.22,111.3,12
MED0088,Insulin Glargine 20mg Capsule,Antidiabetic,Abbott,No,2025-11,0,565,523,176.4,523,0,No,42,10,30.09,0.22,111.3,12
MED0088,Insulin Glargine 20mg Capsule,Antidiabetic,Abbott,No,2025-12,42,445,542,187.9,487,55,Yes,0,10,30.09,0.22,111.3,12
MED0088,Insulin Glargine 20mg Capsule,Antidiabetic,Abbott,No,2026-01,0,632,601,97,601,0,No,31,10,30.09,0.22,111.3,12
MED0088,Insulin Glargine 20mg Capsule,Antidiabetic,Abbott,No,2026-02,31,368,512,144,399,113,Yes,0,10,30.09,0.22,111.3,12
MED0088,Insulin Glargine 20mg Capsule,Antidiabetic,Abbott,No,2026-03,0,429,372,109.1,372,0,No,57,10,30.09,0.22,111.3,12
MED0088,Insulin Glargine 20mg Capsule,Antidiabetic,Abbott,No,2026-04,57,243,264,51.3,264,0,No,36,10,30.09,0.22,111.3,12
MED0088,Insulin Glargine 20mg Capsule,Antidiabetic,Abbott,No,2026-05,36,292,278,87.7,278,0,No,50,10,30.09,0.22,111.3,12
MED0088,Insulin Glargine 20mg Capsule,Antidiabetic,Abbott,No,2026-06,50,343,268,53.1,268,0,No,125,10,30.09,0.22,111.3,12
MED0088,Insulin Glargine 20mg Capsule,Antidiabetic,Abbott,No,2026-07,125,312,279,96.6,279,0,No,158,10,30.09,0.22,111.3,12
MED0089,Vancomycin 20mg Syrup,Vitamin/Supplement,Glenmark,No,2025-08,326,779,974,245.8,974,0,No,131,7,255.34,0.22,314.65,9
MED0089,Vancomycin 20mg Syrup,Vitamin/Supplement,Glenmark,No,2025-09,131,970,975,153.2,975,0,No,126,7,255.34,0.22,314.65,9
MED0089,Vancomycin 20mg Syrup,Vitamin/Supplement,Glenmark,No,2025-10,126,0,922,170,126,796,Yes,0,7,255.34,0.22,314.65,9
MED0089,Vancomycin 20mg Syrup,Vitamin/Supplement,Glenmark,No,2025-11,0,772,1085,183.2,772,313,Yes,0,7,255.34,0.22,314.65,9
MED0089,Vancomycin 20mg Syrup,Vitamin/Supplement,Glenmark,No,2025-12,0,722,971,318.6,722,249,Yes,0,7,255.34,0.22,314.65,9
MED0089,Vancomycin 20mg Syrup,Vitamin/Supplement,Glenmark,No,2026-01,0,1220,1151,286.1,1151,0,No,69,7,255.34,0.22,314.65,9
MED0089,Vancomycin 20mg Syrup,Vitamin/Supplement,Glenmark,No,2026-02,69,1189,1107,386,1107,0,No,151,7,255.34,0.22,314.65,9
MED0089,Vancomycin 20mg Syrup,Vitamin/Supplement,Glenmark,No,2026-03,151,0,1037,163.7,151,886,Yes,0,7,255.34,0.22,314.65,9
MED0089,Vancomycin 20mg Syrup,Vitamin/Supplement,Glenmark,No,2026-04,0,959,930,260.2,930,0,No,29,7,255.34,0.22,314.65,9
MED0089,Vancomycin 20mg Syrup,Vitamin/Supplement,Glenmark,No,2026-05,29,846,902,220,875,27,Yes,0,7,255.34,0.22,314.65,9
MED0089,Vancomycin 20mg Syrup,Vitamin/Supplement,Glenmark,No,2026-06,0,1101,1089,333.2,1089,0,No,12,7,255.34,0.22,314.65,9
MED0089,Vancomycin 20mg Syrup,Vitamin/Supplement,Glenmark,No,2026-07,12,980,1162,265.3,992,170,Yes,0,7,255.34,0.22,314.65,9
MED0090,Albendazole 2.5mg Syrup,Vitamin/Supplement,Cadila,No,2025-08,164,630,753,232.8,753,0,No,41,4,746.11,0.13,42.94,24
MED0090,Albendazole 2.5mg Syrup,Vitamin/Supplement,Cadila,No,2025-09,41,824,799,263.9,799,0,No,66,4,746.11,0.13,42.94,24
MED0090,Albendazole 2.5mg Syrup,Vitamin/Supplement,Cadila,No,2025-10,66,1124,900,220.4,900,0,No,290,4,746.11,0.13,42.94,24
MED0090,Albendazole 2.5mg Syrup,Vitamin/Supplement,Cadila,No,2025-11,290,771,772,180.4,772,0,No,289,4,746.11,0.13,42.94,24
MED0090,Albendazole 2.5mg Syrup,Vitamin/Supplement,Cadila,No,2025-12,289,0,858,217.7,289,569,Yes,0,4,746.11,0.13,42.94,24
MED0090,Albendazole 2.5mg Syrup,Vitamin/Supplement,Cadila,No,2026-01,0,645,873,173.3,645,228,Yes,0,4,746.11,0.13,42.94,24
MED0090,Albendazole 2.5mg Syrup,Vitamin/Supplement,Cadila,No,2026-02,0,1066,938,220.9,938,0,No,128,4,746.11,0.13,42.94,24
MED0090,Albendazole 2.5mg Syrup,Vitamin/Supplement,Cadila,No,2026-03,128,847,916,223.6,916,0,No,59,4,746.11,0.13,42.94,24
MED0090,Albendazole 2.5mg Syrup,Vitamin/Supplement,Cadila,No,2026-04,59,1109,906,225.6,906,0,No,262,4,746.11,0.13,42.94,24
MED0090,Albendazole 2.5mg Syrup,Vitamin/Supplement,Cadila,No,2026-05,262,690,784,139,784,0,No,168,4,746.11,0.13,42.94,24
MED0090,Albendazole 2.5mg Syrup,Vitamin/Supplement,Cadila,No,2026-06,168,935,744,243.8,744,0,No,359,4,746.11,0.13,42.94,24
MED0090,Albendazole 2.5mg Syrup,Vitamin/Supplement,Cadila,No,2026-07,359,778,926,280.1,926,0,No,211,4,746.11,0.13,42.94,24
MED0091,Sertraline 1g Ointment,Dermatological,Zydus,No,2025-08,37,150,189,39.9,187,2,Yes,0,3,88.82,0.18,129.04,24
MED0091,Sertraline 1g Ointment,Dermatological,Zydus,No,2025-09,0,136,191,58.8,136,55,Yes,0,3,88.82,0.18,129.04,24
MED0091,Sertraline 1g Ointment,Dermatological,Zydus,No,2025-10,0,168,218,75.3,168,50,Yes,0,3,88.82,0.18,129.04,24
MED0091,Sertraline 1g Ointment,Dermatological,Zydus,No,2025-11,0,229,214,70.9,214,0,No,15,3,88.82,0.18,129.04,24
MED0091,Sertraline 1g Ointment,Dermatological,Zydus,No,2025-12,15,0,198,51.2,15,183,Yes,0,3,88.82,0.18,129.04,24
MED0091,Sertraline 1g Ointment,Dermatological,Zydus,No,2026-01,0,189,221,65.2,189,32,Yes,0,3,88.82,0.18,129.04,24
MED0091,Sertraline 1g Ointment,Dermatological,Zydus,No,2026-02,0,210,179,46.4,179,0,No,31,3,88.82,0.18,129.04,24
MED0091,Sertraline 1g Ointment,Dermatological,Zydus,No,2026-03,31,170,190,38.4,190,0,No,11,3,88.82,0.18,129.04,24
MED0091,Sertraline 1g Ointment,Dermatological,Zydus,No,2026-04,11,243,232,56.8,232,0,No,22,3,88.82,0.18,129.04,24
MED0091,Sertraline 1g Ointment,Dermatological,Zydus,No,2026-05,22,196,227,49.2,218,9,Yes,0,3,88.82,0.18,129.04,24
MED0091,Sertraline 1g Ointment,Dermatological,Zydus,No,2026-06,0,188,212,40.9,188,24,Yes,0,3,88.82,0.18,129.04,24
MED0091,Sertraline 1g Ointment,Dermatological,Zydus,No,2026-07,0,228,195,67,195,0,No,33,3,88.82,0.18,129.04,24
MED0092,Tramadol 5ml Suspension,Analgesic,Abbott,No,2025-08,44,89,123,35.6,123,0,No,10,3,765.15,0.25,120.28,36
MED0092,Tramadol 5ml Suspension,Analgesic,Abbott,No,2025-09,10,0,148,49.9,10,138,Yes,0,3,765.15,0.25,120.28,36
MED0092,Tramadol 5ml Suspension,Analgesic,Abbott,No,2025-10,0,138,184,46.1,138,46,Yes,0,3,765.15,0.25,120.28,36
MED0092,Tramadol 5ml Suspension,Analgesic,Abbott,No,2025-11,0,311,246,70.4,246,0,No,65,3,765.15,0.25,120.28,36
MED0092,Tramadol 5ml Suspension,Analgesic,Abbott,No,2025-12,65,295,315,49.9,315,0,No,45,3,765.15,0.25,120.28,36
MED0092,Tramadol 5ml Suspension,Analgesic,Abbott,No,2026-01,45,276,288,69.2,288,0,No,33,3,765.15,0.25,120.28,36
MED0092,Tramadol 5ml Suspension,Analgesic,Abbott,No,2026-02,33,284,288,48.3,288,0,No,29,3,765.15,0.25,120.28,36
MED0092,Tramadol 5ml Suspension,Analgesic,Abbott,No,2026-03,29,178,186,58.8,186,0,No,21,3,765.15,0.25,120.28,36
MED0092,Tramadol 5ml Suspension,Analgesic,Abbott,No,2026-04,21,167,140,31.5,140,0,No,48,3,765.15,0.25,120.28,36
MED0092,Tramadol 5ml Suspension,Analgesic,Abbott,No,2026-05,48,84,111,19.1,111,0,No,21,3,765.15,0.25,120.28,36
MED0092,Tramadol 5ml Suspension,Analgesic,Abbott,No,2026-06,21,91,130,23.2,112,18,Yes,0,3,765.15,0.25,120.28,36
MED0092,Tramadol 5ml Suspension,Analgesic,Abbott,No,2026-07,0,163,127,36.3,127,0,No,36,3,765.15,0.25,120.28,36
MED0093,Carbamazepine 100mg Suspension,Anesthetic,GSK,Yes,2025-08,878,1360,1091,173.6,1091,0,No,1147,10,184.84,0.25,77.31,9
MED0093,Carbamazepine 100mg Suspension,Anesthetic,GSK,Yes,2025-09,1147,1068,1249,219.3,1249,0,No,966,10,184.84,0.25,77.31,9
MED0093,Carbamazepine 100mg Suspension,Anesthetic,GSK,Yes,2025-10,966,1513,1216,403.2,1216,0,No,1263,10,184.84,0.25,77.31,9
MED0093,Carbamazepine 100mg Suspension,Anesthetic,GSK,Yes,2025-11,1263,1366,1074,370.8,1074,0,No,1555,10,184.84,0.25,77.31,9
MED0093,Carbamazepine 100mg Suspension,Anesthetic,GSK,Yes,2025-12,1555,973,987,288.1,987,0,No,1541,10,184.84,0.25,77.31,9
MED0093,Carbamazepine 100mg Suspension,Anesthetic,GSK,Yes,2026-01,1541,1078,1045,304.2,1045,0,No,1574,10,184.84,0.25,77.31,9
MED0093,Carbamazepine 100mg Suspension,Anesthetic,GSK,Yes,2026-02,1574,0,1055,359.9,1055,0,No,519,10,184.84,0.25,77.31,9
MED0093,Carbamazepine 100mg Suspension,Anesthetic,GSK,Yes,2026-03,519,870,1037,205.8,1037,0,No,352,10,184.84,0.25,77.31,9
MED0093,Carbamazepine 100mg Suspension,Anesthetic,GSK,Yes,2026-04,352,1191,1137,368.9,1137,0,No,406,10,184.84,0.25,77.31,9
MED0093,Carbamazepine 100mg Suspension,Anesthetic,GSK,Yes,2026-05,406,1170,999,288.5,999,0,No,577,10,184.84,0.25,77.31,9
MED0093,Carbamazepine 100mg Suspension,Anesthetic,GSK,Yes,2026-06,577,1280,1054,246,1054,0,No,803,10,184.84,0.25,77.31,9
MED0093,Carbamazepine 100mg Suspension,Anesthetic,GSK,Yes,2026-07,803,0,1012,266.3,803,209,Yes,0,10,184.84,0.25,77.31,9
MED0094,Azithromycin 10mg Ointment,Respiratory,Cadila,No,2025-08,1857,2181,1736,411.3,1736,0,No,2302,21,707.09,0.27,348.42,12
MED0094,Azithromycin 10mg Ointment,Respiratory,Cadila,No,2025-09,2302,1445,1298,321.3,1298,0,No,2449,21,707.09,0.27,348.42,12
MED0094,Azithromycin 10mg Ointment,Respiratory,Cadila,No,2025-10,2449,676,910,285.9,910,0,No,2215,21,707.09,0.27,348.42,12
MED0094,Azithromycin 10mg Ointment,Respiratory,Cadila,No,2025-11,2215,0,980,220.9,980,0,No,1235,21,707.09,0.27,348.42,12
MED0094,Azithromycin 10mg Ointment,Respiratory,Cadila,No,2025-12,1235,1111,872,284.3,872,0,No,1474,21,707.09,0.27,348.42,12
MED0094,Azithromycin 10mg Ointment,Respiratory,Cadila,No,2026-01,1474,1023,859,129.2,859,0,No,1638,21,707.09,0.27,348.42,12
MED0094,Azithromycin 10mg Ointment,Respiratory,Cadila,No,2026-02,1638,795,866,234.1,866,0,No,1567,21,707.09,0.27,348.42,12
MED0094,Azithromycin 10mg Ointment,Respiratory,Cadila,No,2026-03,1567,1689,1301,326.1,1301,0,No,1955,21,707.09,0.27,348.42,12
MED0094,Azithromycin 10mg Ointment,Respiratory,Cadila,No,2026-04,1955,1988,1673,310.6,1673,0,No,2270,21,707.09,0.27,348.42,12
MED0094,Azithromycin 10mg Ointment,Respiratory,Cadila,No,2026-05,2270,2024,2375,730.8,2375,0,No,1919,21,707.09,0.27,348.42,12
MED0094,Azithromycin 10mg Ointment,Respiratory,Cadila,No,2026-06,1919,1780,2288,752,2288,0,No,1411,21,707.09,0.27,348.42,12
MED0094,Azithromycin 10mg Ointment,Respiratory,Cadila,No,2026-07,1411,2360,1916,620.1,1916,0,No,1855,21,707.09,0.27,348.42,12
MED0095,Carbamazepine 1g Tablet,Antidiabetic,Torrent,No,2025-08,235,0,814,210.9,235,579,Yes,0,5,474.56,0.21,68.36,12
MED0095,Carbamazepine 1g Tablet,Antidiabetic,Torrent,No,2025-09,0,838,837,210.1,837,0,No,1,5,474.56,0.21,68.36,12
MED0095,Carbamazepine 1g Tablet,Antidiabetic,Torrent,No,2025-10,1,618,778,143.4,619,159,Yes,0,5,474.56,0.21,68.36,12
MED0095,Carbamazepine 1g Tablet,Antidiabetic,Torrent,No,2025-11,0,609,708,244,609,99,Yes,0,5,474.56,0.21,68.36,12
MED0095,Carbamazepine 1g Tablet,Antidiabetic,Torrent,No,2025-12,0,942,801,217.9,801,0,No,141,5,474.56,0.21,68.36,12
MED0095,Carbamazepine 1g Tablet,Antidiabetic,Torrent,No,2026-01,141,1068,846,167.1,846,0,No,363,5,474.56,0.21,68.36,12
MED0095,Carbamazepine 1g Tablet,Antidiabetic,Torrent,No,2026-02,363,0,856,247.9,363,493,Yes,0,5,474.56,0.21,68.36,12
MED0095,Carbamazepine 1g Tablet,Antidiabetic,Torrent,No,2026-03,0,736,760,199,736,24,Yes,0,5,474.56,0.21,68.36,12
MED0095,Carbamazepine 1g Tablet,Antidiabetic,Torrent,No,2026-04,0,967,803,173,803,0,No,164,5,474.56,0.21,68.36,12
MED0095,Carbamazepine 1g Tablet,Antidiabetic,Torrent,No,2026-05,164,0,738,234.5,164,574,Yes,0,5,474.56,0.21,68.36,12
MED0095,Carbamazepine 1g Tablet,Antidiabetic,Torrent,No,2026-06,0,0,859,155.1,0,859,Yes,0,5,474.56,0.21,68.36,12
MED0095,Carbamazepine 1g Tablet,Antidiabetic,Torrent,No,2026-07,0,746,813,198.7,746,67,Yes,0,5,474.56,0.21,68.36,12
MED0096,Omeprazole 5ml Injection,Antibiotic,Alkem,No,2025-08,929,2176,1950,470.3,1950,0,No,1155,10,524.37,0.21,66.97,36
MED0096,Omeprazole 5ml Injection,Antibiotic,Alkem,No,2025-09,1155,1806,2101,673.6,2101,0,No,860,10,524.37,0.21,66.97,36
MED0096,Omeprazole 5ml Injection,Antibiotic,Alkem,No,2025-10,860,2046,2076,475.1,2076,0,No,830,10,524.37,0.21,66.97,36
MED0096,Omeprazole 5ml Injection,Antibiotic,Alkem,No,2025-11,830,2687,2238,662,2238,0,No,1279,10,524.37,0.21,66.97,36
MED0096,Omeprazole 5ml Injection,Antibiotic,Alkem,No,2025-12,1279,1859,2185,683.7,2185,0,No,953,10,524.37,0.21,66.97,36
MED0096,Omeprazole 5ml Injection,Antibiotic,Alkem,No,2026-01,953,1879,1874,288.7,1874,0,No,958,10,524.37,0.21,66.97,36
MED0096,Omeprazole 5ml Injection,Antibiotic,Alkem,No,2026-02,958,1565,1964,677.2,1964,0,No,559,10,524.37,0.21,66.97,36
MED0096,Omeprazole 5ml Injection,Antibiotic,Alkem,No,2026-03,559,2208,1873,439.8,1873,0,No,894,10,524.37,0.21,66.97,36
MED0096,Omeprazole 5ml Injection,Antibiotic,Alkem,No,2026-04,894,2324,1964,519.3,1964,0,No,1254,10,524.37,0.21,66.97,36
MED0096,Omeprazole 5ml Injection,Antibiotic,Alkem,No,2026-05,1254,1520,1734,507.7,1734,0,No,1040,10,524.37,0.21,66.97,36
MED0096,Omeprazole 5ml Injection,Antibiotic,Alkem,No,2026-06,1040,1434,1686,417.2,1686,0,No,788,10,524.37,0.21,66.97,36
MED0096,Omeprazole 5ml Injection,Antibiotic,Alkem,No,2026-07,788,1505,2063,626.9,2063,0,No,230,10,524.37,0.21,66.97,36
MED0097,Metronidazole 10ml Ointment,Antibiotic,Alkem,No,2025-08,306,986,1105,372.9,1105,0,No,187,5,384.73,0.21,295.65,12
MED0097,Metronidazole 10ml Ointment,Antibiotic,Alkem,No,2025-09,187,819,1047,158.9,1006,41,Yes,0,5,384.73,0.21,295.65,12
MED0097,Metronidazole 10ml Ointment,Antibiotic,Alkem,No,2025-10,0,793,753,138,753,0,No,40,5,384.73,0.21,295.65,12
MED0097,Metronidazole 10ml Ointment,Antibiotic,Alkem,No,2025-11,40,0,532,83.5,40,492,Yes,0,5,384.73,0.21,295.65,12
MED0097,Metronidazole 10ml Ointment,Antibiotic,Alkem,No,2025-12,0,489,416,123.9,416,0,No,73,5,384.73,0.21,295.65,12
MED0097,Metronidazole 10ml Ointment,Antibiotic,Alkem,No,2026-01,73,536,476,114.5,476,0,No,133,5,384.73,0.21,295.65,12
MED0097,Metronidazole 10ml Ointment,Antibiotic,Alkem,No,2026-02,133,405,452,78.8,452,0,No,86,5,384.73,0.21,295.65,12
MED0097,Metronidazole 10ml Ointment,Antibiotic,Alkem,No,2026-03,86,597,557,155.6,557,0,No,126,5,384.73,0.21,295.65,12
MED0097,Metronidazole 10ml Ointment,Antibiotic,Alkem,No,2026-04,126,669,656,195.5,656,0,No,139,5,384.73,0.21,295.65,12
MED0097,Metronidazole 10ml Ointment,Antibiotic,Alkem,No,2026-05,139,808,853,277,853,0,No,94,5,384.73,0.21,295.65,12
MED0097,Metronidazole 10ml Ointment,Antibiotic,Alkem,No,2026-06,94,0,1311,349.4,94,1217,Yes,0,5,384.73,0.21,295.65,12
MED0097,Metronidazole 10ml Ointment,Antibiotic,Alkem,No,2026-07,0,1776,1538,240.2,1538,0,No,238,5,384.73,0.21,295.65,12
MED0098,Clopidogrel 1g Inhaler,Antidiabetic,Cadila,No,2025-08,357,1143,1273,342.9,1273,0,No,227,3,126.29,0.15,143.54,9
MED0098,Clopidogrel 1g Inhaler,Antidiabetic,Cadila,No,2025-09,227,983,1289,338.4,1210,79,Yes,0,3,126.29,0.15,143.54,9
MED0098,Clopidogrel 1g Inhaler,Antidiabetic,Cadila,No,2025-10,0,1888,1519,452,1519,0,No,369,3,126.29,0.15,143.54,9
MED0098,Clopidogrel 1g Inhaler,Antidiabetic,Cadila,No,2025-11,369,1255,1430,487.1,1430,0,No,194,3,126.29,0.15,143.54,9
MED0098,Clopidogrel 1g Inhaler,Antidiabetic,Cadila,No,2025-12,194,1378,1319,312.7,1319,0,No,253,3,126.29,0.15,143.54,9
MED0098,Clopidogrel 1g Inhaler,Antidiabetic,Cadila,No,2026-01,253,1148,1506,451.8,1401,105,Yes,0,3,126.29,0.15,143.54,9
MED0098,Clopidogrel 1g Inhaler,Antidiabetic,Cadila,No,2026-02,0,1254,1628,345.1,1254,374,Yes,0,3,126.29,0.15,143.54,9
MED0098,Clopidogrel 1g Inhaler,Antidiabetic,Cadila,No,2026-03,0,1217,1672,281.2,1217,455,Yes,0,3,126.29,0.15,143.54,9
MED0098,Clopidogrel 1g Inhaler,Antidiabetic,Cadila,No,2026-04,0,1961,1560,499.3,1560,0,No,401,3,126.29,0.15,143.54,9
MED0098,Clopidogrel 1g Inhaler,Antidiabetic,Cadila,No,2026-05,401,1325,1509,416.5,1509,0,No,217,3,126.29,0.15,143.54,9
MED0098,Clopidogrel 1g Inhaler,Antidiabetic,Cadila,No,2026-06,217,1806,1405,465.3,1405,0,No,618,3,126.29,0.15,143.54,9
MED0098,Clopidogrel 1g Inhaler,Antidiabetic,Cadila,No,2026-07,618,1557,1647,289,1647,0,No,528,3,126.29,0.15,143.54,9
MED0099,Hydrocortisone 1mg Inhaler,Vitamin/Supplement,Sun Pharma,No,2025-08,2113,2257,2528,659.2,2528,0,No,1842,10,183.29,0.27,40.35,24
MED0099,Hydrocortisone 1mg Inhaler,Vitamin/Supplement,Sun Pharma,No,2025-09,1842,1742,2224,732,2224,0,No,1360,10,183.29,0.27,40.35,24
MED0099,Hydrocortisone 1mg Inhaler,Vitamin/Supplement,Sun Pharma,No,2025-10,1360,2353,2761,759.7,2761,0,No,952,10,183.29,0.27,40.35,24
MED0099,Hydrocortisone 1mg Inhaler,Vitamin/Supplement,Sun Pharma,No,2025-11,952,3010,2825,819.4,2825,0,No,1137,10,183.29,0.27,40.35,24
MED0099,Hydrocortisone 1mg Inhaler,Vitamin/Supplement,Sun Pharma,No,2025-12,1137,1845,2237,547.6,2237,0,No,745,10,183.29,0.27,40.35,24
MED0099,Hydrocortisone 1mg Inhaler,Vitamin/Supplement,Sun Pharma,No,2026-01,745,2204,2673,888.1,2673,0,No,276,10,183.29,0.27,40.35,24
MED0099,Hydrocortisone 1mg Inhaler,Vitamin/Supplement,Sun Pharma,No,2026-02,276,3252,2663,863.4,2663,0,No,865,10,183.29,0.27,40.35,24
MED0099,Hydrocortisone 1mg Inhaler,Vitamin/Supplement,Sun Pharma,No,2026-03,865,0,2577,774.1,865,1712,Yes,0,10,183.29,0.27,40.35,24
MED0099,Hydrocortisone 1mg Inhaler,Vitamin/Supplement,Sun Pharma,No,2026-04,0,3059,2433,554.5,2433,0,No,626,10,183.29,0.27,40.35,24
MED0099,Hydrocortisone 1mg Inhaler,Vitamin/Supplement,Sun Pharma,No,2026-05,626,2593,2836,501.7,2836,0,No,383,10,183.29,0.27,40.35,24
MED0099,Hydrocortisone 1mg Inhaler,Vitamin/Supplement,Sun Pharma,No,2026-06,383,3051,2389,652.1,2389,0,No,1045,10,183.29,0.27,40.35,24
MED0099,Hydrocortisone 1mg Inhaler,Vitamin/Supplement,Sun Pharma,No,2026-07,1045,2200,2667,847.1,2667,0,No,578,10,183.29,0.27,40.35,24
MED0100,Fentanyl 2.5mg Ointment,Analgesic,Aurobindo,No,2025-08,203,1066,1158,345.7,1158,0,No,111,3,301.67,0.12,293.79,9
MED0100,Fentanyl 2.5mg Ointment,Analgesic,Aurobindo,No,2025-09,111,1260,1093,373.7,1093,0,No,278,3,301.67,0.12,293.79,9
MED0100,Fentanyl 2.5mg Ointment,Analgesic,Aurobindo,No,2025-10,278,1514,1225,248.8,1225,0,No,567,3,301.67,0.12,293.79,9
MED0100,Fentanyl 2.5mg Ointment,Analgesic,Aurobindo,No,2025-11,567,842,1131,383.4,1131,0,No,278,3,301.67,0.12,293.79,9
MED0100,Fentanyl 2.5mg Ointment,Analgesic,Aurobindo,No,2025-12,278,1410,1273,406.8,1273,0,No,415,3,301.67,0.12,293.79,9
MED0100,Fentanyl 2.5mg Ointment,Analgesic,Aurobindo,No,2026-01,415,1342,1289,406.5,1289,0,No,468,3,301.67,0.12,293.79,9
MED0100,Fentanyl 2.5mg Ointment,Analgesic,Aurobindo,No,2026-02,468,1124,1099,370.3,1099,0,No,493,3,301.67,0.12,293.79,9
MED0100,Fentanyl 2.5mg Ointment,Analgesic,Aurobindo,No,2026-03,493,816,1121,294.8,1121,0,No,188,3,301.67,0.12,293.79,9
MED0100,Fentanyl 2.5mg Ointment,Analgesic,Aurobindo,No,2026-04,188,995,1270,303.4,1183,87,Yes,0,3,301.67,0.12,293.79,9
MED0100,Fentanyl 2.5mg Ointment,Analgesic,Aurobindo,No,2026-05,0,736,970,193.1,736,234,Yes,0,3,301.67,0.12,293.79,9
MED0100,Fentanyl 2.5mg Ointment,Analgesic,Aurobindo,No,2026-06,0,1034,1279,246.9,1034,245,Yes,0,3,301.67,0.12,293.79,9
MED0100,Fentanyl 2.5mg Ointment,Analgesic,Aurobindo,No,2026-07,0,1039,973,296.1,973,0,No,66,3,301.67,0.12,293.79,9
MED0101,Nitroglycerin 1mg Drops,Dermatological,Abbott,Yes,2025-08,238,1476,1740,426.6,1714,26,Yes,0,3,616.8,0.27,91.58,9
MED0101,Nitroglycerin 1mg Drops,Dermatological,Abbott,Yes,2025-09,0,1936,1989,473.2,1936,53,Yes,0,3,616.8,0.27,91.58,9
MED0101,Nitroglycerin 1mg Drops,Dermatological,Abbott,Yes,2025-10,0,1839,1620,501.8,1620,0,No,219,3,616.8,0.27,91.58,9
MED0101,Nitroglycerin 1mg Drops,Dermatological,Abbott,Yes,2025-11,219,1990,1619,552.1,1619,0,No,590,3,616.8,0.27,91.58,9
MED0101,Nitroglycerin 1mg Drops,Dermatological,Abbott,Yes,2025-12,590,2309,2032,698.1,2032,0,No,867,3,616.8,0.27,91.58,9
MED0101,Nitroglycerin 1mg Drops,Dermatological,Abbott,Yes,2026-01,867,1428,1787,333.9,1787,0,No,508,3,616.8,0.27,91.58,9
MED0101,Nitroglycerin 1mg Drops,Dermatological,Abbott,Yes,2026-02,508,2289,2128,360.2,2128,0,No,669,3,616.8,0.27,91.58,9
MED0101,Nitroglycerin 1mg Drops,Dermatological,Abbott,Yes,2026-03,669,0,1881,531.3,669,1212,Yes,0,3,616.8,0.27,91.58,9
MED0101,Nitroglycerin 1mg Drops,Dermatological,Abbott,Yes,2026-04,0,2187,1890,392.1,1890,0,No,297,3,616.8,0.27,91.58,9
MED0101,Nitroglycerin 1mg Drops,Dermatological,Abbott,Yes,2026-05,297,1735,2123,334.4,2032,91,Yes,0,3,616.8,0.27,91.58,9
MED0101,Nitroglycerin 1mg Drops,Dermatological,Abbott,Yes,2026-06,0,1330,1587,315,1330,257,Yes,0,3,616.8,0.27,91.58,9
MED0101,Nitroglycerin 1mg Drops,Dermatological,Abbott,Yes,2026-07,0,1747,1865,610.9,1747,118,Yes,0,3,616.8,0.27,91.58,9
MED0102,Rosuvastatin 1g Syrup,Emergency/Critical Care,Zydus,No,2025-08,720,597,651,120.7,651,0,No,666,21,541,0.19,240.75,24
MED0102,Rosuvastatin 1g Syrup,Emergency/Critical Care,Zydus,No,2025-09,666,669,729,219.7,729,0,No,606,21,541,0.19,240.75,24
MED0102,Rosuvastatin 1g Syrup,Emergency/Critical Care,Zydus,No,2025-10,606,502,602,183.7,602,0,No,506,21,541,0.19,240.75,24
MED0102,Rosuvastatin 1g Syrup,Emergency/Critical Care,Zydus,No,2025-11,506,501,599,109.7,599,0,No,408,21,541,0.19,240.75,24
MED0102,Rosuvastatin 1g Syrup,Emergency/Critical Care,Zydus,No,2025-12,408,815,665,159.8,665,0,No,558,21,541,0.19,240.75,24
MED0102,Rosuvastatin 1g Syrup,Emergency/Critical Care,Zydus,No,2026-01,558,0,732,175.8,558,174,Yes,0,21,541,0.19,240.75,24
MED0102,Rosuvastatin 1g Syrup,Emergency/Critical Care,Zydus,No,2026-02,0,703,645,174.9,645,0,No,58,21,541,0.19,240.75,24
MED0102,Rosuvastatin 1g Syrup,Emergency/Critical Care,Zydus,No,2026-03,58,679,591,165.1,591,0,No,146,21,541,0.19,240.75,24
MED0102,Rosuvastatin 1g Syrup,Emergency/Critical Care,Zydus,No,2026-04,146,0,628,183.4,146,482,Yes,0,21,541,0.19,240.75,24
MED0102,Rosuvastatin 1g Syrup,Emergency/Critical Care,Zydus,No,2026-05,0,754,641,186.5,641,0,No,113,21,541,0.19,240.75,24
MED0102,Rosuvastatin 1g Syrup,Emergency/Critical Care,Zydus,No,2026-06,113,677,685,183.2,685,0,No,105,21,541,0.19,240.75,24
MED0102,Rosuvastatin 1g Syrup,Emergency/Critical Care,Zydus,No,2026-07,105,651,679,166,679,0,No,77,21,541,0.19,240.75,24
MED0103,Ibuprofen 250mg Drops,Emergency/Critical Care,Mankind,No,2025-08,711,819,713,107.8,713,0,No,817,21,341.23,0.19,90.72,12
MED0103,Ibuprofen 250mg Drops,Emergency/Critical Care,Mankind,No,2025-09,817,849,848,161.5,848,0,No,818,21,341.23,0.19,90.72,12
MED0103,Ibuprofen 250mg Drops,Emergency/Critical Care,Mankind,No,2025-10,818,658,877,255.5,877,0,No,599,21,341.23,0.19,90.72,12
MED0103,Ibuprofen 250mg Drops,Emergency/Critical Care,Mankind,No,2025-11,599,647,714,108.4,714,0,No,532,21,341.23,0.19,90.72,12
MED0103,Ibuprofen 250mg Drops,Emergency/Critical Care,Mankind,No,2025-12,532,659,847,184.5,847,0,No,344,21,341.23,0.19,90.72,12
MED0103,Ibuprofen 250mg Drops,Emergency/Critical Care,Mankind,No,2026-01,344,639,703,153.4,703,0,No,280,21,341.23,0.19,90.72,12
MED0103,Ibuprofen 250mg Drops,Emergency/Critical Care,Mankind,No,2026-02,280,1011,841,142.5,841,0,No,450,21,341.23,0.19,90.72,12
MED0103,Ibuprofen 250mg Drops,Emergency/Critical Care,Mankind,No,2026-03,450,510,678,229.5,678,0,No,282,21,341.23,0.19,90.72,12
MED0103,Ibuprofen 250mg Drops,Emergency/Critical Care,Mankind,No,2026-04,282,773,731,164.1,731,0,No,324,21,341.23,0.19,90.72,12
MED0103,Ibuprofen 250mg Drops,Emergency/Critical Care,Mankind,No,2026-05,324,0,813,245.1,324,489,Yes,0,21,341.23,0.19,90.72,12
MED0103,Ibuprofen 250mg Drops,Emergency/Critical Care,Mankind,No,2026-06,0,1057,857,249.5,857,0,No,200,21,341.23,0.19,90.72,12
MED0103,Ibuprofen 250mg Drops,Emergency/Critical Care,Mankind,No,2026-07,200,823,826,157.2,826,0,No,197,21,341.23,0.19,90.72,12
MED0104,Amoxicillin 500mg Drops,Gastrointestinal,Biocon,No,2025-08,1472,7445,7418,1303.5,7418,0,No,1499,10,770.61,0.13,266.69,12
MED0104,Amoxicillin 500mg Drops,Gastrointestinal,Biocon,No,2025-09,1499,4970,4899,1640.9,4899,0,No,1570,10,770.61,0.13,266.69,12
MED0104,Amoxicillin 500mg Drops,Gastrointestinal,Biocon,No,2025-10,1570,2878,3373,588,3373,0,No,1075,10,770.61,0.13,266.69,12
MED0104,Amoxicillin 500mg Drops,Gastrointestinal,Biocon,No,2025-11,1075,3530,2861,982.1,2861,0,No,1744,10,770.61,0.13,266.69,12
MED0104,Amoxicillin 500mg Drops,Gastrointestinal,Biocon,No,2025-12,1744,2514,2558,626.8,2558,0,No,1700,10,770.61,0.13,266.69,12
MED0104,Amoxicillin 500mg Drops,Gastrointestinal,Biocon,No,2026-01,1700,0,2718,566.2,1700,1018,Yes,0,10,770.61,0.13,266.69,12
MED0104,Amoxicillin 500mg Drops,Gastrointestinal,Biocon,No,2026-02,0,3419,2708,724.3,2708,0,No,711,10,770.61,0.13,266.69,12
MED0104,Amoxicillin 500mg Drops,Gastrointestinal,Biocon,No,2026-03,711,2659,2473,618.7,2473,0,No,897,10,770.61,0.13,266.69,12
MED0104,Amoxicillin 500mg Drops,Gastrointestinal,Biocon,No,2026-04,897,3995,3551,731.9,3551,0,No,1341,10,770.61,0.13,266.69,12
MED0104,Amoxicillin 500mg Drops,Gastrointestinal,Biocon,No,2026-05,1341,4611,3632,1136.1,3632,0,No,2320,10,770.61,0.13,266.69,12
MED0104,Amoxicillin 500mg Drops,Gastrointestinal,Biocon,No,2026-06,2320,4377,5825,999.7,5825,0,No,872,10,770.61,0.13,266.69,12
MED0104,Amoxicillin 500mg Drops,Gastrointestinal,Biocon,No,2026-07,872,8031,7912,1248,7912,0,No,991,10,770.61,0.13,266.69,12
MED0105,Glimepiride 5mg Tablet,Antidiabetic,Sun Pharma,No,2025-08,163,543,626,171.8,626,0,No,80,7,160.69,0.26,261.63,12
MED0105,Glimepiride 5mg Tablet,Antidiabetic,Sun Pharma,No,2025-09,80,725,707,149.1,707,0,No,98,7,160.69,0.26,261.63,12
MED0105,Glimepiride 5mg Tablet,Antidiabetic,Sun Pharma,No,2025-10,98,266,356,119.8,356,0,No,8,7,160.69,0.26,261.63,12
MED0105,Glimepiride 5mg Tablet,Antidiabetic,Sun Pharma,No,2025-11,8,339,304,82.1,304,0,No,43,7,160.69,0.26,261.63,12
MED0105,Glimepiride 5mg Tablet,Antidiabetic,Sun Pharma,No,2025-12,43,174,233,48.2,217,16,Yes,0,7,160.69,0.26,261.63,12
MED0105,Glimepiride 5mg Tablet,Antidiabetic,Sun Pharma,No,2026-01,0,273,298,50.2,273,25,Yes,0,7,160.69,0.26,261.63,12
MED0105,Glimepiride 5mg Tablet,Antidiabetic,Sun Pharma,No,2026-02,0,0,279,50.4,0,279,Yes,0,7,160.69,0.26,261.63,12
MED0105,Glimepiride 5mg Tablet,Antidiabetic,Sun Pharma,No,2026-03,0,290,288,50.6,288,0,No,2,7,160.69,0.26,261.63,12
MED0105,Glimepiride 5mg Tablet,Antidiabetic,Sun Pharma,No,2026-04,2,393,369,113.6,369,0,No,26,7,160.69,0.26,261.63,12
MED0105,Glimepiride 5mg Tablet,Antidiabetic,Sun Pharma,No,2026-05,26,527,438,107.2,438,0,No,115,7,160.69,0.26,261.63,12
MED0105,Glimepiride 5mg Tablet,Antidiabetic,Sun Pharma,No,2026-06,115,509,620,93.7,620,0,No,4,7,160.69,0.26,261.63,12
MED0105,Glimepiride 5mg Tablet,Antidiabetic,Sun Pharma,No,2026-07,4,0,854,274.8,4,850,Yes,0,7,160.69,0.26,261.63,12
MED0106,Zinc Sulphate 50mg Tablet,Respiratory,Abbott,Yes,2025-08,81,758,671,182.4,671,0,No,168,5,424.52,0.12,287.01,18
MED0106,Zinc Sulphate 50mg Tablet,Respiratory,Abbott,Yes,2025-09,168,0,604,129.8,168,436,Yes,0,5,424.52,0.12,287.01,18
MED0106,Zinc Sulphate 50mg Tablet,Respiratory,Abbott,Yes,2025-10,0,386,406,78.3,386,20,Yes,0,5,424.52,0.12,287.01,18
MED0106,Zinc Sulphate 50mg Tablet,Respiratory,Abbott,Yes,2025-11,0,276,300,97.4,276,24,Yes,0,5,424.52,0.12,287.01,18
MED0106,Zinc Sulphate 50mg Tablet,Respiratory,Abbott,Yes,2025-12,0,186,229,69.9,186,43,Yes,0,5,424.52,0.12,287.01,18
MED0106,Zinc Sulphate 50mg Tablet,Respiratory,Abbott,Yes,2026-01,0,0,282,53.5,0,282,Yes,0,5,424.52,0.12,287.01,18
MED0106,Zinc Sulphate 50mg Tablet,Respiratory,Abbott,Yes,2026-02,0,190,215,59,190,25,Yes,0,5,424.52,0.12,287.01,18
MED0106,Zinc Sulphate 50mg Tablet,Respiratory,Abbott,Yes,2026-03,0,204,278,60.6,204,74,Yes,0,5,424.52,0.12,287.01,18
MED0106,Zinc Sulphate 50mg Tablet,Respiratory,Abbott,Yes,2026-04,0,304,379,73.7,304,75,Yes,0,5,424.52,0.12,287.01,18
MED0106,Zinc Sulphate 50mg Tablet,Respiratory,Abbott,Yes,2026-05,0,0,454,88.4,0,454,Yes,0,5,424.52,0.12,287.01,18
MED0106,Zinc Sulphate 50mg Tablet,Respiratory,Abbott,Yes,2026-06,0,785,700,225.2,700,0,No,85,5,424.52,0.12,287.01,18
MED0106,Zinc Sulphate 50mg Tablet,Respiratory,Abbott,Yes,2026-07,85,736,726,232.7,726,0,No,95,5,424.52,0.12,287.01,18
MED0107,Insulin 5ml Inhaler,Vitamin/Supplement,Lupin,No,2025-08,279,1956,2478,813.5,2235,243,Yes,0,3,393.53,0.13,220.41,12
MED0107,Insulin 5ml Inhaler,Vitamin/Supplement,Lupin,No,2025-09,0,2167,2320,653.1,2167,153,Yes,0,3,393.53,0.13,220.41,12
MED0107,Insulin 5ml Inhaler,Vitamin/Supplement,Lupin,No,2025-10,0,1891,1653,329.5,1653,0,No,238,3,393.53,0.13,220.41,12
MED0107,Insulin 5ml Inhaler,Vitamin/Supplement,Lupin,No,2025-11,238,1087,1116,376.7,1116,0,No,209,3,393.53,0.13,220.41,12
MED0107,Insulin 5ml Inhaler,Vitamin/Supplement,Lupin,No,2025-12,209,1217,992,286.2,992,0,No,434,3,393.53,0.13,220.41,12
MED0107,Insulin 5ml Inhaler,Vitamin/Supplement,Lupin,No,2026-01,434,672,930,195.3,930,0,No,176,3,393.53,0.13,220.41,12
MED0107,Insulin 5ml Inhaler,Vitamin/Supplement,Lupin,No,2026-02,176,918,838,271.5,838,0,No,256,3,393.53,0.13,220.41,12
MED0107,Insulin 5ml Inhaler,Vitamin/Supplement,Lupin,No,2026-03,256,1433,1173,375.2,1173,0,No,516,3,393.53,0.13,220.41,12
MED0107,Insulin 5ml Inhaler,Vitamin/Supplement,Lupin,No,2026-04,516,1060,1241,416.2,1241,0,No,335,3,393.53,0.13,220.41,12
MED0107,Insulin 5ml Inhaler,Vitamin/Supplement,Lupin,No,2026-05,335,0,1651,423.7,335,1316,Yes,0,3,393.53,0.13,220.41,12
MED0107,Insulin 5ml Inhaler,Vitamin/Supplement,Lupin,No,2026-06,0,0,2496,531.5,0,2496,Yes,0,3,393.53,0.13,220.41,12
MED0107,Insulin 5ml Inhaler,Vitamin/Supplement,Lupin,No,2026-07,0,3453,3124,869.4,3124,0,No,329,3,393.53,0.13,220.41,12
MED0108,Povidone Iodine 5mg Ointment,Antibiotic,Torrent,No,2025-08,128,861,1011,288.3,989,22,Yes,0,4,779.77,0.24,243.66,36
MED0108,Povidone Iodine 5mg Ointment,Antibiotic,Torrent,No,2025-09,0,1234,981,328.5,981,0,No,253,4,779.77,0.24,243.66,36
MED0108,Povidone Iodine 5mg Ointment,Antibiotic,Torrent,No,2025-10,253,398,549,187,549,0,No,102,4,779.77,0.24,243.66,36
MED0108,Povidone Iodine 5mg Ointment,Antibiotic,Torrent,No,2025-11,102,513,494,122,494,0,No,121,4,779.77,0.24,243.66,36
MED0108,Povidone Iodine 5mg Ointment,Antibiotic,Torrent,No,2025-12,121,239,338,82.4,338,0,No,22,4,779.77,0.24,243.66,36
MED0108,Povidone Iodine 5mg Ointment,Antibiotic,Torrent,No,2026-01,22,400,352,53,352,0,No,70,4,779.77,0.24,243.66,36
MED0108,Povidone Iodine 5mg Ointment,Antibiotic,Torrent,No,2026-02,70,350,411,139.3,411,0,No,9,4,779.77,0.24,243.66,36
MED0108,Povidone Iodine 5mg Ointment,Antibiotic,Torrent,No,2026-03,9,555,497,151.6,497,0,No,67,4,779.77,0.24,243.66,36
MED0108,Povidone Iodine 5mg Ointment,Antibiotic,Torrent,No,2026-04,67,640,568,166.1,568,0,No,139,4,779.77,0.24,243.66,36
MED0108,Povidone Iodine 5mg Ointment,Antibiotic,Torrent,No,2026-05,139,434,543,123.4,543,0,No,30,4,779.77,0.24,243.66,36
MED0108,Povidone Iodine 5mg Ointment,Antibiotic,Torrent,No,2026-06,30,955,809,142.9,809,0,No,176,4,779.77,0.24,243.66,36
MED0108,Povidone Iodine 5mg Ointment,Antibiotic,Torrent,No,2026-07,176,1548,1227,269,1227,0,No,497,4,779.77,0.24,243.66,36
MED0109,Ranitidine 250mg Inhaler,Vaccine,Cipla,No,2025-08,120,0,1636,492.4,120,1516,Yes,0,3,277.14,0.24,331.78,6
MED0109,Ranitidine 250mg Inhaler,Vaccine,Cipla,No,2025-09,0,0,1489,465.5,0,1489,Yes,0,3,277.14,0.24,331.78,6
MED0109,Ranitidine 250mg Inhaler,Vaccine,Cipla,No,2025-10,0,762,758,121.1,758,0,No,4,3,277.14,0.24,331.78,6
MED0109,Ranitidine 250mg Inhaler,Vaccine,Cipla,No,2025-11,4,624,678,138,628,50,Yes,0,3,277.14,0.24,331.78,6
MED0109,Ranitidine 250mg Inhaler,Vaccine,Cipla,No,2025-12,0,469,497,104.4,469,28,Yes,0,3,277.14,0.24,331.78,6
MED0109,Ranitidine 250mg Inhaler,Vaccine,Cipla,No,2026-01,0,695,536,94.5,536,0,No,159,3,277.14,0.24,331.78,6
MED0109,Ranitidine 250mg Inhaler,Vaccine,Cipla,No,2026-02,159,617,546,123.6,546,0,No,230,3,277.14,0.24,331.78,6
MED0109,Ranitidine 250mg Inhaler,Vaccine,Cipla,No,2026-03,230,630,650,215.1,650,0,No,210,3,277.14,0.24,331.78,6
MED0109,Ranitidine 250mg Inhaler,Vaccine,Cipla,No,2026-04,210,579,801,272.8,789,12,Yes,0,3,277.14,0.24,331.78,6
MED0109,Ranitidine 250mg Inhaler,Vaccine,Cipla,No,2026-05,0,1020,911,222.4,911,0,No,109,3,277.14,0.24,331.78,6
MED0109,Ranitidine 250mg Inhaler,Vaccine,Cipla,No,2026-06,109,1364,1580,468.1,1473,107,Yes,0,3,277.14,0.24,331.78,6
MED0109,Ranitidine 250mg Inhaler,Vaccine,Cipla,No,2026-07,0,2069,1815,550.5,1815,0,No,254,3,277.14,0.24,331.78,6
MED0110,Digoxin 500mg Tablet,Neuro/Psychiatric,Sun Pharma,Yes,2025-08,149,1531,1401,359.3,1401,0,No,279,3,454.25,0.23,288.18,18
MED0110,Digoxin 500mg Tablet,Neuro/Psychiatric,Sun Pharma,Yes,2025-09,279,0,1344,257.9,279,1065,Yes,0,3,454.25,0.23,288.18,18
MED0110,Digoxin 500mg Tablet,Neuro/Psychiatric,Sun Pharma,Yes,2025-10,0,1588,1264,333.6,1264,0,No,324,3,454.25,0.23,288.18,18
MED0110,Digoxin 500mg Tablet,Neuro/Psychiatric,Sun Pharma,Yes,2025-11,324,1493,1301,391.3,1301,0,No,516,3,454.25,0.23,288.18,18
MED0110,Digoxin 500mg Tablet,Neuro/Psychiatric,Sun Pharma,Yes,2025-12,516,835,1175,263.5,1175,0,No,176,3,454.25,0.23,288.18,18
MED0110,Digoxin 500mg Tablet,Neuro/Psychiatric,Sun Pharma,Yes,2026-01,176,1333,1376,436.3,1376,0,No,133,3,454.25,0.23,288.18,18
MED0110,Digoxin 500mg Tablet,Neuro/Psychiatric,Sun Pharma,Yes,2026-02,133,1274,1425,434.8,1407,18,Yes,0,3,454.25,0.23,288.18,18
MED0110,Digoxin 500mg Tablet,Neuro/Psychiatric,Sun Pharma,Yes,2026-03,0,1204,1359,356.9,1204,155,Yes,0,3,454.25,0.23,288.18,18
MED0110,Digoxin 500mg Tablet,Neuro/Psychiatric,Sun Pharma,Yes,2026-04,0,1675,1444,415.3,1444,0,No,231,3,454.25,0.23,288.18,18
MED0110,Digoxin 500mg Tablet,Neuro/Psychiatric,Sun Pharma,Yes,2026-05,231,1040,1461,282.3,1271,190,Yes,0,3,454.25,0.23,288.18,18
MED0110,Digoxin 500mg Tablet,Neuro/Psychiatric,Sun Pharma,Yes,2026-06,0,1650,1356,330.7,1356,0,No,294,3,454.25,0.23,288.18,18
MED0110,Digoxin 500mg Tablet,Neuro/Psychiatric,Sun Pharma,Yes,2026-07,294,1313,1427,220.4,1427,0,No,180,3,454.25,0.23,288.18,18
MED0111,Domperidone 250mg Suspension,Emergency/Critical Care,GSK,No,2025-08,698,1832,2269,481,2269,0,No,261,10,571.41,0.25,145.23,12
MED0111,Domperidone 250mg Suspension,Emergency/Critical Care,GSK,No,2025-09,261,1694,1894,538.7,1894,0,No,61,10,571.41,0.25,145.23,12
MED0111,Domperidone 250mg Suspension,Emergency/Critical Care,GSK,No,2025-10,61,1303,1277,386.1,1277,0,No,87,10,571.41,0.25,145.23,12
MED0111,Domperidone 250mg Suspension,Emergency/Critical Care,GSK,No,2025-11,87,589,784,150.3,676,108,Yes,0,10,571.41,0.25,145.23,12
MED0111,Domperidone 250mg Suspension,Emergency/Critical Care,GSK,No,2025-12,0,952,853,250.4,853,0,No,99,10,571.41,0.25,145.23,12
MED0111,Domperidone 250mg Suspension,Emergency/Critical Care,GSK,No,2026-01,99,1126,876,228.6,876,0,No,349,10,571.41,0.25,145.23,12
MED0111,Domperidone 250mg Suspension,Emergency/Critical Care,GSK,No,2026-02,349,1003,807,126,807,0,No,545,10,571.41,0.25,145.23,12
MED0111,Domperidone 250mg Suspension,Emergency/Critical Care,GSK,No,2026-03,545,1272,983,262.2,983,0,No,834,10,571.41,0.25,145.23,12
MED0111,Domperidone 250mg Suspension,Emergency/Critical Care,GSK,No,2026-04,834,981,905,256.5,905,0,No,910,10,571.41,0.25,145.23,12
MED0111,Domperidone 250mg Suspension,Emergency/Critical Care,GSK,No,2026-05,910,1428,1331,240.5,1331,0,No,1007,10,571.41,0.25,145.23,12
MED0111,Domperidone 250mg Suspension,Emergency/Critical Care,GSK,No,2026-06,1007,1540,1719,349,1719,0,No,828,10,571.41,0.25,145.23,12
MED0111,Domperidone 250mg Suspension,Emergency/Critical Care,GSK,No,2026-07,828,2040,2185,739,2185,0,No,683,10,571.41,0.25,145.23,12
MED0112,Ciprofloxacin 10ml Inhaler,Gastrointestinal,Aurobindo,No,2025-08,229,903,775,256,775,0,No,357,5,421.36,0.24,65.31,18
MED0112,Ciprofloxacin 10ml Inhaler,Gastrointestinal,Aurobindo,No,2025-09,357,518,661,102.4,661,0,No,214,5,421.36,0.24,65.31,18
MED0112,Ciprofloxacin 10ml Inhaler,Gastrointestinal,Aurobindo,No,2025-10,214,0,765,215.9,214,551,Yes,0,5,421.36,0.24,65.31,18
MED0112,Ciprofloxacin 10ml Inhaler,Gastrointestinal,Aurobindo,No,2025-11,0,871,792,158.2,792,0,No,79,5,421.36,0.24,65.31,18
MED0112,Ciprofloxacin 10ml Inhaler,Gastrointestinal,Aurobindo,No,2025-12,79,0,704,167.7,79,625,Yes,0,5,421.36,0.24,65.31,18
MED0112,Ciprofloxacin 10ml Inhaler,Gastrointestinal,Aurobindo,No,2026-01,0,661,698,211.5,661,37,Yes,0,5,421.36,0.24,65.31,18
MED0112,Ciprofloxacin 10ml Inhaler,Gastrointestinal,Aurobindo,No,2026-02,0,604,703,204.2,604,99,Yes,0,5,421.36,0.24,65.31,18
MED0112,Ciprofloxacin 10ml Inhaler,Gastrointestinal,Aurobindo,No,2026-03,0,541,707,218.6,541,166,Yes,0,5,421.36,0.24,65.31,18
MED0112,Ciprofloxacin 10ml Inhaler,Gastrointestinal,Aurobindo,No,2026-04,0,760,747,139.9,747,0,No,13,5,421.36,0.24,65.31,18
MED0112,Ciprofloxacin 10ml Inhaler,Gastrointestinal,Aurobindo,No,2026-05,13,671,801,194.2,684,117,Yes,0,5,421.36,0.24,65.31,18
MED0112,Ciprofloxacin 10ml Inhaler,Gastrointestinal,Aurobindo,No,2026-06,0,649,800,147.4,649,151,Yes,0,5,421.36,0.24,65.31,18
MED0112,Ciprofloxacin 10ml Inhaler,Gastrointestinal,Aurobindo,No,2026-07,0,714,779,190.8,714,65,Yes,0,5,421.36,0.24,65.31,18
MED0113,ORS 10ml Injection,Antidiabetic,Alkem,No,2025-08,683,2269,1829,536.9,1829,0,No,1123,5,444.51,0.24,110.82,12
MED0113,ORS 10ml Injection,Antidiabetic,Alkem,No,2025-09,1123,0,1707,581.2,1123,584,Yes,0,5,444.51,0.24,110.82,12
MED0113,ORS 10ml Injection,Antidiabetic,Alkem,No,2025-10,0,1497,1733,570.4,1497,236,Yes,0,5,444.51,0.24,110.82,12
MED0113,ORS 10ml Injection,Antidiabetic,Alkem,No,2025-11,0,1923,1693,461.3,1693,0,No,230,5,444.51,0.24,110.82,12
MED0113,ORS 10ml Injection,Antidiabetic,Alkem,No,2025-12,230,2535,2013,573.4,2013,0,No,752,5,444.51,0.24,110.82,12
MED0113,ORS 10ml Injection,Antidiabetic,Alkem,No,2026-01,752,0,1672,300.9,752,920,Yes,0,5,444.51,0.24,110.82,12
MED0113,ORS 10ml Injection,Antidiabetic,Alkem,No,2026-02,0,0,1834,316.8,0,1834,Yes,0,5,444.51,0.24,110.82,12
MED0113,ORS 10ml Injection,Antidiabetic,Alkem,No,2026-03,0,2013,1692,349.1,1692,0,No,321,5,444.51,0.24,110.82,12
MED0113,ORS 10ml Injection,Antidiabetic,Alkem,No,2026-04,321,2483,1941,393,1941,0,No,863,5,444.51,0.24,110.82,12
MED0113,ORS 10ml Injection,Antidiabetic,Alkem,No,2026-05,863,1945,1534,500,1534,0,No,1274,5,444.51,0.24,110.82,12
MED0113,ORS 10ml Injection,Antidiabetic,Alkem,No,2026-06,1274,1804,1714,408.1,1714,0,No,1364,5,444.51,0.24,110.82,12
MED0113,ORS 10ml Injection,Antidiabetic,Alkem,No,2026-07,1364,1233,1701,443.6,1701,0,No,896,5,444.51,0.24,110.82,12
MED0114,Cefixime 10mg Suspension,Analgesic,Lupin,No,2025-08,76,735,888,156.6,811,77,Yes,0,3,768.64,0.19,302.34,18
MED0114,Cefixime 10mg Suspension,Analgesic,Lupin,No,2025-09,0,564,734,139.1,564,170,Yes,0,3,768.64,0.19,302.34,18
MED0114,Cefixime 10mg Suspension,Analgesic,Lupin,No,2025-10,0,403,514,82.4,403,111,Yes,0,3,768.64,0.19,302.34,18
MED0114,Cefixime 10mg Suspension,Analgesic,Lupin,No,2025-11,0,0,557,91.1,0,557,Yes,0,3,768.64,0.19,302.34,18
MED0114,Cefixime 10mg Suspension,Analgesic,Lupin,No,2025-12,0,618,488,118.6,488,0,No,130,3,768.64,0.19,302.34,18
MED0114,Cefixime 10mg Suspension,Analgesic,Lupin,No,2026-01,130,444,487,131.7,487,0,No,87,3,768.64,0.19,302.34,18
MED0114,Cefixime 10mg Suspension,Analgesic,Lupin,No,2026-02,87,499,595,161,586,9,Yes,0,3,768.64,0.19,302.34,18
MED0114,Cefixime 10mg Suspension,Analgesic,Lupin,No,2026-03,0,562,583,197.7,562,21,Yes,0,3,768.64,0.19,302.34,18
MED0114,Cefixime 10mg Suspension,Analgesic,Lupin,No,2026-04,0,0,862,273.6,0,862,Yes,0,3,768.64,0.19,302.34,18
MED0114,Cefixime 10mg Suspension,Analgesic,Lupin,No,2026-05,0,1595,1402,249.6,1402,0,No,193,3,768.64,0.19,302.34,18
MED0114,Cefixime 10mg Suspension,Analgesic,Lupin,No,2026-06,193,870,1079,284,1063,16,Yes,0,3,768.64,0.19,302.34,18
MED0114,Cefixime 10mg Suspension,Analgesic,Lupin,No,2026-07,0,866,1080,249.2,866,214,Yes,0,3,768.64,0.19,302.34,18
MED0115,Phenytoin 100mg Ointment,Analgesic,Mankind,No,2025-08,1215,8158,6435,1432.6,6435,0,No,2938,4,485.15,0.22,285.82,12
MED0115,Phenytoin 100mg Ointment,Analgesic,Mankind,No,2025-09,2938,4840,5173,959.4,5173,0,No,2605,4,485.15,0.22,285.82,12
MED0115,Phenytoin 100mg Ointment,Analgesic,Mankind,No,2025-10,2605,5814,4929,1009.3,4929,0,No,3490,4,485.15,0.22,285.82,12
MED0115,Phenytoin 100mg Ointment,Analgesic,Mankind,No,2025-11,3490,5929,5153,886.9,5153,0,No,4266,4,485.15,0.22,285.82,12
MED0115,Phenytoin 100mg Ointment,Analgesic,Mankind,No,2025-12,4266,6866,5945,1806.3,5945,0,No,5187,4,485.15,0.22,285.82,12
MED0115,Phenytoin 100mg Ointment,Analgesic,Mankind,No,2026-01,5187,5298,5567,1106.8,5567,0,No,4918,4,485.15,0.22,285.82,12
MED0115,Phenytoin 100mg Ointment,Analgesic,Mankind,No,2026-02,4918,8347,6626,1457,6626,0,No,6639,4,485.15,0.22,285.82,12
MED0115,Phenytoin 100mg Ointment,Analgesic,Mankind,No,2026-03,6639,6678,5341,1653.8,5341,0,No,7976,4,485.15,0.22,285.82,12
MED0115,Phenytoin 100mg Ointment,Analgesic,Mankind,No,2026-04,7976,4771,5703,1704.4,5703,0,No,7044,4,485.15,0.22,285.82,12
MED0115,Phenytoin 100mg Ointment,Analgesic,Mankind,No,2026-05,7044,5599,5267,1238.2,5267,0,No,7376,4,485.15,0.22,285.82,12
MED0115,Phenytoin 100mg Ointment,Analgesic,Mankind,No,2026-06,7376,4444,6117,1262.9,6117,0,No,5703,4,485.15,0.22,285.82,12
MED0115,Phenytoin 100mg Ointment,Analgesic,Mankind,No,2026-07,5703,4480,6341,2206.5,6341,0,No,3842,4,485.15,0.22,285.82,12
MED0116,Cetirizine 100mg Injection,Vaccine,Glenmark,Yes,2025-08,210,1496,1756,478.4,1706,50,Yes,0,3,620.91,0.18,226.58,36
MED0116,Cetirizine 100mg Injection,Vaccine,Glenmark,Yes,2025-09,0,1861,1812,521.1,1812,0,No,49,3,620.91,0.18,226.58,36
MED0116,Cetirizine 100mg Injection,Vaccine,Glenmark,Yes,2025-10,49,1430,1502,361.3,1479,23,Yes,0,3,620.91,0.18,226.58,36
MED0116,Cetirizine 100mg Injection,Vaccine,Glenmark,Yes,2025-11,0,1941,1851,496.2,1851,0,No,90,3,620.91,0.18,226.58,36
MED0116,Cetirizine 100mg Injection,Vaccine,Glenmark,Yes,2025-12,90,0,1683,386.6,90,1593,Yes,0,3,620.91,0.18,226.58,36
MED0116,Cetirizine 100mg Injection,Vaccine,Glenmark,Yes,2026-01,0,0,1638,269.5,0,1638,Yes,0,3,620.91,0.18,226.58,36
MED0116,Cetirizine 100mg Injection,Vaccine,Glenmark,Yes,2026-02,0,1514,1637,345.5,1514,123,Yes,0,3,620.91,0.18,226.58,36
MED0116,Cetirizine 100mg Injection,Vaccine,Glenmark,Yes,2026-03,0,1548,1809,463.2,1548,261,Yes,0,3,620.91,0.18,226.58,36
MED0116,Cetirizine 100mg Injection,Vaccine,Glenmark,Yes,2026-04,0,1747,1902,486.9,1747,155,Yes,0,3,620.91,0.18,226.58,36
MED0116,Cetirizine 100mg Injection,Vaccine,Glenmark,Yes,2026-05,0,0,1478,420.8,0,1478,Yes,0,3,620.91,0.18,226.58,36
MED0116,Cetirizine 100mg Injection,Vaccine,Glenmark,Yes,2026-06,0,2146,1667,314.3,1667,0,No,479,3,620.91,0.18,226.58,36
MED0116,Cetirizine 100mg Injection,Vaccine,Glenmark,Yes,2026-07,479,1657,1662,521,1662,0,No,474,3,620.91,0.18,226.58,36
MED0117,Ampicillin 10mg Suspension,Anesthetic,GSK,No,2025-08,730,2099,2044,627.8,2044,0,No,785,5,287.71,0.21,90.69,18
MED0117,Ampicillin 10mg Suspension,Anesthetic,GSK,No,2025-09,785,2011,1678,400.7,1678,0,No,1118,5,287.71,0.21,90.69,18
MED0117,Ampicillin 10mg Suspension,Anesthetic,GSK,No,2025-10,1118,0,2047,476.8,1118,929,Yes,0,5,287.71,0.21,90.69,18
MED0117,Ampicillin 10mg Suspension,Anesthetic,GSK,No,2025-11,0,1449,2028,374.9,1449,579,Yes,0,5,287.71,0.21,90.69,18
MED0117,Ampicillin 10mg Suspension,Anesthetic,GSK,No,2025-12,0,0,1774,615.9,0,1774,Yes,0,5,287.71,0.21,90.69,18
MED0117,Ampicillin 10mg Suspension,Anesthetic,GSK,No,2026-01,0,2184,1788,378,1788,0,No,396,5,287.71,0.21,90.69,18
MED0117,Ampicillin 10mg Suspension,Anesthetic,GSK,No,2026-02,396,1519,1685,280.1,1685,0,No,230,5,287.71,0.21,90.69,18
MED0117,Ampicillin 10mg Suspension,Anesthetic,GSK,No,2026-03,230,0,1924,301,230,1694,Yes,0,5,287.71,0.21,90.69,18
MED0117,Ampicillin 10mg Suspension,Anesthetic,GSK,No,2026-04,0,1420,1932,371.9,1420,512,Yes,0,5,287.71,0.21,90.69,18
MED0117,Ampicillin 10mg Suspension,Anesthetic,GSK,No,2026-05,0,1876,1673,585.1,1673,0,No,203,5,287.71,0.21,90.69,18
MED0117,Ampicillin 10mg Suspension,Anesthetic,GSK,No,2026-06,203,1470,1655,450.1,1655,0,No,18,5,287.71,0.21,90.69,18
MED0117,Ampicillin 10mg Suspension,Anesthetic,GSK,No,2026-07,18,2079,2010,544.1,2010,0,No,87,5,287.71,0.21,90.69,18
MED0118,Propranolol 50mg Suspension,Vaccine,Aurobindo,Yes,2025-08,223,760,809,186.5,809,0,No,174,4,190,0.16,313.95,9
MED0118,Propranolol 50mg Suspension,Vaccine,Aurobindo,Yes,2025-09,174,849,970,239.1,970,0,No,53,4,190,0.16,313.95,9
MED0118,Propranolol 50mg Suspension,Vaccine,Aurobindo,Yes,2025-10,53,901,877,269.6,877,0,No,77,4,190,0.16,313.95,9
MED0118,Propranolol 50mg Suspension,Vaccine,Aurobindo,Yes,2025-11,77,1012,779,179,779,0,No,310,4,190,0.16,313.95,9
MED0118,Propranolol 50mg Suspension,Vaccine,Aurobindo,Yes,2025-12,310,767,848,277.2,848,0,No,229,4,190,0.16,313.95,9
MED0118,Propranolol 50mg Suspension,Vaccine,Aurobindo,Yes,2026-01,229,725,911,289.8,911,0,No,43,4,190,0.16,313.95,9
MED0118,Propranolol 50mg Suspension,Vaccine,Aurobindo,Yes,2026-02,43,0,856,185.8,43,813,Yes,0,4,190,0.16,313.95,9
MED0118,Propranolol 50mg Suspension,Vaccine,Aurobindo,Yes,2026-03,0,1059,926,297.2,926,0,No,133,4,190,0.16,313.95,9
MED0118,Propranolol 50mg Suspension,Vaccine,Aurobindo,Yes,2026-04,133,0,934,210.3,133,801,Yes,0,4,190,0.16,313.95,9
MED0118,Propranolol 50mg Suspension,Vaccine,Aurobindo,Yes,2026-05,0,679,956,306.8,679,277,Yes,0,4,190,0.16,313.95,9
MED0118,Propranolol 50mg Suspension,Vaccine,Aurobindo,Yes,2026-06,0,949,823,134.9,823,0,No,126,4,190,0.16,313.95,9
MED0118,Propranolol 50mg Suspension,Vaccine,Aurobindo,Yes,2026-07,126,884,794,252.2,794,0,No,216,4,190,0.16,313.95,9
MED0119,Loperamide 5ml Inhaler,Analgesic,Abbott,No,2025-08,117,0,378,124.8,117,261,Yes,0,4,303.8,0.22,150.59,6
MED0119,Loperamide 5ml Inhaler,Analgesic,Abbott,No,2025-09,0,349,348,111.5,348,0,No,1,4,303.8,0.22,150.59,6
MED0119,Loperamide 5ml Inhaler,Analgesic,Abbott,No,2025-10,1,228,296,86.3,229,67,Yes,0,4,303.8,0.22,150.59,6
MED0119,Loperamide 5ml Inhaler,Analgesic,Abbott,No,2025-11,0,262,275,67.7,262,13,Yes,0,4,303.8,0.22,150.59,6
MED0119,Loperamide 5ml Inhaler,Analgesic,Abbott,No,2025-12,0,297,234,79.3,234,0,No,63,4,303.8,0.22,150.59,6
MED0119,Loperamide 5ml Inhaler,Analgesic,Abbott,No,2026-01,63,215,195,57.5,195,0,No,83,4,303.8,0.22,150.59,6
MED0119,Loperamide 5ml Inhaler,Analgesic,Abbott,No,2026-02,83,310,260,68.4,260,0,No,133,4,303.8,0.22,150.59,6
MED0119,Loperamide 5ml Inhaler,Analgesic,Abbott,No,2026-03,133,244,287,91.8,287,0,No,90,4,303.8,0.22,150.59,6
MED0119,Loperamide 5ml Inhaler,Analgesic,Abbott,No,2026-04,90,445,519,122.7,519,0,No,16,4,303.8,0.22,150.59,6
MED0119,Loperamide 5ml Inhaler,Analgesic,Abbott,No,2026-05,16,0,520,129.5,16,504,Yes,0,4,303.8,0.22,150.59,6
MED0119,Loperamide 5ml Inhaler,Analgesic,Abbott,No,2026-06,0,465,619,127,465,154,Yes,0,4,303.8,0.22,150.59,6
MED0119,Loperamide 5ml Inhaler,Analgesic,Abbott,No,2026-07,0,476,438,134.2,438,0,No,38,4,303.8,0.22,150.59,6
MED0120,Risperidone 10mg Capsule,Dermatological,Dr Reddy's,No,2025-08,192,0,853,266.3,192,661,Yes,0,3,185.29,0.13,238.4,24
MED0120,Risperidone 10mg Capsule,Dermatological,Dr Reddy's,No,2025-09,0,811,749,246.4,749,0,No,62,3,185.29,0.13,238.4,24
MED0120,Risperidone 10mg Capsule,Dermatological,Dr Reddy's,No,2025-10,62,0,849,197.7,62,787,Yes,0,3,185.29,0.13,238.4,24
MED0120,Risperidone 10mg Capsule,Dermatological,Dr Reddy's,No,2025-11,0,1089,879,251.2,879,0,No,210,3,185.29,0.13,238.4,24
MED0120,Risperidone 10mg Capsule,Dermatological,Dr Reddy's,No,2025-12,210,907,770,160.8,770,0,No,347,3,185.29,0.13,238.4,24
MED0120,Risperidone 10mg Capsule,Dermatological,Dr Reddy's,No,2026-01,347,889,813,143.2,813,0,No,423,3,185.29,0.13,238.4,24
MED0120,Risperidone 10mg Capsule,Dermatological,Dr Reddy's,No,2026-02,423,925,782,248.1,782,0,No,566,3,185.29,0.13,238.4,24
MED0120,Risperidone 10mg Capsule,Dermatological,Dr Reddy's,No,2026-03,566,624,780,240,780,0,No,410,3,185.29,0.13,238.4,24
MED0120,Risperidone 10mg Capsule,Dermatological,Dr Reddy's,No,2026-04,410,587,696,158.1,696,0,No,301,3,185.29,0.13,238.4,24
MED0120,Risperidone 10mg Capsule,Dermatological,Dr Reddy's,No,2026-05,301,0,738,253.8,301,437,Yes,0,3,185.29,0.13,238.4,24
MED0120,Risperidone 10mg Capsule,Dermatological,Dr Reddy's,No,2026-06,0,0,879,188.3,0,879,Yes,0,3,185.29,0.13,238.4,24
MED0120,Risperidone 10mg Capsule,Dermatological,Dr Reddy's,No,2026-07,0,787,911,162.1,787,124,Yes,0,3,185.29,0.13,238.4,24
MED0121,Bisacodyl 10ml Capsule,Cardiac,Torrent,No,2025-08,991,0,1115,193,991,124,Yes,0,21,4.45,0.27,238.13,12
MED0121,Bisacodyl 10ml Capsule,Cardiac,Torrent,No,2025-09,0,1321,1390,343.5,1321,69,Yes,0,21,4.45,0.27,238.13,12
MED0121,Bisacodyl 10ml Capsule,Cardiac,Torrent,No,2025-10,0,1792,1456,483.6,1456,0,No,336,21,4.45,0.27,238.13,12
MED0121,Bisacodyl 10ml Capsule,Cardiac,Torrent,No,2025-11,336,1310,1220,276,1220,0,No,426,21,4.45,0.27,238.13,12
MED0121,Bisacodyl 10ml Capsule,Cardiac,Torrent,No,2025-12,426,1529,1282,295,1282,0,No,673,21,4.45,0.27,238.13,12
MED0121,Bisacodyl 10ml Capsule,Cardiac,Torrent,No,2026-01,673,960,1264,373.5,1264,0,No,369,21,4.45,0.27,238.13,12
MED0121,Bisacodyl 10ml Capsule,Cardiac,Torrent,No,2026-02,369,0,1232,284.1,369,863,Yes,0,21,4.45,0.27,238.13,12
MED0121,Bisacodyl 10ml Capsule,Cardiac,Torrent,No,2026-03,0,1050,1411,313,1050,361,Yes,0,21,4.45,0.27,238.13,12
MED0121,Bisacodyl 10ml Capsule,Cardiac,Torrent,No,2026-04,0,1478,1164,381.7,1164,0,No,314,21,4.45,0.27,238.13,12
MED0121,Bisacodyl 10ml Capsule,Cardiac,Torrent,No,2026-05,314,1801,1483,332.7,1483,0,No,632,21,4.45,0.27,238.13,12
MED0121,Bisacodyl 10ml Capsule,Cardiac,Torrent,No,2026-06,632,1732,1482,408.9,1482,0,No,882,21,4.45,0.27,238.13,12
MED0121,Bisacodyl 10ml Capsule,Cardiac,Torrent,No,2026-07,882,1373,1234,326.8,1234,0,No,1021,21,4.45,0.27,238.13,12
MED0122,Ivermectin 500mg Inhaler,Vitamin/Supplement,Lupin,No,2025-08,389,509,410,73.3,410,0,No,488,21,75.57,0.23,177.56,9
MED0122,Ivermectin 500mg Inhaler,Vitamin/Supplement,Lupin,No,2025-09,488,422,395,76.6,395,0,No,515,21,75.57,0.23,177.56,9
MED0122,Ivermectin 500mg Inhaler,Vitamin/Supplement,Lupin,No,2025-10,515,458,545,105.5,545,0,No,428,21,75.57,0.23,177.56,9
MED0122,Ivermectin 500mg Inhaler,Vitamin/Supplement,Lupin,No,2025-11,428,686,702,143.4,702,0,No,412,21,75.57,0.23,177.56,9
MED0122,Ivermectin 500mg Inhaler,Vitamin/Supplement,Lupin,No,2025-12,412,817,749,221.6,749,0,No,480,21,75.57,0.23,177.56,9
MED0122,Ivermectin 500mg Inhaler,Vitamin/Supplement,Lupin,No,2026-01,480,1077,857,226.4,857,0,No,700,21,75.57,0.23,177.56,9
MED0122,Ivermectin 500mg Inhaler,Vitamin/Supplement,Lupin,No,2026-02,700,880,701,152.1,701,0,No,879,21,75.57,0.23,177.56,9
MED0122,Ivermectin 500mg Inhaler,Vitamin/Supplement,Lupin,No,2026-03,879,0,605,101.6,605,0,No,274,21,75.57,0.23,177.56,9
MED0122,Ivermectin 500mg Inhaler,Vitamin/Supplement,Lupin,No,2026-04,274,340,431,73.8,431,0,No,183,21,75.57,0.23,177.56,9
MED0122,Ivermectin 500mg Inhaler,Vitamin/Supplement,Lupin,No,2026-05,183,363,393,133.6,393,0,No,153,21,75.57,0.23,177.56,9
MED0122,Ivermectin 500mg Inhaler,Vitamin/Supplement,Lupin,No,2026-06,153,0,389,125,153,236,Yes,0,21,75.57,0.23,177.56,9
MED0122,Ivermectin 500mg Inhaler,Vitamin/Supplement,Lupin,No,2026-07,0,403,428,99.2,403,25,Yes,0,21,75.57,0.23,177.56,9
MED0123,BCG Vaccine 10ml Injection,Antibiotic,Torrent,No,2025-08,735,1294,1676,336.1,1676,0,No,353,10,691.75,0.24,75.06,6
MED0123,BCG Vaccine 10ml Injection,Antibiotic,Torrent,No,2025-09,353,1944,1867,464.3,1867,0,No,430,10,691.75,0.24,75.06,6
MED0123,BCG Vaccine 10ml Injection,Antibiotic,Torrent,No,2025-10,430,1495,1926,363.1,1925,1,Yes,0,10,691.75,0.24,75.06,6
MED0123,BCG Vaccine 10ml Injection,Antibiotic,Torrent,No,2025-11,0,2005,2268,662.3,2005,263,Yes,0,10,691.75,0.24,75.06,6
MED0123,BCG Vaccine 10ml Injection,Antibiotic,Torrent,No,2025-12,0,3376,3144,754.2,3144,0,No,232,10,691.75,0.24,75.06,6
MED0123,BCG Vaccine 10ml Injection,Antibiotic,Torrent,No,2026-01,232,3136,3511,1028.1,3368,143,Yes,0,10,691.75,0.24,75.06,6
MED0123,BCG Vaccine 10ml Injection,Antibiotic,Torrent,No,2026-02,0,3232,2720,575.3,2720,0,No,512,10,691.75,0.24,75.06,6
MED0123,BCG Vaccine 10ml Injection,Antibiotic,Torrent,No,2026-03,512,0,1780,269,512,1268,Yes,0,10,691.75,0.24,75.06,6
MED0123,BCG Vaccine 10ml Injection,Antibiotic,Torrent,No,2026-04,0,1776,1462,252.7,1462,0,No,314,10,691.75,0.24,75.06,6
MED0123,BCG Vaccine 10ml Injection,Antibiotic,Torrent,No,2026-05,314,1491,1484,286.6,1484,0,No,321,10,691.75,0.24,75.06,6
MED0123,BCG Vaccine 10ml Injection,Antibiotic,Torrent,No,2026-06,321,1522,1514,481.2,1514,0,No,329,10,691.75,0.24,75.06,6
MED0123,BCG Vaccine 10ml Injection,Antibiotic,Torrent,No,2026-07,329,1334,1571,270.8,1571,0,No,92,10,691.75,0.24,75.06,6
MED0124,Vitamin B Complex 5ml Suspension,Neuro/Psychiatric,Lupin,No,2025-08,112,0,530,106.7,112,418,Yes,0,4,693.22,0.28,273.25,6
MED0124,Vitamin B Complex 5ml Suspension,Neuro/Psychiatric,Lupin,No,2025-09,0,0,435,67.2,0,435,Yes,0,4,693.22,0.28,273.25,6
MED0124,Vitamin B Complex 5ml Suspension,Neuro/Psychiatric,Lupin,No,2025-10,0,581,450,89.1,450,0,No,131,4,693.22,0.28,273.25,6
MED0124,Vitamin B Complex 5ml Suspension,Neuro/Psychiatric,Lupin,No,2025-11,131,583,480,84.2,480,0,No,234,4,693.22,0.28,273.25,6
MED0124,Vitamin B Complex 5ml Suspension,Neuro/Psychiatric,Lupin,No,2025-12,234,606,537,112.3,537,0,No,303,4,693.22,0.28,273.25,6
MED0124,Vitamin B Complex 5ml Suspension,Neuro/Psychiatric,Lupin,No,2026-01,303,664,544,154.1,544,0,No,423,4,693.22,0.28,273.25,6
MED0124,Vitamin B Complex 5ml Suspension,Neuro/Psychiatric,Lupin,No,2026-02,423,621,522,123.2,522,0,No,522,4,693.22,0.28,273.25,6
MED0124,Vitamin B Complex 5ml Suspension,Neuro/Psychiatric,Lupin,No,2026-03,522,426,434,151.2,434,0,No,514,4,693.22,0.28,273.25,6
MED0124,Vitamin B Complex 5ml Suspension,Neuro/Psychiatric,Lupin,No,2026-04,514,441,566,110.4,566,0,No,389,4,693.22,0.28,273.25,6
MED0124,Vitamin B Complex 5ml Suspension,Neuro/Psychiatric,Lupin,No,2026-05,389,455,493,91.4,493,0,No,351,4,693.22,0.28,273.25,6
MED0124,Vitamin B Complex 5ml Suspension,Neuro/Psychiatric,Lupin,No,2026-06,351,0,585,204.1,351,234,Yes,0,4,693.22,0.28,273.25,6
MED0124,Vitamin B Complex 5ml Suspension,Neuro/Psychiatric,Lupin,No,2026-07,0,0,544,87.2,0,544,Yes,0,4,693.22,0.28,273.25,6
MED0125,Nitroglycerin 10mg Suspension,Cardiac,GSK,No,2025-08,335,789,991,335.1,991,0,No,133,10,609.95,0.25,175.03,36
MED0125,Nitroglycerin 10mg Suspension,Cardiac,GSK,No,2025-09,133,668,802,203,801,1,Yes,0,10,609.95,0.25,175.03,36
MED0125,Nitroglycerin 10mg Suspension,Cardiac,GSK,No,2025-10,0,1024,936,198.3,936,0,No,88,10,609.95,0.25,175.03,36
MED0125,Nitroglycerin 10mg Suspension,Cardiac,GSK,No,2025-11,88,745,853,262.7,833,20,Yes,0,10,609.95,0.25,175.03,36
MED0125,Nitroglycerin 10mg Suspension,Cardiac,GSK,No,2025-12,0,600,828,279.2,600,228,Yes,0,10,609.95,0.25,175.03,36
MED0125,Nitroglycerin 10mg Suspension,Cardiac,GSK,No,2026-01,0,1073,858,266.2,858,0,No,215,10,609.95,0.25,175.03,36
MED0125,Nitroglycerin 10mg Suspension,Cardiac,GSK,No,2026-02,215,1024,878,149.3,878,0,No,361,10,609.95,0.25,175.03,36
MED0125,Nitroglycerin 10mg Suspension,Cardiac,GSK,No,2026-03,361,0,763,140.8,361,402,Yes,0,10,609.95,0.25,175.03,36
MED0125,Nitroglycerin 10mg Suspension,Cardiac,GSK,No,2026-04,0,1152,894,292.6,894,0,No,258,10,609.95,0.25,175.03,36
MED0125,Nitroglycerin 10mg Suspension,Cardiac,GSK,No,2026-05,258,670,755,249.6,755,0,No,173,10,609.95,0.25,175.03,36
MED0125,Nitroglycerin 10mg Suspension,Cardiac,GSK,No,2026-06,173,1219,993,206.1,993,0,No,399,10,609.95,0.25,175.03,36
MED0125,Nitroglycerin 10mg Suspension,Cardiac,GSK,No,2026-07,399,0,937,246.1,399,538,Yes,0,10,609.95,0.25,175.03,36
MED0126,Hepatitis B Vaccine 50mg Suspension,Dermatological,Aurobindo,Yes,2025-08,827,3291,2641,814.6,2641,0,No,1477,5,477.39,0.21,177.77,12
MED0126,Hepatitis B Vaccine 50mg Suspension,Dermatological,Aurobindo,Yes,2025-09,1477,2767,2358,735.3,2358,0,No,1886,5,477.39,0.21,177.77,12
MED0126,Hepatitis B Vaccine 50mg Suspension,Dermatological,Aurobindo,Yes,2025-10,1886,0,2453,407.8,1886,567,Yes,0,5,477.39,0.21,177.77,12
MED0126,Hepatitis B Vaccine 50mg Suspension,Dermatological,Aurobindo,Yes,2025-11,0,2690,2866,790.8,2690,176,Yes,0,5,477.39,0.21,177.77,12
MED0126,Hepatitis B Vaccine 50mg Suspension,Dermatological,Aurobindo,Yes,2025-12,0,3306,2620,720.2,2620,0,No,686,5,477.39,0.21,177.77,12
MED0126,Hepatitis B Vaccine 50mg Suspension,Dermatological,Aurobindo,Yes,2026-01,686,3653,3010,708.4,3010,0,No,1329,5,477.39,0.21,177.77,12
MED0126,Hepatitis B Vaccine 50mg Suspension,Dermatological,Aurobindo,Yes,2026-02,1329,1926,2752,532.1,2752,0,No,503,5,477.39,0.21,177.77,12
MED0126,Hepatitis B Vaccine 50mg Suspension,Dermatological,Aurobindo,Yes,2026-03,503,2583,2940,506.3,2940,0,No,146,5,477.39,0.21,177.77,12
MED0126,Hepatitis B Vaccine 50mg Suspension,Dermatological,Aurobindo,Yes,2026-04,146,2060,2809,644.9,2206,603,Yes,0,5,477.39,0.21,177.77,12
MED0126,Hepatitis B Vaccine 50mg Suspension,Dermatological,Aurobindo,Yes,2026-05,0,2148,2448,611.6,2148,300,Yes,0,5,477.39,0.21,177.77,12
MED0126,Hepatitis B Vaccine 50mg Suspension,Dermatological,Aurobindo,Yes,2026-06,0,1855,2401,790.3,1855,546,Yes,0,5,477.39,0.21,177.77,12
MED0126,Hepatitis B Vaccine 50mg Suspension,Dermatological,Aurobindo,Yes,2026-07,0,2280,2399,827.6,2280,119,Yes,0,5,477.39,0.21,177.77,12
MED0127,Bisacodyl 100mg Syrup,Anesthetic,Glenmark,Yes,2025-08,3017,4549,4749,1453.2,4749,0,No,2817,10,415.51,0.2,47.95,24
MED0127,Bisacodyl 100mg Syrup,Anesthetic,Glenmark,Yes,2025-09,2817,3092,3763,1261.8,3763,0,No,2146,10,415.51,0.2,47.95,24
MED0127,Bisacodyl 100mg Syrup,Anesthetic,Glenmark,Yes,2025-10,2146,6079,4965,1653.3,4965,0,No,3260,10,415.51,0.2,47.95,24
MED0127,Bisacodyl 100mg Syrup,Anesthetic,Glenmark,Yes,2025-11,3260,6050,5068,1008.2,5068,0,No,4242,10,415.51,0.2,47.95,24
MED0127,Bisacodyl 100mg Syrup,Anesthetic,Glenmark,Yes,2025-12,4242,3557,4054,687.9,4054,0,No,3745,10,415.51,0.2,47.95,24
MED0127,Bisacodyl 100mg Syrup,Anesthetic,Glenmark,Yes,2026-01,3745,0,4900,739,3745,1155,Yes,0,10,415.51,0.2,47.95,24
MED0127,Bisacodyl 100mg Syrup,Anesthetic,Glenmark,Yes,2026-02,0,4535,4364,863,4364,0,No,171,10,415.51,0.2,47.95,24
MED0127,Bisacodyl 100mg Syrup,Anesthetic,Glenmark,Yes,2026-03,171,3124,3851,702.9,3295,556,Yes,0,10,415.51,0.2,47.95,24
MED0127,Bisacodyl 100mg Syrup,Anesthetic,Glenmark,Yes,2026-04,0,0,4796,1118.5,0,4796,Yes,0,10,415.51,0.2,47.95,24
MED0127,Bisacodyl 100mg Syrup,Anesthetic,Glenmark,Yes,2026-05,0,0,4389,738.1,0,4389,Yes,0,10,415.51,0.2,47.95,24
MED0127,Bisacodyl 100mg Syrup,Anesthetic,Glenmark,Yes,2026-06,0,4860,4065,1308.5,4065,0,No,795,10,415.51,0.2,47.95,24
MED0127,Bisacodyl 100mg Syrup,Anesthetic,Glenmark,Yes,2026-07,795,4747,4190,856.8,4190,0,No,1352,10,415.51,0.2,47.95,24
MED0128,Ampicillin 1mg Drops,Cardiac,Mankind,No,2025-08,1812,5325,4440,709.8,4440,0,No,2697,7,764.44,0.12,100.69,24
MED0128,Ampicillin 1mg Drops,Cardiac,Mankind,No,2025-09,2697,4852,4821,1377.3,4821,0,No,2728,7,764.44,0.12,100.69,24
MED0128,Ampicillin 1mg Drops,Cardiac,Mankind,No,2025-10,2728,2795,3156,1084.3,3156,0,No,2367,7,764.44,0.12,100.69,24
MED0128,Ampicillin 1mg Drops,Cardiac,Mankind,No,2025-11,2367,2433,1984,515.1,1984,0,No,2816,7,764.44,0.12,100.69,24
MED0128,Ampicillin 1mg Drops,Cardiac,Mankind,No,2025-12,2816,1246,1647,331.9,1647,0,No,2415,7,764.44,0.12,100.69,24
MED0128,Ampicillin 1mg Drops,Cardiac,Mankind,No,2026-01,2415,1407,1771,402.8,1771,0,No,2051,7,764.44,0.12,100.69,24
MED0128,Ampicillin 1mg Drops,Cardiac,Mankind,No,2026-02,2051,2034,2074,496.7,2074,0,No,2011,7,764.44,0.12,100.69,24
MED0128,Ampicillin 1mg Drops,Cardiac,Mankind,No,2026-03,2011,0,2036,363.2,2011,25,Yes,0,7,764.44,0.12,100.69,24
MED0128,Ampicillin 1mg Drops,Cardiac,Mankind,No,2026-04,0,2654,2520,432,2520,0,No,134,7,764.44,0.12,100.69,24
MED0128,Ampicillin 1mg Drops,Cardiac,Mankind,No,2026-05,134,3690,2910,538.5,2910,0,No,914,7,764.44,0.12,100.69,24
MED0128,Ampicillin 1mg Drops,Cardiac,Mankind,No,2026-06,914,2976,4119,746,3890,229,Yes,0,7,764.44,0.12,100.69,24
MED0128,Ampicillin 1mg Drops,Cardiac,Mankind,No,2026-07,0,5362,6064,915.2,5362,702,Yes,0,7,764.44,0.12,100.69,24
MED0129,Prednisolone 2.5mg Capsule,Antidiabetic,Lupin,No,2025-08,2090,0,2812,789.8,2090,722,Yes,0,14,281.62,0.14,190.62,12
MED0129,Prednisolone 2.5mg Capsule,Antidiabetic,Lupin,No,2025-09,0,3018,2402,732,2402,0,No,616,14,281.62,0.14,190.62,12
MED0129,Prednisolone 2.5mg Capsule,Antidiabetic,Lupin,No,2025-10,616,2109,1638,530.7,1638,0,No,1087,14,281.62,0.14,190.62,12
MED0129,Prednisolone 2.5mg Capsule,Antidiabetic,Lupin,No,2025-11,1087,1789,1481,319.6,1481,0,No,1395,14,281.62,0.14,190.62,12
MED0129,Prednisolone 2.5mg Capsule,Antidiabetic,Lupin,No,2025-12,1395,0,1019,280.1,1019,0,No,376,14,281.62,0.14,190.62,12
MED0129,Prednisolone 2.5mg Capsule,Antidiabetic,Lupin,No,2026-01,376,0,1228,227.1,376,852,Yes,0,14,281.62,0.14,190.62,12
MED0129,Prednisolone 2.5mg Capsule,Antidiabetic,Lupin,No,2026-02,0,1389,1082,287.1,1082,0,No,307,14,281.62,0.14,190.62,12
MED0129,Prednisolone 2.5mg Capsule,Antidiabetic,Lupin,No,2026-03,307,1327,1278,207.2,1278,0,No,356,14,281.62,0.14,190.62,12
MED0129,Prednisolone 2.5mg Capsule,Antidiabetic,Lupin,No,2026-04,356,1322,1464,310.2,1464,0,No,214,14,281.62,0.14,190.62,12
MED0129,Prednisolone 2.5mg Capsule,Antidiabetic,Lupin,No,2026-05,214,2055,2003,518.3,2003,0,No,266,14,281.62,0.14,190.62,12
MED0129,Prednisolone 2.5mg Capsule,Antidiabetic,Lupin,No,2026-06,266,2117,2570,823,2383,187,Yes,0,14,281.62,0.14,190.62,12
MED0129,Prednisolone 2.5mg Capsule,Antidiabetic,Lupin,No,2026-07,0,3187,3279,726.4,3187,92,Yes,0,14,281.62,0.14,190.62,12
MED0130,Furosemide 1g Injection,Neuro/Psychiatric,Glenmark,No,2025-08,936,2797,2361,541.2,2361,0,No,1372,4,97.95,0.15,251.15,6
MED0130,Furosemide 1g Injection,Neuro/Psychiatric,Glenmark,No,2025-09,1372,2795,2564,527,2564,0,No,1603,4,97.95,0.15,251.15,6
MED0130,Furosemide 1g Injection,Neuro/Psychiatric,Glenmark,No,2025-10,1603,4293,3619,1085.4,3619,0,No,2277,4,97.95,0.15,251.15,6
MED0130,Furosemide 1g Injection,Neuro/Psychiatric,Glenmark,No,2025-11,2277,5447,4285,748.9,4285,0,No,3439,4,97.95,0.15,251.15,6
MED0130,Furosemide 1g Injection,Neuro/Psychiatric,Glenmark,No,2025-12,3439,7358,5848,1554,5848,0,No,4949,4,97.95,0.15,251.15,6
MED0130,Furosemide 1g Injection,Neuro/Psychiatric,Glenmark,No,2026-01,4949,6807,5589,1208.8,5589,0,No,6167,4,97.95,0.15,251.15,6
MED0130,Furosemide 1g Injection,Neuro/Psychiatric,Glenmark,No,2026-02,6167,3516,4454,1081.2,4454,0,No,5229,4,97.95,0.15,251.15,6
MED0130,Furosemide 1g Injection,Neuro/Psychiatric,Glenmark,No,2026-03,5229,3108,3821,882.1,3821,0,No,4516,4,97.95,0.15,251.15,6
MED0130,Furosemide 1g Injection,Neuro/Psychiatric,Glenmark,No,2026-04,4516,2858,2726,422,2726,0,No,4648,4,97.95,0.15,251.15,6
MED0130,Furosemide 1g Injection,Neuro/Psychiatric,Glenmark,No,2026-05,4648,1816,2440,391.2,2440,0,No,4024,4,97.95,0.15,251.15,6
MED0130,Furosemide 1g Injection,Neuro/Psychiatric,Glenmark,No,2026-06,4024,2351,2203,606.9,2203,0,No,4172,4,97.95,0.15,251.15,6
MED0130,Furosemide 1g Injection,Neuro/Psychiatric,Glenmark,No,2026-07,4172,2000,2557,523.2,2557,0,No,3615,4,97.95,0.15,251.15,6
MED0131,Albendazole 500mg Ointment,Cardiac,GSK,Yes,2025-08,1614,3237,2645,495.4,2645,0,No,2206,10,440.41,0.13,236.28,36
MED0131,Albendazole 500mg Ointment,Cardiac,GSK,Yes,2025-09,2206,1958,2285,644.1,2285,0,No,1879,10,440.41,0.13,236.28,36
MED0131,Albendazole 500mg Ointment,Cardiac,GSK,Yes,2025-10,1879,2355,1949,603.1,1949,0,No,2285,10,440.41,0.13,236.28,36
MED0131,Albendazole 500mg Ointment,Cardiac,GSK,Yes,2025-11,2285,1303,1606,336.3,1606,0,No,1982,10,440.41,0.13,236.28,36
MED0131,Albendazole 500mg Ointment,Cardiac,GSK,Yes,2025-12,1982,1456,1222,359.9,1222,0,No,2216,10,440.41,0.13,236.28,36
MED0131,Albendazole 500mg Ointment,Cardiac,GSK,Yes,2026-01,2216,1734,1468,242.7,1468,0,No,2482,10,440.41,0.13,236.28,36
MED0131,Albendazole 500mg Ointment,Cardiac,GSK,Yes,2026-02,2482,1575,1620,489.2,1620,0,No,2437,10,440.41,0.13,236.28,36
MED0131,Albendazole 500mg Ointment,Cardiac,GSK,Yes,2026-03,2437,2471,1971,679.6,1971,0,No,2937,10,440.41,0.13,236.28,36
MED0131,Albendazole 500mg Ointment,Cardiac,GSK,Yes,2026-04,2937,2520,2577,896.3,2577,0,No,2880,10,440.41,0.13,236.28,36
MED0131,Albendazole 500mg Ointment,Cardiac,GSK,Yes,2026-05,2880,2875,3744,765.7,3744,0,No,2011,10,440.41,0.13,236.28,36
MED0131,Albendazole 500mg Ointment,Cardiac,GSK,Yes,2026-06,2011,3208,3013,661.5,3013,0,No,2206,10,440.41,0.13,236.28,36
MED0131,Albendazole 500mg Ointment,Cardiac,GSK,Yes,2026-07,2206,3112,2438,781.3,2438,0,No,2880,10,440.41,0.13,236.28,36
MED0132,Dextrose 5% 5ml Capsule,Neuro/Psychiatric,Lupin,No,2025-08,1183,1832,2556,625.6,2556,0,No,459,10,720.07,0.18,113.43,12
MED0132,Dextrose 5% 5ml Capsule,Neuro/Psychiatric,Lupin,No,2025-09,459,2027,2117,372.3,2117,0,No,369,10,720.07,0.18,113.43,12
MED0132,Dextrose 5% 5ml Capsule,Neuro/Psychiatric,Lupin,No,2025-10,369,1677,1586,281.7,1586,0,No,460,10,720.07,0.18,113.43,12
MED0132,Dextrose 5% 5ml Capsule,Neuro/Psychiatric,Lupin,No,2025-11,460,0,1162,177.5,460,702,Yes,0,10,720.07,0.18,113.43,12
MED0132,Dextrose 5% 5ml Capsule,Neuro/Psychiatric,Lupin,No,2025-12,0,1105,1027,185.7,1027,0,No,78,10,720.07,0.18,113.43,12
MED0132,Dextrose 5% 5ml Capsule,Neuro/Psychiatric,Lupin,No,2026-01,78,1150,1077,211.3,1077,0,No,151,10,720.07,0.18,113.43,12
MED0132,Dextrose 5% 5ml Capsule,Neuro/Psychiatric,Lupin,No,2026-02,151,1078,1176,353.6,1176,0,No,53,10,720.07,0.18,113.43,12
MED0132,Dextrose 5% 5ml Capsule,Neuro/Psychiatric,Lupin,No,2026-03,53,0,1188,387.1,53,1135,Yes,0,10,720.07,0.18,113.43,12
MED0132,Dextrose 5% 5ml Capsule,Neuro/Psychiatric,Lupin,No,2026-04,0,1173,1623,459.1,1173,450,Yes,0,10,720.07,0.18,113.43,12
MED0132,Dextrose 5% 5ml Capsule,Neuro/Psychiatric,Lupin,No,2026-05,0,0,1826,450.9,0,1826,Yes,0,10,720.07,0.18,113.43,12
MED0132,Dextrose 5% 5ml Capsule,Neuro/Psychiatric,Lupin,No,2026-06,0,2349,2478,812.9,2349,129,Yes,0,10,720.07,0.18,113.43,12
MED0132,Dextrose 5% 5ml Capsule,Neuro/Psychiatric,Lupin,No,2026-07,0,2802,2623,768.1,2623,0,No,179,10,720.07,0.18,113.43,12
MED0133,Gentamicin 5ml Syrup,Antibiotic,Abbott,No,2025-08,63,445,352,94.6,352,0,No,156,3,339.44,0.14,112.92,24
MED0133,Gentamicin 5ml Syrup,Antibiotic,Abbott,No,2025-09,156,436,369,78.3,369,0,No,223,3,339.44,0.14,112.92,24
MED0133,Gentamicin 5ml Syrup,Antibiotic,Abbott,No,2025-10,223,287,323,67.4,323,0,No,187,3,339.44,0.14,112.92,24
MED0133,Gentamicin 5ml Syrup,Antibiotic,Abbott,No,2025-11,187,289,391,68.9,391,0,No,85,3,339.44,0.14,112.92,24
MED0133,Gentamicin 5ml Syrup,Antibiotic,Abbott,No,2025-12,85,279,307,101.2,307,0,No,57,3,339.44,0.14,112.92,24
MED0133,Gentamicin 5ml Syrup,Antibiotic,Abbott,No,2026-01,57,428,331,90.5,331,0,No,154,3,339.44,0.14,112.92,24
MED0133,Gentamicin 5ml Syrup,Antibiotic,Abbott,No,2026-02,154,409,412,114.1,412,0,No,151,3,339.44,0.14,112.92,24
MED0133,Gentamicin 5ml Syrup,Antibiotic,Abbott,No,2026-03,151,282,379,64.5,379,0,No,54,3,339.44,0.14,112.92,24
MED0133,Gentamicin 5ml Syrup,Antibiotic,Abbott,No,2026-04,54,366,313,59.2,313,0,No,107,3,339.44,0.14,112.92,24
MED0133,Gentamicin 5ml Syrup,Antibiotic,Abbott,No,2026-05,107,0,358,77.7,107,251,Yes,0,3,339.44,0.14,112.92,24
MED0133,Gentamicin 5ml Syrup,Antibiotic,Abbott,No,2026-06,0,469,365,74.6,365,0,No,104,3,339.44,0.14,112.92,24
MED0133,Gentamicin 5ml Syrup,Antibiotic,Abbott,No,2026-07,104,407,318,61.2,318,0,No,193,3,339.44,0.14,112.92,24
MED0134,Vitamin B Complex 250mg Suspension,Dermatological,Mankind,No,2025-08,668,1585,2082,451.3,2082,0,No,171,5,47.23,0.14,125.11,12
MED0134,Vitamin B Complex 250mg Suspension,Dermatological,Mankind,No,2025-09,171,1214,1610,517,1385,225,Yes,0,5,47.23,0.14,125.11,12
MED0134,Vitamin B Complex 250mg Suspension,Dermatological,Mankind,No,2025-10,0,0,1644,257.5,0,1644,Yes,0,5,47.23,0.14,125.11,12
MED0134,Vitamin B Complex 250mg Suspension,Dermatological,Mankind,No,2025-11,0,1980,1697,583.8,1697,0,No,283,5,47.23,0.14,125.11,12
MED0134,Vitamin B Complex 250mg Suspension,Dermatological,Mankind,No,2025-12,283,2129,2014,517.6,2014,0,No,398,5,47.23,0.14,125.11,12
MED0134,Vitamin B Complex 250mg Suspension,Dermatological,Mankind,No,2026-01,398,2096,1756,460.5,1756,0,No,738,5,47.23,0.14,125.11,12
MED0134,Vitamin B Complex 250mg Suspension,Dermatological,Mankind,No,2026-02,738,1616,2128,494.1,2128,0,No,226,5,47.23,0.14,125.11,12
MED0134,Vitamin B Complex 250mg Suspension,Dermatological,Mankind,No,2026-03,226,0,2014,451.7,226,1788,Yes,0,5,47.23,0.14,125.11,12
MED0134,Vitamin B Complex 250mg Suspension,Dermatological,Mankind,No,2026-04,0,0,1783,485.2,0,1783,Yes,0,5,47.23,0.14,125.11,12
MED0134,Vitamin B Complex 250mg Suspension,Dermatological,Mankind,No,2026-05,0,2356,2096,347,2096,0,No,260,5,47.23,0.14,125.11,12
MED0134,Vitamin B Complex 250mg Suspension,Dermatological,Mankind,No,2026-06,260,1871,1764,402.5,1764,0,No,367,5,47.23,0.14,125.11,12
MED0134,Vitamin B Complex 250mg Suspension,Dermatological,Mankind,No,2026-07,367,2529,1955,445.4,1955,0,No,941,5,47.23,0.14,125.11,12
MED0135,Domperidone 1g Drops,Dermatological,Zydus,Yes,2025-08,85,352,304,63.3,304,0,No,133,5,270.11,0.26,279.51,6
MED0135,Domperidone 1g Drops,Dermatological,Zydus,Yes,2025-09,133,0,310,51.5,133,177,Yes,0,5,270.11,0.26,279.51,6
MED0135,Domperidone 1g Drops,Dermatological,Zydus,Yes,2025-10,0,374,381,88.4,374,7,Yes,0,5,270.11,0.26,279.51,6
MED0135,Domperidone 1g Drops,Dermatological,Zydus,Yes,2025-11,0,496,469,153.9,469,0,No,27,5,270.11,0.26,279.51,6
MED0135,Domperidone 1g Drops,Dermatological,Zydus,Yes,2025-12,27,577,548,124.2,548,0,No,56,5,270.11,0.26,279.51,6
MED0135,Domperidone 1g Drops,Dermatological,Zydus,Yes,2026-01,56,546,632,173.9,602,30,Yes,0,5,270.11,0.26,279.51,6
MED0135,Domperidone 1g Drops,Dermatological,Zydus,Yes,2026-02,0,617,546,186.6,546,0,No,71,5,270.11,0.26,279.51,6
MED0135,Domperidone 1g Drops,Dermatological,Zydus,Yes,2026-03,71,357,403,115.2,403,0,No,25,5,270.11,0.26,279.51,6
MED0135,Domperidone 1g Drops,Dermatological,Zydus,Yes,2026-04,25,267,329,63.5,292,37,Yes,0,5,270.11,0.26,279.51,6
MED0135,Domperidone 1g Drops,Dermatological,Zydus,Yes,2026-05,0,297,232,79.8,232,0,No,65,5,270.11,0.26,279.51,6
MED0135,Domperidone 1g Drops,Dermatological,Zydus,Yes,2026-06,65,285,243,65,243,0,No,107,5,270.11,0.26,279.51,6
MED0135,Domperidone 1g Drops,Dermatological,Zydus,Yes,2026-07,107,258,317,54.7,317,0,No,48,5,270.11,0.26,279.51,6
MED0136,Magnesium Sulphate 50mg Ointment,Emergency/Critical Care,Alkem,No,2025-08,1746,2265,2502,816.9,2502,0,No,1509,10,535.85,0.13,238.45,9
MED0136,Magnesium Sulphate 50mg Ointment,Emergency/Critical Care,Alkem,No,2025-09,1509,2404,2045,383.8,2045,0,No,1868,10,535.85,0.13,238.45,9
MED0136,Magnesium Sulphate 50mg Ointment,Emergency/Critical Care,Alkem,No,2025-10,1868,2210,2443,688.8,2443,0,No,1635,10,535.85,0.13,238.45,9
MED0136,Magnesium Sulphate 50mg Ointment,Emergency/Critical Care,Alkem,No,2025-11,1635,2952,3721,905.7,3721,0,No,866,10,535.85,0.13,238.45,9
MED0136,Magnesium Sulphate 50mg Ointment,Emergency/Critical Care,Alkem,No,2025-12,866,5191,4747,773,4747,0,No,1310,10,535.85,0.13,238.45,9
MED0136,Magnesium Sulphate 50mg Ointment,Emergency/Critical Care,Alkem,No,2026-01,1310,5249,5135,1029.8,5135,0,No,1424,10,535.85,0.13,238.45,9
MED0136,Magnesium Sulphate 50mg Ointment,Emergency/Critical Care,Alkem,No,2026-02,1424,2748,3491,1090,3491,0,No,681,10,535.85,0.13,238.45,9
MED0136,Magnesium Sulphate 50mg Ointment,Emergency/Critical Care,Alkem,No,2026-03,681,2915,2700,823.4,2700,0,No,896,10,535.85,0.13,238.45,9
MED0136,Magnesium Sulphate 50mg Ointment,Emergency/Critical Care,Alkem,No,2026-04,896,2263,1889,513.3,1889,0,No,1270,10,535.85,0.13,238.45,9
MED0136,Magnesium Sulphate 50mg Ointment,Emergency/Critical Care,Alkem,No,2026-05,1270,1334,1828,377.1,1828,0,No,776,10,535.85,0.13,238.45,9
MED0136,Magnesium Sulphate 50mg Ointment,Emergency/Critical Care,Alkem,No,2026-06,776,2308,1851,414.6,1851,0,No,1233,10,535.85,0.13,238.45,9
MED0136,Magnesium Sulphate 50mg Ointment,Emergency/Critical Care,Alkem,No,2026-07,1233,2237,2201,358.3,2201,0,No,1269,10,535.85,0.13,238.45,9
MED0137,Ivermectin 10ml Suspension,Antidiabetic,Mankind,No,2025-08,37,179,181,47.9,181,0,No,35,2,303.09,0.18,348.6,36
MED0137,Ivermectin 10ml Suspension,Antidiabetic,Mankind,No,2025-09,35,195,201,38.4,201,0,No,29,2,303.09,0.18,348.6,36
MED0137,Ivermectin 10ml Suspension,Antidiabetic,Mankind,No,2025-10,29,345,273,55.2,273,0,No,101,2,303.09,0.18,348.6,36
MED0137,Ivermectin 10ml Suspension,Antidiabetic,Mankind,No,2025-11,101,299,327,106,327,0,No,73,2,303.09,0.18,348.6,36
MED0137,Ivermectin 10ml Suspension,Antidiabetic,Mankind,No,2025-12,73,331,395,71.6,395,0,No,9,2,303.09,0.18,348.6,36
MED0137,Ivermectin 10ml Suspension,Antidiabetic,Mankind,No,2026-01,9,376,437,111.7,385,52,Yes,0,2,303.09,0.18,348.6,36
MED0137,Ivermectin 10ml Suspension,Antidiabetic,Mankind,No,2026-02,0,0,386,63.4,0,386,Yes,0,2,303.09,0.18,348.6,36
MED0137,Ivermectin 10ml Suspension,Antidiabetic,Mankind,No,2026-03,0,239,219,75.4,219,0,No,20,2,303.09,0.18,348.6,36
MED0137,Ivermectin 10ml Suspension,Antidiabetic,Mankind,No,2026-04,20,167,213,41.1,187,26,Yes,0,2,303.09,0.18,348.6,36
MED0137,Ivermectin 10ml Suspension,Antidiabetic,Mankind,No,2026-05,0,171,147,25.3,147,0,No,24,2,303.09,0.18,348.6,36
MED0137,Ivermectin 10ml Suspension,Antidiabetic,Mankind,No,2026-06,24,127,161,55.6,151,10,Yes,0,2,303.09,0.18,348.6,36
MED0137,Ivermectin 10ml Suspension,Antidiabetic,Mankind,No,2026-07,0,173,178,50.9,173,5,Yes,0,2,303.09,0.18,348.6,36
MED0138,Doxycycline 5ml Suspension,Vitamin/Supplement,Intas,Yes,2025-08,238,585,803,224.2,803,0,No,20,7,278.38,0.23,286.59,18
MED0138,Doxycycline 5ml Suspension,Vitamin/Supplement,Intas,Yes,2025-09,20,1073,843,221.3,843,0,No,250,7,278.38,0.23,286.59,18
MED0138,Doxycycline 5ml Suspension,Vitamin/Supplement,Intas,Yes,2025-10,250,408,483,104.5,483,0,No,175,7,278.38,0.23,286.59,18
MED0138,Doxycycline 5ml Suspension,Vitamin/Supplement,Intas,Yes,2025-11,175,348,415,113.2,415,0,No,108,7,278.38,0.23,286.59,18
MED0138,Doxycycline 5ml Suspension,Vitamin/Supplement,Intas,Yes,2025-12,108,372,287,43.4,287,0,No,193,7,278.38,0.23,286.59,18
MED0138,Doxycycline 5ml Suspension,Vitamin/Supplement,Intas,Yes,2026-01,193,399,342,72.4,342,0,No,250,7,278.38,0.23,286.59,18
MED0138,Doxycycline 5ml Suspension,Vitamin/Supplement,Intas,Yes,2026-02,250,217,276,86.5,276,0,No,191,7,278.38,0.23,286.59,18
MED0138,Doxycycline 5ml Suspension,Vitamin/Supplement,Intas,Yes,2026-03,191,302,346,84.3,346,0,No,147,7,278.38,0.23,286.59,18
MED0138,Doxycycline 5ml Suspension,Vitamin/Supplement,Intas,Yes,2026-04,147,453,389,117.7,389,0,No,211,7,278.38,0.23,286.59,18
MED0138,Doxycycline 5ml Suspension,Vitamin/Supplement,Intas,Yes,2026-05,211,395,506,100.7,506,0,No,100,7,278.38,0.23,286.59,18
MED0138,Doxycycline 5ml Suspension,Vitamin/Supplement,Intas,Yes,2026-06,100,910,822,222.8,822,0,No,188,7,278.38,0.23,286.59,18
MED0138,Doxycycline 5ml Suspension,Vitamin/Supplement,Intas,Yes,2026-07,188,782,860,185.8,860,0,No,110,7,278.38,0.23,286.59,18
MED0139,Metronidazole 1g Capsule,Vaccine,Mankind,No,2025-08,580,0,1524,311.5,580,944,Yes,0,10,417.01,0.22,67.63,24
MED0139,Metronidazole 1g Capsule,Vaccine,Mankind,No,2025-09,0,1071,1450,464.9,1071,379,Yes,0,10,417.01,0.22,67.63,24
MED0139,Metronidazole 1g Capsule,Vaccine,Mankind,No,2025-10,0,835,1131,217.5,835,296,Yes,0,10,417.01,0.22,67.63,24
MED0139,Metronidazole 1g Capsule,Vaccine,Mankind,No,2025-11,0,698,848,261.7,698,150,Yes,0,10,417.01,0.22,67.63,24
MED0139,Metronidazole 1g Capsule,Vaccine,Mankind,No,2025-12,0,0,815,144.1,0,815,Yes,0,10,417.01,0.22,67.63,24
MED0139,Metronidazole 1g Capsule,Vaccine,Mankind,No,2026-01,0,1052,908,255.3,908,0,No,144,10,417.01,0.22,67.63,24
MED0139,Metronidazole 1g Capsule,Vaccine,Mankind,No,2026-02,144,0,1018,316.9,144,874,Yes,0,10,417.01,0.22,67.63,24
MED0139,Metronidazole 1g Capsule,Vaccine,Mankind,No,2026-03,0,1387,1076,302.3,1076,0,No,311,10,417.01,0.22,67.63,24
MED0139,Metronidazole 1g Capsule,Vaccine,Mankind,No,2026-04,311,2194,1801,614.7,1801,0,No,704,10,417.01,0.22,67.63,24
MED0139,Metronidazole 1g Capsule,Vaccine,Mankind,No,2026-05,704,2143,2123,738.6,2123,0,No,724,10,417.01,0.22,67.63,24
MED0139,Metronidazole 1g Capsule,Vaccine,Mankind,No,2026-06,724,2967,2297,543.3,2297,0,No,1394,10,417.01,0.22,67.63,24
MED0139,Metronidazole 1g Capsule,Vaccine,Mankind,No,2026-07,1394,0,1677,454.2,1394,283,Yes,0,10,417.01,0.22,67.63,24
MED0140,Cloxacillin 100mg Capsule,Cardiac,Zydus,No,2025-08,67,0,376,86.8,67,309,Yes,0,2,749.6,0.21,134.71,9
MED0140,Cloxacillin 100mg Capsule,Cardiac,Zydus,No,2025-09,0,0,393,59.9,0,393,Yes,0,2,749.6,0.21,134.71,9
MED0140,Cloxacillin 100mg Capsule,Cardiac,Zydus,No,2025-10,0,507,465,87.3,465,0,No,42,2,749.6,0.21,134.71,9
MED0140,Cloxacillin 100mg Capsule,Cardiac,Zydus,No,2025-11,42,0,506,107.6,42,464,Yes,0,2,749.6,0.21,134.71,9
MED0140,Cloxacillin 100mg Capsule,Cardiac,Zydus,No,2025-12,0,628,737,208.1,628,109,Yes,0,2,749.6,0.21,134.71,9
MED0140,Cloxacillin 100mg Capsule,Cardiac,Zydus,No,2026-01,0,849,670,111,670,0,No,179,2,749.6,0.21,134.71,9
MED0140,Cloxacillin 100mg Capsule,Cardiac,Zydus,No,2026-02,179,0,576,116,179,397,Yes,0,2,749.6,0.21,134.71,9
MED0140,Cloxacillin 100mg Capsule,Cardiac,Zydus,No,2026-03,0,564,464,132.7,464,0,No,100,2,749.6,0.21,134.71,9
MED0140,Cloxacillin 100mg Capsule,Cardiac,Zydus,No,2026-04,100,392,358,63.3,358,0,No,134,2,749.6,0.21,134.71,9
MED0140,Cloxacillin 100mg Capsule,Cardiac,Zydus,No,2026-05,134,351,325,83.3,325,0,No,160,2,749.6,0.21,134.71,9
MED0140,Cloxacillin 100mg Capsule,Cardiac,Zydus,No,2026-06,160,298,351,93.8,351,0,No,107,2,749.6,0.21,134.71,9
MED0140,Cloxacillin 100mg Capsule,Cardiac,Zydus,No,2026-07,107,414,355,117.3,355,0,No,166,2,749.6,0.21,134.71,9
MED0141,Haloperidol 250mg Inhaler,Gastrointestinal,Glenmark,No,2025-08,832,0,494,131.6,494,0,No,338,21,681.21,0.15,328.48,24
MED0141,Haloperidol 250mg Inhaler,Gastrointestinal,Glenmark,No,2025-09,338,0,649,202.7,338,311,Yes,0,21,681.21,0.15,328.48,24
MED0141,Haloperidol 250mg Inhaler,Gastrointestinal,Glenmark,No,2025-10,0,364,505,135.8,364,141,Yes,0,21,681.21,0.15,328.48,24
MED0141,Haloperidol 250mg Inhaler,Gastrointestinal,Glenmark,No,2025-11,0,0,577,131.3,0,577,Yes,0,21,681.21,0.15,328.48,24
MED0141,Haloperidol 250mg Inhaler,Gastrointestinal,Glenmark,No,2025-12,0,741,621,206.8,621,0,No,120,21,681.21,0.15,328.48,24
MED0141,Haloperidol 250mg Inhaler,Gastrointestinal,Glenmark,No,2026-01,120,603,521,105.6,521,0,No,202,21,681.21,0.15,328.48,24
MED0141,Haloperidol 250mg Inhaler,Gastrointestinal,Glenmark,No,2026-02,202,699,646,189.5,646,0,No,255,21,681.21,0.15,328.48,24
MED0141,Haloperidol 250mg Inhaler,Gastrointestinal,Glenmark,No,2026-03,255,0,550,129.3,255,295,Yes,0,21,681.21,0.15,328.48,24
MED0141,Haloperidol 250mg Inhaler,Gastrointestinal,Glenmark,No,2026-04,0,504,489,141.4,489,0,No,15,21,681.21,0.15,328.48,24
MED0141,Haloperidol 250mg Inhaler,Gastrointestinal,Glenmark,No,2026-05,15,568,579,119,579,0,No,4,21,681.21,0.15,328.48,24
MED0141,Haloperidol 250mg Inhaler,Gastrointestinal,Glenmark,No,2026-06,4,584,550,172.8,550,0,No,38,21,681.21,0.15,328.48,24
MED0141,Haloperidol 250mg Inhaler,Gastrointestinal,Glenmark,No,2026-07,38,549,637,205.9,587,50,Yes,0,21,681.21,0.15,328.48,24
MED0142,Tetanus Toxoid 10mg Syrup,Antidiabetic,Zydus,No,2025-08,96,836,768,158,768,0,No,164,4,139.23,0.23,147.29,9
MED0142,Tetanus Toxoid 10mg Syrup,Antidiabetic,Zydus,No,2025-09,164,650,603,106.8,603,0,No,211,4,139.23,0.23,147.29,9
MED0142,Tetanus Toxoid 10mg Syrup,Antidiabetic,Zydus,No,2025-10,211,484,590,189.9,590,0,No,105,4,139.23,0.23,147.29,9
MED0142,Tetanus Toxoid 10mg Syrup,Antidiabetic,Zydus,No,2025-11,105,568,455,90.1,455,0,No,218,4,139.23,0.23,147.29,9
MED0142,Tetanus Toxoid 10mg Syrup,Antidiabetic,Zydus,No,2025-12,218,328,458,136.3,458,0,No,88,4,139.23,0.23,147.29,9
MED0142,Tetanus Toxoid 10mg Syrup,Antidiabetic,Zydus,No,2026-01,88,297,359,92.5,359,0,No,26,4,139.23,0.23,147.29,9
MED0142,Tetanus Toxoid 10mg Syrup,Antidiabetic,Zydus,No,2026-02,26,591,515,160.7,515,0,No,102,4,139.23,0.23,147.29,9
MED0142,Tetanus Toxoid 10mg Syrup,Antidiabetic,Zydus,No,2026-03,102,780,603,172.3,603,0,No,279,4,139.23,0.23,147.29,9
MED0142,Tetanus Toxoid 10mg Syrup,Antidiabetic,Zydus,No,2026-04,279,703,855,198.5,855,0,No,127,4,139.23,0.23,147.29,9
MED0142,Tetanus Toxoid 10mg Syrup,Antidiabetic,Zydus,No,2026-05,127,1002,1241,413.8,1129,112,Yes,0,4,139.23,0.23,147.29,9
MED0142,Tetanus Toxoid 10mg Syrup,Antidiabetic,Zydus,No,2026-06,0,867,1032,248.7,867,165,Yes,0,4,139.23,0.23,147.29,9
MED0142,Tetanus Toxoid 10mg Syrup,Antidiabetic,Zydus,No,2026-07,0,1129,960,145.5,960,0,No,169,4,139.23,0.23,147.29,9
MED0143,Prednisolone 10mg Suspension,Analgesic,Dr Reddy's,No,2025-08,573,2453,2536,719.7,2536,0,No,490,5,485.2,0.24,94.2,36
MED0143,Prednisolone 10mg Suspension,Analgesic,Dr Reddy's,No,2025-09,490,2094,2346,744.1,2346,0,No,238,5,485.2,0.24,94.2,36
MED0143,Prednisolone 10mg Suspension,Analgesic,Dr Reddy's,No,2025-10,238,0,2167,356.2,238,1929,Yes,0,5,485.2,0.24,94.2,36
MED0143,Prednisolone 10mg Suspension,Analgesic,Dr Reddy's,No,2025-11,0,2903,2521,404.2,2521,0,No,382,5,485.2,0.24,94.2,36
MED0143,Prednisolone 10mg Suspension,Analgesic,Dr Reddy's,No,2025-12,382,1956,2308,698.5,2308,0,No,30,5,485.2,0.24,94.2,36
MED0143,Prednisolone 10mg Suspension,Analgesic,Dr Reddy's,No,2026-01,30,2171,2628,787.2,2201,427,Yes,0,5,485.2,0.24,94.2,36
MED0143,Prednisolone 10mg Suspension,Analgesic,Dr Reddy's,No,2026-02,0,1989,2475,827.3,1989,486,Yes,0,5,485.2,0.24,94.2,36
MED0143,Prednisolone 10mg Suspension,Analgesic,Dr Reddy's,No,2026-03,0,2958,2594,610.7,2594,0,No,364,5,485.2,0.24,94.2,36
MED0143,Prednisolone 10mg Suspension,Analgesic,Dr Reddy's,No,2026-04,364,2641,2471,772.9,2471,0,No,534,5,485.2,0.24,94.2,36
MED0143,Prednisolone 10mg Suspension,Analgesic,Dr Reddy's,No,2026-05,534,1722,2202,698.5,2202,0,No,54,5,485.2,0.24,94.2,36
MED0143,Prednisolone 10mg Suspension,Analgesic,Dr Reddy's,No,2026-06,54,2776,2451,494.6,2451,0,No,379,5,485.2,0.24,94.2,36
MED0143,Prednisolone 10mg Suspension,Analgesic,Dr Reddy's,No,2026-07,379,2585,2194,713.9,2194,0,No,770,5,485.2,0.24,94.2,36
MED0144,Nitroglycerin 5mg Ointment,Antibiotic,Zydus,No,2025-08,94,399,364,66.1,364,0,No,129,7,98.07,0.22,330.3,18
MED0144,Nitroglycerin 5mg Ointment,Antibiotic,Zydus,No,2025-09,129,0,341,59.5,129,212,Yes,0,7,98.07,0.22,330.3,18
MED0144,Nitroglycerin 5mg Ointment,Antibiotic,Zydus,No,2025-10,0,138,188,56.2,138,50,Yes,0,7,98.07,0.22,330.3,18
MED0144,Nitroglycerin 5mg Ointment,Antibiotic,Zydus,No,2025-11,0,212,171,28.5,171,0,No,41,7,98.07,0.22,330.3,18
MED0144,Nitroglycerin 5mg Ointment,Antibiotic,Zydus,No,2025-12,41,181,152,51,152,0,No,70,7,98.07,0.22,330.3,18
MED0144,Nitroglycerin 5mg Ointment,Antibiotic,Zydus,No,2026-01,70,131,147,31,147,0,No,54,7,98.07,0.22,330.3,18
MED0144,Nitroglycerin 5mg Ointment,Antibiotic,Zydus,No,2026-02,54,146,149,27.5,149,0,No,51,7,98.07,0.22,330.3,18
MED0144,Nitroglycerin 5mg Ointment,Antibiotic,Zydus,No,2026-03,51,176,154,41.2,154,0,No,73,7,98.07,0.22,330.3,18
MED0144,Nitroglycerin 5mg Ointment,Antibiotic,Zydus,No,2026-04,73,163,201,53.6,201,0,No,35,7,98.07,0.22,330.3,18
MED0144,Nitroglycerin 5mg Ointment,Antibiotic,Zydus,No,2026-05,35,0,268,53.5,35,233,Yes,0,7,98.07,0.22,330.3,18
MED0144,Nitroglycerin 5mg Ointment,Antibiotic,Zydus,No,2026-06,0,277,387,71.6,277,110,Yes,0,7,98.07,0.22,330.3,18
MED0144,Nitroglycerin 5mg Ointment,Antibiotic,Zydus,No,2026-07,0,0,363,67,0,363,Yes,0,7,98.07,0.22,330.3,18
MED0145,Heparin 2.5mg Suspension,Antibiotic,Sun Pharma,No,2025-08,250,1148,1387,311.6,1387,0,No,11,3,49.55,0.24,182.54,9
MED0145,Heparin 2.5mg Suspension,Antibiotic,Sun Pharma,No,2025-09,11,1135,1193,214.9,1146,47,Yes,0,3,49.55,0.24,182.54,9
MED0145,Heparin 2.5mg Suspension,Antibiotic,Sun Pharma,No,2025-10,0,1401,1302,393.6,1302,0,No,99,3,49.55,0.24,182.54,9
MED0145,Heparin 2.5mg Suspension,Antibiotic,Sun Pharma,No,2025-11,99,1610,1424,298.8,1424,0,No,285,3,49.55,0.24,182.54,9
MED0145,Heparin 2.5mg Suspension,Antibiotic,Sun Pharma,No,2025-12,285,1276,1302,241.8,1302,0,No,259,3,49.55,0.24,182.54,9
MED0145,Heparin 2.5mg Suspension,Antibiotic,Sun Pharma,No,2026-01,259,1422,1229,228.2,1229,0,No,452,3,49.55,0.24,182.54,9
MED0145,Heparin 2.5mg Suspension,Antibiotic,Sun Pharma,No,2026-02,452,978,1252,358.1,1252,0,No,178,3,49.55,0.24,182.54,9
MED0145,Heparin 2.5mg Suspension,Antibiotic,Sun Pharma,No,2026-03,178,840,1165,301.2,1018,147,Yes,0,3,49.55,0.24,182.54,9
MED0145,Heparin 2.5mg Suspension,Antibiotic,Sun Pharma,No,2026-04,0,1262,1442,347.5,1262,180,Yes,0,3,49.55,0.24,182.54,9
MED0145,Heparin 2.5mg Suspension,Antibiotic,Sun Pharma,No,2026-05,0,1077,1136,350.2,1077,59,Yes,0,3,49.55,0.24,182.54,9
MED0145,Heparin 2.5mg Suspension,Antibiotic,Sun Pharma,No,2026-06,0,1580,1431,450.4,1431,0,No,149,3,49.55,0.24,182.54,9
MED0145,Heparin 2.5mg Suspension,Antibiotic,Sun Pharma,No,2026-07,149,0,1235,323.3,149,1086,Yes,0,3,49.55,0.24,182.54,9
MED0146,Risperidone 5ml Drops,Vitamin/Supplement,Zydus,No,2025-08,204,546,649,203.4,649,0,No,101,4,81.29,0.23,59.31,6
MED0146,Risperidone 5ml Drops,Vitamin/Supplement,Zydus,No,2025-09,101,619,710,174.8,710,0,No,10,4,81.29,0.23,59.31,6
MED0146,Risperidone 5ml Drops,Vitamin/Supplement,Zydus,No,2025-10,10,0,770,161.4,10,760,Yes,0,4,81.29,0.23,59.31,6
MED0146,Risperidone 5ml Drops,Vitamin/Supplement,Zydus,No,2025-11,0,814,638,108.6,638,0,No,176,4,81.29,0.23,59.31,6
MED0146,Risperidone 5ml Drops,Vitamin/Supplement,Zydus,No,2025-12,176,0,733,185.1,176,557,Yes,0,4,81.29,0.23,59.31,6
MED0146,Risperidone 5ml Drops,Vitamin/Supplement,Zydus,No,2026-01,0,958,761,136.2,761,0,No,197,4,81.29,0.23,59.31,6
MED0146,Risperidone 5ml Drops,Vitamin/Supplement,Zydus,No,2026-02,197,0,681,206.3,197,484,Yes,0,4,81.29,0.23,59.31,6
MED0146,Risperidone 5ml Drops,Vitamin/Supplement,Zydus,No,2026-03,0,579,721,124.1,579,142,Yes,0,4,81.29,0.23,59.31,6
MED0146,Risperidone 5ml Drops,Vitamin/Supplement,Zydus,No,2026-04,0,788,721,168.4,721,0,No,67,4,81.29,0.23,59.31,6
MED0146,Risperidone 5ml Drops,Vitamin/Supplement,Zydus,No,2026-05,67,727,844,194.2,794,50,Yes,0,4,81.29,0.23,59.31,6
MED0146,Risperidone 5ml Drops,Vitamin/Supplement,Zydus,No,2026-06,0,654,829,219.1,654,175,Yes,0,4,81.29,0.23,59.31,6
MED0146,Risperidone 5ml Drops,Vitamin/Supplement,Zydus,No,2026-07,0,908,738,151.8,738,0,No,170,4,81.29,0.23,59.31,6
MED0147,Multivitamin 500mg Suspension,Cardiac,Cadila,No,2025-08,130,1071,874,170.4,874,0,No,327,4,105,0.26,179.43,12
MED0147,Multivitamin 500mg Suspension,Cardiac,Cadila,No,2025-09,327,1035,877,190.2,877,0,No,485,4,105,0.26,179.43,12
MED0147,Multivitamin 500mg Suspension,Cardiac,Cadila,No,2025-10,485,812,902,219.7,902,0,No,395,4,105,0.26,179.43,12
MED0147,Multivitamin 500mg Suspension,Cardiac,Cadila,No,2025-11,395,1002,990,251.5,990,0,No,407,4,105,0.26,179.43,12
MED0147,Multivitamin 500mg Suspension,Cardiac,Cadila,No,2025-12,407,990,942,205.4,942,0,No,455,4,105,0.26,179.43,12
MED0147,Multivitamin 500mg Suspension,Cardiac,Cadila,No,2026-01,455,842,913,267.1,913,0,No,384,4,105,0.26,179.43,12
MED0147,Multivitamin 500mg Suspension,Cardiac,Cadila,No,2026-02,384,815,759,259.3,759,0,No,440,4,105,0.26,179.43,12
MED0147,Multivitamin 500mg Suspension,Cardiac,Cadila,No,2026-03,440,1052,913,236.7,913,0,No,579,4,105,0.26,179.43,12
MED0147,Multivitamin 500mg Suspension,Cardiac,Cadila,No,2026-04,579,729,949,247.3,949,0,No,359,4,105,0.26,179.43,12
MED0147,Multivitamin 500mg Suspension,Cardiac,Cadila,No,2026-05,359,968,761,165.8,761,0,No,566,4,105,0.26,179.43,12
MED0147,Multivitamin 500mg Suspension,Cardiac,Cadila,No,2026-06,566,755,944,266.2,944,0,No,377,4,105,0.26,179.43,12
MED0147,Multivitamin 500mg Suspension,Cardiac,Cadila,No,2026-07,377,0,994,223.7,377,617,Yes,0,4,105,0.26,179.43,12
MED0148,Amlodipine 5mg Drops,Gastrointestinal,Cadila,Yes,2025-08,295,0,907,297,295,612,Yes,0,5,544.94,0.15,231.87,9
MED0148,Amlodipine 5mg Drops,Gastrointestinal,Cadila,Yes,2025-09,0,0,967,197.6,0,967,Yes,0,5,544.94,0.15,231.87,9
MED0148,Amlodipine 5mg Drops,Gastrointestinal,Cadila,Yes,2025-10,0,1176,1126,363.4,1126,0,No,50,5,544.94,0.15,231.87,9
MED0148,Amlodipine 5mg Drops,Gastrointestinal,Cadila,Yes,2025-11,50,1495,1450,445.5,1450,0,No,95,5,544.94,0.15,231.87,9
MED0148,Amlodipine 5mg Drops,Gastrointestinal,Cadila,Yes,2025-12,95,0,1860,649.6,95,1765,Yes,0,5,544.94,0.15,231.87,9
MED0148,Amlodipine 5mg Drops,Gastrointestinal,Cadila,Yes,2026-01,0,2044,1915,478.7,1915,0,No,129,5,544.94,0.15,231.87,9
MED0148,Amlodipine 5mg Drops,Gastrointestinal,Cadila,Yes,2026-02,129,1024,1237,310.8,1153,84,Yes,0,5,544.94,0.15,231.87,9
MED0148,Amlodipine 5mg Drops,Gastrointestinal,Cadila,Yes,2026-03,0,912,997,336.9,912,85,Yes,0,5,544.94,0.15,231.87,9
MED0148,Amlodipine 5mg Drops,Gastrointestinal,Cadila,Yes,2026-04,0,945,801,203.4,801,0,No,144,5,544.94,0.15,231.87,9
MED0148,Amlodipine 5mg Drops,Gastrointestinal,Cadila,Yes,2026-05,144,634,703,220.4,703,0,No,75,5,544.94,0.15,231.87,9
MED0148,Amlodipine 5mg Drops,Gastrointestinal,Cadila,Yes,2026-06,75,548,747,219.3,623,124,Yes,0,5,544.94,0.15,231.87,9
MED0148,Amlodipine 5mg Drops,Gastrointestinal,Cadila,Yes,2026-07,0,760,689,142.7,689,0,No,71,5,544.94,0.15,231.87,9
MED0149,Diazepam 5mg Syrup,Cardiac,Lupin,No,2025-08,65,839,826,167.7,826,0,No,78,4,517.05,0.2,122.47,18
MED0149,Diazepam 5mg Syrup,Cardiac,Lupin,No,2025-09,78,0,614,200.7,78,536,Yes,0,4,517.05,0.2,122.47,18
MED0149,Diazepam 5mg Syrup,Cardiac,Lupin,No,2025-10,0,371,424,135.6,371,53,Yes,0,4,517.05,0.2,122.47,18
MED0149,Diazepam 5mg Syrup,Cardiac,Lupin,No,2025-11,0,405,328,95.6,328,0,No,77,4,517.05,0.2,122.47,18
MED0149,Diazepam 5mg Syrup,Cardiac,Lupin,No,2025-12,77,0,274,95.8,77,197,Yes,0,4,517.05,0.2,122.47,18
MED0149,Diazepam 5mg Syrup,Cardiac,Lupin,No,2026-01,0,181,247,77.7,181,66,Yes,0,4,517.05,0.2,122.47,18
MED0149,Diazepam 5mg Syrup,Cardiac,Lupin,No,2026-02,0,284,265,62.3,265,0,No,19,4,517.05,0.2,122.47,18
MED0149,Diazepam 5mg Syrup,Cardiac,Lupin,No,2026-03,19,367,309,77.5,309,0,No,77,4,517.05,0.2,122.47,18
MED0149,Diazepam 5mg Syrup,Cardiac,Lupin,No,2026-04,77,267,363,125.8,344,19,Yes,0,4,517.05,0.2,122.47,18
MED0149,Diazepam 5mg Syrup,Cardiac,Lupin,No,2026-05,0,334,413,75.9,334,79,Yes,0,4,517.05,0.2,122.47,18
MED0149,Diazepam 5mg Syrup,Cardiac,Lupin,No,2026-06,0,654,722,121.8,654,68,Yes,0,4,517.05,0.2,122.47,18
MED0149,Diazepam 5mg Syrup,Cardiac,Lupin,No,2026-07,0,0,915,310.2,0,915,Yes,0,4,517.05,0.2,122.47,18
MED0150,Chlorhexidine 250mg Ointment,Anesthetic,Torrent,No,2025-08,2956,1589,2134,707.9,2134,0,No,2411,21,106.95,0.14,244.19,18
MED0150,Chlorhexidine 250mg Ointment,Anesthetic,Torrent,No,2025-09,2411,2452,2198,498.3,2198,0,No,2665,21,106.95,0.14,244.19,18
MED0150,Chlorhexidine 250mg Ointment,Anesthetic,Torrent,No,2025-10,2665,0,2764,617.2,2665,99,Yes,0,21,106.95,0.14,244.19,18
MED0150,Chlorhexidine 250mg Ointment,Anesthetic,Torrent,No,2025-11,0,2619,2844,436.4,2619,225,Yes,0,21,106.95,0.14,244.19,18
MED0150,Chlorhexidine 250mg Ointment,Anesthetic,Torrent,No,2025-12,0,2717,2124,611.4,2124,0,No,593,21,106.95,0.14,244.19,18
MED0150,Chlorhexidine 250mg Ointment,Anesthetic,Torrent,No,2026-01,593,2420,2236,416.5,2236,0,No,777,21,106.95,0.14,244.19,18
MED0150,Chlorhexidine 250mg Ointment,Anesthetic,Torrent,No,2026-02,777,2890,2668,496.8,2668,0,No,999,21,106.95,0.14,244.19,18
MED0150,Chlorhexidine 250mg Ointment,Anesthetic,Torrent,No,2026-03,999,3536,2749,709.3,2749,0,No,1786,21,106.95,0.14,244.19,18
MED0150,Chlorhexidine 250mg Ointment,Anesthetic,Torrent,No,2026-04,1786,2819,2551,824.9,2551,0,No,2054,21,106.95,0.14,244.19,18
MED0150,Chlorhexidine 250mg Ointment,Anesthetic,Torrent,No,2026-05,2054,0,2526,380.7,2054,472,Yes,0,21,106.95,0.14,244.19,18
MED0150,Chlorhexidine 250mg Ointment,Anesthetic,Torrent,No,2026-06,0,2000,2266,424.2,2000,266,Yes,0,21,106.95,0.14,244.19,18
MED0150,Chlorhexidine 250mg Ointment,Anesthetic,Torrent,No,2026-07,0,0,2385,558.3,0,2385,Yes,0,21,106.95,0.14,244.19,18
MED0151,Streptokinase 100mg Syrup,Neuro/Psychiatric,Aurobindo,No,2025-08,387,1773,1641,422.5,1641,0,No,519,7,660.19,0.2,159.77,6
MED0151,Streptokinase 100mg Syrup,Neuro/Psychiatric,Aurobindo,No,2025-09,519,2179,1713,403.5,1713,0,No,985,7,660.19,0.2,159.77,6
MED0151,Streptokinase 100mg Syrup,Neuro/Psychiatric,Aurobindo,No,2025-10,985,1385,1718,404.1,1718,0,No,652,7,660.19,0.2,159.77,6
MED0151,Streptokinase 100mg Syrup,Neuro/Psychiatric,Aurobindo,No,2025-11,652,1995,1588,549.9,1588,0,No,1059,7,660.19,0.2,159.77,6
MED0151,Streptokinase 100mg Syrup,Neuro/Psychiatric,Aurobindo,No,2025-12,1059,1099,1516,530.2,1516,0,No,642,7,660.19,0.2,159.77,6
MED0151,Streptokinase 100mg Syrup,Neuro/Psychiatric,Aurobindo,No,2026-01,642,0,1600,327.9,642,958,Yes,0,7,660.19,0.2,159.77,6
MED0151,Streptokinase 100mg Syrup,Neuro/Psychiatric,Aurobindo,No,2026-02,0,1492,1710,350.8,1492,218,Yes,0,7,660.19,0.2,159.77,6
MED0151,Streptokinase 100mg Syrup,Neuro/Psychiatric,Aurobindo,No,2026-03,0,1502,1416,488.2,1416,0,No,86,7,660.19,0.2,159.77,6
MED0151,Streptokinase 100mg Syrup,Neuro/Psychiatric,Aurobindo,No,2026-04,86,1779,1611,422.2,1611,0,No,254,7,660.19,0.2,159.77,6
MED0151,Streptokinase 100mg Syrup,Neuro/Psychiatric,Aurobindo,No,2026-05,254,1554,1514,488.2,1514,0,No,294,7,660.19,0.2,159.77,6
MED0151,Streptokinase 100mg Syrup,Neuro/Psychiatric,Aurobindo,No,2026-06,294,1933,1770,486.9,1770,0,No,457,7,660.19,0.2,159.77,6
MED0151,Streptokinase 100mg Syrup,Neuro/Psychiatric,Aurobindo,No,2026-07,457,1377,1718,582.2,1718,0,No,116,7,660.19,0.2,159.77,6
MED0152,Tetanus Toxoid 250mg Suspension,Respiratory,Alkem,Yes,2025-08,151,0,2239,437.6,151,2088,Yes,0,2,68.29,0.23,62.35,6
MED0152,Tetanus Toxoid 250mg Suspension,Respiratory,Alkem,Yes,2025-09,0,1655,1760,605,1655,105,Yes,0,2,68.29,0.23,62.35,6
MED0152,Tetanus Toxoid 250mg Suspension,Respiratory,Alkem,Yes,2025-10,0,823,1078,238.5,823,255,Yes,0,2,68.29,0.23,62.35,6
MED0152,Tetanus Toxoid 250mg Suspension,Respiratory,Alkem,Yes,2025-11,0,759,1036,362.1,759,277,Yes,0,2,68.29,0.23,62.35,6
MED0152,Tetanus Toxoid 250mg Suspension,Respiratory,Alkem,Yes,2025-12,0,661,751,182,661,90,Yes,0,2,68.29,0.23,62.35,6
MED0152,Tetanus Toxoid 250mg Suspension,Respiratory,Alkem,Yes,2026-01,0,778,720,219.5,720,0,No,58,2,68.29,0.23,62.35,6
MED0152,Tetanus Toxoid 250mg Suspension,Respiratory,Alkem,Yes,2026-02,58,615,765,253.8,673,92,Yes,0,2,68.29,0.23,62.35,6
MED0152,Tetanus Toxoid 250mg Suspension,Respiratory,Alkem,Yes,2026-03,0,0,847,216.1,0,847,Yes,0,2,68.29,0.23,62.35,6
MED0152,Tetanus Toxoid 250mg Suspension,Respiratory,Alkem,Yes,2026-04,0,929,1035,275.7,929,106,Yes,0,2,68.29,0.23,62.35,6
MED0152,Tetanus Toxoid 250mg Suspension,Respiratory,Alkem,Yes,2026-05,0,1460,1336,456.6,1336,0,No,124,2,68.29,0.23,62.35,6
MED0152,Tetanus Toxoid 250mg Suspension,Respiratory,Alkem,Yes,2026-06,124,1303,1708,278.9,1427,281,Yes,0,2,68.29,0.23,62.35,6
MED0152,Tetanus Toxoid 250mg Suspension,Respiratory,Alkem,Yes,2026-07,0,2156,1922,354.2,1922,0,No,234,2,68.29,0.23,62.35,6
MED0153,Atorvastatin 10ml Ointment,Cardiac,Lupin,No,2025-08,1140,4477,4727,881.6,4727,0,No,890,7,529.27,0.15,93.97,36
MED0153,Atorvastatin 10ml Ointment,Cardiac,Lupin,No,2025-09,890,2756,3923,1369.2,3646,277,Yes,0,7,529.27,0.15,93.97,36
MED0153,Atorvastatin 10ml Ointment,Cardiac,Lupin,No,2025-10,0,2907,3346,546.4,2907,439,Yes,0,7,529.27,0.15,93.97,36
MED0153,Atorvastatin 10ml Ointment,Cardiac,Lupin,No,2025-11,0,0,2532,426.2,0,2532,Yes,0,7,529.27,0.15,93.97,36
MED0153,Atorvastatin 10ml Ointment,Cardiac,Lupin,No,2025-12,0,2940,2603,882.1,2603,0,No,337,7,529.27,0.15,93.97,36
MED0153,Atorvastatin 10ml Ointment,Cardiac,Lupin,No,2026-01,337,0,2426,491.4,337,2089,Yes,0,7,529.27,0.15,93.97,36
MED0153,Atorvastatin 10ml Ointment,Cardiac,Lupin,No,2026-02,0,1645,2232,491.3,1645,587,Yes,0,7,529.27,0.15,93.97,36
MED0153,Atorvastatin 10ml Ointment,Cardiac,Lupin,No,2026-03,0,2391,3050,533.4,2391,659,Yes,0,7,529.27,0.15,93.97,36
MED0153,Atorvastatin 10ml Ointment,Cardiac,Lupin,No,2026-04,0,3744,4930,1324.3,3744,1186,Yes,0,7,529.27,0.15,93.97,36
MED0153,Atorvastatin 10ml Ointment,Cardiac,Lupin,No,2026-05,0,4901,6028,966,4901,1127,Yes,0,7,529.27,0.15,93.97,36
MED0153,Atorvastatin 10ml Ointment,Cardiac,Lupin,No,2026-06,0,5868,6110,1763.1,5868,242,Yes,0,7,529.27,0.15,93.97,36
MED0153,Atorvastatin 10ml Ointment,Cardiac,Lupin,No,2026-07,0,5371,4710,1499.4,4710,0,No,661,7,529.27,0.15,93.97,36
MED0154,Morphine 10mg Syrup,Dermatological,Zydus,No,2025-08,2108,1663,2201,461,2201,0,No,1570,21,534.05,0.12,119.18,6
MED0154,Morphine 10mg Syrup,Dermatological,Zydus,No,2025-09,1570,1709,1705,293.8,1705,0,No,1574,21,534.05,0.12,119.18,6
MED0154,Morphine 10mg Syrup,Dermatological,Zydus,No,2025-10,1574,1783,1401,276.2,1401,0,No,1956,21,534.05,0.12,119.18,6
MED0154,Morphine 10mg Syrup,Dermatological,Zydus,No,2025-11,1956,834,1122,356.2,1122,0,No,1668,21,534.05,0.12,119.18,6
MED0154,Morphine 10mg Syrup,Dermatological,Zydus,No,2025-12,1668,1119,863,225.9,863,0,No,1924,21,534.05,0.12,119.18,6
MED0154,Morphine 10mg Syrup,Dermatological,Zydus,No,2026-01,1924,596,848,185.7,848,0,No,1672,21,534.05,0.12,119.18,6
MED0154,Morphine 10mg Syrup,Dermatological,Zydus,No,2026-02,1672,850,848,221.4,848,0,No,1674,21,534.05,0.12,119.18,6
MED0154,Morphine 10mg Syrup,Dermatological,Zydus,No,2026-03,1674,875,1110,305.9,1110,0,No,1439,21,534.05,0.12,119.18,6
MED0154,Morphine 10mg Syrup,Dermatological,Zydus,No,2026-04,1439,1015,1248,355.7,1248,0,No,1206,21,534.05,0.12,119.18,6
MED0154,Morphine 10mg Syrup,Dermatological,Zydus,No,2026-05,1206,1412,1590,248.7,1590,0,No,1028,21,534.05,0.12,119.18,6
MED0154,Morphine 10mg Syrup,Dermatological,Zydus,No,2026-06,1028,2121,2219,705.5,2219,0,No,930,21,534.05,0.12,119.18,6
MED0154,Morphine 10mg Syrup,Dermatological,Zydus,No,2026-07,930,2642,2743,841.5,2743,0,No,829,21,534.05,0.12,119.18,6
MED0155,Carbamazepine 100mg Drops,Neuro/Psychiatric,Biocon,No,2025-08,270,0,1460,428.1,270,1190,Yes,0,4,783.99,0.22,220.55,18
MED0155,Carbamazepine 100mg Drops,Neuro/Psychiatric,Biocon,No,2025-09,0,1670,1396,222.4,1396,0,No,274,4,783.99,0.22,220.55,18
MED0155,Carbamazepine 100mg Drops,Neuro/Psychiatric,Biocon,No,2025-10,274,1083,1286,366.6,1286,0,No,71,4,783.99,0.22,220.55,18
MED0155,Carbamazepine 100mg Drops,Neuro/Psychiatric,Biocon,No,2025-11,71,1334,1587,547.5,1405,182,Yes,0,4,783.99,0.22,220.55,18
MED0155,Carbamazepine 100mg Drops,Neuro/Psychiatric,Biocon,No,2025-12,0,1498,1320,237.1,1320,0,No,178,4,783.99,0.22,220.55,18
MED0155,Carbamazepine 100mg Drops,Neuro/Psychiatric,Biocon,No,2026-01,178,1654,1578,342.8,1578,0,No,254,4,783.99,0.22,220.55,18
MED0155,Carbamazepine 100mg Drops,Neuro/Psychiatric,Biocon,No,2026-02,254,1347,1492,441.3,1492,0,No,109,4,783.99,0.22,220.55,18
MED0155,Carbamazepine 100mg Drops,Neuro/Psychiatric,Biocon,No,2026-03,109,1064,1407,270.6,1173,234,Yes,0,4,783.99,0.22,220.55,18
MED0155,Carbamazepine 100mg Drops,Neuro/Psychiatric,Biocon,No,2026-04,0,1642,1431,225.1,1431,0,No,211,4,783.99,0.22,220.55,18
MED0155,Carbamazepine 100mg Drops,Neuro/Psychiatric,Biocon,No,2026-05,211,1490,1421,403.1,1421,0,No,280,4,783.99,0.22,220.55,18
MED0155,Carbamazepine 100mg Drops,Neuro/Psychiatric,Biocon,No,2026-06,280,2175,1706,263.2,1706,0,No,749,4,783.99,0.22,220.55,18
MED0155,Carbamazepine 100mg Drops,Neuro/Psychiatric,Biocon,No,2026-07,749,1336,1663,305.3,1663,0,No,422,4,783.99,0.22,220.55,18
MED0156,Pantoprazole 50mg Drops,Vaccine,Zydus,Yes,2025-08,190,1137,1021,217.9,1021,0,No,306,5,311.23,0.15,124.88,12
MED0156,Pantoprazole 50mg Drops,Vaccine,Zydus,Yes,2025-09,306,605,820,263.1,820,0,No,91,5,311.23,0.15,124.88,12
MED0156,Pantoprazole 50mg Drops,Vaccine,Zydus,Yes,2025-10,91,712,559,110.2,559,0,No,244,5,311.23,0.15,124.88,12
MED0156,Pantoprazole 50mg Drops,Vaccine,Zydus,Yes,2025-11,244,392,467,107.8,467,0,No,169,5,311.23,0.15,124.88,12
MED0156,Pantoprazole 50mg Drops,Vaccine,Zydus,Yes,2025-12,169,254,363,62.7,363,0,No,60,5,311.23,0.15,124.88,12
MED0156,Pantoprazole 50mg Drops,Vaccine,Zydus,Yes,2026-01,60,386,340,66,340,0,No,106,5,311.23,0.15,124.88,12
MED0156,Pantoprazole 50mg Drops,Vaccine,Zydus,Yes,2026-02,106,284,343,57.8,343,0,No,47,5,311.23,0.15,124.88,12
MED0156,Pantoprazole 50mg Drops,Vaccine,Zydus,Yes,2026-03,47,458,424,134.4,424,0,No,81,5,311.23,0.15,124.88,12
MED0156,Pantoprazole 50mg Drops,Vaccine,Zydus,Yes,2026-04,81,488,485,162.7,485,0,No,84,5,311.23,0.15,124.88,12
MED0156,Pantoprazole 50mg Drops,Vaccine,Zydus,Yes,2026-05,84,611,565,136.7,565,0,No,130,5,311.23,0.15,124.88,12
MED0156,Pantoprazole 50mg Drops,Vaccine,Zydus,Yes,2026-06,130,889,900,153.6,900,0,No,119,5,311.23,0.15,124.88,12
MED0156,Pantoprazole 50mg Drops,Vaccine,Zydus,Yes,2026-07,119,1028,1138,299.6,1138,0,No,9,5,311.23,0.15,124.88,12
MED0157,Atorvastatin 10ml Injection,Vitamin/Supplement,Intas,No,2025-08,356,0,1700,479.1,356,1344,Yes,0,4,435.44,0.22,108.53,36
MED0157,Atorvastatin 10ml Injection,Vitamin/Supplement,Intas,No,2025-09,0,1834,1437,300.6,1437,0,No,397,4,435.44,0.22,108.53,36
MED0157,Atorvastatin 10ml Injection,Vitamin/Supplement,Intas,No,2025-10,397,1268,1042,221.2,1042,0,No,623,4,435.44,0.22,108.53,36
MED0157,Atorvastatin 10ml Injection,Vitamin/Supplement,Intas,No,2025-11,623,870,982,293.4,982,0,No,511,4,435.44,0.22,108.53,36
MED0157,Atorvastatin 10ml Injection,Vitamin/Supplement,Intas,No,2025-12,511,657,905,200.3,905,0,No,263,4,435.44,0.22,108.53,36
MED0157,Atorvastatin 10ml Injection,Vitamin/Supplement,Intas,No,2026-01,263,782,814,232.7,814,0,No,231,4,435.44,0.22,108.53,36
MED0157,Atorvastatin 10ml Injection,Vitamin/Supplement,Intas,No,2026-02,231,1021,1020,193.3,1020,0,No,232,4,435.44,0.22,108.53,36
MED0157,Atorvastatin 10ml Injection,Vitamin/Supplement,Intas,No,2026-03,232,1576,1451,293.3,1451,0,No,357,4,435.44,0.22,108.53,36
MED0157,Atorvastatin 10ml Injection,Vitamin/Supplement,Intas,No,2026-04,357,0,1602,472.5,357,1245,Yes,0,4,435.44,0.22,108.53,36
MED0157,Atorvastatin 10ml Injection,Vitamin/Supplement,Intas,No,2026-05,0,2403,2813,912.9,2403,410,Yes,0,4,435.44,0.22,108.53,36
MED0157,Atorvastatin 10ml Injection,Vitamin/Supplement,Intas,No,2026-06,0,1979,2222,491.6,1979,243,Yes,0,4,435.44,0.22,108.53,36
MED0157,Atorvastatin 10ml Injection,Vitamin/Supplement,Intas,No,2026-07,0,2303,1940,354.7,1940,0,No,363,4,435.44,0.22,108.53,36
MED0158,Enoxaparin 10mg Injection,Gastrointestinal,GSK,No,2025-08,282,0,1824,363.8,282,1542,Yes,0,3,404.93,0.25,267.17,6
MED0158,Enoxaparin 10mg Injection,Gastrointestinal,GSK,No,2025-09,0,2118,1709,412.9,1709,0,No,409,3,404.93,0.25,267.17,6
MED0158,Enoxaparin 10mg Injection,Gastrointestinal,GSK,No,2025-10,409,1412,1882,521.1,1821,61,Yes,0,3,404.93,0.25,267.17,6
MED0158,Enoxaparin 10mg Injection,Gastrointestinal,GSK,No,2025-11,0,1433,1482,439.6,1433,49,Yes,0,3,404.93,0.25,267.17,6
MED0158,Enoxaparin 10mg Injection,Gastrointestinal,GSK,No,2025-12,0,1673,1555,422.1,1555,0,No,118,3,404.93,0.25,267.17,6
MED0158,Enoxaparin 10mg Injection,Gastrointestinal,GSK,No,2026-01,118,1247,1488,242.2,1365,123,Yes,0,3,404.93,0.25,267.17,6
MED0158,Enoxaparin 10mg Injection,Gastrointestinal,GSK,No,2026-02,0,1895,1842,296.5,1842,0,No,53,3,404.93,0.25,267.17,6
MED0158,Enoxaparin 10mg Injection,Gastrointestinal,GSK,No,2026-03,53,0,1640,261,53,1587,Yes,0,3,404.93,0.25,267.17,6
MED0158,Enoxaparin 10mg Injection,Gastrointestinal,GSK,No,2026-04,0,1857,1891,532.8,1857,34,Yes,0,3,404.93,0.25,267.17,6
MED0158,Enoxaparin 10mg Injection,Gastrointestinal,GSK,No,2026-05,0,1886,1534,335.9,1534,0,No,352,3,404.93,0.25,267.17,6
MED0158,Enoxaparin 10mg Injection,Gastrointestinal,GSK,No,2026-06,352,0,1493,474.9,352,1141,Yes,0,3,404.93,0.25,267.17,6
MED0158,Enoxaparin 10mg Injection,Gastrointestinal,GSK,No,2026-07,0,0,1508,237.4,0,1508,Yes,0,3,404.93,0.25,267.17,6
MED0159,Levetiracetam 250mg Inhaler,Vitamin/Supplement,Glenmark,No,2025-08,546,1002,817,135.2,817,0,No,731,10,509.21,0.24,89.62,6
MED0159,Levetiracetam 250mg Inhaler,Vitamin/Supplement,Glenmark,No,2025-09,731,891,742,249.8,742,0,No,880,10,509.21,0.24,89.62,6
MED0159,Levetiracetam 250mg Inhaler,Vitamin/Supplement,Glenmark,No,2025-10,880,529,583,188.9,583,0,No,826,10,509.21,0.24,89.62,6
MED0159,Levetiracetam 250mg Inhaler,Vitamin/Supplement,Glenmark,No,2025-11,826,399,522,105.7,522,0,No,703,10,509.21,0.24,89.62,6
MED0159,Levetiracetam 250mg Inhaler,Vitamin/Supplement,Glenmark,No,2025-12,703,473,507,105.6,507,0,No,669,10,509.21,0.24,89.62,6
MED0159,Levetiracetam 250mg Inhaler,Vitamin/Supplement,Glenmark,No,2026-01,669,571,471,102.2,471,0,No,769,10,509.21,0.24,89.62,6
MED0159,Levetiracetam 250mg Inhaler,Vitamin/Supplement,Glenmark,No,2026-02,769,590,473,106.7,473,0,No,886,10,509.21,0.24,89.62,6
MED0159,Levetiracetam 250mg Inhaler,Vitamin/Supplement,Glenmark,No,2026-03,886,622,668,130.5,668,0,No,840,10,509.21,0.24,89.62,6
MED0159,Levetiracetam 250mg Inhaler,Vitamin/Supplement,Glenmark,No,2026-04,840,1073,917,290,917,0,No,996,10,509.21,0.24,89.62,6
MED0159,Levetiracetam 250mg Inhaler,Vitamin/Supplement,Glenmark,No,2026-05,996,1148,1206,396.4,1206,0,No,938,10,509.21,0.24,89.62,6
MED0159,Levetiracetam 250mg Inhaler,Vitamin/Supplement,Glenmark,No,2026-06,938,0,1214,186.8,938,276,Yes,0,10,509.21,0.24,89.62,6
MED0159,Levetiracetam 250mg Inhaler,Vitamin/Supplement,Glenmark,No,2026-07,0,832,1029,212.1,832,197,Yes,0,10,509.21,0.24,89.62,6
MED0160,Azithromycin 500mg Tablet,Vaccine,Sun Pharma,No,2025-08,308,1641,1613,454.1,1613,0,No,336,4,594.01,0.25,230.64,24
MED0160,Azithromycin 500mg Tablet,Vaccine,Sun Pharma,No,2025-09,336,1312,1654,325.8,1648,6,Yes,0,4,594.01,0.25,230.64,24
MED0160,Azithromycin 500mg Tablet,Vaccine,Sun Pharma,No,2025-10,0,1516,1543,308.8,1516,27,Yes,0,4,594.01,0.25,230.64,24
MED0160,Azithromycin 500mg Tablet,Vaccine,Sun Pharma,No,2025-11,0,1232,1287,216.7,1232,55,Yes,0,4,594.01,0.25,230.64,24
MED0160,Azithromycin 500mg Tablet,Vaccine,Sun Pharma,No,2025-12,0,0,1664,480.8,0,1664,Yes,0,4,594.01,0.25,230.64,24
MED0160,Azithromycin 500mg Tablet,Vaccine,Sun Pharma,No,2026-01,0,2009,1552,261.9,1552,0,No,457,4,594.01,0.25,230.64,24
MED0160,Azithromycin 500mg Tablet,Vaccine,Sun Pharma,No,2026-02,457,1457,1514,433.8,1514,0,No,400,4,594.01,0.25,230.64,24
MED0160,Azithromycin 500mg Tablet,Vaccine,Sun Pharma,No,2026-03,400,1605,1660,304.6,1660,0,No,345,4,594.01,0.25,230.64,24
MED0160,Azithromycin 500mg Tablet,Vaccine,Sun Pharma,No,2026-04,345,1206,1595,359.2,1551,44,Yes,0,4,594.01,0.25,230.64,24
MED0160,Azithromycin 500mg Tablet,Vaccine,Sun Pharma,No,2026-05,0,1576,1441,420.5,1441,0,No,135,4,594.01,0.25,230.64,24
MED0160,Azithromycin 500mg Tablet,Vaccine,Sun Pharma,No,2026-06,135,0,1348,217.3,135,1213,Yes,0,4,594.01,0.25,230.64,24
MED0160,Azithromycin 500mg Tablet,Vaccine,Sun Pharma,No,2026-07,0,1523,1693,440.8,1523,170,Yes,0,4,594.01,0.25,230.64,24
MED0161,Doxycycline 10ml Inhaler,Neuro/Psychiatric,Zydus,No,2025-08,661,1432,1258,426.6,1258,0,No,835,10,9.32,0.24,275.19,12
MED0161,Doxycycline 10ml Inhaler,Neuro/Psychiatric,Zydus,No,2025-09,835,1139,907,235.8,907,0,No,1067,10,9.32,0.24,275.19,12
MED0161,Doxycycline 10ml Inhaler,Neuro/Psychiatric,Zydus,No,2025-10,1067,658,778,158.7,778,0,No,947,10,9.32,0.24,275.19,12
MED0161,Doxycycline 10ml Inhaler,Neuro/Psychiatric,Zydus,No,2025-11,947,794,653,209.9,653,0,No,1088,10,9.32,0.24,275.19,12
MED0161,Doxycycline 10ml Inhaler,Neuro/Psychiatric,Zydus,No,2025-12,1088,562,750,154.8,750,0,No,900,10,9.32,0.24,275.19,12
MED0161,Doxycycline 10ml Inhaler,Neuro/Psychiatric,Zydus,No,2026-01,900,624,708,163.4,708,0,No,816,10,9.32,0.24,275.19,12
MED0161,Doxycycline 10ml Inhaler,Neuro/Psychiatric,Zydus,No,2026-02,816,856,726,145.5,726,0,No,946,10,9.32,0.24,275.19,12
MED0161,Doxycycline 10ml Inhaler,Neuro/Psychiatric,Zydus,No,2026-03,946,1272,1039,219.1,1039,0,No,1179,10,9.32,0.24,275.19,12
MED0161,Doxycycline 10ml Inhaler,Neuro/Psychiatric,Zydus,No,2026-04,1179,1307,1181,387.2,1181,0,No,1305,10,9.32,0.24,275.19,12
MED0161,Doxycycline 10ml Inhaler,Neuro/Psychiatric,Zydus,No,2026-05,1305,1391,1829,476.6,1829,0,No,867,10,9.32,0.24,275.19,12
MED0161,Doxycycline 10ml Inhaler,Neuro/Psychiatric,Zydus,No,2026-06,867,1329,1602,412.8,1602,0,No,594,10,9.32,0.24,275.19,12
MED0161,Doxycycline 10ml Inhaler,Neuro/Psychiatric,Zydus,No,2026-07,594,1720,1489,342.4,1489,0,No,825,10,9.32,0.24,275.19,12
MED0162,Adrenaline 250mg Ointment,Respiratory,Aurobindo,No,2025-08,262,1054,994,161.8,994,0,No,322,7,174.16,0.14,245.54,24
MED0162,Adrenaline 250mg Ointment,Respiratory,Aurobindo,No,2025-09,322,841,1006,232.3,1006,0,No,157,7,174.16,0.14,245.54,24
MED0162,Adrenaline 250mg Ointment,Respiratory,Aurobindo,No,2025-10,157,768,976,332.5,925,51,Yes,0,7,174.16,0.14,245.54,24
MED0162,Adrenaline 250mg Ointment,Respiratory,Aurobindo,No,2025-11,0,869,850,286.2,850,0,No,19,7,174.16,0.14,245.54,24
MED0162,Adrenaline 250mg Ointment,Respiratory,Aurobindo,No,2025-12,19,1374,1073,228.5,1073,0,No,320,7,174.16,0.14,245.54,24
MED0162,Adrenaline 250mg Ointment,Respiratory,Aurobindo,No,2026-01,320,0,1041,188.2,320,721,Yes,0,7,174.16,0.14,245.54,24
MED0162,Adrenaline 250mg Ointment,Respiratory,Aurobindo,No,2026-02,0,642,902,273.6,642,260,Yes,0,7,174.16,0.14,245.54,24
MED0162,Adrenaline 250mg Ointment,Respiratory,Aurobindo,No,2026-03,0,0,1121,206.2,0,1121,Yes,0,7,174.16,0.14,245.54,24
MED0162,Adrenaline 250mg Ointment,Respiratory,Aurobindo,No,2026-04,0,1140,911,179.5,911,0,No,229,7,174.16,0.14,245.54,24
MED0162,Adrenaline 250mg Ointment,Respiratory,Aurobindo,No,2026-05,229,1138,1102,266,1102,0,No,265,7,174.16,0.14,245.54,24
MED0162,Adrenaline 250mg Ointment,Respiratory,Aurobindo,No,2026-06,265,741,913,146.5,913,0,No,93,7,174.16,0.14,245.54,24
MED0162,Adrenaline 250mg Ointment,Respiratory,Aurobindo,No,2026-07,93,639,900,220,732,168,Yes,0,7,174.16,0.14,245.54,24
MED0163,Zinc Sulphate 1mg Capsule,Anesthetic,Lupin,No,2025-08,87,396,416,119.3,416,0,No,67,4,699.47,0.2,264.26,18
MED0163,Zinc Sulphate 1mg Capsule,Anesthetic,Lupin,No,2025-09,67,363,466,152.7,430,36,Yes,0,4,699.47,0.2,264.26,18
MED0163,Zinc Sulphate 1mg Capsule,Anesthetic,Lupin,No,2025-10,0,0,538,161,0,538,Yes,0,4,699.47,0.2,264.26,18
MED0163,Zinc Sulphate 1mg Capsule,Anesthetic,Lupin,No,2025-11,0,0,686,105.3,0,686,Yes,0,4,699.47,0.2,264.26,18
MED0163,Zinc Sulphate 1mg Capsule,Anesthetic,Lupin,No,2025-12,0,911,859,180.1,859,0,No,52,4,699.47,0.2,264.26,18
MED0163,Zinc Sulphate 1mg Capsule,Anesthetic,Lupin,No,2026-01,52,655,905,209.6,707,198,Yes,0,4,699.47,0.2,264.26,18
MED0163,Zinc Sulphate 1mg Capsule,Anesthetic,Lupin,No,2026-02,0,652,845,295.5,652,193,Yes,0,4,699.47,0.2,264.26,18
MED0163,Zinc Sulphate 1mg Capsule,Anesthetic,Lupin,No,2026-03,0,582,482,136,482,0,No,100,4,699.47,0.2,264.26,18
MED0163,Zinc Sulphate 1mg Capsule,Anesthetic,Lupin,No,2026-04,100,516,464,111.3,464,0,No,152,4,699.47,0.2,264.26,18
MED0163,Zinc Sulphate 1mg Capsule,Anesthetic,Lupin,No,2026-05,152,392,379,92.9,379,0,No,165,4,699.47,0.2,264.26,18
MED0163,Zinc Sulphate 1mg Capsule,Anesthetic,Lupin,No,2026-06,165,427,394,107.4,394,0,No,198,4,699.47,0.2,264.26,18
MED0163,Zinc Sulphate 1mg Capsule,Anesthetic,Lupin,No,2026-07,198,343,407,116.5,407,0,No,134,4,699.47,0.2,264.26,18
MED0164,Budesonide 100mg Syrup,Antidiabetic,Aurobindo,Yes,2025-08,144,2015,2198,589.4,2159,39,Yes,0,2,47.31,0.17,283.32,18
MED0164,Budesonide 100mg Syrup,Antidiabetic,Aurobindo,Yes,2025-09,0,0,2091,398,0,2091,Yes,0,2,47.31,0.17,283.32,18
MED0164,Budesonide 100mg Syrup,Antidiabetic,Aurobindo,Yes,2025-10,0,2599,2336,467.1,2336,0,No,263,2,47.31,0.17,283.32,18
MED0164,Budesonide 100mg Syrup,Antidiabetic,Aurobindo,Yes,2025-11,263,1864,2141,696.4,2127,14,Yes,0,2,47.31,0.17,283.32,18
MED0164,Budesonide 100mg Syrup,Antidiabetic,Aurobindo,Yes,2025-12,0,1728,2416,778.7,1728,688,Yes,0,2,47.31,0.17,283.32,18
MED0164,Budesonide 100mg Syrup,Antidiabetic,Aurobindo,Yes,2026-01,0,1960,1894,392.6,1894,0,No,66,2,47.31,0.17,283.32,18
MED0164,Budesonide 100mg Syrup,Antidiabetic,Aurobindo,Yes,2026-02,66,1846,2077,680.7,1912,165,Yes,0,2,47.31,0.17,283.32,18
MED0164,Budesonide 100mg Syrup,Antidiabetic,Aurobindo,Yes,2026-03,0,2463,2445,782.2,2445,0,No,18,2,47.31,0.17,283.32,18
MED0164,Budesonide 100mg Syrup,Antidiabetic,Aurobindo,Yes,2026-04,18,3028,2347,436.2,2347,0,No,699,2,47.31,0.17,283.32,18
MED0164,Budesonide 100mg Syrup,Antidiabetic,Aurobindo,Yes,2026-05,699,1465,2024,625.2,2024,0,No,140,2,47.31,0.17,283.32,18
MED0164,Budesonide 100mg Syrup,Antidiabetic,Aurobindo,Yes,2026-06,140,1750,2330,428.1,1890,440,Yes,0,2,47.31,0.17,283.32,18
MED0164,Budesonide 100mg Syrup,Antidiabetic,Aurobindo,Yes,2026-07,0,1904,2449,510.2,1904,545,Yes,0,2,47.31,0.17,283.32,18
MED0165,Vitamin B Complex 500mg Suspension,Vitamin/Supplement,Biocon,No,2025-08,188,816,829,247.3,829,0,No,175,3,297.45,0.13,288.42,18
MED0165,Vitamin B Complex 500mg Suspension,Vitamin/Supplement,Biocon,No,2025-09,175,884,688,180.2,688,0,No,371,3,297.45,0.13,288.42,18
MED0165,Vitamin B Complex 500mg Suspension,Vitamin/Supplement,Biocon,No,2025-10,371,994,849,197.5,849,0,No,516,3,297.45,0.13,288.42,18
MED0165,Vitamin B Complex 500mg Suspension,Vitamin/Supplement,Biocon,No,2025-11,516,714,691,129.8,691,0,No,539,3,297.45,0.13,288.42,18
MED0165,Vitamin B Complex 500mg Suspension,Vitamin/Supplement,Biocon,No,2025-12,539,0,847,180.3,539,308,Yes,0,3,297.45,0.13,288.42,18
MED0165,Vitamin B Complex 500mg Suspension,Vitamin/Supplement,Biocon,No,2026-01,0,641,771,231,641,130,Yes,0,3,297.45,0.13,288.42,18
MED0165,Vitamin B Complex 500mg Suspension,Vitamin/Supplement,Biocon,No,2026-02,0,1047,884,301.3,884,0,No,163,3,297.45,0.13,288.42,18
MED0165,Vitamin B Complex 500mg Suspension,Vitamin/Supplement,Biocon,No,2026-03,163,629,707,136,707,0,No,85,3,297.45,0.13,288.42,18
MED0165,Vitamin B Complex 500mg Suspension,Vitamin/Supplement,Biocon,No,2026-04,85,719,886,272.7,804,82,Yes,0,3,297.45,0.13,288.42,18
MED0165,Vitamin B Complex 500mg Suspension,Vitamin/Supplement,Biocon,No,2026-05,0,1069,875,276.1,875,0,No,194,3,297.45,0.13,288.42,18
MED0165,Vitamin B Complex 500mg Suspension,Vitamin/Supplement,Biocon,No,2026-06,194,792,726,120.6,726,0,No,260,3,297.45,0.13,288.42,18
MED0165,Vitamin B Complex 500mg Suspension,Vitamin/Supplement,Biocon,No,2026-07,260,758,685,146.4,685,0,No,333,3,297.45,0.13,288.42,18
MED0166,Clopidogrel 10mg Tablet,Cardiac,Lupin,Yes,2025-08,483,409,482,79.9,482,0,No,410,21,597.9,0.24,334.6,24
MED0166,Clopidogrel 10mg Tablet,Cardiac,Lupin,Yes,2025-09,410,381,425,80.1,425,0,No,366,21,597.9,0.24,334.6,24
MED0166,Clopidogrel 10mg Tablet,Cardiac,Lupin,Yes,2025-10,366,230,325,60.7,325,0,No,271,21,597.9,0.24,334.6,24
MED0166,Clopidogrel 10mg Tablet,Cardiac,Lupin,Yes,2025-11,271,268,229,36.9,229,0,No,310,21,597.9,0.24,334.6,24
MED0166,Clopidogrel 10mg Tablet,Cardiac,Lupin,Yes,2025-12,310,227,197,33,197,0,No,340,21,597.9,0.24,334.6,24
MED0166,Clopidogrel 10mg Tablet,Cardiac,Lupin,Yes,2026-01,340,207,179,47.2,179,0,No,368,21,597.9,0.24,334.6,24
MED0166,Clopidogrel 10mg Tablet,Cardiac,Lupin,Yes,2026-02,368,202,215,70.1,215,0,No,355,21,597.9,0.24,334.6,24
MED0166,Clopidogrel 10mg Tablet,Cardiac,Lupin,Yes,2026-03,355,304,235,72.4,235,0,No,424,21,597.9,0.24,334.6,24
MED0166,Clopidogrel 10mg Tablet,Cardiac,Lupin,Yes,2026-04,424,192,225,49.7,225,0,No,391,21,597.9,0.24,334.6,24
MED0166,Clopidogrel 10mg Tablet,Cardiac,Lupin,Yes,2026-05,391,0,302,88.1,302,0,No,89,21,597.9,0.24,334.6,24
MED0166,Clopidogrel 10mg Tablet,Cardiac,Lupin,Yes,2026-06,89,451,530,153,530,0,No,10,21,597.9,0.24,334.6,24
MED0166,Clopidogrel 10mg Tablet,Cardiac,Lupin,Yes,2026-07,10,704,582,176,582,0,No,132,21,597.9,0.24,334.6,24
MED0167,Azithromycin 2.5mg Suspension,Analgesic,Dr Reddy's,No,2025-08,501,1558,1260,418,1260,0,No,799,5,558.29,0.27,282.6,36
MED0167,Azithromycin 2.5mg Suspension,Analgesic,Dr Reddy's,No,2025-09,799,1236,1049,360,1049,0,No,986,5,558.29,0.27,282.6,36
MED0167,Azithromycin 2.5mg Suspension,Analgesic,Dr Reddy's,No,2025-10,986,955,1092,250.3,1092,0,No,849,5,558.29,0.27,282.6,36
MED0167,Azithromycin 2.5mg Suspension,Analgesic,Dr Reddy's,No,2025-11,849,0,1090,339.2,849,241,Yes,0,5,558.29,0.27,282.6,36
MED0167,Azithromycin 2.5mg Suspension,Analgesic,Dr Reddy's,No,2025-12,0,988,1160,214.5,988,172,Yes,0,5,558.29,0.27,282.6,36
MED0167,Azithromycin 2.5mg Suspension,Analgesic,Dr Reddy's,No,2026-01,0,881,1141,282.6,881,260,Yes,0,5,558.29,0.27,282.6,36
MED0167,Azithromycin 2.5mg Suspension,Analgesic,Dr Reddy's,No,2026-02,0,1041,1110,221.4,1041,69,Yes,0,5,558.29,0.27,282.6,36
MED0167,Azithromycin 2.5mg Suspension,Analgesic,Dr Reddy's,No,2026-03,0,942,1266,251.1,942,324,Yes,0,5,558.29,0.27,282.6,36
MED0167,Azithromycin 2.5mg Suspension,Analgesic,Dr Reddy's,No,2026-04,0,827,1058,257.9,827,231,Yes,0,5,558.29,0.27,282.6,36
MED0167,Azithromycin 2.5mg Suspension,Analgesic,Dr Reddy's,No,2026-05,0,1396,1299,452.8,1299,0,No,97,5,558.29,0.27,282.6,36
MED0167,Azithromycin 2.5mg Suspension,Analgesic,Dr Reddy's,No,2026-06,97,1599,1400,442.8,1400,0,No,296,5,558.29,0.27,282.6,36
MED0167,Azithromycin 2.5mg Suspension,Analgesic,Dr Reddy's,No,2026-07,296,869,1092,275.6,1092,0,No,73,5,558.29,0.27,282.6,36
MED0168,Atropine 5mg Suspension,Cardiac,Cipla,No,2025-08,172,1140,1120,324.6,1120,0,No,192,3,64.94,0.24,193.9,18
MED0168,Atropine 5mg Suspension,Cardiac,Cipla,No,2025-09,192,1210,938,166.9,938,0,No,464,3,64.94,0.24,193.9,18
MED0168,Atropine 5mg Suspension,Cardiac,Cipla,No,2025-10,464,548,738,152.9,738,0,No,274,3,64.94,0.24,193.9,18
MED0168,Atropine 5mg Suspension,Cardiac,Cipla,No,2025-11,274,723,817,208.2,817,0,No,180,3,64.94,0.24,193.9,18
MED0168,Atropine 5mg Suspension,Cardiac,Cipla,No,2025-12,180,725,640,135.1,640,0,No,265,3,64.94,0.24,193.9,18
MED0168,Atropine 5mg Suspension,Cardiac,Cipla,No,2026-01,265,708,662,205.1,662,0,No,311,3,64.94,0.24,193.9,18
MED0168,Atropine 5mg Suspension,Cardiac,Cipla,No,2026-02,311,788,726,222.5,726,0,No,373,3,64.94,0.24,193.9,18
MED0168,Atropine 5mg Suspension,Cardiac,Cipla,No,2026-03,373,0,1053,242.6,373,680,Yes,0,3,64.94,0.24,193.9,18
MED0168,Atropine 5mg Suspension,Cardiac,Cipla,No,2026-04,0,1742,1371,300.5,1371,0,No,371,3,64.94,0.24,193.9,18
MED0168,Atropine 5mg Suspension,Cardiac,Cipla,No,2026-05,371,1354,1777,432.2,1725,52,Yes,0,3,64.94,0.24,193.9,18
MED0168,Atropine 5mg Suspension,Cardiac,Cipla,No,2026-06,0,1101,1555,519.1,1101,454,Yes,0,3,64.94,0.24,193.9,18
MED0168,Atropine 5mg Suspension,Cardiac,Cipla,No,2026-07,0,1497,1244,356.5,1244,0,No,253,3,64.94,0.24,193.9,18
MED0169,Lorazepam 1mg Inhaler,Dermatological,Abbott,Yes,2025-08,1047,3727,3523,918.1,3523,0,No,1251,7,525.74,0.27,61.38,36
MED0169,Lorazepam 1mg Inhaler,Dermatological,Abbott,Yes,2025-09,1251,0,2766,947.7,1251,1515,Yes,0,7,525.74,0.27,61.38,36
MED0169,Lorazepam 1mg Inhaler,Dermatological,Abbott,Yes,2025-10,0,3476,2890,903.8,2890,0,No,586,7,525.74,0.27,61.38,36
MED0169,Lorazepam 1mg Inhaler,Dermatological,Abbott,Yes,2025-11,586,2261,3134,706.4,2847,287,Yes,0,7,525.74,0.27,61.38,36
MED0169,Lorazepam 1mg Inhaler,Dermatological,Abbott,Yes,2025-12,0,2705,3453,677.4,2705,748,Yes,0,7,525.74,0.27,61.38,36
MED0169,Lorazepam 1mg Inhaler,Dermatological,Abbott,Yes,2026-01,0,3667,3195,1046.8,3195,0,No,472,7,525.74,0.27,61.38,36
MED0169,Lorazepam 1mg Inhaler,Dermatological,Abbott,Yes,2026-02,472,3296,3405,1012.3,3405,0,No,363,7,525.74,0.27,61.38,36
MED0169,Lorazepam 1mg Inhaler,Dermatological,Abbott,Yes,2026-03,363,2211,2814,449,2574,240,Yes,0,7,525.74,0.27,61.38,36
MED0169,Lorazepam 1mg Inhaler,Dermatological,Abbott,Yes,2026-04,0,0,3174,593.5,0,3174,Yes,0,7,525.74,0.27,61.38,36
MED0169,Lorazepam 1mg Inhaler,Dermatological,Abbott,Yes,2026-05,0,2456,2685,849.3,2456,229,Yes,0,7,525.74,0.27,61.38,36
MED0169,Lorazepam 1mg Inhaler,Dermatological,Abbott,Yes,2026-06,0,3731,3488,572.2,3488,0,No,243,7,525.74,0.27,61.38,36
MED0169,Lorazepam 1mg Inhaler,Dermatological,Abbott,Yes,2026-07,243,2703,2823,806.9,2823,0,No,123,7,525.74,0.27,61.38,36
MED0170,Cefixime 1mg Drops,Vaccine,GSK,Yes,2025-08,894,0,837,172.2,837,0,No,57,10,214.88,0.15,304.46,9
MED0170,Cefixime 1mg Drops,Vaccine,GSK,Yes,2025-09,57,678,908,179.6,735,173,Yes,0,10,214.88,0.15,304.46,9
MED0170,Cefixime 1mg Drops,Vaccine,GSK,Yes,2025-10,0,1485,1144,293.4,1144,0,No,341,10,214.88,0.15,304.46,9
MED0170,Cefixime 1mg Drops,Vaccine,GSK,Yes,2025-11,341,2090,1636,563,1636,0,No,795,10,214.88,0.15,304.46,9
MED0170,Cefixime 1mg Drops,Vaccine,GSK,Yes,2025-12,795,2162,1988,329.9,1988,0,No,969,10,214.88,0.15,304.46,9
MED0170,Cefixime 1mg Drops,Vaccine,GSK,Yes,2026-01,969,2392,1899,388.7,1899,0,No,1462,10,214.88,0.15,304.46,9
MED0170,Cefixime 1mg Drops,Vaccine,GSK,Yes,2026-02,1462,1801,1409,428.1,1409,0,No,1854,10,214.88,0.15,304.46,9
MED0170,Cefixime 1mg Drops,Vaccine,GSK,Yes,2026-03,1854,1086,1321,399.5,1321,0,No,1619,10,214.88,0.15,304.46,9
MED0170,Cefixime 1mg Drops,Vaccine,GSK,Yes,2026-04,1619,1112,948,287.3,948,0,No,1783,10,214.88,0.15,304.46,9
MED0170,Cefixime 1mg Drops,Vaccine,GSK,Yes,2026-05,1783,524,744,200.8,744,0,No,1563,10,214.88,0.15,304.46,9
MED0170,Cefixime 1mg Drops,Vaccine,GSK,Yes,2026-06,1563,637,745,128.6,745,0,No,1455,10,214.88,0.15,304.46,9
MED0170,Cefixime 1mg Drops,Vaccine,GSK,Yes,2026-07,1455,578,820,280.4,820,0,No,1213,10,214.88,0.15,304.46,9
MED0171,Atorvastatin 100mg Capsule,Analgesic,Alkem,No,2025-08,142,0,1328,226.5,142,1186,Yes,0,2,189.81,0.24,209.98,24
MED0171,Atorvastatin 100mg Capsule,Analgesic,Alkem,No,2025-09,0,1875,1541,289.5,1541,0,No,334,2,189.81,0.24,209.98,24
MED0171,Atorvastatin 100mg Capsule,Analgesic,Alkem,No,2025-10,334,1376,1465,488,1465,0,No,245,2,189.81,0.24,209.98,24
MED0171,Atorvastatin 100mg Capsule,Analgesic,Alkem,No,2025-11,245,0,1612,265.4,245,1367,Yes,0,2,189.81,0.24,209.98,24
MED0171,Atorvastatin 100mg Capsule,Analgesic,Alkem,No,2025-12,0,1959,1568,387.9,1568,0,No,391,2,189.81,0.24,209.98,24
MED0171,Atorvastatin 100mg Capsule,Analgesic,Alkem,No,2026-01,391,1867,1449,390.2,1449,0,No,809,2,189.81,0.24,209.98,24
MED0171,Atorvastatin 100mg Capsule,Analgesic,Alkem,No,2026-02,809,1917,1648,547.7,1648,0,No,1078,2,189.81,0.24,209.98,24
MED0171,Atorvastatin 100mg Capsule,Analgesic,Alkem,No,2026-03,1078,991,1394,267.3,1394,0,No,675,2,189.81,0.24,209.98,24
MED0171,Atorvastatin 100mg Capsule,Analgesic,Alkem,No,2026-04,675,1479,1709,307.4,1709,0,No,445,2,189.81,0.24,209.98,24
MED0171,Atorvastatin 100mg Capsule,Analgesic,Alkem,No,2026-05,445,1301,1432,276.9,1432,0,No,314,2,189.81,0.24,209.98,24
MED0171,Atorvastatin 100mg Capsule,Analgesic,Alkem,No,2026-06,314,0,1570,240.4,314,1256,Yes,0,2,189.81,0.24,209.98,24
MED0171,Atorvastatin 100mg Capsule,Analgesic,Alkem,No,2026-07,0,1626,1319,308.4,1319,0,No,307,2,189.81,0.24,209.98,24
MED0172,Amlodipine 5mg Tablet,Neuro/Psychiatric,Cipla,Yes,2025-08,109,579,613,186.2,613,0,No,75,4,757.66,0.27,96.73,18
MED0172,Amlodipine 5mg Tablet,Neuro/Psychiatric,Cipla,Yes,2025-09,75,0,604,106.9,75,529,Yes,0,4,757.66,0.27,96.73,18
MED0172,Amlodipine 5mg Tablet,Neuro/Psychiatric,Cipla,Yes,2025-10,0,0,537,147.9,0,537,Yes,0,4,757.66,0.27,96.73,18
MED0172,Amlodipine 5mg Tablet,Neuro/Psychiatric,Cipla,Yes,2025-11,0,0,544,118.4,0,544,Yes,0,4,757.66,0.27,96.73,18
MED0172,Amlodipine 5mg Tablet,Neuro/Psychiatric,Cipla,Yes,2025-12,0,0,544,180.7,0,544,Yes,0,4,757.66,0.27,96.73,18
MED0172,Amlodipine 5mg Tablet,Neuro/Psychiatric,Cipla,Yes,2026-01,0,660,627,142.3,627,0,No,33,4,757.66,0.27,96.73,18
MED0172,Amlodipine 5mg Tablet,Neuro/Psychiatric,Cipla,Yes,2026-02,33,656,550,175.7,550,0,No,139,4,757.66,0.27,96.73,18
MED0172,Amlodipine 5mg Tablet,Neuro/Psychiatric,Cipla,Yes,2026-03,139,745,583,202.3,583,0,No,301,4,757.66,0.27,96.73,18
MED0172,Amlodipine 5mg Tablet,Neuro/Psychiatric,Cipla,Yes,2026-04,301,739,602,147.3,602,0,No,438,4,757.66,0.27,96.73,18
MED0172,Amlodipine 5mg Tablet,Neuro/Psychiatric,Cipla,Yes,2026-05,438,564,683,146.8,683,0,No,319,4,757.66,0.27,96.73,18
MED0172,Amlodipine 5mg Tablet,Neuro/Psychiatric,Cipla,Yes,2026-06,319,765,608,113.1,608,0,No,476,4,757.66,0.27,96.73,18
MED0172,Amlodipine 5mg Tablet,Neuro/Psychiatric,Cipla,Yes,2026-07,476,414,536,148.2,536,0,No,354,4,757.66,0.27,96.73,18
MED0173,Oxytocin 20mg Inhaler,Analgesic,Aurobindo,No,2025-08,285,2510,1956,366.6,1956,0,No,839,3,688.18,0.24,60.98,9
MED0173,Oxytocin 20mg Inhaler,Analgesic,Aurobindo,No,2025-09,839,2015,1755,328.9,1755,0,No,1099,3,688.18,0.24,60.98,9
MED0173,Oxytocin 20mg Inhaler,Analgesic,Aurobindo,No,2025-10,1099,2285,1794,276.2,1794,0,No,1590,3,688.18,0.24,60.98,9
MED0173,Oxytocin 20mg Inhaler,Analgesic,Aurobindo,No,2025-11,1590,2073,1857,434.6,1857,0,No,1806,3,688.18,0.24,60.98,9
MED0173,Oxytocin 20mg Inhaler,Analgesic,Aurobindo,No,2025-12,1806,2277,2046,537.2,2046,0,No,2037,3,688.18,0.24,60.98,9
MED0173,Oxytocin 20mg Inhaler,Analgesic,Aurobindo,No,2026-01,2037,1877,2147,622.4,2147,0,No,1767,3,688.18,0.24,60.98,9
MED0173,Oxytocin 20mg Inhaler,Analgesic,Aurobindo,No,2026-02,1767,1874,1806,553.7,1806,0,No,1835,3,688.18,0.24,60.98,9
MED0173,Oxytocin 20mg Inhaler,Analgesic,Aurobindo,No,2026-03,1835,0,1775,556.3,1775,0,No,60,3,688.18,0.24,60.98,9
MED0173,Oxytocin 20mg Inhaler,Analgesic,Aurobindo,No,2026-04,60,2162,2109,570.6,2109,0,No,113,3,688.18,0.24,60.98,9
MED0173,Oxytocin 20mg Inhaler,Analgesic,Aurobindo,No,2026-05,113,1323,1794,385.2,1436,358,Yes,0,3,688.18,0.24,60.98,9
MED0173,Oxytocin 20mg Inhaler,Analgesic,Aurobindo,No,2026-06,0,2029,2199,343.7,2029,170,Yes,0,3,688.18,0.24,60.98,9
MED0173,Oxytocin 20mg Inhaler,Analgesic,Aurobindo,No,2026-07,0,2279,2004,443.4,2004,0,No,275,3,688.18,0.24,60.98,9
MED0174,Adrenaline 50mg Syrup,Neuro/Psychiatric,Alkem,Yes,2025-08,464,1083,1511,425.2,1511,0,No,36,4,520.95,0.21,59.3,12
MED0174,Adrenaline 50mg Syrup,Neuro/Psychiatric,Alkem,Yes,2025-09,36,1870,1666,394.4,1666,0,No,240,4,520.95,0.21,59.3,12
MED0174,Adrenaline 50mg Syrup,Neuro/Psychiatric,Alkem,Yes,2025-10,240,0,1611,343.2,240,1371,Yes,0,4,520.95,0.21,59.3,12
MED0174,Adrenaline 50mg Syrup,Neuro/Psychiatric,Alkem,Yes,2025-11,0,2027,1805,475.7,1805,0,No,222,4,520.95,0.21,59.3,12
MED0174,Adrenaline 50mg Syrup,Neuro/Psychiatric,Alkem,Yes,2025-12,222,1870,1729,421.6,1729,0,No,363,4,520.95,0.21,59.3,12
MED0174,Adrenaline 50mg Syrup,Neuro/Psychiatric,Alkem,Yes,2026-01,363,0,1792,372.4,363,1429,Yes,0,4,520.95,0.21,59.3,12
MED0174,Adrenaline 50mg Syrup,Neuro/Psychiatric,Alkem,Yes,2026-02,0,1449,1533,426,1449,84,Yes,0,4,520.95,0.21,59.3,12
MED0174,Adrenaline 50mg Syrup,Neuro/Psychiatric,Alkem,Yes,2026-03,0,1891,1540,464,1540,0,No,351,4,520.95,0.21,59.3,12
MED0174,Adrenaline 50mg Syrup,Neuro/Psychiatric,Alkem,Yes,2026-04,351,0,1764,568.3,351,1413,Yes,0,4,520.95,0.21,59.3,12
MED0174,Adrenaline 50mg Syrup,Neuro/Psychiatric,Alkem,Yes,2026-05,0,1118,1508,254.1,1118,390,Yes,0,4,520.95,0.21,59.3,12
MED0174,Adrenaline 50mg Syrup,Neuro/Psychiatric,Alkem,Yes,2026-06,0,2087,1708,417.7,1708,0,No,379,4,520.95,0.21,59.3,12
MED0174,Adrenaline 50mg Syrup,Neuro/Psychiatric,Alkem,Yes,2026-07,379,1106,1540,339.6,1485,55,Yes,0,4,520.95,0.21,59.3,12
MED0175,Morphine 50mg Injection,Vitamin/Supplement,Alkem,No,2025-08,783,2284,2562,862,2562,0,No,505,5,606.86,0.24,45.56,36
MED0175,Morphine 50mg Injection,Vitamin/Supplement,Alkem,No,2025-09,505,1815,2400,397.1,2320,80,Yes,0,5,606.86,0.24,45.56,36
MED0175,Morphine 50mg Injection,Vitamin/Supplement,Alkem,No,2025-10,0,2292,2210,718.3,2210,0,No,82,5,606.86,0.24,45.56,36
MED0175,Morphine 50mg Injection,Vitamin/Supplement,Alkem,No,2025-11,82,2012,2293,554.4,2094,199,Yes,0,5,606.86,0.24,45.56,36
MED0175,Morphine 50mg Injection,Vitamin/Supplement,Alkem,No,2025-12,0,0,2429,568.4,0,2429,Yes,0,5,606.86,0.24,45.56,36
MED0175,Morphine 50mg Injection,Vitamin/Supplement,Alkem,No,2026-01,0,0,2332,729.1,0,2332,Yes,0,5,606.86,0.24,45.56,36
MED0175,Morphine 50mg Injection,Vitamin/Supplement,Alkem,No,2026-02,0,2310,2037,368.1,2037,0,No,273,5,606.86,0.24,45.56,36
MED0175,Morphine 50mg Injection,Vitamin/Supplement,Alkem,No,2026-03,273,2766,2385,581.1,2385,0,No,654,5,606.86,0.24,45.56,36
MED0175,Morphine 50mg Injection,Vitamin/Supplement,Alkem,No,2026-04,654,2493,2558,799.8,2558,0,No,589,5,606.86,0.24,45.56,36
MED0175,Morphine 50mg Injection,Vitamin/Supplement,Alkem,No,2026-05,589,0,2596,870.2,589,2007,Yes,0,5,606.86,0.24,45.56,36
MED0175,Morphine 50mg Injection,Vitamin/Supplement,Alkem,No,2026-06,0,2478,2025,692,2025,0,No,453,5,606.86,0.24,45.56,36
MED0175,Morphine 50mg Injection,Vitamin/Supplement,Alkem,No,2026-07,453,0,2261,393,453,1808,Yes,0,5,606.86,0.24,45.56,36
MED0176,Amlodipine 5ml Injection,Vaccine,Sun Pharma,Yes,2025-08,475,4415,3418,846.7,3418,0,No,1472,5,84.83,0.23,294.85,24
MED0176,Amlodipine 5ml Injection,Vaccine,Sun Pharma,Yes,2025-09,1472,3252,3177,805.8,3177,0,No,1547,5,84.83,0.23,294.85,24
MED0176,Amlodipine 5ml Injection,Vaccine,Sun Pharma,Yes,2025-10,1547,0,2090,317.2,1547,543,Yes,0,5,84.83,0.23,294.85,24
MED0176,Amlodipine 5ml Injection,Vaccine,Sun Pharma,Yes,2025-11,0,1169,1421,242,1169,252,Yes,0,5,84.83,0.23,294.85,24
MED0176,Amlodipine 5ml Injection,Vaccine,Sun Pharma,Yes,2025-12,0,1958,1550,520.4,1550,0,No,408,5,84.83,0.23,294.85,24
MED0176,Amlodipine 5ml Injection,Vaccine,Sun Pharma,Yes,2026-01,408,1528,1291,325.3,1291,0,No,645,5,84.83,0.23,294.85,24
MED0176,Amlodipine 5ml Injection,Vaccine,Sun Pharma,Yes,2026-02,645,1787,1547,495.4,1547,0,No,885,5,84.83,0.23,294.85,24
MED0176,Amlodipine 5ml Injection,Vaccine,Sun Pharma,Yes,2026-03,885,1357,1421,224.6,1421,0,No,821,5,84.83,0.23,294.85,24
MED0176,Amlodipine 5ml Injection,Vaccine,Sun Pharma,Yes,2026-04,821,2096,2122,359.6,2122,0,No,795,5,84.83,0.23,294.85,24
MED0176,Amlodipine 5ml Injection,Vaccine,Sun Pharma,Yes,2026-05,795,2228,2536,794.8,2536,0,No,487,5,84.83,0.23,294.85,24
MED0176,Amlodipine 5ml Injection,Vaccine,Sun Pharma,Yes,2026-06,487,0,3932,709.1,487,3445,Yes,0,5,84.83,0.23,294.85,24
MED0176,Amlodipine 5ml Injection,Vaccine,Sun Pharma,Yes,2026-07,0,4605,3846,1214,3846,0,No,759,5,84.83,0.23,294.85,24
MED0177,Budesonide 1mg Capsule,Anesthetic,Alkem,No,2025-08,408,0,854,290.2,408,446,Yes,0,5,638.43,0.18,323.68,18
MED0177,Budesonide 1mg Capsule,Anesthetic,Alkem,No,2025-09,0,1061,1113,234.7,1061,52,Yes,0,5,638.43,0.18,323.68,18
MED0177,Budesonide 1mg Capsule,Anesthetic,Alkem,No,2025-10,0,866,1054,233.6,866,188,Yes,0,5,638.43,0.18,323.68,18
MED0177,Budesonide 1mg Capsule,Anesthetic,Alkem,No,2025-11,0,1435,1378,341.5,1378,0,No,57,5,638.43,0.18,323.68,18
MED0177,Budesonide 1mg Capsule,Anesthetic,Alkem,No,2025-12,57,2302,2092,580.1,2092,0,No,267,5,638.43,0.18,323.68,18
MED0177,Budesonide 1mg Capsule,Anesthetic,Alkem,No,2026-01,267,0,1958,563.6,267,1691,Yes,0,5,638.43,0.18,323.68,18
MED0177,Budesonide 1mg Capsule,Anesthetic,Alkem,No,2026-02,0,2105,1814,554.3,1814,0,No,291,5,638.43,0.18,323.68,18
MED0177,Budesonide 1mg Capsule,Anesthetic,Alkem,No,2026-03,291,0,998,193.1,291,707,Yes,0,5,638.43,0.18,323.68,18
MED0177,Budesonide 1mg Capsule,Anesthetic,Alkem,No,2026-04,0,712,1014,305.4,712,302,Yes,0,5,638.43,0.18,323.68,18
MED0177,Budesonide 1mg Capsule,Anesthetic,Alkem,No,2026-05,0,892,819,238.3,819,0,No,73,5,638.43,0.18,323.68,18
MED0177,Budesonide 1mg Capsule,Anesthetic,Alkem,No,2026-06,73,781,716,133.4,716,0,No,138,5,638.43,0.18,323.68,18
MED0177,Budesonide 1mg Capsule,Anesthetic,Alkem,No,2026-07,138,661,784,146.6,784,0,No,15,5,638.43,0.18,323.68,18
MED0178,Cetirizine 20mg Syrup,Antidiabetic,Abbott,No,2025-08,482,2438,2092,587.3,2092,0,No,828,5,478.69,0.13,152.74,24
MED0178,Cetirizine 20mg Syrup,Antidiabetic,Abbott,No,2025-09,828,0,2302,403.6,828,1474,Yes,0,5,478.69,0.13,152.74,24
MED0178,Cetirizine 20mg Syrup,Antidiabetic,Abbott,No,2025-10,0,0,2404,399,0,2404,Yes,0,5,478.69,0.13,152.74,24
MED0178,Cetirizine 20mg Syrup,Antidiabetic,Abbott,No,2025-11,0,2390,1850,510,1850,0,No,540,5,478.69,0.13,152.74,24
MED0178,Cetirizine 20mg Syrup,Antidiabetic,Abbott,No,2025-12,540,2116,2410,559.5,2410,0,No,246,5,478.69,0.13,152.74,24
MED0178,Cetirizine 20mg Syrup,Antidiabetic,Abbott,No,2026-01,246,0,1934,343.5,246,1688,Yes,0,5,478.69,0.13,152.74,24
MED0178,Cetirizine 20mg Syrup,Antidiabetic,Abbott,No,2026-02,0,2437,1909,378.2,1909,0,No,528,5,478.69,0.13,152.74,24
MED0178,Cetirizine 20mg Syrup,Antidiabetic,Abbott,No,2026-03,528,2153,2210,768,2210,0,No,471,5,478.69,0.13,152.74,24
MED0178,Cetirizine 20mg Syrup,Antidiabetic,Abbott,No,2026-04,471,0,2046,381.7,471,1575,Yes,0,5,478.69,0.13,152.74,24
MED0178,Cetirizine 20mg Syrup,Antidiabetic,Abbott,No,2026-05,0,0,2448,850.3,0,2448,Yes,0,5,478.69,0.13,152.74,24
MED0178,Cetirizine 20mg Syrup,Antidiabetic,Abbott,No,2026-06,0,1775,1933,453.7,1775,158,Yes,0,5,478.69,0.13,152.74,24
MED0178,Cetirizine 20mg Syrup,Antidiabetic,Abbott,No,2026-07,0,1748,1919,463.1,1748,171,Yes,0,5,478.69,0.13,152.74,24
MED0179,Adrenaline 10mg Inhaler,Antidiabetic,Mankind,Yes,2025-08,376,948,774,268.3,774,0,No,550,10,404.41,0.27,169.51,36
MED0179,Adrenaline 10mg Inhaler,Antidiabetic,Mankind,Yes,2025-09,550,1016,928,315.9,928,0,No,638,10,404.41,0.27,169.51,36
MED0179,Adrenaline 10mg Inhaler,Antidiabetic,Mankind,Yes,2025-10,638,1416,1095,180.8,1095,0,No,959,10,404.41,0.27,169.51,36
MED0179,Adrenaline 10mg Inhaler,Antidiabetic,Mankind,Yes,2025-11,959,1703,1391,476.3,1391,0,No,1271,10,404.41,0.27,169.51,36
MED0179,Adrenaline 10mg Inhaler,Antidiabetic,Mankind,Yes,2025-12,1271,2110,1682,508.1,1682,0,No,1699,10,404.41,0.27,169.51,36
MED0179,Adrenaline 10mg Inhaler,Antidiabetic,Mankind,Yes,2026-01,1699,1630,1847,588.8,1847,0,No,1482,10,404.41,0.27,169.51,36
MED0179,Adrenaline 10mg Inhaler,Antidiabetic,Mankind,Yes,2026-02,1482,1047,1192,401.9,1192,0,No,1337,10,404.41,0.27,169.51,36
MED0179,Adrenaline 10mg Inhaler,Antidiabetic,Mankind,Yes,2026-03,1337,1052,885,279.6,885,0,No,1504,10,404.41,0.27,169.51,36
MED0179,Adrenaline 10mg Inhaler,Antidiabetic,Mankind,Yes,2026-04,1504,582,826,184.4,826,0,No,1260,10,404.41,0.27,169.51,36
MED0179,Adrenaline 10mg Inhaler,Antidiabetic,Mankind,Yes,2026-05,1260,763,762,127.6,762,0,No,1261,10,404.41,0.27,169.51,36
MED0179,Adrenaline 10mg Inhaler,Antidiabetic,Mankind,Yes,2026-06,1261,0,698,234.1,698,0,No,563,10,404.41,0.27,169.51,36
MED0179,Adrenaline 10mg Inhaler,Antidiabetic,Mankind,Yes,2026-07,563,0,803,128.8,563,240,Yes,0,10,404.41,0.27,169.51,36
MED0180,Ciprofloxacin 10mg Capsule,Neuro/Psychiatric,Intas,No,2025-08,106,242,338,104,338,0,No,10,5,422.16,0.24,315.98,12
MED0180,Ciprofloxacin 10mg Capsule,Neuro/Psychiatric,Intas,No,2025-09,10,323,336,91.6,333,3,Yes,0,5,422.16,0.24,315.98,12
MED0180,Ciprofloxacin 10mg Capsule,Neuro/Psychiatric,Intas,No,2025-10,0,330,396,122.7,330,66,Yes,0,5,422.16,0.24,315.98,12
MED0180,Ciprofloxacin 10mg Capsule,Neuro/Psychiatric,Intas,No,2025-11,0,432,403,111.1,403,0,No,29,5,422.16,0.24,315.98,12
MED0180,Ciprofloxacin 10mg Capsule,Neuro/Psychiatric,Intas,No,2025-12,29,454,444,84.1,444,0,No,39,5,422.16,0.24,315.98,12
MED0180,Ciprofloxacin 10mg Capsule,Neuro/Psychiatric,Intas,No,2026-01,39,476,410,69.7,410,0,No,105,5,422.16,0.24,315.98,12
MED0180,Ciprofloxacin 10mg Capsule,Neuro/Psychiatric,Intas,No,2026-02,105,311,414,65.4,414,0,No,2,5,422.16,0.24,315.98,12
MED0180,Ciprofloxacin 10mg Capsule,Neuro/Psychiatric,Intas,No,2026-03,2,0,448,147.6,2,446,Yes,0,5,422.16,0.24,315.98,12
MED0180,Ciprofloxacin 10mg Capsule,Neuro/Psychiatric,Intas,No,2026-04,0,487,431,143.9,431,0,No,56,5,422.16,0.24,315.98,12
MED0180,Ciprofloxacin 10mg Capsule,Neuro/Psychiatric,Intas,No,2026-05,56,342,383,107.6,383,0,No,15,5,422.16,0.24,315.98,12
MED0180,Ciprofloxacin 10mg Capsule,Neuro/Psychiatric,Intas,No,2026-06,15,346,381,68.2,361,20,Yes,0,5,422.16,0.24,315.98,12
MED0180,Ciprofloxacin 10mg Capsule,Neuro/Psychiatric,Intas,No,2026-07,0,388,378,124.3,378,0,No,10,5,422.16,0.24,315.98,12
MED0181,Snake Antivenom 500mg Tablet,Gastrointestinal,Abbott,No,2025-08,562,1699,1325,243.7,1325,0,No,936,7,251.82,0.2,294.71,9
MED0181,Snake Antivenom 500mg Tablet,Gastrointestinal,Abbott,No,2025-09,936,731,952,213.5,952,0,No,715,7,251.82,0.2,294.71,9
MED0181,Snake Antivenom 500mg Tablet,Gastrointestinal,Abbott,No,2025-10,715,988,849,258.1,849,0,No,854,7,251.82,0.2,294.71,9
MED0181,Snake Antivenom 500mg Tablet,Gastrointestinal,Abbott,No,2025-11,854,577,639,101,639,0,No,792,7,251.82,0.2,294.71,9
MED0181,Snake Antivenom 500mg Tablet,Gastrointestinal,Abbott,No,2025-12,792,503,607,201,607,0,No,688,7,251.82,0.2,294.71,9
MED0181,Snake Antivenom 500mg Tablet,Gastrointestinal,Abbott,No,2026-01,688,0,663,231.2,663,0,No,25,7,251.82,0.2,294.71,9
MED0181,Snake Antivenom 500mg Tablet,Gastrointestinal,Abbott,No,2026-02,25,959,768,175.2,768,0,No,216,7,251.82,0.2,294.71,9
MED0181,Snake Antivenom 500mg Tablet,Gastrointestinal,Abbott,No,2026-03,216,761,1017,205.9,977,40,Yes,0,7,251.82,0.2,294.71,9
MED0181,Snake Antivenom 500mg Tablet,Gastrointestinal,Abbott,No,2026-04,0,974,1310,200.1,974,336,Yes,0,7,251.82,0.2,294.71,9
MED0181,Snake Antivenom 500mg Tablet,Gastrointestinal,Abbott,No,2026-05,0,1350,1635,258.3,1350,285,Yes,0,7,251.82,0.2,294.71,9
MED0181,Snake Antivenom 500mg Tablet,Gastrointestinal,Abbott,No,2026-06,0,1248,1502,486.7,1248,254,Yes,0,7,251.82,0.2,294.71,9
MED0181,Snake Antivenom 500mg Tablet,Gastrointestinal,Abbott,No,2026-07,0,1299,1121,328.6,1121,0,No,178,7,251.82,0.2,294.71,9
MED0182,Loperamide 10ml Capsule,Respiratory,Aurobindo,No,2025-08,291,887,715,171.8,715,0,No,463,7,153.41,0.22,175.01,18
MED0182,Loperamide 10ml Capsule,Respiratory,Aurobindo,No,2025-09,463,0,648,165.1,463,185,Yes,0,7,153.41,0.22,175.01,18
MED0182,Loperamide 10ml Capsule,Respiratory,Aurobindo,No,2025-10,0,934,742,242.7,742,0,No,192,7,153.41,0.22,175.01,18
MED0182,Loperamide 10ml Capsule,Respiratory,Aurobindo,No,2025-11,192,593,779,262.4,779,0,No,6,7,153.41,0.22,175.01,18
MED0182,Loperamide 10ml Capsule,Respiratory,Aurobindo,No,2025-12,6,686,689,157.7,689,0,No,3,7,153.41,0.22,175.01,18
MED0182,Loperamide 10ml Capsule,Respiratory,Aurobindo,No,2026-01,3,870,743,253.6,743,0,No,130,7,153.41,0.22,175.01,18
MED0182,Loperamide 10ml Capsule,Respiratory,Aurobindo,No,2026-02,130,846,849,276.3,849,0,No,127,7,153.41,0.22,175.01,18
MED0182,Loperamide 10ml Capsule,Respiratory,Aurobindo,No,2026-03,127,855,715,164.4,715,0,No,267,7,153.41,0.22,175.01,18
MED0182,Loperamide 10ml Capsule,Respiratory,Aurobindo,No,2026-04,267,543,739,188.3,739,0,No,71,7,153.41,0.22,175.01,18
MED0182,Loperamide 10ml Capsule,Respiratory,Aurobindo,No,2026-05,71,796,747,227.7,747,0,No,120,7,153.41,0.22,175.01,18
MED0182,Loperamide 10ml Capsule,Respiratory,Aurobindo,No,2026-06,120,620,691,223.5,691,0,No,49,7,153.41,0.22,175.01,18
MED0182,Loperamide 10ml Capsule,Respiratory,Aurobindo,No,2026-07,49,733,772,144.1,772,0,No,10,7,153.41,0.22,175.01,18
MED0183,Atenolol 250mg Injection,Analgesic,Mankind,Yes,2025-08,1285,3961,3626,978.8,3626,0,No,1620,7,260.42,0.23,61.59,18
MED0183,Atenolol 250mg Injection,Analgesic,Mankind,Yes,2025-09,1620,4105,3392,594.6,3392,0,No,2333,7,260.42,0.23,61.59,18
MED0183,Atenolol 250mg Injection,Analgesic,Mankind,Yes,2025-10,2333,3403,3337,772.2,3337,0,No,2399,7,260.42,0.23,61.59,18
MED0183,Atenolol 250mg Injection,Analgesic,Mankind,Yes,2025-11,2399,2780,3772,597.2,3772,0,No,1407,7,260.42,0.23,61.59,18
MED0183,Atenolol 250mg Injection,Analgesic,Mankind,Yes,2025-12,1407,2814,3565,1124.9,3565,0,No,656,7,260.42,0.23,61.59,18
MED0183,Atenolol 250mg Injection,Analgesic,Mankind,Yes,2026-01,656,3904,4123,1351.8,4123,0,No,437,7,260.42,0.23,61.59,18
MED0183,Atenolol 250mg Injection,Analgesic,Mankind,Yes,2026-02,437,3946,3258,1102.1,3258,0,No,1125,7,260.42,0.23,61.59,18
MED0183,Atenolol 250mg Injection,Analgesic,Mankind,Yes,2026-03,1125,3473,3429,744.3,3429,0,No,1169,7,260.42,0.23,61.59,18
MED0183,Atenolol 250mg Injection,Analgesic,Mankind,Yes,2026-04,1169,2329,3211,622.7,3211,0,No,287,7,260.42,0.23,61.59,18
MED0183,Atenolol 250mg Injection,Analgesic,Mankind,Yes,2026-05,287,3249,3559,832.1,3536,23,Yes,0,7,260.42,0.23,61.59,18
MED0183,Atenolol 250mg Injection,Analgesic,Mankind,Yes,2026-06,0,3106,4121,767.1,3106,1015,Yes,0,7,260.42,0.23,61.59,18
MED0183,Atenolol 250mg Injection,Analgesic,Mankind,Yes,2026-07,0,3980,3852,1344.2,3852,0,No,128,7,260.42,0.23,61.59,18
MED0184,Misoprostol 20mg Drops,Antidiabetic,Intas,No,2025-08,233,1671,1782,600.9,1782,0,No,122,3,27.03,0.17,242.48,6
MED0184,Misoprostol 20mg Drops,Antidiabetic,Intas,No,2025-09,122,1166,1548,280.5,1288,260,Yes,0,3,27.03,0.17,242.48,6
MED0184,Misoprostol 20mg Drops,Antidiabetic,Intas,No,2025-10,0,1174,1006,305.4,1006,0,No,168,3,27.03,0.17,242.48,6
MED0184,Misoprostol 20mg Drops,Antidiabetic,Intas,No,2025-11,168,917,982,248.2,982,0,No,103,3,27.03,0.17,242.48,6
MED0184,Misoprostol 20mg Drops,Antidiabetic,Intas,No,2025-12,103,987,967,276,967,0,No,123,3,27.03,0.17,242.48,6
MED0184,Misoprostol 20mg Drops,Antidiabetic,Intas,No,2026-01,123,1053,903,181,903,0,No,273,3,27.03,0.17,242.48,6
MED0184,Misoprostol 20mg Drops,Antidiabetic,Intas,No,2026-02,273,868,942,308.8,942,0,No,199,3,27.03,0.17,242.48,6
MED0184,Misoprostol 20mg Drops,Antidiabetic,Intas,No,2026-03,199,1219,1356,329.3,1356,0,No,62,3,27.03,0.17,242.48,6
MED0184,Misoprostol 20mg Drops,Antidiabetic,Intas,No,2026-04,62,0,1637,460.3,62,1575,Yes,0,3,27.03,0.17,242.48,6
MED0184,Misoprostol 20mg Drops,Antidiabetic,Intas,No,2026-05,0,2853,2556,781.7,2556,0,No,297,3,27.03,0.17,242.48,6
MED0184,Misoprostol 20mg Drops,Antidiabetic,Intas,No,2026-06,297,2104,2226,416.1,2226,0,No,175,3,27.03,0.17,242.48,6
MED0184,Misoprostol 20mg Drops,Antidiabetic,Intas,No,2026-07,175,2158,1859,516.3,1859,0,No,474,3,27.03,0.17,242.48,6
MED0185,Isosorbide Dinitrate 100mg Capsule,Antidiabetic,Aurobindo,Yes,2025-08,2094,5342,4348,1336.6,4348,0,No,3088,7,448.57,0.14,178.59,24
MED0185,Isosorbide Dinitrate 100mg Capsule,Antidiabetic,Aurobindo,Yes,2025-09,3088,3610,4344,1366.1,4344,0,No,2354,7,448.57,0.14,178.59,24
MED0185,Isosorbide Dinitrate 100mg Capsule,Antidiabetic,Aurobindo,Yes,2025-10,2354,4191,4253,953.6,4253,0,No,2292,7,448.57,0.14,178.59,24
MED0185,Isosorbide Dinitrate 100mg Capsule,Antidiabetic,Aurobindo,Yes,2025-11,2292,3838,4623,1320.4,4623,0,No,1507,7,448.57,0.14,178.59,24
MED0185,Isosorbide Dinitrate 100mg Capsule,Antidiabetic,Aurobindo,Yes,2025-12,1507,4320,4810,1531.2,4810,0,No,1017,7,448.57,0.14,178.59,24
MED0185,Isosorbide Dinitrate 100mg Capsule,Antidiabetic,Aurobindo,Yes,2026-01,1017,3342,4244,753,4244,0,No,115,7,448.57,0.14,178.59,24
MED0185,Isosorbide Dinitrate 100mg Capsule,Antidiabetic,Aurobindo,Yes,2026-02,115,4262,4266,1193.4,4266,0,No,111,7,448.57,0.14,178.59,24
MED0185,Isosorbide Dinitrate 100mg Capsule,Antidiabetic,Aurobindo,Yes,2026-03,111,3749,4673,802.4,3860,813,Yes,0,7,448.57,0.14,178.59,24
MED0185,Isosorbide Dinitrate 100mg Capsule,Antidiabetic,Aurobindo,Yes,2026-04,0,3410,3616,676.6,3410,206,Yes,0,7,448.57,0.14,178.59,24
MED0185,Isosorbide Dinitrate 100mg Capsule,Antidiabetic,Aurobindo,Yes,2026-05,0,0,4669,1190.3,0,4669,Yes,0,7,448.57,0.14,178.59,24
MED0185,Isosorbide Dinitrate 100mg Capsule,Antidiabetic,Aurobindo,Yes,2026-06,0,3582,4473,769.6,3582,891,Yes,0,7,448.57,0.14,178.59,24
MED0185,Isosorbide Dinitrate 100mg Capsule,Antidiabetic,Aurobindo,Yes,2026-07,0,3696,4005,1210.5,3696,309,Yes,0,7,448.57,0.14,178.59,24
MED0186,Cefixime 2.5mg Injection,Cardiac,Dr Reddy's,No,2025-08,1885,1065,1306,406.7,1306,0,No,1644,21,102.4,0.23,341.56,6
MED0186,Cefixime 2.5mg Injection,Cardiac,Dr Reddy's,No,2025-09,1644,927,1128,198.9,1128,0,No,1443,21,102.4,0.23,341.56,6
MED0186,Cefixime 2.5mg Injection,Cardiac,Dr Reddy's,No,2025-10,1443,0,1001,349.2,1001,0,No,442,21,102.4,0.23,341.56,6
MED0186,Cefixime 2.5mg Injection,Cardiac,Dr Reddy's,No,2025-11,442,853,850,225,850,0,No,445,21,102.4,0.23,341.56,6
MED0186,Cefixime 2.5mg Injection,Cardiac,Dr Reddy's,No,2025-12,445,579,790,193,790,0,No,234,21,102.4,0.23,341.56,6
MED0186,Cefixime 2.5mg Injection,Cardiac,Dr Reddy's,No,2026-01,234,619,700,112.4,700,0,No,153,21,102.4,0.23,341.56,6
MED0186,Cefixime 2.5mg Injection,Cardiac,Dr Reddy's,No,2026-02,153,1048,848,150,848,0,No,353,21,102.4,0.23,341.56,6
MED0186,Cefixime 2.5mg Injection,Cardiac,Dr Reddy's,No,2026-03,353,741,979,214.1,979,0,No,115,21,102.4,0.23,341.56,6
MED0186,Cefixime 2.5mg Injection,Cardiac,Dr Reddy's,No,2026-04,115,1806,1491,298.5,1491,0,No,430,21,102.4,0.23,341.56,6
MED0186,Cefixime 2.5mg Injection,Cardiac,Dr Reddy's,No,2026-05,430,2629,2088,530.5,2088,0,No,971,21,102.4,0.23,341.56,6
MED0186,Cefixime 2.5mg Injection,Cardiac,Dr Reddy's,No,2026-06,971,2422,2190,383.4,2190,0,No,1203,21,102.4,0.23,341.56,6
MED0186,Cefixime 2.5mg Injection,Cardiac,Dr Reddy's,No,2026-07,1203,0,1579,242.7,1203,376,Yes,0,21,102.4,0.23,341.56,6
MED0187,ORS 5ml Drops,Emergency/Critical Care,Lupin,No,2025-08,373,1125,1066,236.1,1066,0,No,432,5,508.25,0.19,107.72,6
MED0187,ORS 5ml Drops,Emergency/Critical Care,Lupin,No,2025-09,432,0,1048,246.8,432,616,Yes,0,5,508.25,0.19,107.72,6
MED0187,ORS 5ml Drops,Emergency/Critical Care,Lupin,No,2025-10,0,717,940,227,717,223,Yes,0,5,508.25,0.19,107.72,6
MED0187,ORS 5ml Drops,Emergency/Critical Care,Lupin,No,2025-11,0,1118,1101,218.9,1101,0,No,17,5,508.25,0.19,107.72,6
MED0187,ORS 5ml Drops,Emergency/Critical Care,Lupin,No,2025-12,17,979,970,230.8,970,0,No,26,5,508.25,0.19,107.72,6
MED0187,ORS 5ml Drops,Emergency/Critical Care,Lupin,No,2026-01,26,0,991,292.1,26,965,Yes,0,5,508.25,0.19,107.72,6
MED0187,ORS 5ml Drops,Emergency/Critical Care,Lupin,No,2026-02,0,0,980,320.3,0,980,Yes,0,5,508.25,0.19,107.72,6
MED0187,ORS 5ml Drops,Emergency/Critical Care,Lupin,No,2026-03,0,908,932,312.4,908,24,Yes,0,5,508.25,0.19,107.72,6
MED0187,ORS 5ml Drops,Emergency/Critical Care,Lupin,No,2026-04,0,0,1098,208.5,0,1098,Yes,0,5,508.25,0.19,107.72,6
MED0187,ORS 5ml Drops,Emergency/Critical Care,Lupin,No,2026-05,0,1072,1063,344.1,1063,0,No,9,5,508.25,0.19,107.72,6
MED0187,ORS 5ml Drops,Emergency/Critical Care,Lupin,No,2026-06,9,749,1056,314.4,758,298,Yes,0,5,508.25,0.19,107.72,6
MED0187,ORS 5ml Drops,Emergency/Critical Care,Lupin,No,2026-07,0,1215,954,307,954,0,No,261,5,508.25,0.19,107.72,6
MED0188,Morphine 1g Tablet,Cardiac,Alkem,No,2025-08,677,2052,1794,428.6,1794,0,No,935,4,594.68,0.13,319.9,24
MED0188,Morphine 1g Tablet,Cardiac,Alkem,No,2025-09,935,1831,1882,315.2,1882,0,No,884,4,594.68,0.13,319.9,24
MED0188,Morphine 1g Tablet,Cardiac,Alkem,No,2025-10,884,1735,2100,579.4,2100,0,No,519,4,594.68,0.13,319.9,24
MED0188,Morphine 1g Tablet,Cardiac,Alkem,No,2025-11,519,2957,3134,651.8,3134,0,No,342,4,594.68,0.13,319.9,24
MED0188,Morphine 1g Tablet,Cardiac,Alkem,No,2025-12,342,4735,3746,1285.2,3746,0,No,1331,4,594.68,0.13,319.9,24
MED0188,Morphine 1g Tablet,Cardiac,Alkem,No,2026-01,1331,2903,3321,545.4,3321,0,No,913,4,594.68,0.13,319.9,24
MED0188,Morphine 1g Tablet,Cardiac,Alkem,No,2026-02,913,2871,3367,957.6,3367,0,No,417,4,594.68,0.13,319.9,24
MED0188,Morphine 1g Tablet,Cardiac,Alkem,No,2026-03,417,2297,2180,545.5,2180,0,No,534,4,594.68,0.13,319.9,24
MED0188,Morphine 1g Tablet,Cardiac,Alkem,No,2026-04,534,1222,1722,412.2,1722,0,No,34,4,594.68,0.13,319.9,24
MED0188,Morphine 1g Tablet,Cardiac,Alkem,No,2026-05,34,0,1543,334.9,34,1509,Yes,0,4,594.68,0.13,319.9,24
MED0188,Morphine 1g Tablet,Cardiac,Alkem,No,2026-06,0,1125,1444,297.1,1125,319,Yes,0,4,594.68,0.13,319.9,24
MED0188,Morphine 1g Tablet,Cardiac,Alkem,No,2026-07,0,1945,1646,474.9,1646,0,No,299,4,594.68,0.13,319.9,24
MED0189,Fluconazole 20mg Ointment,Analgesic,Lupin,Yes,2025-08,53,270,241,75.2,241,0,No,82,4,214.59,0.25,217.74,18
MED0189,Fluconazole 20mg Ointment,Analgesic,Lupin,Yes,2025-09,82,189,235,54.9,235,0,No,36,4,214.59,0.25,217.74,18
MED0189,Fluconazole 20mg Ointment,Analgesic,Lupin,Yes,2025-10,36,191,228,44.4,227,1,Yes,0,4,214.59,0.25,217.74,18
MED0189,Fluconazole 20mg Ointment,Analgesic,Lupin,Yes,2025-11,0,225,245,75.9,225,20,Yes,0,4,214.59,0.25,217.74,18
MED0189,Fluconazole 20mg Ointment,Analgesic,Lupin,Yes,2025-12,0,330,275,73.9,275,0,No,55,4,214.59,0.25,217.74,18
MED0189,Fluconazole 20mg Ointment,Analgesic,Lupin,Yes,2026-01,55,251,256,76.8,256,0,No,50,4,214.59,0.25,217.74,18
MED0189,Fluconazole 20mg Ointment,Analgesic,Lupin,Yes,2026-02,50,280,266,66.7,266,0,No,64,4,214.59,0.25,217.74,18
MED0189,Fluconazole 20mg Ointment,Analgesic,Lupin,Yes,2026-03,64,204,264,54.6,264,0,No,4,4,214.59,0.25,217.74,18
MED0189,Fluconazole 20mg Ointment,Analgesic,Lupin,Yes,2026-04,4,0,253,75,4,249,Yes,0,4,214.59,0.25,217.74,18
MED0189,Fluconazole 20mg Ointment,Analgesic,Lupin,Yes,2026-05,0,0,252,58.7,0,252,Yes,0,4,214.59,0.25,217.74,18
MED0189,Fluconazole 20mg Ointment,Analgesic,Lupin,Yes,2026-06,0,217,234,44.2,217,17,Yes,0,4,214.59,0.25,217.74,18
MED0189,Fluconazole 20mg Ointment,Analgesic,Lupin,Yes,2026-07,0,183,257,78.3,183,74,Yes,0,4,214.59,0.25,217.74,18
MED0190,Ivermectin 5mg Tablet,Anesthetic,Abbott,No,2025-08,1198,1558,1900,298,1900,0,No,856,10,457.63,0.2,173.43,36
MED0190,Ivermectin 5mg Tablet,Anesthetic,Abbott,No,2025-09,856,1893,1535,373.5,1535,0,No,1214,10,457.63,0.2,173.43,36
MED0190,Ivermectin 5mg Tablet,Anesthetic,Abbott,No,2025-10,1214,1473,1177,194.3,1177,0,No,1510,10,457.63,0.2,173.43,36
MED0190,Ivermectin 5mg Tablet,Anesthetic,Abbott,No,2025-11,1510,0,1108,269.9,1108,0,No,402,10,457.63,0.2,173.43,36
MED0190,Ivermectin 5mg Tablet,Anesthetic,Abbott,No,2025-12,402,0,1060,175,402,658,Yes,0,10,457.63,0.2,173.43,36
MED0190,Ivermectin 5mg Tablet,Anesthetic,Abbott,No,2026-01,0,0,910,165.6,0,910,Yes,0,10,457.63,0.2,173.43,36
MED0190,Ivermectin 5mg Tablet,Anesthetic,Abbott,No,2026-02,0,764,1025,181.9,764,261,Yes,0,10,457.63,0.2,173.43,36
MED0190,Ivermectin 5mg Tablet,Anesthetic,Abbott,No,2026-03,0,1194,1230,360.5,1194,36,Yes,0,10,457.63,0.2,173.43,36
MED0190,Ivermectin 5mg Tablet,Anesthetic,Abbott,No,2026-04,0,0,1953,305.7,0,1953,Yes,0,10,457.63,0.2,173.43,36
MED0190,Ivermectin 5mg Tablet,Anesthetic,Abbott,No,2026-05,0,2512,2364,611.8,2364,0,No,148,10,457.63,0.2,173.43,36
MED0190,Ivermectin 5mg Tablet,Anesthetic,Abbott,No,2026-06,148,2132,2322,403.2,2280,42,Yes,0,10,457.63,0.2,173.43,36
MED0190,Ivermectin 5mg Tablet,Anesthetic,Abbott,No,2026-07,0,2598,2088,527.4,2088,0,No,510,10,457.63,0.2,173.43,36
MED0191,Mannitol 10ml Injection,Cardiac,Zydus,No,2025-08,785,2522,2000,504.6,2000,0,No,1307,5,505.23,0.21,257.82,18
MED0191,Mannitol 10ml Injection,Cardiac,Zydus,No,2025-09,1307,1517,1955,343.1,1955,0,No,869,5,505.23,0.21,257.82,18
MED0191,Mannitol 10ml Injection,Cardiac,Zydus,No,2025-10,869,1471,1981,519.5,1981,0,No,359,5,505.23,0.21,257.82,18
MED0191,Mannitol 10ml Injection,Cardiac,Zydus,No,2025-11,359,2063,2243,683.4,2243,0,No,179,5,505.23,0.21,257.82,18
MED0191,Mannitol 10ml Injection,Cardiac,Zydus,No,2025-12,179,1653,2134,527.3,1832,302,Yes,0,5,505.23,0.21,257.82,18
MED0191,Mannitol 10ml Injection,Cardiac,Zydus,No,2026-01,0,1376,1887,335,1376,511,Yes,0,5,505.23,0.21,257.82,18
MED0191,Mannitol 10ml Injection,Cardiac,Zydus,No,2026-02,0,2028,1945,467.6,1945,0,No,83,5,505.23,0.21,257.82,18
MED0191,Mannitol 10ml Injection,Cardiac,Zydus,No,2026-03,83,1869,1772,543.6,1772,0,No,180,5,505.23,0.21,257.82,18
MED0191,Mannitol 10ml Injection,Cardiac,Zydus,No,2026-04,180,2244,2108,691,2108,0,No,316,5,505.23,0.21,257.82,18
MED0191,Mannitol 10ml Injection,Cardiac,Zydus,No,2026-05,316,2346,1913,479.5,1913,0,No,749,5,505.23,0.21,257.82,18
MED0191,Mannitol 10ml Injection,Cardiac,Zydus,No,2026-06,749,1672,1744,395.8,1744,0,No,677,5,505.23,0.21,257.82,18
MED0191,Mannitol 10ml Injection,Cardiac,Zydus,No,2026-07,677,2443,1880,436.7,1880,0,No,1240,5,505.23,0.21,257.82,18
MED0192,Rosuvastatin 250mg Capsule,Gastrointestinal,Sun Pharma,No,2025-08,657,0,394,71.9,394,0,No,263,21,215.53,0.19,316.36,18
MED0192,Rosuvastatin 250mg Capsule,Gastrointestinal,Sun Pharma,No,2025-09,263,521,467,120.9,467,0,No,317,21,215.53,0.19,316.36,18
MED0192,Rosuvastatin 250mg Capsule,Gastrointestinal,Sun Pharma,No,2025-10,317,749,579,116.9,579,0,No,487,21,215.53,0.19,316.36,18
MED0192,Rosuvastatin 250mg Capsule,Gastrointestinal,Sun Pharma,No,2025-11,487,793,675,204,675,0,No,605,21,215.53,0.19,316.36,18
MED0192,Rosuvastatin 250mg Capsule,Gastrointestinal,Sun Pharma,No,2025-12,605,1178,933,264.6,933,0,No,850,21,215.53,0.19,316.36,18
MED0192,Rosuvastatin 250mg Capsule,Gastrointestinal,Sun Pharma,No,2026-01,850,1085,940,185.6,940,0,No,995,21,215.53,0.19,316.36,18
MED0192,Rosuvastatin 250mg Capsule,Gastrointestinal,Sun Pharma,No,2026-02,995,0,790,146.6,790,0,No,205,21,215.53,0.19,316.36,18
MED0192,Rosuvastatin 250mg Capsule,Gastrointestinal,Sun Pharma,No,2026-03,205,653,569,113.9,569,0,No,289,21,215.53,0.19,316.36,18
MED0192,Rosuvastatin 250mg Capsule,Gastrointestinal,Sun Pharma,No,2026-04,289,365,440,73.3,440,0,No,214,21,215.53,0.19,316.36,18
MED0192,Rosuvastatin 250mg Capsule,Gastrointestinal,Sun Pharma,No,2026-05,214,287,350,92.1,350,0,No,151,21,215.53,0.19,316.36,18
MED0192,Rosuvastatin 250mg Capsule,Gastrointestinal,Sun Pharma,No,2026-06,151,321,328,60.4,328,0,No,144,21,215.53,0.19,316.36,18
MED0192,Rosuvastatin 250mg Capsule,Gastrointestinal,Sun Pharma,No,2026-07,144,504,449,143.6,449,0,No,199,21,215.53,0.19,316.36,18
MED0193,Hydrocortisone 250mg Ointment,Dermatological,Cadila,No,2025-08,116,427,570,116.6,543,27,Yes,0,5,378.64,0.22,185.62,6
MED0193,Hydrocortisone 250mg Ointment,Dermatological,Cadila,No,2025-09,0,515,584,99.3,515,69,Yes,0,5,378.64,0.22,185.62,6
MED0193,Hydrocortisone 250mg Ointment,Dermatological,Cadila,No,2025-10,0,614,565,139.8,565,0,No,49,5,378.64,0.22,185.62,6
MED0193,Hydrocortisone 250mg Ointment,Dermatological,Cadila,No,2025-11,49,652,612,96.9,612,0,No,89,5,378.64,0.22,185.62,6
MED0193,Hydrocortisone 250mg Ointment,Dermatological,Cadila,No,2025-12,89,719,589,133.6,589,0,No,219,5,378.64,0.22,185.62,6
MED0193,Hydrocortisone 250mg Ointment,Dermatological,Cadila,No,2026-01,219,0,526,135.1,219,307,Yes,0,5,378.64,0.22,185.62,6
MED0193,Hydrocortisone 250mg Ointment,Dermatological,Cadila,No,2026-02,0,507,484,134.7,484,0,No,23,5,378.64,0.22,185.62,6
MED0193,Hydrocortisone 250mg Ointment,Dermatological,Cadila,No,2026-03,23,480,482,115.2,482,0,No,21,5,378.64,0.22,185.62,6
MED0193,Hydrocortisone 250mg Ointment,Dermatological,Cadila,No,2026-04,21,0,599,182.8,21,578,Yes,0,5,378.64,0.22,185.62,6
MED0193,Hydrocortisone 250mg Ointment,Dermatological,Cadila,No,2026-05,0,472,603,147.3,472,131,Yes,0,5,378.64,0.22,185.62,6
MED0193,Hydrocortisone 250mg Ointment,Dermatological,Cadila,No,2026-06,0,402,567,111.8,402,165,Yes,0,5,378.64,0.22,185.62,6
MED0193,Hydrocortisone 250mg Ointment,Dermatological,Cadila,No,2026-07,0,367,483,81.3,367,116,Yes,0,5,378.64,0.22,185.62,6
MED0194,Methyldopa 50mg Tablet,Vaccine,Lupin,No,2025-08,886,0,2241,613,886,1355,Yes,0,5,235.14,0.27,163.07,6
MED0194,Methyldopa 50mg Tablet,Vaccine,Lupin,No,2025-09,0,3161,2958,995.7,2958,0,No,203,5,235.14,0.27,163.07,6
MED0194,Methyldopa 50mg Tablet,Vaccine,Lupin,No,2025-10,203,1626,2240,753.4,1829,411,Yes,0,5,235.14,0.27,163.07,6
MED0194,Methyldopa 50mg Tablet,Vaccine,Lupin,No,2025-11,0,2739,2486,411.1,2486,0,No,253,5,235.14,0.27,163.07,6
MED0194,Methyldopa 50mg Tablet,Vaccine,Lupin,No,2025-12,253,0,2586,586.4,253,2333,Yes,0,5,235.14,0.27,163.07,6
MED0194,Methyldopa 50mg Tablet,Vaccine,Lupin,No,2026-01,0,1882,2410,409.8,1882,528,Yes,0,5,235.14,0.27,163.07,6
MED0194,Methyldopa 50mg Tablet,Vaccine,Lupin,No,2026-02,0,2908,2684,586.6,2684,0,No,224,5,235.14,0.27,163.07,6
MED0194,Methyldopa 50mg Tablet,Vaccine,Lupin,No,2026-03,224,2562,2576,592.6,2576,0,No,210,5,235.14,0.27,163.07,6
MED0194,Methyldopa 50mg Tablet,Vaccine,Lupin,No,2026-04,210,1758,2456,643,1968,488,Yes,0,5,235.14,0.27,163.07,6
MED0194,Methyldopa 50mg Tablet,Vaccine,Lupin,No,2026-05,0,2676,2583,417.2,2583,0,No,93,5,235.14,0.27,163.07,6
MED0194,Methyldopa 50mg Tablet,Vaccine,Lupin,No,2026-06,93,0,2896,945.7,93,2803,Yes,0,5,235.14,0.27,163.07,6
MED0194,Methyldopa 50mg Tablet,Vaccine,Lupin,No,2026-07,0,0,2546,678.8,0,2546,Yes,0,5,235.14,0.27,163.07,6
MED0195,Calcium Carbonate 20mg Injection,Vitamin/Supplement,Intas,Yes,2025-08,268,0,965,319.1,268,697,Yes,0,5,561.96,0.28,80.76,18
MED0195,Calcium Carbonate 20mg Injection,Vitamin/Supplement,Intas,Yes,2025-09,0,848,686,216.4,686,0,No,162,5,561.96,0.28,80.76,18
MED0195,Calcium Carbonate 20mg Injection,Vitamin/Supplement,Intas,Yes,2025-10,162,375,520,140.1,520,0,No,17,5,561.96,0.28,80.76,18
MED0195,Calcium Carbonate 20mg Injection,Vitamin/Supplement,Intas,Yes,2025-11,17,455,527,143.3,472,55,Yes,0,5,561.96,0.28,80.76,18
MED0195,Calcium Carbonate 20mg Injection,Vitamin/Supplement,Intas,Yes,2025-12,0,459,508,123.8,459,49,Yes,0,5,561.96,0.28,80.76,18
MED0195,Calcium Carbonate 20mg Injection,Vitamin/Supplement,Intas,Yes,2026-01,0,299,418,145,299,119,Yes,0,5,561.96,0.28,80.76,18
MED0195,Calcium Carbonate 20mg Injection,Vitamin/Supplement,Intas,Yes,2026-02,0,0,567,97.6,0,567,Yes,0,5,561.96,0.28,80.76,18
MED0195,Calcium Carbonate 20mg Injection,Vitamin/Supplement,Intas,Yes,2026-03,0,708,629,128.2,629,0,No,79,5,561.96,0.28,80.76,18
MED0195,Calcium Carbonate 20mg Injection,Vitamin/Supplement,Intas,Yes,2026-04,79,1248,1115,325.9,1115,0,No,212,5,561.96,0.28,80.76,18
MED0195,Calcium Carbonate 20mg Injection,Vitamin/Supplement,Intas,Yes,2026-05,212,1851,1466,428.1,1466,0,No,597,5,561.96,0.28,80.76,18
MED0195,Calcium Carbonate 20mg Injection,Vitamin/Supplement,Intas,Yes,2026-06,597,1348,1060,308.4,1060,0,No,885,5,561.96,0.28,80.76,18
MED0195,Calcium Carbonate 20mg Injection,Vitamin/Supplement,Intas,Yes,2026-07,885,755,890,223.2,890,0,No,750,5,561.96,0.28,80.76,18
MED0196,Misoprostol 5mg Ointment,Dermatological,Intas,No,2025-08,518,294,289,62.6,289,0,No,523,21,577.25,0.26,40.65,6
MED0196,Misoprostol 5mg Ointment,Dermatological,Intas,No,2025-09,523,259,326,81.1,326,0,No,456,21,577.25,0.26,40.65,6
MED0196,Misoprostol 5mg Ointment,Dermatological,Intas,No,2025-10,456,394,337,63.8,337,0,No,513,21,577.25,0.26,40.65,6
MED0196,Misoprostol 5mg Ointment,Dermatological,Intas,No,2025-11,513,402,456,78.3,456,0,No,459,21,577.25,0.26,40.65,6
MED0196,Misoprostol 5mg Ointment,Dermatological,Intas,No,2025-12,459,618,708,207.3,708,0,No,369,21,577.25,0.26,40.65,6
MED0196,Misoprostol 5mg Ointment,Dermatological,Intas,No,2026-01,369,0,667,110.6,369,298,Yes,0,21,577.25,0.26,40.65,6
MED0196,Misoprostol 5mg Ointment,Dermatological,Intas,No,2026-02,0,347,492,150,347,145,Yes,0,21,577.25,0.26,40.65,6
MED0196,Misoprostol 5mg Ointment,Dermatological,Intas,No,2026-03,0,339,410,96.2,339,71,Yes,0,21,577.25,0.26,40.65,6
MED0196,Misoprostol 5mg Ointment,Dermatological,Intas,No,2026-04,0,0,316,109.3,0,316,Yes,0,21,577.25,0.26,40.65,6
MED0196,Misoprostol 5mg Ointment,Dermatological,Intas,No,2026-05,0,236,255,50.6,236,19,Yes,0,21,577.25,0.26,40.65,6
MED0196,Misoprostol 5mg Ointment,Dermatological,Intas,No,2026-06,0,306,299,99.4,299,0,No,7,21,577.25,0.26,40.65,6
MED0196,Misoprostol 5mg Ointment,Dermatological,Intas,No,2026-07,7,247,304,77.3,254,50,Yes,0,21,577.25,0.26,40.65,6
MED0197,Chlorhexidine 100mg Syrup,Cardiac,Zydus,No,2025-08,727,1908,2445,755.8,2445,0,No,190,5,295.56,0.14,169.87,18
MED0197,Chlorhexidine 100mg Syrup,Cardiac,Zydus,No,2025-09,190,2682,2208,732.2,2208,0,No,664,5,295.56,0.14,169.87,18
MED0197,Chlorhexidine 100mg Syrup,Cardiac,Zydus,No,2025-10,664,2657,2185,557.8,2185,0,No,1136,5,295.56,0.14,169.87,18
MED0197,Chlorhexidine 100mg Syrup,Cardiac,Zydus,No,2025-11,1136,2701,2215,438.8,2215,0,No,1622,5,295.56,0.14,169.87,18
MED0197,Chlorhexidine 100mg Syrup,Cardiac,Zydus,No,2025-12,1622,2005,2851,993.7,2851,0,No,776,5,295.56,0.14,169.87,18
MED0197,Chlorhexidine 100mg Syrup,Cardiac,Zydus,No,2026-01,776,2609,2178,391,2178,0,No,1207,5,295.56,0.14,169.87,18
MED0197,Chlorhexidine 100mg Syrup,Cardiac,Zydus,No,2026-02,1207,3521,2816,527.6,2816,0,No,1912,5,295.56,0.14,169.87,18
MED0197,Chlorhexidine 100mg Syrup,Cardiac,Zydus,No,2026-03,1912,2306,2492,425.4,2492,0,No,1726,5,295.56,0.14,169.87,18
MED0197,Chlorhexidine 100mg Syrup,Cardiac,Zydus,No,2026-04,1726,0,2578,612.9,1726,852,Yes,0,5,295.56,0.14,169.87,18
MED0197,Chlorhexidine 100mg Syrup,Cardiac,Zydus,No,2026-05,0,3682,2893,748.4,2893,0,No,789,5,295.56,0.14,169.87,18
MED0197,Chlorhexidine 100mg Syrup,Cardiac,Zydus,No,2026-06,789,1934,2259,424.3,2259,0,No,464,5,295.56,0.14,169.87,18
MED0197,Chlorhexidine 100mg Syrup,Cardiac,Zydus,No,2026-07,464,0,2746,561,464,2282,Yes,0,5,295.56,0.14,169.87,18
MED0198,Atenolol 20mg Tablet,Antibiotic,Torrent,Yes,2025-08,843,3897,3108,937.3,3108,0,No,1632,5,8.6,0.22,323.12,12
MED0198,Atenolol 20mg Tablet,Antibiotic,Torrent,Yes,2025-09,1632,3353,3091,575.4,3091,0,No,1894,5,8.6,0.22,323.12,12
MED0198,Atenolol 20mg Tablet,Antibiotic,Torrent,Yes,2025-10,1894,2346,2395,757.9,2395,0,No,1845,5,8.6,0.22,323.12,12
MED0198,Atenolol 20mg Tablet,Antibiotic,Torrent,Yes,2025-11,1845,2221,2076,435.1,2076,0,No,1990,5,8.6,0.22,323.12,12
MED0198,Atenolol 20mg Tablet,Antibiotic,Torrent,Yes,2025-12,1990,0,1704,282.8,1704,0,No,286,5,8.6,0.22,323.12,12
MED0198,Atenolol 20mg Tablet,Antibiotic,Torrent,Yes,2026-01,286,1632,1765,392.6,1765,0,No,153,5,8.6,0.22,323.12,12
MED0198,Atenolol 20mg Tablet,Antibiotic,Torrent,Yes,2026-02,153,1814,1986,459.6,1967,19,Yes,0,5,8.6,0.22,323.12,12
MED0198,Atenolol 20mg Tablet,Antibiotic,Torrent,Yes,2026-03,0,3657,2921,985,2921,0,No,736,5,8.6,0.22,323.12,12
MED0198,Atenolol 20mg Tablet,Antibiotic,Torrent,Yes,2026-04,736,4077,3648,938.6,3648,0,No,1165,5,8.6,0.22,323.12,12
MED0198,Atenolol 20mg Tablet,Antibiotic,Torrent,Yes,2026-05,1165,4920,5412,1587.2,5412,0,No,673,5,8.6,0.22,323.12,12
MED0198,Atenolol 20mg Tablet,Antibiotic,Torrent,Yes,2026-06,673,4490,5015,1452,5015,0,No,148,5,8.6,0.22,323.12,12
MED0198,Atenolol 20mg Tablet,Antibiotic,Torrent,Yes,2026-07,148,4324,4022,1327.6,4022,0,No,450,5,8.6,0.22,323.12,12
MED0199,Hydrocortisone 100mg Suspension,Gastrointestinal,GSK,No,2025-08,3035,2908,3130,769.2,3130,0,No,2813,21,656.1,0.23,205.07,24
MED0199,Hydrocortisone 100mg Suspension,Gastrointestinal,GSK,No,2025-09,2813,3593,2855,471.7,2855,0,No,3551,21,656.1,0.23,205.07,24
MED0199,Hydrocortisone 100mg Suspension,Gastrointestinal,GSK,No,2025-10,3551,3375,3016,493.2,3016,0,No,3910,21,656.1,0.23,205.07,24
MED0199,Hydrocortisone 100mg Suspension,Gastrointestinal,GSK,No,2025-11,3910,2950,2453,374,2453,0,No,4407,21,656.1,0.23,205.07,24
MED0199,Hydrocortisone 100mg Suspension,Gastrointestinal,GSK,No,2025-12,4407,2458,2338,459.7,2338,0,No,4527,21,656.1,0.23,205.07,24
MED0199,Hydrocortisone 100mg Suspension,Gastrointestinal,GSK,No,2026-01,4527,0,2961,886,2961,0,No,1566,21,656.1,0.23,205.07,24
MED0199,Hydrocortisone 100mg Suspension,Gastrointestinal,GSK,No,2026-02,1566,3315,3051,596.2,3051,0,No,1830,21,656.1,0.23,205.07,24
MED0199,Hydrocortisone 100mg Suspension,Gastrointestinal,GSK,No,2026-03,1830,1805,2458,848.6,2458,0,No,1177,21,656.1,0.23,205.07,24
MED0199,Hydrocortisone 100mg Suspension,Gastrointestinal,GSK,No,2026-04,1177,3134,3088,825.3,3088,0,No,1223,21,656.1,0.23,205.07,24
MED0199,Hydrocortisone 100mg Suspension,Gastrointestinal,GSK,No,2026-05,1223,2949,3004,470.5,3004,0,No,1168,21,656.1,0.23,205.07,24
MED0199,Hydrocortisone 100mg Suspension,Gastrointestinal,GSK,No,2026-06,1168,2057,2383,693.9,2383,0,No,842,21,656.1,0.23,205.07,24
MED0199,Hydrocortisone 100mg Suspension,Gastrointestinal,GSK,No,2026-07,842,2176,2323,682.9,2323,0,No,695,21,656.1,0.23,205.07,24
MED0200,Insulin Regular 20mg Tablet,Vaccine,Glenmark,No,2025-08,598,0,2677,734.7,598,2079,Yes,0,4,538.54,0.16,134.96,18
MED0200,Insulin Regular 20mg Tablet,Vaccine,Glenmark,No,2025-09,0,2248,2421,675.1,2248,173,Yes,0,4,538.54,0.16,134.96,18
MED0200,Insulin Regular 20mg Tablet,Vaccine,Glenmark,No,2025-10,0,1970,2098,565.5,1970,128,Yes,0,4,538.54,0.16,134.96,18
MED0200,Insulin Regular 20mg Tablet,Vaccine,Glenmark,No,2025-11,0,0,1608,526.5,0,1608,Yes,0,4,538.54,0.16,134.96,18
MED0200,Insulin Regular 20mg Tablet,Vaccine,Glenmark,No,2025-12,0,993,1407,234.2,993,414,Yes,0,4,538.54,0.16,134.96,18
MED0200,Insulin Regular 20mg Tablet,Vaccine,Glenmark,No,2026-01,0,0,1616,388.2,0,1616,Yes,0,4,538.54,0.16,134.96,18
MED0200,Insulin Regular 20mg Tablet,Vaccine,Glenmark,No,2026-02,0,1827,1650,309.1,1650,0,No,177,4,538.54,0.16,134.96,18
MED0200,Insulin Regular 20mg Tablet,Vaccine,Glenmark,No,2026-03,177,2624,2178,344.4,2178,0,No,623,4,538.54,0.16,134.96,18
MED0200,Insulin Regular 20mg Tablet,Vaccine,Glenmark,No,2026-04,623,4152,3367,1063.9,3367,0,No,1408,4,538.54,0.16,134.96,18
MED0200,Insulin Regular 20mg Tablet,Vaccine,Glenmark,No,2026-05,1408,4946,3910,597,3910,0,No,2444,4,538.54,0.16,134.96,18
MED0200,Insulin Regular 20mg Tablet,Vaccine,Glenmark,No,2026-06,2444,3987,4069,798.7,4069,0,No,2362,4,538.54,0.16,134.96,18
MED0200,Insulin Regular 20mg Tablet,Vaccine,Glenmark,No,2026-07,2362,3093,3536,636.2,3536,0,No,1919,4,538.54,0.16,134.96,18
MED0201,Lidocaine 1mg Injection,Dermatological,Torrent,Yes,2025-08,504,1819,1540,362.7,1540,0,No,783,4,255.43,0.21,155.06,18
MED0201,Lidocaine 1mg Injection,Dermatological,Torrent,Yes,2025-09,783,1160,1466,420.6,1466,0,No,477,4,255.43,0.21,155.06,18
MED0201,Lidocaine 1mg Injection,Dermatological,Torrent,Yes,2025-10,477,1603,1886,356.7,1886,0,No,194,4,255.43,0.21,155.06,18
MED0201,Lidocaine 1mg Injection,Dermatological,Torrent,Yes,2025-11,194,2106,2378,492.1,2300,78,Yes,0,4,255.43,0.21,155.06,18
MED0201,Lidocaine 1mg Injection,Dermatological,Torrent,Yes,2025-12,0,2599,2939,768.1,2599,340,Yes,0,4,255.43,0.21,155.06,18
MED0201,Lidocaine 1mg Injection,Dermatological,Torrent,Yes,2026-01,0,2890,3074,924,2890,184,Yes,0,4,255.43,0.21,155.06,18
MED0201,Lidocaine 1mg Injection,Dermatological,Torrent,Yes,2026-02,0,2647,2381,526.5,2381,0,No,266,4,255.43,0.21,155.06,18
MED0201,Lidocaine 1mg Injection,Dermatological,Torrent,Yes,2026-03,266,1625,1564,456.5,1564,0,No,327,4,255.43,0.21,155.06,18
MED0201,Lidocaine 1mg Injection,Dermatological,Torrent,Yes,2026-04,327,1231,1413,231.4,1413,0,No,145,4,255.43,0.21,155.06,18
MED0201,Lidocaine 1mg Injection,Dermatological,Torrent,Yes,2026-05,145,1404,1238,428.1,1238,0,No,311,4,255.43,0.21,155.06,18
MED0201,Lidocaine 1mg Injection,Dermatological,Torrent,Yes,2026-06,311,848,1177,190.8,1159,18,Yes,0,4,255.43,0.21,155.06,18
MED0201,Lidocaine 1mg Injection,Dermatological,Torrent,Yes,2026-07,0,1079,1359,210.1,1079,280,Yes,0,4,255.43,0.21,155.06,18
MED0202,Gentamicin 1g Syrup,Dermatological,Abbott,Yes,2025-08,106,454,463,111.8,463,0,No,97,4,123.99,0.12,240.2,12
MED0202,Gentamicin 1g Syrup,Dermatological,Abbott,Yes,2025-09,97,440,424,100.8,424,0,No,113,4,123.99,0.12,240.2,12
MED0202,Gentamicin 1g Syrup,Dermatological,Abbott,Yes,2025-10,113,338,414,144,414,0,No,37,4,123.99,0.12,240.2,12
MED0202,Gentamicin 1g Syrup,Dermatological,Abbott,Yes,2025-11,37,0,446,144.2,37,409,Yes,0,4,123.99,0.12,240.2,12
MED0202,Gentamicin 1g Syrup,Dermatological,Abbott,Yes,2025-12,0,564,474,123,474,0,No,90,4,123.99,0.12,240.2,12
MED0202,Gentamicin 1g Syrup,Dermatological,Abbott,Yes,2026-01,90,467,432,90.2,432,0,No,125,4,123.99,0.12,240.2,12
MED0202,Gentamicin 1g Syrup,Dermatological,Abbott,Yes,2026-02,125,604,503,138.8,503,0,No,226,4,123.99,0.12,240.2,12
MED0202,Gentamicin 1g Syrup,Dermatological,Abbott,Yes,2026-03,226,288,389,118.7,389,0,No,125,4,123.99,0.12,240.2,12
MED0202,Gentamicin 1g Syrup,Dermatological,Abbott,Yes,2026-04,125,463,451,75.1,451,0,No,137,4,123.99,0.12,240.2,12
MED0202,Gentamicin 1g Syrup,Dermatological,Abbott,Yes,2026-05,137,422,511,95.4,511,0,No,48,4,123.99,0.12,240.2,12
MED0202,Gentamicin 1g Syrup,Dermatological,Abbott,Yes,2026-06,48,552,465,137,465,0,No,135,4,123.99,0.12,240.2,12
MED0202,Gentamicin 1g Syrup,Dermatological,Abbott,Yes,2026-07,135,552,497,82.2,497,0,No,190,4,123.99,0.12,240.2,12
MED0203,Folic Acid 10mg Tablet,Respiratory,Cipla,Yes,2025-08,611,889,952,248,952,0,No,548,10,464.39,0.21,72.63,24
MED0203,Folic Acid 10mg Tablet,Respiratory,Cipla,Yes,2025-09,548,0,1147,265.6,548,599,Yes,0,10,464.39,0.21,72.63,24
MED0203,Folic Acid 10mg Tablet,Respiratory,Cipla,Yes,2025-10,0,1012,910,292.3,910,0,No,102,10,464.39,0.21,72.63,24
MED0203,Folic Acid 10mg Tablet,Respiratory,Cipla,Yes,2025-11,102,1215,1007,340.1,1007,0,No,310,10,464.39,0.21,72.63,24
MED0203,Folic Acid 10mg Tablet,Respiratory,Cipla,Yes,2025-12,310,919,1133,255.9,1133,0,No,96,10,464.39,0.21,72.63,24
MED0203,Folic Acid 10mg Tablet,Respiratory,Cipla,Yes,2026-01,96,1116,984,300.7,984,0,No,228,10,464.39,0.21,72.63,24
MED0203,Folic Acid 10mg Tablet,Respiratory,Cipla,Yes,2026-02,228,0,1039,173.8,228,811,Yes,0,10,464.39,0.21,72.63,24
MED0203,Folic Acid 10mg Tablet,Respiratory,Cipla,Yes,2026-03,0,710,1010,245.2,710,300,Yes,0,10,464.39,0.21,72.63,24
MED0203,Folic Acid 10mg Tablet,Respiratory,Cipla,Yes,2026-04,0,1229,1204,268.2,1204,0,No,25,10,464.39,0.21,72.63,24
MED0203,Folic Acid 10mg Tablet,Respiratory,Cipla,Yes,2026-05,25,948,933,288.8,933,0,No,40,10,464.39,0.21,72.63,24
MED0203,Folic Acid 10mg Tablet,Respiratory,Cipla,Yes,2026-06,40,1314,1054,176.5,1054,0,No,300,10,464.39,0.21,72.63,24
MED0203,Folic Acid 10mg Tablet,Respiratory,Cipla,Yes,2026-07,300,801,921,186.7,921,0,No,180,10,464.39,0.21,72.63,24
MED0204,Tetanus Toxoid 250mg Injection,Emergency/Critical Care,Lupin,No,2025-08,35,159,181,48.7,181,0,No,13,3,390.54,0.14,299,24
MED0204,Tetanus Toxoid 250mg Injection,Emergency/Critical Care,Lupin,No,2025-09,13,170,155,46.3,155,0,No,28,3,390.54,0.14,299,24
MED0204,Tetanus Toxoid 250mg Injection,Emergency/Critical Care,Lupin,No,2025-10,28,0,187,37.2,28,159,Yes,0,3,390.54,0.14,299,24
MED0204,Tetanus Toxoid 250mg Injection,Emergency/Critical Care,Lupin,No,2025-11,0,149,196,48.7,149,47,Yes,0,3,390.54,0.14,299,24
MED0204,Tetanus Toxoid 250mg Injection,Emergency/Critical Care,Lupin,No,2025-12,0,195,156,34.3,156,0,No,39,3,390.54,0.14,299,24
MED0204,Tetanus Toxoid 250mg Injection,Emergency/Critical Care,Lupin,No,2026-01,39,204,201,67.1,201,0,No,42,3,390.54,0.14,299,24
MED0204,Tetanus Toxoid 250mg Injection,Emergency/Critical Care,Lupin,No,2026-02,42,141,164,50.8,164,0,No,19,3,390.54,0.14,299,24
MED0204,Tetanus Toxoid 250mg Injection,Emergency/Critical Care,Lupin,No,2026-03,19,130,165,41.7,149,16,Yes,0,3,390.54,0.14,299,24
MED0204,Tetanus Toxoid 250mg Injection,Emergency/Critical Care,Lupin,No,2026-04,0,217,177,57.5,177,0,No,40,3,390.54,0.14,299,24
MED0204,Tetanus Toxoid 250mg Injection,Emergency/Critical Care,Lupin,No,2026-05,40,159,163,29.9,163,0,No,36,3,390.54,0.14,299,24
MED0204,Tetanus Toxoid 250mg Injection,Emergency/Critical Care,Lupin,No,2026-06,36,237,188,58.1,188,0,No,85,3,390.54,0.14,299,24
MED0204,Tetanus Toxoid 250mg Injection,Emergency/Critical Care,Lupin,No,2026-07,85,133,174,33.3,174,0,No,44,3,390.54,0.14,299,24
MED0205,Ibuprofen 100mg Capsule,Dermatological,Aurobindo,No,2025-08,28,0,273,62.6,28,245,Yes,0,2,485.7,0.14,49.59,24
MED0205,Ibuprofen 100mg Capsule,Dermatological,Aurobindo,No,2025-09,0,289,257,72.3,257,0,No,32,2,485.7,0.14,49.59,24
MED0205,Ibuprofen 100mg Capsule,Dermatological,Aurobindo,No,2025-10,32,244,314,54.3,276,38,Yes,0,2,485.7,0.14,49.59,24
MED0205,Ibuprofen 100mg Capsule,Dermatological,Aurobindo,No,2025-11,0,298,330,98.8,298,32,Yes,0,2,485.7,0.14,49.59,24
MED0205,Ibuprofen 100mg Capsule,Dermatological,Aurobindo,No,2025-12,0,292,341,91.7,292,49,Yes,0,2,485.7,0.14,49.59,24
MED0205,Ibuprofen 100mg Capsule,Dermatological,Aurobindo,No,2026-01,0,302,273,83.8,273,0,No,29,2,485.7,0.14,49.59,24
MED0205,Ibuprofen 100mg Capsule,Dermatological,Aurobindo,No,2026-02,29,262,304,79.9,291,13,Yes,0,2,485.7,0.14,49.59,24
MED0205,Ibuprofen 100mg Capsule,Dermatological,Aurobindo,No,2026-03,0,293,286,92.8,286,0,No,7,2,485.7,0.14,49.59,24
MED0205,Ibuprofen 100mg Capsule,Dermatological,Aurobindo,No,2026-04,7,304,318,111.3,311,7,Yes,0,2,485.7,0.14,49.59,24
MED0205,Ibuprofen 100mg Capsule,Dermatological,Aurobindo,No,2026-05,0,322,330,102.7,322,8,Yes,0,2,485.7,0.14,49.59,24
MED0205,Ibuprofen 100mg Capsule,Dermatological,Aurobindo,No,2026-06,0,349,284,77.2,284,0,No,65,2,485.7,0.14,49.59,24
MED0205,Ibuprofen 100mg Capsule,Dermatological,Aurobindo,No,2026-07,65,339,264,62.2,264,0,No,140,2,485.7,0.14,49.59,24
MED0206,Chlorpheniramine 10mg Syrup,Respiratory,Abbott,Yes,2025-08,274,600,793,123.1,793,0,No,81,4,156.1,0.13,146.16,12
MED0206,Chlorpheniramine 10mg Syrup,Respiratory,Abbott,Yes,2025-09,81,912,953,286.4,953,0,No,40,4,156.1,0.13,146.16,12
MED0206,Chlorpheniramine 10mg Syrup,Respiratory,Abbott,Yes,2025-10,40,1441,1141,237,1141,0,No,340,4,156.1,0.13,146.16,12
MED0206,Chlorpheniramine 10mg Syrup,Respiratory,Abbott,Yes,2025-11,340,1138,1449,455.2,1449,0,No,29,4,156.1,0.13,146.16,12
MED0206,Chlorpheniramine 10mg Syrup,Respiratory,Abbott,Yes,2025-12,29,1180,1399,276.2,1209,190,Yes,0,4,156.1,0.13,146.16,12
MED0206,Chlorpheniramine 10mg Syrup,Respiratory,Abbott,Yes,2026-01,0,2390,1853,371.3,1853,0,No,537,4,156.1,0.13,146.16,12
MED0206,Chlorpheniramine 10mg Syrup,Respiratory,Abbott,Yes,2026-02,537,1009,1318,296.9,1318,0,No,228,4,156.1,0.13,146.16,12
MED0206,Chlorpheniramine 10mg Syrup,Respiratory,Abbott,Yes,2026-03,228,1209,1016,229.3,1016,0,No,421,4,156.1,0.13,146.16,12
MED0206,Chlorpheniramine 10mg Syrup,Respiratory,Abbott,Yes,2026-04,421,605,826,129.2,826,0,No,200,4,156.1,0.13,146.16,12
MED0206,Chlorpheniramine 10mg Syrup,Respiratory,Abbott,Yes,2026-05,200,879,738,211.8,738,0,No,341,4,156.1,0.13,146.16,12
MED0206,Chlorpheniramine 10mg Syrup,Respiratory,Abbott,Yes,2026-06,341,843,802,250.7,802,0,No,382,4,156.1,0.13,146.16,12
MED0206,Chlorpheniramine 10mg Syrup,Respiratory,Abbott,Yes,2026-07,382,606,860,184.2,860,0,No,128,4,156.1,0.13,146.16,12
MED0207,Paracetamol 1g Capsule,Antidiabetic,Sun Pharma,No,2025-08,955,4637,3686,1114.2,3686,0,No,1906,10,166.24,0.25,267.72,6
MED0207,Paracetamol 1g Capsule,Antidiabetic,Sun Pharma,No,2025-09,1906,2034,2523,495.5,2523,0,No,1417,10,166.24,0.25,267.72,6
MED0207,Paracetamol 1g Capsule,Antidiabetic,Sun Pharma,No,2025-10,1417,0,2404,615.6,1417,987,Yes,0,10,166.24,0.25,267.72,6
MED0207,Paracetamol 1g Capsule,Antidiabetic,Sun Pharma,No,2025-11,0,2098,1866,474.1,1866,0,No,232,10,166.24,0.25,267.72,6
MED0207,Paracetamol 1g Capsule,Antidiabetic,Sun Pharma,No,2025-12,232,1481,1920,478.5,1713,207,Yes,0,10,166.24,0.25,267.72,6
MED0207,Paracetamol 1g Capsule,Antidiabetic,Sun Pharma,No,2026-01,0,1595,1663,258.9,1595,68,Yes,0,10,166.24,0.25,267.72,6
MED0207,Paracetamol 1g Capsule,Antidiabetic,Sun Pharma,No,2026-02,0,2004,1946,309.1,1946,0,No,58,10,166.24,0.25,267.72,6
MED0207,Paracetamol 1g Capsule,Antidiabetic,Sun Pharma,No,2026-03,58,0,2240,758.5,58,2182,Yes,0,10,166.24,0.25,267.72,6
MED0207,Paracetamol 1g Capsule,Antidiabetic,Sun Pharma,No,2026-04,0,2917,4099,615.1,2917,1182,Yes,0,10,166.24,0.25,267.72,6
MED0207,Paracetamol 1g Capsule,Antidiabetic,Sun Pharma,No,2026-05,0,4911,5219,1160.4,4911,308,Yes,0,10,166.24,0.25,267.72,6
MED0207,Paracetamol 1g Capsule,Antidiabetic,Sun Pharma,No,2026-06,0,0,3973,1205.8,0,3973,Yes,0,10,166.24,0.25,267.72,6
MED0207,Paracetamol 1g Capsule,Antidiabetic,Sun Pharma,No,2026-07,0,4732,4174,668.7,4174,0,No,558,10,166.24,0.25,267.72,6
MED0208,Glimepiride 20mg Suspension,Respiratory,Aurobindo,No,2025-08,979,1514,1208,364.6,1208,0,No,1285,14,106.33,0.21,225.73,18
MED0208,Glimepiride 20mg Suspension,Respiratory,Aurobindo,No,2025-09,1285,1084,1270,319.1,1270,0,No,1099,14,106.33,0.21,225.73,18
MED0208,Glimepiride 20mg Suspension,Respiratory,Aurobindo,No,2025-10,1099,1336,1419,309.2,1419,0,No,1016,14,106.33,0.21,225.73,18
MED0208,Glimepiride 20mg Suspension,Respiratory,Aurobindo,No,2025-11,1016,1380,1404,468.3,1404,0,No,992,14,106.33,0.21,225.73,18
MED0208,Glimepiride 20mg Suspension,Respiratory,Aurobindo,No,2025-12,992,0,1430,397.8,992,438,Yes,0,14,106.33,0.21,225.73,18
MED0208,Glimepiride 20mg Suspension,Respiratory,Aurobindo,No,2026-01,0,1385,1159,182.6,1159,0,No,226,14,106.33,0.21,225.73,18
MED0208,Glimepiride 20mg Suspension,Respiratory,Aurobindo,No,2026-02,226,1496,1245,282.4,1245,0,No,477,14,106.33,0.21,225.73,18
MED0208,Glimepiride 20mg Suspension,Respiratory,Aurobindo,No,2026-03,477,0,1385,281.7,477,908,Yes,0,14,106.33,0.21,225.73,18
MED0208,Glimepiride 20mg Suspension,Respiratory,Aurobindo,No,2026-04,0,1163,1128,193.3,1128,0,No,35,14,106.33,0.21,225.73,18
MED0208,Glimepiride 20mg Suspension,Respiratory,Aurobindo,No,2026-05,35,1237,1147,203.3,1147,0,No,125,14,106.33,0.21,225.73,18
MED0208,Glimepiride 20mg Suspension,Respiratory,Aurobindo,No,2026-06,125,1259,1365,355.1,1365,0,No,19,14,106.33,0.21,225.73,18
MED0208,Glimepiride 20mg Suspension,Respiratory,Aurobindo,No,2026-07,19,1493,1160,226.5,1160,0,No,352,14,106.33,0.21,225.73,18
MED0209,Ranitidine 1mg Drops,Respiratory,Dr Reddy's,No,2025-08,299,0,1282,357.1,299,983,Yes,0,4,701.73,0.27,86.13,18
MED0209,Ranitidine 1mg Drops,Respiratory,Dr Reddy's,No,2025-09,0,1114,1309,222.3,1114,195,Yes,0,4,701.73,0.27,86.13,18
MED0209,Ranitidine 1mg Drops,Respiratory,Dr Reddy's,No,2025-10,0,937,1103,307.9,937,166,Yes,0,4,701.73,0.27,86.13,18
MED0209,Ranitidine 1mg Drops,Respiratory,Dr Reddy's,No,2025-11,0,1277,1083,236.4,1083,0,No,194,4,701.73,0.27,86.13,18
MED0209,Ranitidine 1mg Drops,Respiratory,Dr Reddy's,No,2025-12,194,893,1125,213.7,1087,38,Yes,0,4,701.73,0.27,86.13,18
MED0209,Ranitidine 1mg Drops,Respiratory,Dr Reddy's,No,2026-01,0,810,1040,232.1,810,230,Yes,0,4,701.73,0.27,86.13,18
MED0209,Ranitidine 1mg Drops,Respiratory,Dr Reddy's,No,2026-02,0,1051,1010,251.3,1010,0,No,41,4,701.73,0.27,86.13,18
MED0209,Ranitidine 1mg Drops,Respiratory,Dr Reddy's,No,2026-03,41,0,1123,266.1,41,1082,Yes,0,4,701.73,0.27,86.13,18
MED0209,Ranitidine 1mg Drops,Respiratory,Dr Reddy's,No,2026-04,0,855,1017,319.6,855,162,Yes,0,4,701.73,0.27,86.13,18
MED0209,Ranitidine 1mg Drops,Respiratory,Dr Reddy's,No,2026-05,0,1137,1007,161.8,1007,0,No,130,4,701.73,0.27,86.13,18
MED0209,Ranitidine 1mg Drops,Respiratory,Dr Reddy's,No,2026-06,130,1382,1096,313.4,1096,0,No,416,4,701.73,0.27,86.13,18
MED0209,Ranitidine 1mg Drops,Respiratory,Dr Reddy's,No,2026-07,416,0,991,186.8,416,575,Yes,0,4,701.73,0.27,86.13,18
MED0210,Enoxaparin 20mg Inhaler,Neuro/Psychiatric,Cipla,No,2025-08,2384,0,8452,2239.2,2384,6068,Yes,0,4,484.8,0.27,152.3,36
MED0210,Enoxaparin 20mg Inhaler,Neuro/Psychiatric,Cipla,No,2025-09,0,6189,7241,1517.3,6189,1052,Yes,0,4,484.8,0.27,152.3,36
MED0210,Enoxaparin 20mg Inhaler,Neuro/Psychiatric,Cipla,No,2025-10,0,6580,6774,2006.1,6580,194,Yes,0,4,484.8,0.27,152.3,36
MED0210,Enoxaparin 20mg Inhaler,Neuro/Psychiatric,Cipla,No,2025-11,0,8565,6902,2143.1,6902,0,No,1663,4,484.8,0.27,152.3,36
MED0210,Enoxaparin 20mg Inhaler,Neuro/Psychiatric,Cipla,No,2025-12,1663,8114,7759,2624.8,7759,0,No,2018,4,484.8,0.27,152.3,36
MED0210,Enoxaparin 20mg Inhaler,Neuro/Psychiatric,Cipla,No,2026-01,2018,6386,8781,1884.6,8404,377,Yes,0,4,484.8,0.27,152.3,36
MED0210,Enoxaparin 20mg Inhaler,Neuro/Psychiatric,Cipla,No,2026-02,0,6300,7977,2348.3,6300,1677,Yes,0,4,484.8,0.27,152.3,36
MED0210,Enoxaparin 20mg Inhaler,Neuro/Psychiatric,Cipla,No,2026-03,0,6071,7639,1416.1,6071,1568,Yes,0,4,484.8,0.27,152.3,36
MED0210,Enoxaparin 20mg Inhaler,Neuro/Psychiatric,Cipla,No,2026-04,0,10546,8712,1708.7,8712,0,No,1834,4,484.8,0.27,152.3,36
MED0210,Enoxaparin 20mg Inhaler,Neuro/Psychiatric,Cipla,No,2026-05,1834,5760,7673,1187.8,7594,79,Yes,0,4,484.8,0.27,152.3,36
MED0210,Enoxaparin 20mg Inhaler,Neuro/Psychiatric,Cipla,No,2026-06,0,9241,8901,2382.1,8901,0,No,340,4,484.8,0.27,152.3,36
MED0210,Enoxaparin 20mg Inhaler,Neuro/Psychiatric,Cipla,No,2026-07,340,8306,6783,2102.6,6783,0,No,1863,4,484.8,0.27,152.3,36
MED0211,Rabies Vaccine 500mg Injection,Vitamin/Supplement,Cipla,No,2025-08,58,376,369,57.9,369,0,No,65,3,87.86,0.26,176.14,12
MED0211,Rabies Vaccine 500mg Injection,Vitamin/Supplement,Cipla,No,2025-09,65,271,385,127.6,336,49,Yes,0,3,87.86,0.26,176.14,12
MED0211,Rabies Vaccine 500mg Injection,Vitamin/Supplement,Cipla,No,2025-10,0,0,340,66.2,0,340,Yes,0,3,87.86,0.26,176.14,12
MED0211,Rabies Vaccine 500mg Injection,Vitamin/Supplement,Cipla,No,2025-11,0,448,390,83,390,0,No,58,3,87.86,0.26,176.14,12
MED0211,Rabies Vaccine 500mg Injection,Vitamin/Supplement,Cipla,No,2025-12,58,357,355,102.1,355,0,No,60,3,87.86,0.26,176.14,12
MED0211,Rabies Vaccine 500mg Injection,Vitamin/Supplement,Cipla,No,2026-01,60,533,440,69.3,440,0,No,153,3,87.86,0.26,176.14,12
MED0211,Rabies Vaccine 500mg Injection,Vitamin/Supplement,Cipla,No,2026-02,153,443,400,82.1,400,0,No,196,3,87.86,0.26,176.14,12
MED0211,Rabies Vaccine 500mg Injection,Vitamin/Supplement,Cipla,No,2026-03,196,0,435,68.8,196,239,Yes,0,3,87.86,0.26,176.14,12
MED0211,Rabies Vaccine 500mg Injection,Vitamin/Supplement,Cipla,No,2026-04,0,307,369,72.5,307,62,Yes,0,3,87.86,0.26,176.14,12
MED0211,Rabies Vaccine 500mg Injection,Vitamin/Supplement,Cipla,No,2026-05,0,278,354,62.3,278,76,Yes,0,3,87.86,0.26,176.14,12
MED0211,Rabies Vaccine 500mg Injection,Vitamin/Supplement,Cipla,No,2026-06,0,409,355,70.7,355,0,No,54,3,87.86,0.26,176.14,12
MED0211,Rabies Vaccine 500mg Injection,Vitamin/Supplement,Cipla,No,2026-07,54,399,423,72.3,423,0,No,30,3,87.86,0.26,176.14,12
MED0212,Lidocaine 5mg Injection,Vitamin/Supplement,Abbott,No,2025-08,400,1551,1257,395.2,1257,0,No,694,7,554.18,0.14,132.81,12
MED0212,Lidocaine 5mg Injection,Vitamin/Supplement,Abbott,No,2025-09,694,983,1387,274.1,1387,0,No,290,7,554.18,0.14,132.81,12
MED0212,Lidocaine 5mg Injection,Vitamin/Supplement,Abbott,No,2025-10,290,1228,1369,247.7,1369,0,No,149,7,554.18,0.14,132.81,12
MED0212,Lidocaine 5mg Injection,Vitamin/Supplement,Abbott,No,2025-11,149,1456,1181,186.4,1181,0,No,424,7,554.18,0.14,132.81,12
MED0212,Lidocaine 5mg Injection,Vitamin/Supplement,Abbott,No,2025-12,424,0,1054,243.8,424,630,Yes,0,7,554.18,0.14,132.81,12
MED0212,Lidocaine 5mg Injection,Vitamin/Supplement,Abbott,No,2026-01,0,1449,1182,218.1,1182,0,No,267,7,554.18,0.14,132.81,12
MED0212,Lidocaine 5mg Injection,Vitamin/Supplement,Abbott,No,2026-02,267,947,1206,246.9,1206,0,No,8,7,554.18,0.14,132.81,12
MED0212,Lidocaine 5mg Injection,Vitamin/Supplement,Abbott,No,2026-03,8,1263,1141,295.8,1141,0,No,130,7,554.18,0.14,132.81,12
MED0212,Lidocaine 5mg Injection,Vitamin/Supplement,Abbott,No,2026-04,130,943,1226,373.2,1073,153,Yes,0,7,554.18,0.14,132.81,12
MED0212,Lidocaine 5mg Injection,Vitamin/Supplement,Abbott,No,2026-05,0,1385,1168,249.8,1168,0,No,217,7,554.18,0.14,132.81,12
MED0212,Lidocaine 5mg Injection,Vitamin/Supplement,Abbott,No,2026-06,217,974,1325,327.1,1191,134,Yes,0,7,554.18,0.14,132.81,12
MED0212,Lidocaine 5mg Injection,Vitamin/Supplement,Abbott,No,2026-07,0,1073,1250,385.3,1073,177,Yes,0,7,554.18,0.14,132.81,12
MED0213,Sertraline 250mg Inhaler,Antidiabetic,Zydus,No,2025-08,1260,800,862,223.2,862,0,No,1198,21,72.3,0.12,53.69,6
MED0213,Sertraline 250mg Inhaler,Antidiabetic,Zydus,No,2025-09,1198,0,959,313.4,959,0,No,239,21,72.3,0.12,53.69,6
MED0213,Sertraline 250mg Inhaler,Antidiabetic,Zydus,No,2025-10,239,1234,1017,256.6,1017,0,No,456,21,72.3,0.12,53.69,6
MED0213,Sertraline 250mg Inhaler,Antidiabetic,Zydus,No,2025-11,456,708,891,282.4,891,0,No,273,21,72.3,0.12,53.69,6
MED0213,Sertraline 250mg Inhaler,Antidiabetic,Zydus,No,2025-12,273,1023,942,305.2,942,0,No,354,21,72.3,0.12,53.69,6
MED0213,Sertraline 250mg Inhaler,Antidiabetic,Zydus,No,2026-01,354,807,906,195.9,906,0,No,255,21,72.3,0.12,53.69,6
MED0213,Sertraline 250mg Inhaler,Antidiabetic,Zydus,No,2026-02,255,903,965,247.4,965,0,No,193,21,72.3,0.12,53.69,6
MED0213,Sertraline 250mg Inhaler,Antidiabetic,Zydus,No,2026-03,193,722,1025,270.9,915,110,Yes,0,21,72.3,0.12,53.69,6
MED0213,Sertraline 250mg Inhaler,Antidiabetic,Zydus,No,2026-04,0,1142,919,269.7,919,0,No,223,21,72.3,0.12,53.69,6
MED0213,Sertraline 250mg Inhaler,Antidiabetic,Zydus,No,2026-05,223,549,766,115,766,0,No,6,21,72.3,0.12,53.69,6
MED0213,Sertraline 250mg Inhaler,Antidiabetic,Zydus,No,2026-06,6,757,1028,199.9,763,265,Yes,0,21,72.3,0.12,53.69,6
MED0213,Sertraline 250mg Inhaler,Antidiabetic,Zydus,No,2026-07,0,0,905,204.5,0,905,Yes,0,21,72.3,0.12,53.69,6
MED0214,Chlorpheniramine 1g Ointment,Respiratory,Intas,No,2025-08,610,1728,1683,585.7,1683,0,No,655,7,83.97,0.18,264.18,36
MED0214,Chlorpheniramine 1g Ointment,Respiratory,Intas,No,2025-09,655,2554,1994,615,1994,0,No,1215,7,83.97,0.18,264.18,36
MED0214,Chlorpheniramine 1g Ointment,Respiratory,Intas,No,2025-10,1215,0,1734,501.6,1215,519,Yes,0,7,83.97,0.18,264.18,36
MED0214,Chlorpheniramine 1g Ointment,Respiratory,Intas,No,2025-11,0,1916,1709,532.9,1709,0,No,207,7,83.97,0.18,264.18,36
MED0214,Chlorpheniramine 1g Ointment,Respiratory,Intas,No,2025-12,207,1822,1868,374.9,1868,0,No,161,7,83.97,0.18,264.18,36
MED0214,Chlorpheniramine 1g Ointment,Respiratory,Intas,No,2026-01,161,1826,1588,513.1,1588,0,No,399,7,83.97,0.18,264.18,36
MED0214,Chlorpheniramine 1g Ointment,Respiratory,Intas,No,2026-02,399,1854,1765,399.6,1765,0,No,488,7,83.97,0.18,264.18,36
MED0214,Chlorpheniramine 1g Ointment,Respiratory,Intas,No,2026-03,488,1213,1682,289.2,1682,0,No,19,7,83.97,0.18,264.18,36
MED0214,Chlorpheniramine 1g Ointment,Respiratory,Intas,No,2026-04,19,2417,1929,428.2,1929,0,No,507,7,83.97,0.18,264.18,36
MED0214,Chlorpheniramine 1g Ointment,Respiratory,Intas,No,2026-05,507,1798,1558,410.4,1558,0,No,747,7,83.97,0.18,264.18,36
MED0214,Chlorpheniramine 1g Ointment,Respiratory,Intas,No,2026-06,747,2111,1753,482,1753,0,No,1105,7,83.97,0.18,264.18,36
MED0214,Chlorpheniramine 1g Ointment,Respiratory,Intas,No,2026-07,1105,1802,1876,414.2,1876,0,No,1031,7,83.97,0.18,264.18,36
MED0215,Domperidone 1g Injection,Antidiabetic,Aurobindo,No,2025-08,305,0,1697,297.9,305,1392,Yes,0,5,558.36,0.12,71.29,6
MED0215,Domperidone 1g Injection,Antidiabetic,Aurobindo,No,2025-09,0,1230,1653,265.6,1230,423,Yes,0,5,558.36,0.12,71.29,6
MED0215,Domperidone 1g Injection,Antidiabetic,Aurobindo,No,2025-10,0,0,1612,271.8,0,1612,Yes,0,5,558.36,0.12,71.29,6
MED0215,Domperidone 1g Injection,Antidiabetic,Aurobindo,No,2025-11,0,2016,1646,435.2,1646,0,No,370,5,558.36,0.12,71.29,6
MED0215,Domperidone 1g Injection,Antidiabetic,Aurobindo,No,2025-12,370,1468,1969,364.7,1838,131,Yes,0,5,558.36,0.12,71.29,6
MED0215,Domperidone 1g Injection,Antidiabetic,Aurobindo,No,2026-01,0,1627,1917,314.3,1627,290,Yes,0,5,558.36,0.12,71.29,6
MED0215,Domperidone 1g Injection,Antidiabetic,Aurobindo,No,2026-02,0,1963,1633,568.5,1633,0,No,330,5,558.36,0.12,71.29,6
MED0215,Domperidone 1g Injection,Antidiabetic,Aurobindo,No,2026-03,330,2292,1808,586.2,1808,0,No,814,5,558.36,0.12,71.29,6
MED0215,Domperidone 1g Injection,Antidiabetic,Aurobindo,No,2026-04,814,1546,1653,444.8,1653,0,No,707,5,558.36,0.12,71.29,6
MED0215,Domperidone 1g Injection,Antidiabetic,Aurobindo,No,2026-05,707,1841,1971,681.9,1971,0,No,577,5,558.36,0.12,71.29,6
MED0215,Domperidone 1g Injection,Antidiabetic,Aurobindo,No,2026-06,577,1275,1755,562.6,1755,0,No,97,5,558.36,0.12,71.29,6
MED0215,Domperidone 1g Injection,Antidiabetic,Aurobindo,No,2026-07,97,1607,1792,275,1704,88,Yes,0,5,558.36,0.12,71.29,6
MED0216,Losartan 1mg Inhaler,Antibiotic,Intas,No,2025-08,184,1104,1176,187.3,1176,0,No,112,3,225.16,0.25,328.06,36
MED0216,Losartan 1mg Inhaler,Antibiotic,Intas,No,2025-09,112,1185,992,215.8,992,0,No,305,3,225.16,0.25,328.06,36
MED0216,Losartan 1mg Inhaler,Antibiotic,Intas,No,2025-10,305,1057,1204,406.2,1204,0,No,158,3,225.16,0.25,328.06,36
MED0216,Losartan 1mg Inhaler,Antibiotic,Intas,No,2025-11,158,835,993,313.8,993,0,No,0,3,225.16,0.25,328.06,36
MED0216,Losartan 1mg Inhaler,Antibiotic,Intas,No,2025-12,0,1282,1040,261.4,1040,0,No,242,3,225.16,0.25,328.06,36
MED0216,Losartan 1mg Inhaler,Antibiotic,Intas,No,2026-01,242,1194,1041,345.3,1041,0,No,395,3,225.16,0.25,328.06,36
MED0216,Losartan 1mg Inhaler,Antibiotic,Intas,No,2026-02,395,0,1219,404.1,395,824,Yes,0,3,225.16,0.25,328.06,36
MED0216,Losartan 1mg Inhaler,Antibiotic,Intas,No,2026-03,0,1067,984,241.5,984,0,No,83,3,225.16,0.25,328.06,36
MED0216,Losartan 1mg Inhaler,Antibiotic,Intas,No,2026-04,83,998,1224,211.1,1081,143,Yes,0,3,225.16,0.25,328.06,36
MED0216,Losartan 1mg Inhaler,Antibiotic,Intas,No,2026-05,0,920,1207,413.9,920,287,Yes,0,3,225.16,0.25,328.06,36
MED0216,Losartan 1mg Inhaler,Antibiotic,Intas,No,2026-06,0,1444,1172,339.2,1172,0,No,272,3,225.16,0.25,328.06,36
MED0216,Losartan 1mg Inhaler,Antibiotic,Intas,No,2026-07,272,1084,1234,322.8,1234,0,No,122,3,225.16,0.25,328.06,36
MED0217,Diazepam 50mg Drops,Analgesic,Aurobindo,Yes,2025-08,867,0,648,136.4,648,0,No,219,21,482.99,0.18,240.82,36
MED0217,Diazepam 50mg Drops,Analgesic,Aurobindo,Yes,2025-09,219,648,611,115.8,611,0,No,256,21,482.99,0.18,240.82,36
MED0217,Diazepam 50mg Drops,Analgesic,Aurobindo,Yes,2025-10,256,817,681,155,681,0,No,392,21,482.99,0.18,240.82,36
MED0217,Diazepam 50mg Drops,Analgesic,Aurobindo,Yes,2025-11,392,713,655,227.6,655,0,No,450,21,482.99,0.18,240.82,36
MED0217,Diazepam 50mg Drops,Analgesic,Aurobindo,Yes,2025-12,450,721,570,160,570,0,No,601,21,482.99,0.18,240.82,36
MED0217,Diazepam 50mg Drops,Analgesic,Aurobindo,Yes,2026-01,601,735,758,156.5,758,0,No,578,21,482.99,0.18,240.82,36
MED0217,Diazepam 50mg Drops,Analgesic,Aurobindo,Yes,2026-02,578,837,672,122,672,0,No,743,21,482.99,0.18,240.82,36
MED0217,Diazepam 50mg Drops,Analgesic,Aurobindo,Yes,2026-03,743,0,650,134,650,0,No,93,21,482.99,0.18,240.82,36
MED0217,Diazepam 50mg Drops,Analgesic,Aurobindo,Yes,2026-04,93,767,696,147.9,696,0,No,164,21,482.99,0.18,240.82,36
MED0217,Diazepam 50mg Drops,Analgesic,Aurobindo,Yes,2026-05,164,0,688,180.2,164,524,Yes,0,21,482.99,0.18,240.82,36
MED0217,Diazepam 50mg Drops,Analgesic,Aurobindo,Yes,2026-06,0,761,745,205.3,745,0,No,16,21,482.99,0.18,240.82,36
MED0217,Diazepam 50mg Drops,Analgesic,Aurobindo,Yes,2026-07,16,812,701,113,701,0,No,127,21,482.99,0.18,240.82,36
MED0218,Verapamil 10mg Ointment,Cardiac,Zydus,Yes,2025-08,364,2355,1816,354.6,1816,0,No,903,3,242.9,0.17,214.62,9
MED0218,Verapamil 10mg Ointment,Cardiac,Zydus,Yes,2025-09,903,1632,1466,494.5,1466,0,No,1069,3,242.9,0.17,214.62,9
MED0218,Verapamil 10mg Ointment,Cardiac,Zydus,Yes,2025-10,1069,0,1598,549,1069,529,Yes,0,3,242.9,0.17,214.62,9
MED0218,Verapamil 10mg Ointment,Cardiac,Zydus,Yes,2025-11,0,1824,1678,395.4,1678,0,No,146,3,242.9,0.17,214.62,9
MED0218,Verapamil 10mg Ointment,Cardiac,Zydus,Yes,2025-12,146,1767,1494,438.2,1494,0,No,419,3,242.9,0.17,214.62,9
MED0218,Verapamil 10mg Ointment,Cardiac,Zydus,Yes,2026-01,419,1880,1861,413,1861,0,No,438,3,242.9,0.17,214.62,9
MED0218,Verapamil 10mg Ointment,Cardiac,Zydus,Yes,2026-02,438,0,1451,492,438,1013,Yes,0,3,242.9,0.17,214.62,9
MED0218,Verapamil 10mg Ointment,Cardiac,Zydus,Yes,2026-03,0,1489,1883,313.9,1489,394,Yes,0,3,242.9,0.17,214.62,9
MED0218,Verapamil 10mg Ointment,Cardiac,Zydus,Yes,2026-04,0,1633,1447,425.3,1447,0,No,186,3,242.9,0.17,214.62,9
MED0218,Verapamil 10mg Ointment,Cardiac,Zydus,Yes,2026-05,186,1658,1707,293.2,1707,0,No,137,3,242.9,0.17,214.62,9
MED0218,Verapamil 10mg Ointment,Cardiac,Zydus,Yes,2026-06,137,1585,1798,449.9,1722,76,Yes,0,3,242.9,0.17,214.62,9
MED0218,Verapamil 10mg Ointment,Cardiac,Zydus,Yes,2026-07,0,1427,1528,395,1427,101,Yes,0,3,242.9,0.17,214.62,9
MED0219,Warfarin 100mg Inhaler,Antibiotic,Cipla,No,2025-08,2278,5838,6165,981.4,6165,0,No,1951,7,217.6,0.18,71.85,9
MED0219,Warfarin 100mg Inhaler,Antibiotic,Cipla,No,2025-09,1951,0,4272,842.4,1951,2321,Yes,0,7,217.6,0.18,71.85,9
MED0219,Warfarin 100mg Inhaler,Antibiotic,Cipla,No,2025-10,0,0,4466,1327.8,0,4466,Yes,0,7,217.6,0.18,71.85,9
MED0219,Warfarin 100mg Inhaler,Antibiotic,Cipla,No,2025-11,0,3413,2912,855.7,2912,0,No,501,7,217.6,0.18,71.85,9
MED0219,Warfarin 100mg Inhaler,Antibiotic,Cipla,No,2025-12,501,4162,3560,960.7,3560,0,No,1103,7,217.6,0.18,71.85,9
MED0219,Warfarin 100mg Inhaler,Antibiotic,Cipla,No,2026-01,1103,2990,3314,881.7,3314,0,No,779,7,217.6,0.18,71.85,9
MED0219,Warfarin 100mg Inhaler,Antibiotic,Cipla,No,2026-02,779,3534,3281,974.2,3281,0,No,1032,7,217.6,0.18,71.85,9
MED0219,Warfarin 100mg Inhaler,Antibiotic,Cipla,No,2026-03,1032,4845,4754,876.3,4754,0,No,1123,7,217.6,0.18,71.85,9
MED0219,Warfarin 100mg Inhaler,Antibiotic,Cipla,No,2026-04,1123,6701,5704,1580,5704,0,No,2120,7,217.6,0.18,71.85,9
MED0219,Warfarin 100mg Inhaler,Antibiotic,Cipla,No,2026-05,2120,9819,9025,2190.9,9025,0,No,2914,7,217.6,0.18,71.85,9
MED0219,Warfarin 100mg Inhaler,Antibiotic,Cipla,No,2026-06,2914,0,8925,2450.1,2914,6011,Yes,0,7,217.6,0.18,71.85,9
MED0219,Warfarin 100mg Inhaler,Antibiotic,Cipla,No,2026-07,0,6417,5403,1156.6,5403,0,No,1014,7,217.6,0.18,71.85,9
MED0220,Dextrose 5% 50mg Inhaler,Vitamin/Supplement,GSK,No,2025-08,539,941,756,162.6,756,0,No,724,14,66.63,0.27,296.28,12
MED0220,Dextrose 5% 50mg Inhaler,Vitamin/Supplement,GSK,No,2025-09,724,770,714,200.8,714,0,No,780,14,66.63,0.27,296.28,12
MED0220,Dextrose 5% 50mg Inhaler,Vitamin/Supplement,GSK,No,2025-10,780,467,443,96.5,443,0,No,804,14,66.63,0.27,296.28,12
MED0220,Dextrose 5% 50mg Inhaler,Vitamin/Supplement,GSK,No,2025-11,804,317,334,60.1,334,0,No,787,14,66.63,0.27,296.28,12
MED0220,Dextrose 5% 50mg Inhaler,Vitamin/Supplement,GSK,No,2025-12,787,0,317,105.5,317,0,No,470,14,66.63,0.27,296.28,12
MED0220,Dextrose 5% 50mg Inhaler,Vitamin/Supplement,GSK,No,2026-01,470,270,282,53.2,282,0,No,458,14,66.63,0.27,296.28,12
MED0220,Dextrose 5% 50mg Inhaler,Vitamin/Supplement,GSK,No,2026-02,458,402,327,64.9,327,0,No,533,14,66.63,0.27,296.28,12
MED0220,Dextrose 5% 50mg Inhaler,Vitamin/Supplement,GSK,No,2026-03,533,497,400,136.7,400,0,No,630,14,66.63,0.27,296.28,12
MED0220,Dextrose 5% 50mg Inhaler,Vitamin/Supplement,GSK,No,2026-04,630,0,375,71.1,375,0,No,255,14,66.63,0.27,296.28,12
MED0220,Dextrose 5% 50mg Inhaler,Vitamin/Supplement,GSK,No,2026-05,255,585,541,182.6,541,0,No,299,14,66.63,0.27,296.28,12
MED0220,Dextrose 5% 50mg Inhaler,Vitamin/Supplement,GSK,No,2026-06,299,1052,821,275.5,821,0,No,530,14,66.63,0.27,296.28,12
MED0220,Dextrose 5% 50mg Inhaler,Vitamin/Supplement,GSK,No,2026-07,530,768,826,181.7,826,0,No,472,14,66.63,0.27,296.28,12
MED0221,Bupivacaine 100mg Capsule,Antidiabetic,Glenmark,Yes,2025-08,2525,5237,5775,1734.5,5775,0,No,1987,14,302.17,0.27,67.68,24
MED0221,Bupivacaine 100mg Capsule,Antidiabetic,Glenmark,Yes,2025-09,1987,0,5436,1206.8,1987,3449,Yes,0,14,302.17,0.27,67.68,24
MED0221,Bupivacaine 100mg Capsule,Antidiabetic,Glenmark,Yes,2025-10,0,0,5501,961.3,0,5501,Yes,0,14,302.17,0.27,67.68,24
MED0221,Bupivacaine 100mg Capsule,Antidiabetic,Glenmark,Yes,2025-11,0,5866,5813,883,5813,0,No,53,14,302.17,0.27,67.68,24
MED0221,Bupivacaine 100mg Capsule,Antidiabetic,Glenmark,Yes,2025-12,53,5623,6182,999,5676,506,Yes,0,14,302.17,0.27,67.68,24
MED0221,Bupivacaine 100mg Capsule,Antidiabetic,Glenmark,Yes,2026-01,0,7233,5956,1323.7,5956,0,No,1277,14,302.17,0.27,67.68,24
MED0221,Bupivacaine 100mg Capsule,Antidiabetic,Glenmark,Yes,2026-02,1277,5677,5196,796.9,5196,0,No,1758,14,302.17,0.27,67.68,24
MED0221,Bupivacaine 100mg Capsule,Antidiabetic,Glenmark,Yes,2026-03,1758,0,5002,1182.5,1758,3244,Yes,0,14,302.17,0.27,67.68,24
MED0221,Bupivacaine 100mg Capsule,Antidiabetic,Glenmark,Yes,2026-04,0,5276,5542,1669.6,5276,266,Yes,0,14,302.17,0.27,67.68,24
MED0221,Bupivacaine 100mg Capsule,Antidiabetic,Glenmark,Yes,2026-05,0,4680,4733,901.1,4680,53,Yes,0,14,302.17,0.27,67.68,24
MED0221,Bupivacaine 100mg Capsule,Antidiabetic,Glenmark,Yes,2026-06,0,0,5447,1850.8,0,5447,Yes,0,14,302.17,0.27,67.68,24
MED0221,Bupivacaine 100mg Capsule,Antidiabetic,Glenmark,Yes,2026-07,0,6806,5561,1419.7,5561,0,No,1245,14,302.17,0.27,67.68,24
MED0222,Measles Vaccine 1g Tablet,Vitamin/Supplement,Lupin,No,2025-08,741,1190,1676,476.7,1676,0,No,255,7,760.64,0.23,132.4,12
MED0222,Measles Vaccine 1g Tablet,Vitamin/Supplement,Lupin,No,2025-09,255,1535,1911,404.9,1790,121,Yes,0,7,760.64,0.23,132.4,12
MED0222,Measles Vaccine 1g Tablet,Vitamin/Supplement,Lupin,No,2025-10,0,3038,2366,583.2,2366,0,No,672,7,760.64,0.23,132.4,12
MED0222,Measles Vaccine 1g Tablet,Vitamin/Supplement,Lupin,No,2025-11,672,3212,2728,928,2728,0,No,1156,7,760.64,0.23,132.4,12
MED0222,Measles Vaccine 1g Tablet,Vitamin/Supplement,Lupin,No,2025-12,1156,4710,3806,916.4,3806,0,No,2060,7,760.64,0.23,132.4,12
MED0222,Measles Vaccine 1g Tablet,Vitamin/Supplement,Lupin,No,2026-01,2060,4721,3807,722.8,3807,0,No,2974,7,760.64,0.23,132.4,12
MED0222,Measles Vaccine 1g Tablet,Vitamin/Supplement,Lupin,No,2026-02,2974,3758,3220,902.9,3220,0,No,3512,7,760.64,0.23,132.4,12
MED0222,Measles Vaccine 1g Tablet,Vitamin/Supplement,Lupin,No,2026-03,3512,2641,2476,570.7,2476,0,No,3677,7,760.64,0.23,132.4,12
MED0222,Measles Vaccine 1g Tablet,Vitamin/Supplement,Lupin,No,2026-04,3677,1775,2077,454.9,2077,0,No,3375,7,760.64,0.23,132.4,12
MED0222,Measles Vaccine 1g Tablet,Vitamin/Supplement,Lupin,No,2026-05,3375,1742,1570,459.9,1570,0,No,3547,7,760.64,0.23,132.4,12
MED0222,Measles Vaccine 1g Tablet,Vitamin/Supplement,Lupin,No,2026-06,3547,1675,1583,427,1583,0,No,3639,7,760.64,0.23,132.4,12
MED0222,Measles Vaccine 1g Tablet,Vitamin/Supplement,Lupin,No,2026-07,3639,1461,1708,500.6,1708,0,No,3392,7,760.64,0.23,132.4,12
MED0223,Albendazole 5mg Tablet,Gastrointestinal,Intas,No,2025-08,689,3314,2987,863.6,2987,0,No,1016,5,346.47,0.19,104.75,6
MED0223,Albendazole 5mg Tablet,Gastrointestinal,Intas,No,2025-09,1016,2190,2758,631.5,2758,0,No,448,5,346.47,0.19,104.75,6
MED0223,Albendazole 5mg Tablet,Gastrointestinal,Intas,No,2025-10,448,3604,3014,508.3,3014,0,No,1038,5,346.47,0.19,104.75,6
MED0223,Albendazole 5mg Tablet,Gastrointestinal,Intas,No,2025-11,1038,3811,3155,1045.4,3155,0,No,1694,5,346.47,0.19,104.75,6
MED0223,Albendazole 5mg Tablet,Gastrointestinal,Intas,No,2025-12,1694,1904,2557,394.6,2557,0,No,1041,5,346.47,0.19,104.75,6
MED0223,Albendazole 5mg Tablet,Gastrointestinal,Intas,No,2026-01,1041,2768,3267,931,3267,0,No,542,5,346.47,0.19,104.75,6
MED0223,Albendazole 5mg Tablet,Gastrointestinal,Intas,No,2026-02,542,2403,2998,475.6,2945,53,Yes,0,5,346.47,0.19,104.75,6
MED0223,Albendazole 5mg Tablet,Gastrointestinal,Intas,No,2026-03,0,0,3018,588.2,0,3018,Yes,0,5,346.47,0.19,104.75,6
MED0223,Albendazole 5mg Tablet,Gastrointestinal,Intas,No,2026-04,0,2387,2834,521.1,2387,447,Yes,0,5,346.47,0.19,104.75,6
MED0223,Albendazole 5mg Tablet,Gastrointestinal,Intas,No,2026-05,0,2516,2715,715.4,2516,199,Yes,0,5,346.47,0.19,104.75,6
MED0223,Albendazole 5mg Tablet,Gastrointestinal,Intas,No,2026-06,0,0,3119,579.6,0,3119,Yes,0,5,346.47,0.19,104.75,6
MED0223,Albendazole 5mg Tablet,Gastrointestinal,Intas,No,2026-07,0,2496,2703,634.9,2496,207,Yes,0,5,346.47,0.19,104.75,6
MED0224,Mannitol 100mg Suspension,Respiratory,Cadila,No,2025-08,810,1491,1370,323.8,1370,0,No,931,7,378.09,0.26,106.88,24
MED0224,Mannitol 100mg Suspension,Respiratory,Cadila,No,2025-09,931,1597,1812,456.8,1812,0,No,716,7,378.09,0.26,106.88,24
MED0224,Mannitol 100mg Suspension,Respiratory,Cadila,No,2025-10,716,1215,1366,250.2,1366,0,No,565,7,378.09,0.26,106.88,24
MED0224,Mannitol 100mg Suspension,Respiratory,Cadila,No,2025-11,565,1080,1397,330.4,1397,0,No,248,7,378.09,0.26,106.88,24
MED0224,Mannitol 100mg Suspension,Respiratory,Cadila,No,2025-12,248,1683,1492,488.3,1492,0,No,439,7,378.09,0.26,106.88,24
MED0224,Mannitol 100mg Suspension,Respiratory,Cadila,No,2026-01,439,1513,1643,386.8,1643,0,No,309,7,378.09,0.26,106.88,24
MED0224,Mannitol 100mg Suspension,Respiratory,Cadila,No,2026-02,309,1257,1633,359.5,1566,67,Yes,0,7,378.09,0.26,106.88,24
MED0224,Mannitol 100mg Suspension,Respiratory,Cadila,No,2026-03,0,1760,1771,421.6,1760,11,Yes,0,7,378.09,0.26,106.88,24
MED0224,Mannitol 100mg Suspension,Respiratory,Cadila,No,2026-04,0,2217,1767,458.3,1767,0,No,450,7,378.09,0.26,106.88,24
MED0224,Mannitol 100mg Suspension,Respiratory,Cadila,No,2026-05,450,1985,1694,291.9,1694,0,No,741,7,378.09,0.26,106.88,24
MED0224,Mannitol 100mg Suspension,Respiratory,Cadila,No,2026-06,741,1888,1750,453.3,1750,0,No,879,7,378.09,0.26,106.88,24
MED0224,Mannitol 100mg Suspension,Respiratory,Cadila,No,2026-07,879,0,1560,446.2,879,681,Yes,0,7,378.09,0.26,106.88,24
MED0225,Tetanus Toxoid 20mg Ointment,Cardiac,Aurobindo,No,2025-08,507,1335,1677,463.2,1677,0,No,165,4,516.04,0.18,261.09,24
MED0225,Tetanus Toxoid 20mg Ointment,Cardiac,Aurobindo,No,2025-09,165,1410,1517,428.3,1517,0,No,58,4,516.04,0.18,261.09,24
MED0225,Tetanus Toxoid 20mg Ointment,Cardiac,Aurobindo,No,2025-10,58,0,1613,504.5,58,1555,Yes,0,4,516.04,0.18,261.09,24
MED0225,Tetanus Toxoid 20mg Ointment,Cardiac,Aurobindo,No,2025-11,0,1675,1536,463.4,1536,0,No,139,4,516.04,0.18,261.09,24
MED0225,Tetanus Toxoid 20mg Ointment,Cardiac,Aurobindo,No,2025-12,139,0,1567,545.9,139,1428,Yes,0,4,516.04,0.18,261.09,24
MED0225,Tetanus Toxoid 20mg Ointment,Cardiac,Aurobindo,No,2026-01,0,1445,1555,261.7,1445,110,Yes,0,4,516.04,0.18,261.09,24
MED0225,Tetanus Toxoid 20mg Ointment,Cardiac,Aurobindo,No,2026-02,0,1260,1398,479.1,1260,138,Yes,0,4,516.04,0.18,261.09,24
MED0225,Tetanus Toxoid 20mg Ointment,Cardiac,Aurobindo,No,2026-03,0,1749,1625,417.2,1625,0,No,124,4,516.04,0.18,261.09,24
MED0225,Tetanus Toxoid 20mg Ointment,Cardiac,Aurobindo,No,2026-04,124,1333,1326,401.3,1326,0,No,131,4,516.04,0.18,261.09,24
MED0225,Tetanus Toxoid 20mg Ointment,Cardiac,Aurobindo,No,2026-05,131,1861,1748,579.8,1748,0,No,244,4,516.04,0.18,261.09,24
MED0225,Tetanus Toxoid 20mg Ointment,Cardiac,Aurobindo,No,2026-06,244,1450,1792,375.9,1694,98,Yes,0,4,516.04,0.18,261.09,24
MED0225,Tetanus Toxoid 20mg Ointment,Cardiac,Aurobindo,No,2026-07,0,0,1745,521.6,0,1745,Yes,0,4,516.04,0.18,261.09,24
MED0226,Isosorbide Dinitrate 5ml Suspension,Analgesic,Aurobindo,No,2025-08,1063,0,1379,441.4,1063,316,Yes,0,10,12.25,0.18,144.58,36
MED0226,Isosorbide Dinitrate 5ml Suspension,Analgesic,Aurobindo,No,2025-09,0,1420,1291,374,1291,0,No,129,10,12.25,0.18,144.58,36
MED0226,Isosorbide Dinitrate 5ml Suspension,Analgesic,Aurobindo,No,2025-10,129,1127,1413,317.7,1256,157,Yes,0,10,12.25,0.18,144.58,36
MED0226,Isosorbide Dinitrate 5ml Suspension,Analgesic,Aurobindo,No,2025-11,0,1114,1201,190.6,1114,87,Yes,0,10,12.25,0.18,144.58,36
MED0226,Isosorbide Dinitrate 5ml Suspension,Analgesic,Aurobindo,No,2025-12,0,1536,1408,395.1,1408,0,No,128,10,12.25,0.18,144.58,36
MED0226,Isosorbide Dinitrate 5ml Suspension,Analgesic,Aurobindo,No,2026-01,128,1210,1116,207.6,1116,0,No,222,10,12.25,0.18,144.58,36
MED0226,Isosorbide Dinitrate 5ml Suspension,Analgesic,Aurobindo,No,2026-02,222,1550,1396,321.9,1396,0,No,376,10,12.25,0.18,144.58,36
MED0226,Isosorbide Dinitrate 5ml Suspension,Analgesic,Aurobindo,No,2026-03,376,1558,1469,283.6,1469,0,No,465,10,12.25,0.18,144.58,36
MED0226,Isosorbide Dinitrate 5ml Suspension,Analgesic,Aurobindo,No,2026-04,465,1345,1482,281.9,1482,0,No,328,10,12.25,0.18,144.58,36
MED0226,Isosorbide Dinitrate 5ml Suspension,Analgesic,Aurobindo,No,2026-05,328,0,1300,255.4,328,972,Yes,0,10,12.25,0.18,144.58,36
MED0226,Isosorbide Dinitrate 5ml Suspension,Analgesic,Aurobindo,No,2026-06,0,1178,1318,286.2,1178,140,Yes,0,10,12.25,0.18,144.58,36
MED0226,Isosorbide Dinitrate 5ml Suspension,Analgesic,Aurobindo,No,2026-07,0,1325,1115,379.2,1115,0,No,210,10,12.25,0.18,144.58,36
MED0227,Prednisolone 10mg Injection,Analgesic,Glenmark,No,2025-08,104,535,538,132.7,538,0,No,101,4,580.02,0.26,52.91,18
MED0227,Prednisolone 10mg Injection,Analgesic,Glenmark,No,2025-09,101,403,513,135.1,504,9,Yes,0,4,580.02,0.26,52.91,18
MED0227,Prednisolone 10mg Injection,Analgesic,Glenmark,No,2025-10,0,0,495,122.7,0,495,Yes,0,4,580.02,0.26,52.91,18
MED0227,Prednisolone 10mg Injection,Analgesic,Glenmark,No,2025-11,0,345,464,117.4,345,119,Yes,0,4,580.02,0.26,52.91,18
MED0227,Prednisolone 10mg Injection,Analgesic,Glenmark,No,2025-12,0,400,458,144.1,400,58,Yes,0,4,580.02,0.26,52.91,18
MED0227,Prednisolone 10mg Injection,Analgesic,Glenmark,No,2026-01,0,680,529,131.5,529,0,No,151,4,580.02,0.26,52.91,18
MED0227,Prednisolone 10mg Injection,Analgesic,Glenmark,No,2026-02,151,0,544,120.6,151,393,Yes,0,4,580.02,0.26,52.91,18
MED0227,Prednisolone 10mg Injection,Analgesic,Glenmark,No,2026-03,0,0,454,70.9,0,454,Yes,0,4,580.02,0.26,52.91,18
MED0227,Prednisolone 10mg Injection,Analgesic,Glenmark,No,2026-04,0,467,464,156.9,464,0,No,3,4,580.02,0.26,52.91,18
MED0227,Prednisolone 10mg Injection,Analgesic,Glenmark,No,2026-05,3,349,489,73.9,352,137,Yes,0,4,580.02,0.26,52.91,18
MED0227,Prednisolone 10mg Injection,Analgesic,Glenmark,No,2026-06,0,560,516,92.4,516,0,No,44,4,580.02,0.26,52.91,18
MED0227,Prednisolone 10mg Injection,Analgesic,Glenmark,No,2026-07,44,547,441,80.1,441,0,No,150,4,580.02,0.26,52.91,18
MED0228,Losartan 50mg Drops,Vaccine,Torrent,No,2025-08,174,780,601,160.8,601,0,No,353,4,145.8,0.19,142.95,9
MED0228,Losartan 50mg Drops,Vaccine,Torrent,No,2025-09,353,724,677,184.7,677,0,No,400,4,145.8,0.19,142.95,9
MED0228,Losartan 50mg Drops,Vaccine,Torrent,No,2025-10,400,754,600,93.5,600,0,No,554,4,145.8,0.19,142.95,9
MED0228,Losartan 50mg Drops,Vaccine,Torrent,No,2025-11,554,562,653,108.9,653,0,No,463,4,145.8,0.19,142.95,9
MED0228,Losartan 50mg Drops,Vaccine,Torrent,No,2025-12,463,596,581,121.7,581,0,No,478,4,145.8,0.19,142.95,9
MED0228,Losartan 50mg Drops,Vaccine,Torrent,No,2026-01,478,734,628,184.3,628,0,No,584,4,145.8,0.19,142.95,9
MED0228,Losartan 50mg Drops,Vaccine,Torrent,No,2026-02,584,630,568,174.1,568,0,No,646,4,145.8,0.19,142.95,9
MED0228,Losartan 50mg Drops,Vaccine,Torrent,No,2026-03,646,0,626,177.4,626,0,No,20,4,145.8,0.19,142.95,9
MED0228,Losartan 50mg Drops,Vaccine,Torrent,No,2026-04,20,0,696,112.1,20,676,Yes,0,4,145.8,0.19,142.95,9
MED0228,Losartan 50mg Drops,Vaccine,Torrent,No,2026-05,0,0,644,191.8,0,644,Yes,0,4,145.8,0.19,142.95,9
MED0228,Losartan 50mg Drops,Vaccine,Torrent,No,2026-06,0,701,709,244.4,701,8,Yes,0,4,145.8,0.19,142.95,9
MED0228,Losartan 50mg Drops,Vaccine,Torrent,No,2026-07,0,843,675,145.6,675,0,No,168,4,145.8,0.19,142.95,9
MED0229,Sertraline 1mg Inhaler,Emergency/Critical Care,Alkem,No,2025-08,559,1367,1556,315.1,1556,0,No,370,5,703.46,0.23,209.56,6
MED0229,Sertraline 1mg Inhaler,Emergency/Critical Care,Alkem,No,2025-09,370,1453,1355,288.4,1355,0,No,468,5,703.46,0.23,209.56,6
MED0229,Sertraline 1mg Inhaler,Emergency/Critical Care,Alkem,No,2025-10,468,1070,1488,442.1,1488,0,No,50,5,703.46,0.23,209.56,6
MED0229,Sertraline 1mg Inhaler,Emergency/Critical Care,Alkem,No,2025-11,50,1247,1192,367,1192,0,No,105,5,703.46,0.23,209.56,6
MED0229,Sertraline 1mg Inhaler,Emergency/Critical Care,Alkem,No,2025-12,105,1451,1194,240.1,1194,0,No,362,5,703.46,0.23,209.56,6
MED0229,Sertraline 1mg Inhaler,Emergency/Critical Care,Alkem,No,2026-01,362,1862,1552,388.1,1552,0,No,672,5,703.46,0.23,209.56,6
MED0229,Sertraline 1mg Inhaler,Emergency/Critical Care,Alkem,No,2026-02,672,1637,1395,353.5,1395,0,No,914,5,703.46,0.23,209.56,6
MED0229,Sertraline 1mg Inhaler,Emergency/Critical Care,Alkem,No,2026-03,914,1867,1549,300,1549,0,No,1232,5,703.46,0.23,209.56,6
MED0229,Sertraline 1mg Inhaler,Emergency/Critical Care,Alkem,No,2026-04,1232,1444,1219,376.6,1219,0,No,1457,5,703.46,0.23,209.56,6
MED0229,Sertraline 1mg Inhaler,Emergency/Critical Care,Alkem,No,2026-05,1457,1581,1426,269,1426,0,No,1612,5,703.46,0.23,209.56,6
MED0229,Sertraline 1mg Inhaler,Emergency/Critical Care,Alkem,No,2026-06,1612,1451,1435,337.9,1435,0,No,1628,5,703.46,0.23,209.56,6
MED0229,Sertraline 1mg Inhaler,Emergency/Critical Care,Alkem,No,2026-07,1628,1114,1382,224.5,1382,0,No,1360,5,703.46,0.23,209.56,6
MED0230,ORS 2.5mg Inhaler,Cardiac,Zydus,No,2025-08,466,1437,1702,328.6,1702,0,No,201,5,378.98,0.13,248.21,6
MED0230,ORS 2.5mg Inhaler,Cardiac,Zydus,No,2025-09,201,2078,1681,441.9,1681,0,No,598,5,378.98,0.13,248.21,6
MED0230,ORS 2.5mg Inhaler,Cardiac,Zydus,No,2025-10,598,1516,1629,480.7,1629,0,No,485,5,378.98,0.13,248.21,6
MED0230,ORS 2.5mg Inhaler,Cardiac,Zydus,No,2025-11,485,1447,1629,540.3,1629,0,No,303,5,378.98,0.13,248.21,6
MED0230,ORS 2.5mg Inhaler,Cardiac,Zydus,No,2025-12,303,0,1507,357.3,303,1204,Yes,0,5,378.98,0.13,248.21,6
MED0230,ORS 2.5mg Inhaler,Cardiac,Zydus,No,2026-01,0,1430,1559,388,1430,129,Yes,0,5,378.98,0.13,248.21,6
MED0230,ORS 2.5mg Inhaler,Cardiac,Zydus,No,2026-02,0,1692,1612,524.9,1612,0,No,80,5,378.98,0.13,248.21,6
MED0230,ORS 2.5mg Inhaler,Cardiac,Zydus,No,2026-03,80,1212,1345,462.5,1292,53,Yes,0,5,378.98,0.13,248.21,6
MED0230,ORS 2.5mg Inhaler,Cardiac,Zydus,No,2026-04,0,1013,1394,249.1,1013,381,Yes,0,5,378.98,0.13,248.21,6
MED0230,ORS 2.5mg Inhaler,Cardiac,Zydus,No,2026-05,0,2092,1748,451.3,1748,0,No,344,5,378.98,0.13,248.21,6
MED0230,ORS 2.5mg Inhaler,Cardiac,Zydus,No,2026-06,344,1633,1696,553.8,1696,0,No,281,5,378.98,0.13,248.21,6
MED0230,ORS 2.5mg Inhaler,Cardiac,Zydus,No,2026-07,281,0,1770,521.5,281,1489,Yes,0,5,378.98,0.13,248.21,6
MED0231,Risperidone 500mg Ointment,Antibiotic,Mankind,Yes,2025-08,627,2477,2357,780.6,2357,0,No,747,5,621.65,0.15,264.94,9
MED0231,Risperidone 500mg Ointment,Antibiotic,Mankind,Yes,2025-09,747,0,1587,343.5,747,840,Yes,0,5,621.65,0.15,264.94,9
MED0231,Risperidone 500mg Ointment,Antibiotic,Mankind,Yes,2025-10,0,1521,1497,469.3,1497,0,No,24,5,621.65,0.15,264.94,9
MED0231,Risperidone 500mg Ointment,Antibiotic,Mankind,Yes,2025-11,24,886,1186,206.5,910,276,Yes,0,5,621.65,0.15,264.94,9
MED0231,Risperidone 500mg Ointment,Antibiotic,Mankind,Yes,2025-12,0,0,1240,193.8,0,1240,Yes,0,5,621.65,0.15,264.94,9
MED0231,Risperidone 500mg Ointment,Antibiotic,Mankind,Yes,2026-01,0,0,1132,303.7,0,1132,Yes,0,5,621.65,0.15,264.94,9
MED0231,Risperidone 500mg Ointment,Antibiotic,Mankind,Yes,2026-02,0,1035,1330,422.5,1035,295,Yes,0,5,621.65,0.15,264.94,9
MED0231,Risperidone 500mg Ointment,Antibiotic,Mankind,Yes,2026-03,0,0,1720,489.3,0,1720,Yes,0,5,621.65,0.15,264.94,9
MED0231,Risperidone 500mg Ointment,Antibiotic,Mankind,Yes,2026-04,0,3196,2675,886.1,2675,0,No,521,5,621.65,0.15,264.94,9
MED0231,Risperidone 500mg Ointment,Antibiotic,Mankind,Yes,2026-05,521,4017,3394,939.1,3394,0,No,1144,5,621.65,0.15,264.94,9
MED0231,Risperidone 500mg Ointment,Antibiotic,Mankind,Yes,2026-06,1144,3864,3121,672.7,3121,0,No,1887,5,621.65,0.15,264.94,9
MED0231,Risperidone 500mg Ointment,Antibiotic,Mankind,Yes,2026-07,1887,2322,2067,598.9,2067,0,No,2142,5,621.65,0.15,264.94,9
MED0232,ORS 2.5mg Injection,Respiratory,Aurobindo,No,2025-08,971,1721,1977,310.1,1977,0,No,715,5,647.98,0.27,144.58,6
MED0232,ORS 2.5mg Injection,Respiratory,Aurobindo,No,2025-09,715,1875,1956,415.5,1956,0,No,634,5,647.98,0.27,144.58,6
MED0232,ORS 2.5mg Injection,Respiratory,Aurobindo,No,2025-10,634,1979,2254,623.6,2254,0,No,359,5,647.98,0.27,144.58,6
MED0232,ORS 2.5mg Injection,Respiratory,Aurobindo,No,2025-11,359,3449,2780,787.8,2780,0,No,1028,5,647.98,0.27,144.58,6
MED0232,ORS 2.5mg Injection,Respiratory,Aurobindo,No,2025-12,1028,3432,3200,1025.9,3200,0,No,1260,5,647.98,0.27,144.58,6
MED0232,ORS 2.5mg Injection,Respiratory,Aurobindo,No,2026-01,1260,2975,3490,825.5,3490,0,No,745,5,647.98,0.27,144.58,6
MED0232,ORS 2.5mg Injection,Respiratory,Aurobindo,No,2026-02,745,3459,3280,1025,3280,0,No,924,5,647.98,0.27,144.58,6
MED0232,ORS 2.5mg Injection,Respiratory,Aurobindo,No,2026-03,924,2452,2367,557.3,2367,0,No,1009,5,647.98,0.27,144.58,6
MED0232,ORS 2.5mg Injection,Respiratory,Aurobindo,No,2026-04,1009,1756,1733,339.7,1733,0,No,1032,5,647.98,0.27,144.58,6
MED0232,ORS 2.5mg Injection,Respiratory,Aurobindo,No,2026-05,1032,1531,1396,441.2,1396,0,No,1167,5,647.98,0.27,144.58,6
MED0232,ORS 2.5mg Injection,Respiratory,Aurobindo,No,2026-06,1167,1736,1426,317.2,1426,0,No,1477,5,647.98,0.27,144.58,6
MED0232,ORS 2.5mg Injection,Respiratory,Aurobindo,No,2026-07,1477,1499,1642,297.9,1642,0,No,1334,5,647.98,0.27,144.58,6
MED0233,Dexamethasone 100mg Tablet,Respiratory,Sun Pharma,Yes,2025-08,261,0,2352,523.6,261,2091,Yes,0,3,36.13,0.19,133.59,24
MED0233,Dexamethasone 100mg Tablet,Respiratory,Sun Pharma,Yes,2025-09,0,2220,2021,318.5,2021,0,No,199,3,36.13,0.19,133.59,24
MED0233,Dexamethasone 100mg Tablet,Respiratory,Sun Pharma,Yes,2025-10,199,0,1314,249.6,199,1115,Yes,0,3,36.13,0.19,133.59,24
MED0233,Dexamethasone 100mg Tablet,Respiratory,Sun Pharma,Yes,2025-11,0,1145,899,215.9,899,0,No,246,3,36.13,0.19,133.59,24
MED0233,Dexamethasone 100mg Tablet,Respiratory,Sun Pharma,Yes,2025-12,246,967,848,239.4,848,0,No,365,3,36.13,0.19,133.59,24
MED0233,Dexamethasone 100mg Tablet,Respiratory,Sun Pharma,Yes,2026-01,365,660,826,194.1,826,0,No,199,3,36.13,0.19,133.59,24
MED0233,Dexamethasone 100mg Tablet,Respiratory,Sun Pharma,Yes,2026-02,199,771,719,116.9,719,0,No,251,3,36.13,0.19,133.59,24
MED0233,Dexamethasone 100mg Tablet,Respiratory,Sun Pharma,Yes,2026-03,251,0,852,155.7,251,601,Yes,0,3,36.13,0.19,133.59,24
MED0233,Dexamethasone 100mg Tablet,Respiratory,Sun Pharma,Yes,2026-04,0,793,928,223.3,793,135,Yes,0,3,36.13,0.19,133.59,24
MED0233,Dexamethasone 100mg Tablet,Respiratory,Sun Pharma,Yes,2026-05,0,1035,1435,363.1,1035,400,Yes,0,3,36.13,0.19,133.59,24
MED0233,Dexamethasone 100mg Tablet,Respiratory,Sun Pharma,Yes,2026-06,0,1433,1856,456.3,1433,423,Yes,0,3,36.13,0.19,133.59,24
MED0233,Dexamethasone 100mg Tablet,Respiratory,Sun Pharma,Yes,2026-07,0,0,2436,823.1,0,2436,Yes,0,3,36.13,0.19,133.59,24
MED0234,Zinc Sulphate 10mg Suspension,Gastrointestinal,Abbott,No,2025-08,91,630,491,81.8,491,0,No,230,5,691.24,0.2,318.28,12
MED0234,Zinc Sulphate 10mg Suspension,Gastrointestinal,Abbott,No,2025-09,230,337,411,100.4,411,0,No,156,5,691.24,0.2,318.28,12
MED0234,Zinc Sulphate 10mg Suspension,Gastrointestinal,Abbott,No,2025-10,156,372,321,106.7,321,0,No,207,5,691.24,0.2,318.28,12
MED0234,Zinc Sulphate 10mg Suspension,Gastrointestinal,Abbott,No,2025-11,207,300,270,76.2,270,0,No,237,5,691.24,0.2,318.28,12
MED0234,Zinc Sulphate 10mg Suspension,Gastrointestinal,Abbott,No,2025-12,237,232,236,46.6,236,0,No,233,5,691.24,0.2,318.28,12
MED0234,Zinc Sulphate 10mg Suspension,Gastrointestinal,Abbott,No,2026-01,233,255,202,62.7,202,0,No,286,5,691.24,0.2,318.28,12
MED0234,Zinc Sulphate 10mg Suspension,Gastrointestinal,Abbott,No,2026-02,286,280,226,63.2,226,0,No,340,5,691.24,0.2,318.28,12
MED0234,Zinc Sulphate 10mg Suspension,Gastrointestinal,Abbott,No,2026-03,340,260,285,80.2,285,0,No,315,5,691.24,0.2,318.28,12
MED0234,Zinc Sulphate 10mg Suspension,Gastrointestinal,Abbott,No,2026-04,315,374,531,170,531,0,No,158,5,691.24,0.2,318.28,12
MED0234,Zinc Sulphate 10mg Suspension,Gastrointestinal,Abbott,No,2026-05,158,734,574,118.4,574,0,No,318,5,691.24,0.2,318.28,12
MED0234,Zinc Sulphate 10mg Suspension,Gastrointestinal,Abbott,No,2026-06,318,378,501,122.4,501,0,No,195,5,691.24,0.2,318.28,12
MED0234,Zinc Sulphate 10mg Suspension,Gastrointestinal,Abbott,No,2026-07,195,493,450,96,450,0,No,238,5,691.24,0.2,318.28,12
MED0235,Adrenaline 500mg Tablet,Antidiabetic,Lupin,No,2025-08,394,1582,1283,401.1,1283,0,No,693,4,762.44,0.2,107.93,12
MED0235,Adrenaline 500mg Tablet,Antidiabetic,Lupin,No,2025-09,693,1365,1418,466.2,1418,0,No,640,4,762.44,0.2,107.93,12
MED0235,Adrenaline 500mg Tablet,Antidiabetic,Lupin,No,2025-10,640,1744,1388,467.1,1388,0,No,996,4,762.44,0.2,107.93,12
MED0235,Adrenaline 500mg Tablet,Antidiabetic,Lupin,No,2025-11,996,0,1568,426.3,996,572,Yes,0,4,762.44,0.2,107.93,12
MED0235,Adrenaline 500mg Tablet,Antidiabetic,Lupin,No,2025-12,0,1019,1349,463.7,1019,330,Yes,0,4,762.44,0.2,107.93,12
MED0235,Adrenaline 500mg Tablet,Antidiabetic,Lupin,No,2026-01,0,1343,1529,453.8,1343,186,Yes,0,4,762.44,0.2,107.93,12
MED0235,Adrenaline 500mg Tablet,Antidiabetic,Lupin,No,2026-02,0,1269,1426,220.1,1269,157,Yes,0,4,762.44,0.2,107.93,12
MED0235,Adrenaline 500mg Tablet,Antidiabetic,Lupin,No,2026-03,0,1424,1592,494.4,1424,168,Yes,0,4,762.44,0.2,107.93,12
MED0235,Adrenaline 500mg Tablet,Antidiabetic,Lupin,No,2026-04,0,1749,1447,345.8,1447,0,No,302,4,762.44,0.2,107.93,12
MED0235,Adrenaline 500mg Tablet,Antidiabetic,Lupin,No,2026-05,302,0,1432,453.3,302,1130,Yes,0,4,762.44,0.2,107.93,12
MED0235,Adrenaline 500mg Tablet,Antidiabetic,Lupin,No,2026-06,0,1291,1284,443.6,1284,0,No,7,4,762.44,0.2,107.93,12
MED0235,Adrenaline 500mg Tablet,Antidiabetic,Lupin,No,2026-07,7,1088,1450,279.9,1095,355,Yes,0,4,762.44,0.2,107.93,12
MED0236,Methyldopa 100mg Inhaler,Neuro/Psychiatric,Glenmark,No,2025-08,148,478,612,203.7,612,0,No,14,4,762.34,0.27,161.77,18
MED0236,Methyldopa 100mg Inhaler,Neuro/Psychiatric,Glenmark,No,2025-09,14,440,613,103.1,454,159,Yes,0,4,762.34,0.27,161.77,18
MED0236,Methyldopa 100mg Inhaler,Neuro/Psychiatric,Glenmark,No,2025-10,0,758,602,100.5,602,0,No,156,4,762.34,0.27,161.77,18
MED0236,Methyldopa 100mg Inhaler,Neuro/Psychiatric,Glenmark,No,2025-11,156,705,639,105.7,639,0,No,222,4,762.34,0.27,161.77,18
MED0236,Methyldopa 100mg Inhaler,Neuro/Psychiatric,Glenmark,No,2025-12,222,695,671,105.1,671,0,No,246,4,762.34,0.27,161.77,18
MED0236,Methyldopa 100mg Inhaler,Neuro/Psychiatric,Glenmark,No,2026-01,246,735,608,207.7,608,0,No,373,4,762.34,0.27,161.77,18
MED0236,Methyldopa 100mg Inhaler,Neuro/Psychiatric,Glenmark,No,2026-02,373,511,573,149.5,573,0,No,311,4,762.34,0.27,161.77,18
MED0236,Methyldopa 100mg Inhaler,Neuro/Psychiatric,Glenmark,No,2026-03,311,0,612,120.8,311,301,Yes,0,4,762.34,0.27,161.77,18
MED0236,Methyldopa 100mg Inhaler,Neuro/Psychiatric,Glenmark,No,2026-04,0,562,577,171.9,562,15,Yes,0,4,762.34,0.27,161.77,18
MED0236,Methyldopa 100mg Inhaler,Neuro/Psychiatric,Glenmark,No,2026-05,0,650,625,106.6,625,0,No,25,4,762.34,0.27,161.77,18
MED0236,Methyldopa 100mg Inhaler,Neuro/Psychiatric,Glenmark,No,2026-06,25,661,650,200.8,650,0,No,36,4,762.34,0.27,161.77,18
MED0236,Methyldopa 100mg Inhaler,Neuro/Psychiatric,Glenmark,No,2026-07,36,871,682,114.5,682,0,No,225,4,762.34,0.27,161.77,18
MED0237,Tramadol 20mg Injection,Analgesic,Glenmark,No,2025-08,725,4462,5320,1791.4,5187,133,Yes,0,5,617.42,0.2,43.75,18
MED0237,Tramadol 20mg Injection,Analgesic,Glenmark,No,2025-09,0,4826,3990,627.1,3990,0,No,836,5,617.42,0.2,43.75,18
MED0237,Tramadol 20mg Injection,Analgesic,Glenmark,No,2025-10,836,0,2807,619,836,1971,Yes,0,5,617.42,0.2,43.75,18
MED0237,Tramadol 20mg Injection,Analgesic,Glenmark,No,2025-11,0,2571,2259,667.1,2259,0,No,312,5,617.42,0.2,43.75,18
MED0237,Tramadol 20mg Injection,Analgesic,Glenmark,No,2025-12,312,1890,1977,591.5,1977,0,No,225,5,617.42,0.2,43.75,18
MED0237,Tramadol 20mg Injection,Analgesic,Glenmark,No,2026-01,225,1512,2017,565.2,1737,280,Yes,0,5,617.42,0.2,43.75,18
MED0237,Tramadol 20mg Injection,Analgesic,Glenmark,No,2026-02,0,1404,1686,436.2,1404,282,Yes,0,5,617.42,0.2,43.75,18
MED0237,Tramadol 20mg Injection,Analgesic,Glenmark,No,2026-03,0,2097,2117,389.5,2097,20,Yes,0,5,617.42,0.2,43.75,18
MED0237,Tramadol 20mg Injection,Analgesic,Glenmark,No,2026-04,0,2320,2453,440.3,2320,133,Yes,0,5,617.42,0.2,43.75,18
MED0237,Tramadol 20mg Injection,Analgesic,Glenmark,No,2026-05,0,3505,3277,996.3,3277,0,No,228,5,617.42,0.2,43.75,18
MED0237,Tramadol 20mg Injection,Analgesic,Glenmark,No,2026-06,228,4310,4153,1443.8,4153,0,No,385,5,617.42,0.2,43.75,18
MED0237,Tramadol 20mg Injection,Analgesic,Glenmark,No,2026-07,385,6051,5404,1676.8,5404,0,No,1032,5,617.42,0.2,43.75,18
MED0238,Albendazole 2.5mg Drops,Respiratory,Dr Reddy's,No,2025-08,392,781,709,196.6,709,0,No,464,7,76.77,0.19,49.04,24
MED0238,Albendazole 2.5mg Drops,Respiratory,Dr Reddy's,No,2025-09,464,581,738,145.3,738,0,No,307,7,76.77,0.19,49.04,24
MED0238,Albendazole 2.5mg Drops,Respiratory,Dr Reddy's,No,2025-10,307,737,691,166.6,691,0,No,353,7,76.77,0.19,49.04,24
MED0238,Albendazole 2.5mg Drops,Respiratory,Dr Reddy's,No,2025-11,353,800,749,162.4,749,0,No,404,7,76.77,0.19,49.04,24
MED0238,Albendazole 2.5mg Drops,Respiratory,Dr Reddy's,No,2025-12,404,788,730,152.5,730,0,No,462,7,76.77,0.19,49.04,24
MED0238,Albendazole 2.5mg Drops,Respiratory,Dr Reddy's,No,2026-01,462,908,708,235.8,708,0,No,662,7,76.77,0.19,49.04,24
MED0238,Albendazole 2.5mg Drops,Respiratory,Dr Reddy's,No,2026-02,662,624,724,249.3,724,0,No,562,7,76.77,0.19,49.04,24
MED0238,Albendazole 2.5mg Drops,Respiratory,Dr Reddy's,No,2026-03,562,0,674,133.2,562,112,Yes,0,7,76.77,0.19,49.04,24
MED0238,Albendazole 2.5mg Drops,Respiratory,Dr Reddy's,No,2026-04,0,597,625,94.3,597,28,Yes,0,7,76.77,0.19,49.04,24
MED0238,Albendazole 2.5mg Drops,Respiratory,Dr Reddy's,No,2026-05,0,836,651,196.8,651,0,No,185,7,76.77,0.19,49.04,24
MED0238,Albendazole 2.5mg Drops,Respiratory,Dr Reddy's,No,2026-06,185,599,719,174.2,719,0,No,65,7,76.77,0.19,49.04,24
MED0238,Albendazole 2.5mg Drops,Respiratory,Dr Reddy's,No,2026-07,65,441,630,146.1,506,124,Yes,0,7,76.77,0.19,49.04,24
MED0239,Omeprazole 1g Inhaler,Vitamin/Supplement,Zydus,Yes,2025-08,408,635,652,191.3,652,0,No,391,21,36.41,0.24,155.23,36
MED0239,Omeprazole 1g Inhaler,Vitamin/Supplement,Zydus,Yes,2025-09,391,0,563,130.1,391,172,Yes,0,21,36.41,0.24,155.23,36
MED0239,Omeprazole 1g Inhaler,Vitamin/Supplement,Zydus,Yes,2025-10,0,425,409,69.4,409,0,No,16,21,36.41,0.24,155.23,36
MED0239,Omeprazole 1g Inhaler,Vitamin/Supplement,Zydus,Yes,2025-11,16,254,336,78.5,270,66,Yes,0,21,36.41,0.24,155.23,36
MED0239,Omeprazole 1g Inhaler,Vitamin/Supplement,Zydus,Yes,2025-12,0,310,271,68.5,271,0,No,39,21,36.41,0.24,155.23,36
MED0239,Omeprazole 1g Inhaler,Vitamin/Supplement,Zydus,Yes,2026-01,39,0,296,88.8,39,257,Yes,0,21,36.41,0.24,155.23,36
MED0239,Omeprazole 1g Inhaler,Vitamin/Supplement,Zydus,Yes,2026-02,0,259,279,46.3,259,20,Yes,0,21,36.41,0.24,155.23,36
MED0239,Omeprazole 1g Inhaler,Vitamin/Supplement,Zydus,Yes,2026-03,0,255,280,90.3,255,25,Yes,0,21,36.41,0.24,155.23,36
MED0239,Omeprazole 1g Inhaler,Vitamin/Supplement,Zydus,Yes,2026-04,0,326,309,79.6,309,0,No,17,21,36.41,0.24,155.23,36
MED0239,Omeprazole 1g Inhaler,Vitamin/Supplement,Zydus,Yes,2026-05,17,604,513,90.9,513,0,No,108,21,36.41,0.24,155.23,36
MED0239,Omeprazole 1g Inhaler,Vitamin/Supplement,Zydus,Yes,2026-06,108,725,680,114.4,680,0,No,153,21,36.41,0.24,155.23,36
MED0239,Omeprazole 1g Inhaler,Vitamin/Supplement,Zydus,Yes,2026-07,153,897,817,246.9,817,0,No,233,21,36.41,0.24,155.23,36
MED0240,Nifedipine 10ml Injection,Analgesic,Cadila,No,2025-08,121,600,804,245.4,721,83,Yes,0,4,525.48,0.16,99.39,9
MED0240,Nifedipine 10ml Injection,Analgesic,Cadila,No,2025-09,0,699,697,148.1,697,0,No,2,4,525.48,0.16,99.39,9
MED0240,Nifedipine 10ml Injection,Analgesic,Cadila,No,2025-10,2,678,569,86.5,569,0,No,111,4,525.48,0.16,99.39,9
MED0240,Nifedipine 10ml Injection,Analgesic,Cadila,No,2025-11,111,525,550,102.4,550,0,No,86,4,525.48,0.16,99.39,9
MED0240,Nifedipine 10ml Injection,Analgesic,Cadila,No,2025-12,86,304,426,112.1,390,36,Yes,0,4,525.48,0.16,99.39,9
MED0240,Nifedipine 10ml Injection,Analgesic,Cadila,No,2026-01,0,545,472,147.3,472,0,No,73,4,525.48,0.16,99.39,9
MED0240,Nifedipine 10ml Injection,Analgesic,Cadila,No,2026-02,73,577,466,140,466,0,No,184,4,525.48,0.16,99.39,9
MED0240,Nifedipine 10ml Injection,Analgesic,Cadila,No,2026-03,184,499,560,116.7,560,0,No,123,4,525.48,0.16,99.39,9
MED0240,Nifedipine 10ml Injection,Analgesic,Cadila,No,2026-04,123,888,876,217.7,876,0,No,135,4,525.48,0.16,99.39,9
MED0240,Nifedipine 10ml Injection,Analgesic,Cadila,No,2026-05,135,1134,1124,224.3,1124,0,No,145,4,525.48,0.16,99.39,9
MED0240,Nifedipine 10ml Injection,Analgesic,Cadila,No,2026-06,145,1099,1185,206.4,1185,0,No,59,4,525.48,0.16,99.39,9
MED0240,Nifedipine 10ml Injection,Analgesic,Cadila,No,2026-07,59,768,859,196.2,827,32,Yes,0,4,525.48,0.16,99.39,9
MED0241,Fluconazole 5mg Tablet,Neuro/Psychiatric,GSK,No,2025-08,378,2303,2240,440,2240,0,No,441,3,543.8,0.16,173.73,24
MED0241,Fluconazole 5mg Tablet,Neuro/Psychiatric,GSK,No,2025-09,441,2613,2125,662.9,2125,0,No,929,3,543.8,0.16,173.73,24
MED0241,Fluconazole 5mg Tablet,Neuro/Psychiatric,GSK,No,2025-10,929,2618,2199,597.8,2199,0,No,1348,3,543.8,0.16,173.73,24
MED0241,Fluconazole 5mg Tablet,Neuro/Psychiatric,GSK,No,2025-11,1348,2288,2225,668.9,2225,0,No,1411,3,543.8,0.16,173.73,24
MED0241,Fluconazole 5mg Tablet,Neuro/Psychiatric,GSK,No,2025-12,1411,1380,1876,315.1,1876,0,No,915,3,543.8,0.16,173.73,24
MED0241,Fluconazole 5mg Tablet,Neuro/Psychiatric,GSK,No,2026-01,915,0,1945,601.3,915,1030,Yes,0,3,543.8,0.16,173.73,24
MED0241,Fluconazole 5mg Tablet,Neuro/Psychiatric,GSK,No,2026-02,0,2353,2018,538.4,2018,0,No,335,3,543.8,0.16,173.73,24
MED0241,Fluconazole 5mg Tablet,Neuro/Psychiatric,GSK,No,2026-03,335,2161,2163,544.8,2163,0,No,333,3,543.8,0.16,173.73,24
MED0241,Fluconazole 5mg Tablet,Neuro/Psychiatric,GSK,No,2026-04,333,2076,2230,734.9,2230,0,No,179,3,543.8,0.16,173.73,24
MED0241,Fluconazole 5mg Tablet,Neuro/Psychiatric,GSK,No,2026-05,179,0,1838,501.2,179,1659,Yes,0,3,543.8,0.16,173.73,24
MED0241,Fluconazole 5mg Tablet,Neuro/Psychiatric,GSK,No,2026-06,0,1863,2162,672.1,1863,299,Yes,0,3,543.8,0.16,173.73,24
MED0241,Fluconazole 5mg Tablet,Neuro/Psychiatric,GSK,No,2026-07,0,2500,2345,478.2,2345,0,No,155,3,543.8,0.16,173.73,24
MED0242,Dexamethasone 250mg Injection,Dermatological,Sun Pharma,Yes,2025-08,381,1801,2557,486.2,2182,375,Yes,0,4,610.61,0.25,315.56,24
MED0242,Dexamethasone 250mg Injection,Dermatological,Sun Pharma,Yes,2025-09,0,0,2118,402.4,0,2118,Yes,0,4,610.61,0.25,315.56,24
MED0242,Dexamethasone 250mg Injection,Dermatological,Sun Pharma,Yes,2025-10,0,2082,2438,703.8,2082,356,Yes,0,4,610.61,0.25,315.56,24
MED0242,Dexamethasone 250mg Injection,Dermatological,Sun Pharma,Yes,2025-11,0,2506,2241,631.6,2241,0,No,265,4,610.61,0.25,315.56,24
MED0242,Dexamethasone 250mg Injection,Dermatological,Sun Pharma,Yes,2025-12,265,2684,2371,410,2371,0,No,578,4,610.61,0.25,315.56,24
MED0242,Dexamethasone 250mg Injection,Dermatological,Sun Pharma,Yes,2026-01,578,2233,2386,431.9,2386,0,No,425,4,610.61,0.25,315.56,24
MED0242,Dexamethasone 250mg Injection,Dermatological,Sun Pharma,Yes,2026-02,425,2305,2129,416.4,2129,0,No,601,4,610.61,0.25,315.56,24
MED0242,Dexamethasone 250mg Injection,Dermatological,Sun Pharma,Yes,2026-03,601,1893,2324,453.6,2324,0,No,170,4,610.61,0.25,315.56,24
MED0242,Dexamethasone 250mg Injection,Dermatological,Sun Pharma,Yes,2026-04,170,3214,2481,851.8,2481,0,No,903,4,610.61,0.25,315.56,24
MED0242,Dexamethasone 250mg Injection,Dermatological,Sun Pharma,Yes,2026-05,903,2132,2383,461.1,2383,0,No,652,4,610.61,0.25,315.56,24
MED0242,Dexamethasone 250mg Injection,Dermatological,Sun Pharma,Yes,2026-06,652,2309,1942,556.1,1942,0,No,1019,4,610.61,0.25,315.56,24
MED0242,Dexamethasone 250mg Injection,Dermatological,Sun Pharma,Yes,2026-07,1019,1845,2183,537,2183,0,No,681,4,610.61,0.25,315.56,24
MED0243,Glimepiride 20mg Ointment,Dermatological,Biocon,No,2025-08,299,1269,1395,270.9,1395,0,No,173,4,236.55,0.26,182.6,24
MED0243,Glimepiride 20mg Ointment,Dermatological,Biocon,No,2025-09,173,1363,1168,320.6,1168,0,No,368,4,236.55,0.26,182.6,24
MED0243,Glimepiride 20mg Ointment,Dermatological,Biocon,No,2025-10,368,975,795,239.1,795,0,No,548,4,236.55,0.26,182.6,24
MED0243,Glimepiride 20mg Ointment,Dermatological,Biocon,No,2025-11,548,760,820,189.9,820,0,No,488,4,236.55,0.26,182.6,24
MED0243,Glimepiride 20mg Ointment,Dermatological,Biocon,No,2025-12,488,820,731,133.2,731,0,No,577,4,236.55,0.26,182.6,24
MED0243,Glimepiride 20mg Ointment,Dermatological,Biocon,No,2026-01,577,811,697,113.7,697,0,No,691,4,236.55,0.26,182.6,24
MED0243,Glimepiride 20mg Ointment,Dermatological,Biocon,No,2026-02,691,608,794,165.5,794,0,No,505,4,236.55,0.26,182.6,24
MED0243,Glimepiride 20mg Ointment,Dermatological,Biocon,No,2026-03,505,768,963,191.4,963,0,No,310,4,236.55,0.26,182.6,24
MED0243,Glimepiride 20mg Ointment,Dermatological,Biocon,No,2026-04,310,1313,1290,213.3,1290,0,No,333,4,236.55,0.26,182.6,24
MED0243,Glimepiride 20mg Ointment,Dermatological,Biocon,No,2026-05,333,2229,1779,457.2,1779,0,No,783,4,236.55,0.26,182.6,24
MED0243,Glimepiride 20mg Ointment,Dermatological,Biocon,No,2026-06,783,1440,1561,326.4,1561,0,No,662,4,236.55,0.26,182.6,24
MED0243,Glimepiride 20mg Ointment,Dermatological,Biocon,No,2026-07,662,0,1202,215.8,662,540,Yes,0,4,236.55,0.26,182.6,24
MED0244,Snake Antivenom 1g Ointment,Neuro/Psychiatric,Lupin,No,2025-08,213,1020,963,322.3,963,0,No,270,2,232.38,0.27,161.47,6
MED0244,Snake Antivenom 1g Ointment,Neuro/Psychiatric,Lupin,No,2025-09,270,888,942,156.7,942,0,No,216,2,232.38,0.27,161.47,6
MED0244,Snake Antivenom 1g Ointment,Neuro/Psychiatric,Lupin,No,2025-10,216,1358,1331,316.5,1331,0,No,243,2,232.38,0.27,161.47,6
MED0244,Snake Antivenom 1g Ointment,Neuro/Psychiatric,Lupin,No,2025-11,243,0,1774,584.2,243,1531,Yes,0,2,232.38,0.27,161.47,6
MED0244,Snake Antivenom 1g Ointment,Neuro/Psychiatric,Lupin,No,2025-12,0,0,1896,325.1,0,1896,Yes,0,2,232.38,0.27,161.47,6
MED0244,Snake Antivenom 1g Ointment,Neuro/Psychiatric,Lupin,No,2026-01,0,2838,2201,471.5,2201,0,No,637,2,232.38,0.27,161.47,6
MED0244,Snake Antivenom 1g Ointment,Neuro/Psychiatric,Lupin,No,2026-02,637,0,1620,418.2,637,983,Yes,0,2,232.38,0.27,161.47,6
MED0244,Snake Antivenom 1g Ointment,Neuro/Psychiatric,Lupin,No,2026-03,0,1139,1219,311.5,1139,80,Yes,0,2,232.38,0.27,161.47,6
MED0244,Snake Antivenom 1g Ointment,Neuro/Psychiatric,Lupin,No,2026-04,0,0,897,204.2,0,897,Yes,0,2,232.38,0.27,161.47,6
MED0244,Snake Antivenom 1g Ointment,Neuro/Psychiatric,Lupin,No,2026-05,0,0,829,226.8,0,829,Yes,0,2,232.38,0.27,161.47,6
MED0244,Snake Antivenom 1g Ointment,Neuro/Psychiatric,Lupin,No,2026-06,0,635,893,242.8,635,258,Yes,0,2,232.38,0.27,161.47,6
MED0244,Snake Antivenom 1g Ointment,Neuro/Psychiatric,Lupin,No,2026-07,0,992,1108,247.6,992,116,Yes,0,2,232.38,0.27,161.47,6
MED0245,Phenytoin 10mg Inhaler,Respiratory,Dr Reddy's,Yes,2025-08,508,0,4592,1003.4,508,4084,Yes,0,3,163.26,0.12,175.62,18
MED0245,Phenytoin 10mg Inhaler,Respiratory,Dr Reddy's,Yes,2025-09,0,3135,3983,1306,3135,848,Yes,0,3,163.26,0.12,175.62,18
MED0245,Phenytoin 10mg Inhaler,Respiratory,Dr Reddy's,Yes,2025-10,0,2167,2746,901.9,2167,579,Yes,0,3,163.26,0.12,175.62,18
MED0245,Phenytoin 10mg Inhaler,Respiratory,Dr Reddy's,Yes,2025-11,0,2344,2308,485.4,2308,0,No,36,3,163.26,0.12,175.62,18
MED0245,Phenytoin 10mg Inhaler,Respiratory,Dr Reddy's,Yes,2025-12,36,1387,1969,662.2,1423,546,Yes,0,3,163.26,0.12,175.62,18
MED0245,Phenytoin 10mg Inhaler,Respiratory,Dr Reddy's,Yes,2026-01,0,2025,2007,322.9,2007,0,No,18,3,163.26,0.12,175.62,18
MED0245,Phenytoin 10mg Inhaler,Respiratory,Dr Reddy's,Yes,2026-02,18,2232,1771,479.8,1771,0,No,479,3,163.26,0.12,175.62,18
MED0245,Phenytoin 10mg Inhaler,Respiratory,Dr Reddy's,Yes,2026-03,479,1430,1917,392.6,1909,8,Yes,0,3,163.26,0.12,175.62,18
MED0245,Phenytoin 10mg Inhaler,Respiratory,Dr Reddy's,Yes,2026-04,0,2739,2454,702.7,2454,0,No,285,3,163.26,0.12,175.62,18
MED0245,Phenytoin 10mg Inhaler,Respiratory,Dr Reddy's,Yes,2026-05,285,0,2678,858.4,285,2393,Yes,0,3,163.26,0.12,175.62,18
MED0245,Phenytoin 10mg Inhaler,Respiratory,Dr Reddy's,Yes,2026-06,0,4762,4322,713.4,4322,0,No,440,3,163.26,0.12,175.62,18
MED0245,Phenytoin 10mg Inhaler,Respiratory,Dr Reddy's,Yes,2026-07,440,7200,5717,1702.9,5717,0,No,1923,3,163.26,0.12,175.62,18
MED0246,Cloxacillin 500mg Injection,Anesthetic,Intas,No,2025-08,233,1248,1038,279.5,1038,0,No,443,4,570.24,0.25,96.3,36
MED0246,Cloxacillin 500mg Injection,Anesthetic,Intas,No,2025-09,443,1146,923,240.9,923,0,No,666,4,570.24,0.25,96.3,36
MED0246,Cloxacillin 500mg Injection,Anesthetic,Intas,No,2025-10,666,1064,1137,286.2,1137,0,No,593,4,570.24,0.25,96.3,36
MED0246,Cloxacillin 500mg Injection,Anesthetic,Intas,No,2025-11,593,1249,1010,334.6,1010,0,No,832,4,570.24,0.25,96.3,36
MED0246,Cloxacillin 500mg Injection,Anesthetic,Intas,No,2025-12,832,833,909,290.9,909,0,No,756,4,570.24,0.25,96.3,36
MED0246,Cloxacillin 500mg Injection,Anesthetic,Intas,No,2026-01,756,1328,1025,313.5,1025,0,No,1059,4,570.24,0.25,96.3,36
MED0246,Cloxacillin 500mg Injection,Anesthetic,Intas,No,2026-02,1059,1002,1006,294.5,1006,0,No,1055,4,570.24,0.25,96.3,36
MED0246,Cloxacillin 500mg Injection,Anesthetic,Intas,No,2026-03,1055,863,1129,292.7,1129,0,No,789,4,570.24,0.25,96.3,36
MED0246,Cloxacillin 500mg Injection,Anesthetic,Intas,No,2026-04,789,839,987,292.9,987,0,No,641,4,570.24,0.25,96.3,36
MED0246,Cloxacillin 500mg Injection,Anesthetic,Intas,No,2026-05,641,1244,975,176.3,975,0,No,910,4,570.24,0.25,96.3,36
MED0246,Cloxacillin 500mg Injection,Anesthetic,Intas,No,2026-06,910,800,1063,290.6,1063,0,No,647,4,570.24,0.25,96.3,36
MED0246,Cloxacillin 500mg Injection,Anesthetic,Intas,No,2026-07,647,1350,1090,294.7,1090,0,No,907,4,570.24,0.25,96.3,36
MED0247,Losartan 10mg Ointment,Respiratory,GSK,No,2025-08,587,2456,2342,785.6,2342,0,No,701,3,304.86,0.19,273.69,36
MED0247,Losartan 10mg Ointment,Respiratory,GSK,No,2025-09,701,1451,2025,489.7,2025,0,No,127,3,304.86,0.19,273.69,36
MED0247,Losartan 10mg Ointment,Respiratory,GSK,No,2025-10,127,2342,2341,382.6,2341,0,No,128,3,304.86,0.19,273.69,36
MED0247,Losartan 10mg Ointment,Respiratory,GSK,No,2025-11,128,3008,3371,576.9,3136,235,Yes,0,3,304.86,0.19,273.69,36
MED0247,Losartan 10mg Ointment,Respiratory,GSK,No,2025-12,0,3683,4015,1126.1,3683,332,Yes,0,3,304.86,0.19,273.69,36
MED0247,Losartan 10mg Ointment,Respiratory,GSK,No,2026-01,0,4007,4784,977.1,4007,777,Yes,0,3,304.86,0.19,273.69,36
MED0247,Losartan 10mg Ointment,Respiratory,GSK,No,2026-02,0,2746,3393,1039.9,2746,647,Yes,0,3,304.86,0.19,273.69,36
MED0247,Losartan 10mg Ointment,Respiratory,GSK,No,2026-03,0,2141,2389,758.9,2141,248,Yes,0,3,304.86,0.19,273.69,36
MED0247,Losartan 10mg Ointment,Respiratory,GSK,No,2026-04,0,1608,2262,395.5,1608,654,Yes,0,3,304.86,0.19,273.69,36
MED0247,Losartan 10mg Ointment,Respiratory,GSK,No,2026-05,0,1742,1828,301.6,1742,86,Yes,0,3,304.86,0.19,273.69,36
MED0247,Losartan 10mg Ointment,Respiratory,GSK,No,2026-06,0,2143,1858,295.5,1858,0,No,285,3,304.86,0.19,273.69,36
MED0247,Losartan 10mg Ointment,Respiratory,GSK,No,2026-07,285,1855,1945,570,1945,0,No,195,3,304.86,0.19,273.69,36
MED0248,Ranitidine 10ml Ointment,Gastrointestinal,Torrent,Yes,2025-08,852,0,3596,617.7,852,2744,Yes,0,7,607.32,0.14,199.29,6
MED0248,Ranitidine 10ml Ointment,Gastrointestinal,Torrent,Yes,2025-09,0,2833,2861,972.2,2833,28,Yes,0,7,607.32,0.14,199.29,6
MED0248,Ranitidine 10ml Ointment,Gastrointestinal,Torrent,Yes,2025-10,0,1905,1764,492.1,1764,0,No,141,7,607.32,0.14,199.29,6
MED0248,Ranitidine 10ml Ointment,Gastrointestinal,Torrent,Yes,2025-11,141,1505,1541,461.2,1541,0,No,105,7,607.32,0.14,199.29,6
MED0248,Ranitidine 10ml Ointment,Gastrointestinal,Torrent,Yes,2025-12,105,878,1237,298.3,983,254,Yes,0,7,607.32,0.14,199.29,6
MED0248,Ranitidine 10ml Ointment,Gastrointestinal,Torrent,Yes,2026-01,0,928,1071,265.3,928,143,Yes,0,7,607.32,0.14,199.29,6
MED0248,Ranitidine 10ml Ointment,Gastrointestinal,Torrent,Yes,2026-02,0,0,1196,261.9,0,1196,Yes,0,7,607.32,0.14,199.29,6
MED0248,Ranitidine 10ml Ointment,Gastrointestinal,Torrent,Yes,2026-03,0,0,1576,505.8,0,1576,Yes,0,7,607.32,0.14,199.29,6
MED0248,Ranitidine 10ml Ointment,Gastrointestinal,Torrent,Yes,2026-04,0,1487,1688,370.5,1487,201,Yes,0,7,607.32,0.14,199.29,6
MED0248,Ranitidine 10ml Ointment,Gastrointestinal,Torrent,Yes,2026-05,0,1487,1824,480.8,1487,337,Yes,0,7,607.32,0.14,199.29,6
MED0248,Ranitidine 10ml Ointment,Gastrointestinal,Torrent,Yes,2026-06,0,2362,3156,512.2,2362,794,Yes,0,7,607.32,0.14,199.29,6
MED0248,Ranitidine 10ml Ointment,Gastrointestinal,Torrent,Yes,2026-07,0,4858,3784,939,3784,0,No,1074,7,607.32,0.14,199.29,6
MED0249,Tetanus Toxoid 1g Syrup,Vitamin/Supplement,Cipla,Yes,2025-08,313,286,282,49.5,282,0,No,317,14,555.83,0.24,307.12,6
MED0249,Tetanus Toxoid 1g Syrup,Vitamin/Supplement,Cipla,Yes,2025-09,317,0,271,71.5,271,0,No,46,14,555.83,0.24,307.12,6
MED0249,Tetanus Toxoid 1g Syrup,Vitamin/Supplement,Cipla,Yes,2025-10,46,0,287,83.9,46,241,Yes,0,14,555.83,0.24,307.12,6
MED0249,Tetanus Toxoid 1g Syrup,Vitamin/Supplement,Cipla,Yes,2025-11,0,206,275,72.5,206,69,Yes,0,14,555.83,0.24,307.12,6
MED0249,Tetanus Toxoid 1g Syrup,Vitamin/Supplement,Cipla,Yes,2025-12,0,325,280,57.7,280,0,No,45,14,555.83,0.24,307.12,6
MED0249,Tetanus Toxoid 1g Syrup,Vitamin/Supplement,Cipla,Yes,2026-01,45,366,286,49.7,286,0,No,125,14,555.83,0.24,307.12,6
MED0249,Tetanus Toxoid 1g Syrup,Vitamin/Supplement,Cipla,Yes,2026-02,125,281,242,77.6,242,0,No,164,14,555.83,0.24,307.12,6
MED0249,Tetanus Toxoid 1g Syrup,Vitamin/Supplement,Cipla,Yes,2026-03,164,230,252,52.3,252,0,No,142,14,555.83,0.24,307.12,6
MED0249,Tetanus Toxoid 1g Syrup,Vitamin/Supplement,Cipla,Yes,2026-04,142,0,234,63.2,142,92,Yes,0,14,555.83,0.24,307.12,6
MED0249,Tetanus Toxoid 1g Syrup,Vitamin/Supplement,Cipla,Yes,2026-05,0,344,294,81.8,294,0,No,50,14,555.83,0.24,307.12,6
MED0249,Tetanus Toxoid 1g Syrup,Vitamin/Supplement,Cipla,Yes,2026-06,50,226,238,53.8,238,0,No,38,14,555.83,0.24,307.12,6
MED0249,Tetanus Toxoid 1g Syrup,Vitamin/Supplement,Cipla,Yes,2026-07,38,0,308,91.5,38,270,Yes,0,14,555.83,0.24,307.12,6
MED0250,Chlorpheniramine 10mg Inhaler,Cardiac,Zydus,No,2025-08,2793,3321,2725,485.3,2725,0,No,3389,14,397.26,0.18,90.54,12
MED0250,Chlorpheniramine 10mg Inhaler,Cardiac,Zydus,No,2025-09,3389,2362,2608,542,2608,0,No,3143,14,397.26,0.18,90.54,12
MED0250,Chlorpheniramine 10mg Inhaler,Cardiac,Zydus,No,2025-10,3143,2425,1956,388.4,1956,0,No,3612,14,397.26,0.18,90.54,12
MED0250,Chlorpheniramine 10mg Inhaler,Cardiac,Zydus,No,2025-11,3612,1947,1701,318.7,1701,0,No,3858,14,397.26,0.18,90.54,12
MED0250,Chlorpheniramine 10mg Inhaler,Cardiac,Zydus,No,2025-12,3858,0,1893,346.6,1893,0,No,1965,14,397.26,0.18,90.54,12
MED0250,Chlorpheniramine 10mg Inhaler,Cardiac,Zydus,No,2026-01,1965,1660,1567,427.6,1567,0,No,2058,14,397.26,0.18,90.54,12
MED0250,Chlorpheniramine 10mg Inhaler,Cardiac,Zydus,No,2026-02,2058,1566,1632,401.3,1632,0,No,1992,14,397.26,0.18,90.54,12
MED0250,Chlorpheniramine 10mg Inhaler,Cardiac,Zydus,No,2026-03,1992,2158,2447,587.9,2447,0,No,1703,14,397.26,0.18,90.54,12
MED0250,Chlorpheniramine 10mg Inhaler,Cardiac,Zydus,No,2026-04,1703,3939,3264,504.7,3264,0,No,2378,14,397.26,0.18,90.54,12
MED0250,Chlorpheniramine 10mg Inhaler,Cardiac,Zydus,No,2026-05,2378,3599,4194,667.7,4194,0,No,1783,14,397.26,0.18,90.54,12
MED0250,Chlorpheniramine 10mg Inhaler,Cardiac,Zydus,No,2026-06,1783,3211,3665,820.8,3665,0,No,1329,14,397.26,0.18,90.54,12
MED0250,Chlorpheniramine 10mg Inhaler,Cardiac,Zydus,No,2026-07,1329,0,3429,799.3,1329,2100,Yes,0,14,397.26,0.18,90.54,12
MED0251,Cefixime 10ml Ointment,Analgesic,Torrent,No,2025-08,472,0,2529,688.9,472,2057,Yes,0,4,188.36,0.23,293.31,12
MED0251,Cefixime 10ml Ointment,Analgesic,Torrent,No,2025-09,0,1937,2130,592.5,1937,193,Yes,0,4,188.36,0.23,293.31,12
MED0251,Cefixime 10ml Ointment,Analgesic,Torrent,No,2025-10,0,1735,2437,448.7,1735,702,Yes,0,4,188.36,0.23,293.31,12
MED0251,Cefixime 10ml Ointment,Analgesic,Torrent,No,2025-11,0,2880,2560,589.3,2560,0,No,320,4,188.36,0.23,293.31,12
MED0251,Cefixime 10ml Ointment,Analgesic,Torrent,No,2025-12,320,3340,2603,539.2,2603,0,No,1057,4,188.36,0.23,293.31,12
MED0251,Cefixime 10ml Ointment,Analgesic,Torrent,No,2026-01,1057,0,2524,799.6,1057,1467,Yes,0,4,188.36,0.23,293.31,12
MED0251,Cefixime 10ml Ointment,Analgesic,Torrent,No,2026-02,0,0,2266,676.5,0,2266,Yes,0,4,188.36,0.23,293.31,12
MED0251,Cefixime 10ml Ointment,Analgesic,Torrent,No,2026-03,0,0,2417,570,0,2417,Yes,0,4,188.36,0.23,293.31,12
MED0251,Cefixime 10ml Ointment,Analgesic,Torrent,No,2026-04,0,0,2182,451.6,0,2182,Yes,0,4,188.36,0.23,293.31,12
MED0251,Cefixime 10ml Ointment,Analgesic,Torrent,No,2026-05,0,3051,2463,488.9,2463,0,No,588,4,188.36,0.23,293.31,12
MED0251,Cefixime 10ml Ointment,Analgesic,Torrent,No,2026-06,588,2922,2346,535.9,2346,0,No,1164,4,188.36,0.23,293.31,12
MED0251,Cefixime 10ml Ointment,Analgesic,Torrent,No,2026-07,1164,1810,2032,487,2032,0,No,942,4,188.36,0.23,293.31,12
MED0252,Atropine 10mg Injection,Vaccine,Zydus,No,2025-08,509,2701,3232,1094.6,3210,22,Yes,0,4,105.81,0.26,88.75,9
MED0252,Atropine 10mg Injection,Vaccine,Zydus,No,2025-09,0,3167,2818,681.2,2818,0,No,349,4,105.81,0.26,88.75,9
MED0252,Atropine 10mg Injection,Vaccine,Zydus,No,2025-10,349,1187,1489,302.9,1489,0,No,47,4,105.81,0.26,88.75,9
MED0252,Atropine 10mg Injection,Vaccine,Zydus,No,2025-11,47,833,1077,219.5,880,197,Yes,0,4,105.81,0.26,88.75,9
MED0252,Atropine 10mg Injection,Vaccine,Zydus,No,2025-12,0,881,1052,289.8,881,171,Yes,0,4,105.81,0.26,88.75,9
MED0252,Atropine 10mg Injection,Vaccine,Zydus,No,2026-01,0,1114,1163,229.1,1114,49,Yes,0,4,105.81,0.26,88.75,9
MED0252,Atropine 10mg Injection,Vaccine,Zydus,No,2026-02,0,756,939,275,756,183,Yes,0,4,105.81,0.26,88.75,9
MED0252,Atropine 10mg Injection,Vaccine,Zydus,No,2026-03,0,960,1186,332.9,960,226,Yes,0,4,105.81,0.26,88.75,9
MED0252,Atropine 10mg Injection,Vaccine,Zydus,No,2026-04,0,1014,1207,294.9,1014,193,Yes,0,4,105.81,0.26,88.75,9
MED0252,Atropine 10mg Injection,Vaccine,Zydus,No,2026-05,0,1729,1532,361.3,1532,0,No,197,4,105.81,0.26,88.75,9
MED0252,Atropine 10mg Injection,Vaccine,Zydus,No,2026-06,197,2662,2942,446.9,2859,83,Yes,0,4,105.81,0.26,88.75,9
MED0252,Atropine 10mg Injection,Vaccine,Zydus,No,2026-07,0,3148,3451,692,3148,303,Yes,0,4,105.81,0.26,88.75,9
MED0253,Sertraline 1g Suspension,Vitamin/Supplement,Zydus,No,2025-08,558,918,860,257.4,860,0,No,616,14,680.62,0.28,234.68,18
MED0253,Sertraline 1g Suspension,Vitamin/Supplement,Zydus,No,2025-09,616,794,771,129.5,771,0,No,639,14,680.62,0.28,234.68,18
MED0253,Sertraline 1g Suspension,Vitamin/Supplement,Zydus,No,2025-10,639,1045,826,191.1,826,0,No,858,14,680.62,0.28,234.68,18
MED0253,Sertraline 1g Suspension,Vitamin/Supplement,Zydus,No,2025-11,858,823,701,146.1,701,0,No,980,14,680.62,0.28,234.68,18
MED0253,Sertraline 1g Suspension,Vitamin/Supplement,Zydus,No,2025-12,980,682,677,112.6,677,0,No,985,14,680.62,0.28,234.68,18
MED0253,Sertraline 1g Suspension,Vitamin/Supplement,Zydus,No,2026-01,985,963,758,120.5,758,0,No,1190,14,680.62,0.28,234.68,18
MED0253,Sertraline 1g Suspension,Vitamin/Supplement,Zydus,No,2026-02,1190,613,728,215.7,728,0,No,1075,14,680.62,0.28,234.68,18
MED0253,Sertraline 1g Suspension,Vitamin/Supplement,Zydus,No,2026-03,1075,633,724,179.7,724,0,No,984,14,680.62,0.28,234.68,18
MED0253,Sertraline 1g Suspension,Vitamin/Supplement,Zydus,No,2026-04,984,692,851,209.6,851,0,No,825,14,680.62,0.28,234.68,18
MED0253,Sertraline 1g Suspension,Vitamin/Supplement,Zydus,No,2026-05,825,919,787,168.1,787,0,No,957,14,680.62,0.28,234.68,18
MED0253,Sertraline 1g Suspension,Vitamin/Supplement,Zydus,No,2026-06,957,1064,842,186,842,0,No,1179,14,680.62,0.28,234.68,18
MED0253,Sertraline 1g Suspension,Vitamin/Supplement,Zydus,No,2026-07,1179,617,809,145.4,809,0,No,987,14,680.62,0.28,234.68,18
MED0254,Cetirizine 5mg Inhaler,Emergency/Critical Care,Cipla,No,2025-08,276,0,723,164.1,276,447,Yes,0,4,702.45,0.22,116.61,6
MED0254,Cetirizine 5mg Inhaler,Emergency/Critical Care,Cipla,No,2025-09,0,0,737,243.7,0,737,Yes,0,4,702.45,0.22,116.61,6
MED0254,Cetirizine 5mg Inhaler,Emergency/Critical Care,Cipla,No,2025-10,0,854,893,300.3,854,39,Yes,0,4,702.45,0.22,116.61,6
MED0254,Cetirizine 5mg Inhaler,Emergency/Critical Care,Cipla,No,2025-11,0,851,1197,290.4,851,346,Yes,0,4,702.45,0.22,116.61,6
MED0254,Cetirizine 5mg Inhaler,Emergency/Critical Care,Cipla,No,2025-12,0,0,1487,496.9,0,1487,Yes,0,4,702.45,0.22,116.61,6
MED0254,Cetirizine 5mg Inhaler,Emergency/Critical Care,Cipla,No,2026-01,0,1203,1397,313,1203,194,Yes,0,4,702.45,0.22,116.61,6
MED0254,Cetirizine 5mg Inhaler,Emergency/Critical Care,Cipla,No,2026-02,0,1455,1404,226,1404,0,No,51,4,702.45,0.22,116.61,6
MED0254,Cetirizine 5mg Inhaler,Emergency/Critical Care,Cipla,No,2026-03,51,753,942,210.6,804,138,Yes,0,4,702.45,0.22,116.61,6
MED0254,Cetirizine 5mg Inhaler,Emergency/Critical Care,Cipla,No,2026-04,0,717,622,142.5,622,0,No,95,4,702.45,0.22,116.61,6
MED0254,Cetirizine 5mg Inhaler,Emergency/Critical Care,Cipla,No,2026-05,95,0,633,167.4,95,538,Yes,0,4,702.45,0.22,116.61,6
MED0254,Cetirizine 5mg Inhaler,Emergency/Critical Care,Cipla,No,2026-06,0,679,694,213.3,679,15,Yes,0,4,702.45,0.22,116.61,6
MED0254,Cetirizine 5mg Inhaler,Emergency/Critical Care,Cipla,No,2026-07,0,709,769,250.5,709,60,Yes,0,4,702.45,0.22,116.61,6
MED0255,Atropine 100mg Injection,Vitamin/Supplement,Dr Reddy's,No,2025-08,115,347,368,84.2,368,0,No,94,5,537.35,0.22,101.69,24
MED0255,Atropine 100mg Injection,Vitamin/Supplement,Dr Reddy's,No,2025-09,94,424,367,86.5,367,0,No,151,5,537.35,0.22,101.69,24
MED0255,Atropine 100mg Injection,Vitamin/Supplement,Dr Reddy's,No,2025-10,151,446,363,59.4,363,0,No,234,5,537.35,0.22,101.69,24
MED0255,Atropine 100mg Injection,Vitamin/Supplement,Dr Reddy's,No,2025-11,234,288,387,83.1,387,0,No,135,5,537.35,0.22,101.69,24
MED0255,Atropine 100mg Injection,Vitamin/Supplement,Dr Reddy's,No,2025-12,135,0,409,81.4,135,274,Yes,0,5,537.35,0.22,101.69,24
MED0255,Atropine 100mg Injection,Vitamin/Supplement,Dr Reddy's,No,2026-01,0,414,352,78.1,352,0,No,62,5,537.35,0.22,101.69,24
MED0255,Atropine 100mg Injection,Vitamin/Supplement,Dr Reddy's,No,2026-02,62,312,396,91.2,374,22,Yes,0,5,537.35,0.22,101.69,24
MED0255,Atropine 100mg Injection,Vitamin/Supplement,Dr Reddy's,No,2026-03,0,0,311,86.5,0,311,Yes,0,5,537.35,0.22,101.69,24
MED0255,Atropine 100mg Injection,Vitamin/Supplement,Dr Reddy's,No,2026-04,0,394,385,99.3,385,0,No,9,5,537.35,0.22,101.69,24
MED0255,Atropine 100mg Injection,Vitamin/Supplement,Dr Reddy's,No,2026-05,9,317,325,77.3,325,0,No,1,5,537.35,0.22,101.69,24
MED0255,Atropine 100mg Injection,Vitamin/Supplement,Dr Reddy's,No,2026-06,1,368,322,94.9,322,0,No,47,5,537.35,0.22,101.69,24
MED0255,Atropine 100mg Injection,Vitamin/Supplement,Dr Reddy's,No,2026-07,47,401,357,85.9,357,0,No,91,5,537.35,0.22,101.69,24
MED0256,Spironolactone 100mg Ointment,Neuro/Psychiatric,Zydus,No,2025-08,293,0,1577,511.2,293,1284,Yes,0,5,783.18,0.21,98.84,12
MED0256,Spironolactone 100mg Ointment,Neuro/Psychiatric,Zydus,No,2025-09,0,1968,1702,503.1,1702,0,No,266,5,783.18,0.21,98.84,12
MED0256,Spironolactone 100mg Ointment,Neuro/Psychiatric,Zydus,No,2025-10,266,1949,1793,517.1,1793,0,No,422,5,783.18,0.21,98.84,12
MED0256,Spironolactone 100mg Ointment,Neuro/Psychiatric,Zydus,No,2025-11,422,1998,1630,398.3,1630,0,No,790,5,783.18,0.21,98.84,12
MED0256,Spironolactone 100mg Ointment,Neuro/Psychiatric,Zydus,No,2025-12,790,1638,1565,341.8,1565,0,No,863,5,783.18,0.21,98.84,12
MED0256,Spironolactone 100mg Ointment,Neuro/Psychiatric,Zydus,No,2026-01,863,1812,1518,429.2,1518,0,No,1157,5,783.18,0.21,98.84,12
MED0256,Spironolactone 100mg Ointment,Neuro/Psychiatric,Zydus,No,2026-02,1157,1830,1803,345.5,1803,0,No,1184,5,783.18,0.21,98.84,12
MED0256,Spironolactone 100mg Ointment,Neuro/Psychiatric,Zydus,No,2026-03,1184,0,1876,405.2,1184,692,Yes,0,5,783.18,0.21,98.84,12
MED0256,Spironolactone 100mg Ointment,Neuro/Psychiatric,Zydus,No,2026-04,0,2124,1667,340,1667,0,No,457,5,783.18,0.21,98.84,12
MED0256,Spironolactone 100mg Ointment,Neuro/Psychiatric,Zydus,No,2026-05,457,2065,1776,581.4,1776,0,No,746,5,783.18,0.21,98.84,12
MED0256,Spironolactone 100mg Ointment,Neuro/Psychiatric,Zydus,No,2026-06,746,1991,1852,541.1,1852,0,No,885,5,783.18,0.21,98.84,12
MED0256,Spironolactone 100mg Ointment,Neuro/Psychiatric,Zydus,No,2026-07,885,2262,1781,357.3,1781,0,No,1366,5,783.18,0.21,98.84,12
MED0257,Oxytocin 250mg Injection,Neuro/Psychiatric,Glenmark,No,2025-08,475,1307,1272,378.3,1272,0,No,510,7,504.75,0.21,253.83,12
MED0257,Oxytocin 250mg Injection,Neuro/Psychiatric,Glenmark,No,2025-09,510,0,1337,320.6,510,827,Yes,0,7,504.75,0.21,253.83,12
MED0257,Oxytocin 250mg Injection,Neuro/Psychiatric,Glenmark,No,2025-10,0,1036,1324,377.1,1036,288,Yes,0,7,504.75,0.21,253.83,12
MED0257,Oxytocin 250mg Injection,Neuro/Psychiatric,Glenmark,No,2025-11,0,0,1031,347.3,0,1031,Yes,0,7,504.75,0.21,253.83,12
MED0257,Oxytocin 250mg Injection,Neuro/Psychiatric,Glenmark,No,2025-12,0,1020,1311,412.5,1020,291,Yes,0,7,504.75,0.21,253.83,12
MED0257,Oxytocin 250mg Injection,Neuro/Psychiatric,Glenmark,No,2026-01,0,1194,1260,413,1194,66,Yes,0,7,504.75,0.21,253.83,12
MED0257,Oxytocin 250mg Injection,Neuro/Psychiatric,Glenmark,No,2026-02,0,1440,1179,196.2,1179,0,No,261,7,504.75,0.21,253.83,12
MED0257,Oxytocin 250mg Injection,Neuro/Psychiatric,Glenmark,No,2026-03,261,1132,1379,368.2,1379,0,No,14,7,504.75,0.21,253.83,12
MED0257,Oxytocin 250mg Injection,Neuro/Psychiatric,Glenmark,No,2026-04,14,1510,1260,352.7,1260,0,No,264,7,504.75,0.21,253.83,12
MED0257,Oxytocin 250mg Injection,Neuro/Psychiatric,Glenmark,No,2026-05,264,1001,1357,439.4,1265,92,Yes,0,7,504.75,0.21,253.83,12
MED0257,Oxytocin 250mg Injection,Neuro/Psychiatric,Glenmark,No,2026-06,0,971,1324,359.5,971,353,Yes,0,7,504.75,0.21,253.83,12
MED0257,Oxytocin 250mg Injection,Neuro/Psychiatric,Glenmark,No,2026-07,0,1400,1263,272.4,1263,0,No,137,7,504.75,0.21,253.83,12
MED0258,Methyldopa 2.5mg Capsule,Anesthetic,Biocon,No,2025-08,568,1599,1896,455.3,1896,0,No,271,5,214.29,0.12,339.15,6
MED0258,Methyldopa 2.5mg Capsule,Anesthetic,Biocon,No,2025-09,271,1445,1384,238.3,1384,0,No,332,5,214.29,0.12,339.15,6
MED0258,Methyldopa 2.5mg Capsule,Anesthetic,Biocon,No,2025-10,332,1043,1023,225.6,1023,0,No,352,5,214.29,0.12,339.15,6
MED0258,Methyldopa 2.5mg Capsule,Anesthetic,Biocon,No,2025-11,352,615,867,294.9,867,0,No,100,5,214.29,0.12,339.15,6
MED0258,Methyldopa 2.5mg Capsule,Anesthetic,Biocon,No,2025-12,100,0,817,217.4,100,717,Yes,0,5,214.29,0.12,339.15,6
MED0258,Methyldopa 2.5mg Capsule,Anesthetic,Biocon,No,2026-01,0,571,745,168.3,571,174,Yes,0,5,214.29,0.12,339.15,6
MED0258,Methyldopa 2.5mg Capsule,Anesthetic,Biocon,No,2026-02,0,954,951,222.1,951,0,No,3,5,214.29,0.12,339.15,6
MED0258,Methyldopa 2.5mg Capsule,Anesthetic,Biocon,No,2026-03,3,962,1134,180.7,965,169,Yes,0,5,214.29,0.12,339.15,6
MED0258,Methyldopa 2.5mg Capsule,Anesthetic,Biocon,No,2026-04,0,1865,1644,386,1644,0,No,221,5,214.29,0.12,339.15,6
MED0258,Methyldopa 2.5mg Capsule,Anesthetic,Biocon,No,2026-05,221,3102,2679,869,2679,0,No,644,5,214.29,0.12,339.15,6
MED0258,Methyldopa 2.5mg Capsule,Anesthetic,Biocon,No,2026-06,644,2644,2378,530.5,2378,0,No,910,5,214.29,0.12,339.15,6
MED0258,Methyldopa 2.5mg Capsule,Anesthetic,Biocon,No,2026-07,910,2142,2149,523.2,2149,0,No,903,5,214.29,0.12,339.15,6
MED0259,Vitamin B Complex 5ml Inhaler,Emergency/Critical Care,Glenmark,No,2025-08,164,804,700,175.6,700,0,No,268,5,692.94,0.27,72.83,12
MED0259,Vitamin B Complex 5ml Inhaler,Emergency/Critical Care,Glenmark,No,2025-09,268,825,667,217.8,667,0,No,426,5,692.94,0.27,72.83,12
MED0259,Vitamin B Complex 5ml Inhaler,Emergency/Critical Care,Glenmark,No,2025-10,426,403,457,96.8,457,0,No,372,5,692.94,0.27,72.83,12
MED0259,Vitamin B Complex 5ml Inhaler,Emergency/Critical Care,Glenmark,No,2025-11,372,325,363,81.6,363,0,No,334,5,692.94,0.27,72.83,12
MED0259,Vitamin B Complex 5ml Inhaler,Emergency/Critical Care,Glenmark,No,2025-12,334,501,405,114.2,405,0,No,430,5,692.94,0.27,72.83,12
MED0259,Vitamin B Complex 5ml Inhaler,Emergency/Critical Care,Glenmark,No,2026-01,430,337,352,64.5,352,0,No,415,5,692.94,0.27,72.83,12
MED0259,Vitamin B Complex 5ml Inhaler,Emergency/Critical Care,Glenmark,No,2026-02,415,520,446,68.1,446,0,No,489,5,692.94,0.27,72.83,12
MED0259,Vitamin B Complex 5ml Inhaler,Emergency/Critical Care,Glenmark,No,2026-03,489,663,567,168,567,0,No,585,5,692.94,0.27,72.83,12
MED0259,Vitamin B Complex 5ml Inhaler,Emergency/Critical Care,Glenmark,No,2026-04,585,856,822,195.6,822,0,No,619,5,692.94,0.27,72.83,12
MED0259,Vitamin B Complex 5ml Inhaler,Emergency/Critical Care,Glenmark,No,2026-05,619,1165,929,193.8,929,0,No,855,5,692.94,0.27,72.83,12
MED0259,Vitamin B Complex 5ml Inhaler,Emergency/Critical Care,Glenmark,No,2026-06,855,1083,867,144.3,867,0,No,1071,5,692.94,0.27,72.83,12
MED0259,Vitamin B Complex 5ml Inhaler,Emergency/Critical Care,Glenmark,No,2026-07,1071,652,727,163.9,727,0,No,996,5,692.94,0.27,72.83,12
MED0260,Vitamin B Complex 2.5mg Suspension,Vaccine,Zydus,No,2025-08,1120,2791,3202,504.6,3202,0,No,709,4,12.81,0.21,118.46,9
MED0260,Vitamin B Complex 2.5mg Suspension,Vaccine,Zydus,No,2025-09,709,2561,3208,523.3,3208,0,No,62,4,12.81,0.21,118.46,9
MED0260,Vitamin B Complex 2.5mg Suspension,Vaccine,Zydus,No,2025-10,62,3407,4080,912.3,3469,611,Yes,0,4,12.81,0.21,118.46,9
MED0260,Vitamin B Complex 2.5mg Suspension,Vaccine,Zydus,No,2025-11,0,3886,3347,886.8,3347,0,No,539,4,12.81,0.21,118.46,9
MED0260,Vitamin B Complex 2.5mg Suspension,Vaccine,Zydus,No,2025-12,539,4826,3910,1111,3910,0,No,1455,4,12.81,0.21,118.46,9
MED0260,Vitamin B Complex 2.5mg Suspension,Vaccine,Zydus,No,2026-01,1455,2734,3763,1309.7,3763,0,No,426,4,12.81,0.21,118.46,9
MED0260,Vitamin B Complex 2.5mg Suspension,Vaccine,Zydus,No,2026-02,426,3537,3434,907.9,3434,0,No,529,4,12.81,0.21,118.46,9
MED0260,Vitamin B Complex 2.5mg Suspension,Vaccine,Zydus,No,2026-03,529,2886,3941,813.9,3415,526,Yes,0,4,12.81,0.21,118.46,9
MED0260,Vitamin B Complex 2.5mg Suspension,Vaccine,Zydus,No,2026-04,0,3961,3709,1067.2,3709,0,No,252,4,12.81,0.21,118.46,9
MED0260,Vitamin B Complex 2.5mg Suspension,Vaccine,Zydus,No,2026-05,252,2893,3142,533.7,3142,0,No,3,4,12.81,0.21,118.46,9
MED0260,Vitamin B Complex 2.5mg Suspension,Vaccine,Zydus,No,2026-06,3,3065,3816,1207.2,3068,748,Yes,0,4,12.81,0.21,118.46,9
MED0260,Vitamin B Complex 2.5mg Suspension,Vaccine,Zydus,No,2026-07,0,4232,3615,1072.9,3615,0,No,617,4,12.81,0.21,118.46,9
MED0261,Zinc Sulphate 10mg Syrup,Gastrointestinal,Biocon,No,2025-08,185,1675,1879,503.6,1860,19,Yes,0,2,347.15,0.13,272,18
MED0261,Zinc Sulphate 10mg Syrup,Gastrointestinal,Biocon,No,2025-09,0,1458,1824,535.1,1458,366,Yes,0,2,347.15,0.13,272,18
MED0261,Zinc Sulphate 10mg Syrup,Gastrointestinal,Biocon,No,2025-10,0,1693,1851,394.2,1693,158,Yes,0,2,347.15,0.13,272,18
MED0261,Zinc Sulphate 10mg Syrup,Gastrointestinal,Biocon,No,2025-11,0,1941,1772,300.1,1772,0,No,169,2,347.15,0.13,272,18
MED0261,Zinc Sulphate 10mg Syrup,Gastrointestinal,Biocon,No,2025-12,169,0,1820,477.1,169,1651,Yes,0,2,347.15,0.13,272,18
MED0261,Zinc Sulphate 10mg Syrup,Gastrointestinal,Biocon,No,2026-01,0,0,1890,348.6,0,1890,Yes,0,2,347.15,0.13,272,18
MED0261,Zinc Sulphate 10mg Syrup,Gastrointestinal,Biocon,No,2026-02,0,1652,2176,528.1,1652,524,Yes,0,2,347.15,0.13,272,18
MED0261,Zinc Sulphate 10mg Syrup,Gastrointestinal,Biocon,No,2026-03,0,1633,1849,390.7,1633,216,Yes,0,2,347.15,0.13,272,18
MED0261,Zinc Sulphate 10mg Syrup,Gastrointestinal,Biocon,No,2026-04,0,0,2013,423.4,0,2013,Yes,0,2,347.15,0.13,272,18
MED0261,Zinc Sulphate 10mg Syrup,Gastrointestinal,Biocon,No,2026-05,0,2564,2342,608.2,2342,0,No,222,2,347.15,0.13,272,18
MED0261,Zinc Sulphate 10mg Syrup,Gastrointestinal,Biocon,No,2026-06,222,1648,2078,349,1870,208,Yes,0,2,347.15,0.13,272,18
MED0261,Zinc Sulphate 10mg Syrup,Gastrointestinal,Biocon,No,2026-07,0,2239,2016,556.1,2016,0,No,223,2,347.15,0.13,272,18
MED0262,Magnesium Sulphate 10ml Injection,Antidiabetic,Mankind,Yes,2025-08,764,0,3408,747.1,764,2644,Yes,0,3,571.39,0.13,101.77,18
MED0262,Magnesium Sulphate 10ml Injection,Antidiabetic,Mankind,Yes,2025-09,0,3055,4060,1382.5,3055,1005,Yes,0,3,571.39,0.13,101.77,18
MED0262,Magnesium Sulphate 10ml Injection,Antidiabetic,Mankind,Yes,2025-10,0,2753,3782,1215.3,2753,1029,Yes,0,3,571.39,0.13,101.77,18
MED0262,Magnesium Sulphate 10ml Injection,Antidiabetic,Mankind,Yes,2025-11,0,0,4352,1374.1,0,4352,Yes,0,3,571.39,0.13,101.77,18
MED0262,Magnesium Sulphate 10ml Injection,Antidiabetic,Mankind,Yes,2025-12,0,4191,4292,1030.7,4191,101,Yes,0,3,571.39,0.13,101.77,18
MED0262,Magnesium Sulphate 10ml Injection,Antidiabetic,Mankind,Yes,2026-01,0,0,4192,1181.7,0,4192,Yes,0,3,571.39,0.13,101.77,18
MED0262,Magnesium Sulphate 10ml Injection,Antidiabetic,Mankind,Yes,2026-02,0,4686,4333,778,4333,0,No,353,3,571.39,0.13,101.77,18
MED0262,Magnesium Sulphate 10ml Injection,Antidiabetic,Mankind,Yes,2026-03,353,3285,3452,635.7,3452,0,No,186,3,571.39,0.13,101.77,18
MED0262,Magnesium Sulphate 10ml Injection,Antidiabetic,Mankind,Yes,2026-04,186,3936,3986,999.7,3986,0,No,136,3,571.39,0.13,101.77,18
MED0262,Magnesium Sulphate 10ml Injection,Antidiabetic,Mankind,Yes,2026-05,136,3497,3566,794.1,3566,0,No,67,3,571.39,0.13,101.77,18
MED0262,Magnesium Sulphate 10ml Injection,Antidiabetic,Mankind,Yes,2026-06,67,2553,3482,1173.2,2620,862,Yes,0,3,571.39,0.13,101.77,18
MED0262,Magnesium Sulphate 10ml Injection,Antidiabetic,Mankind,Yes,2026-07,0,3689,4380,1265.8,3689,691,Yes,0,3,571.39,0.13,101.77,18
MED0263,Levetiracetam 5ml Tablet,Respiratory,Cipla,No,2025-08,2968,2989,3381,668.8,3381,0,No,2576,14,284.21,0.19,106.76,9
MED0263,Levetiracetam 5ml Tablet,Respiratory,Cipla,No,2025-09,2576,0,3211,592,2576,635,Yes,0,14,284.21,0.19,106.76,9
MED0263,Levetiracetam 5ml Tablet,Respiratory,Cipla,No,2025-10,0,3018,3287,1005.2,3018,269,Yes,0,14,284.21,0.19,106.76,9
MED0263,Levetiracetam 5ml Tablet,Respiratory,Cipla,No,2025-11,0,3547,3056,695.8,3056,0,No,491,14,284.21,0.19,106.76,9
MED0263,Levetiracetam 5ml Tablet,Respiratory,Cipla,No,2025-12,491,3038,2846,645.6,2846,0,No,683,14,284.21,0.19,106.76,9
MED0263,Levetiracetam 5ml Tablet,Respiratory,Cipla,No,2026-01,683,3099,3090,964.2,3090,0,No,692,14,284.21,0.19,106.76,9
MED0263,Levetiracetam 5ml Tablet,Respiratory,Cipla,No,2026-02,692,4396,3451,1036.1,3451,0,No,1637,14,284.21,0.19,106.76,9
MED0263,Levetiracetam 5ml Tablet,Respiratory,Cipla,No,2026-03,1637,3374,2901,590.4,2901,0,No,2110,14,284.21,0.19,106.76,9
MED0263,Levetiracetam 5ml Tablet,Respiratory,Cipla,No,2026-04,2110,2768,3519,572.3,3519,0,No,1359,14,284.21,0.19,106.76,9
MED0263,Levetiracetam 5ml Tablet,Respiratory,Cipla,No,2026-05,1359,0,3123,565.7,1359,1764,Yes,0,14,284.21,0.19,106.76,9
MED0263,Levetiracetam 5ml Tablet,Respiratory,Cipla,No,2026-06,0,2032,2663,735.1,2032,631,Yes,0,14,284.21,0.19,106.76,9
MED0263,Levetiracetam 5ml Tablet,Respiratory,Cipla,No,2026-07,0,2634,2954,542.9,2634,320,Yes,0,14,284.21,0.19,106.76,9
MED0264,Pantoprazole 10mg Syrup,Antidiabetic,Alkem,Yes,2025-08,36,214,198,55.4,198,0,No,52,4,411.13,0.16,346.17,9
MED0264,Pantoprazole 10mg Syrup,Antidiabetic,Alkem,Yes,2025-09,52,244,204,39,204,0,No,92,4,411.13,0.16,346.17,9
MED0264,Pantoprazole 10mg Syrup,Antidiabetic,Alkem,Yes,2025-10,92,135,184,52,184,0,No,43,4,411.13,0.16,346.17,9
MED0264,Pantoprazole 10mg Syrup,Antidiabetic,Alkem,Yes,2025-11,43,152,164,56.1,164,0,No,31,4,411.13,0.16,346.17,9
MED0264,Pantoprazole 10mg Syrup,Antidiabetic,Alkem,Yes,2025-12,31,0,194,49.5,31,163,Yes,0,4,411.13,0.16,346.17,9
MED0264,Pantoprazole 10mg Syrup,Antidiabetic,Alkem,Yes,2026-01,0,244,192,56.9,192,0,No,52,4,411.13,0.16,346.17,9
MED0264,Pantoprazole 10mg Syrup,Antidiabetic,Alkem,Yes,2026-02,52,0,165,39.9,52,113,Yes,0,4,411.13,0.16,346.17,9
MED0264,Pantoprazole 10mg Syrup,Antidiabetic,Alkem,Yes,2026-03,0,221,185,41.6,185,0,No,36,4,411.13,0.16,346.17,9
MED0264,Pantoprazole 10mg Syrup,Antidiabetic,Alkem,Yes,2026-04,36,197,153,47.4,153,0,No,80,4,411.13,0.16,346.17,9
MED0264,Pantoprazole 10mg Syrup,Antidiabetic,Alkem,Yes,2026-05,80,0,184,29.6,80,104,Yes,0,4,411.13,0.16,346.17,9
MED0264,Pantoprazole 10mg Syrup,Antidiabetic,Alkem,Yes,2026-06,0,214,200,63.6,200,0,No,14,4,411.13,0.16,346.17,9
MED0264,Pantoprazole 10mg Syrup,Antidiabetic,Alkem,Yes,2026-07,14,230,179,61.5,179,0,No,65,4,411.13,0.16,346.17,9
MED0265,Ibuprofen 5ml Injection,Vitamin/Supplement,Lupin,No,2025-08,358,1477,1313,254,1313,0,No,522,4,716.33,0.23,284.09,9
MED0265,Ibuprofen 5ml Injection,Vitamin/Supplement,Lupin,No,2025-09,522,0,1332,352,522,810,Yes,0,4,716.33,0.23,284.09,9
MED0265,Ibuprofen 5ml Injection,Vitamin/Supplement,Lupin,No,2025-10,0,1127,1204,345.9,1127,77,Yes,0,4,716.33,0.23,284.09,9
MED0265,Ibuprofen 5ml Injection,Vitamin/Supplement,Lupin,No,2025-11,0,938,1204,270.7,938,266,Yes,0,4,716.33,0.23,284.09,9
MED0265,Ibuprofen 5ml Injection,Vitamin/Supplement,Lupin,No,2025-12,0,0,1324,397.3,0,1324,Yes,0,4,716.33,0.23,284.09,9
MED0265,Ibuprofen 5ml Injection,Vitamin/Supplement,Lupin,No,2026-01,0,0,1263,376.3,0,1263,Yes,0,4,716.33,0.23,284.09,9
MED0265,Ibuprofen 5ml Injection,Vitamin/Supplement,Lupin,No,2026-02,0,1311,1124,305,1124,0,No,187,4,716.33,0.23,284.09,9
MED0265,Ibuprofen 5ml Injection,Vitamin/Supplement,Lupin,No,2026-03,187,966,1143,206.6,1143,0,No,10,4,716.33,0.23,284.09,9
MED0265,Ibuprofen 5ml Injection,Vitamin/Supplement,Lupin,No,2026-04,10,1202,1246,222.6,1212,34,Yes,0,4,716.33,0.23,284.09,9
MED0265,Ibuprofen 5ml Injection,Vitamin/Supplement,Lupin,No,2026-05,0,1098,1061,254.6,1061,0,No,37,4,716.33,0.23,284.09,9
MED0265,Ibuprofen 5ml Injection,Vitamin/Supplement,Lupin,No,2026-06,37,995,1227,199.4,1032,195,Yes,0,4,716.33,0.23,284.09,9
MED0265,Ibuprofen 5ml Injection,Vitamin/Supplement,Lupin,No,2026-07,0,1072,1073,302.9,1072,1,Yes,0,4,716.33,0.23,284.09,9
MED0266,Phenytoin 10ml Inhaler,Vaccine,Torrent,Yes,2025-08,343,0,4716,1289.4,343,4373,Yes,0,2,659.88,0.17,177.62,36
MED0266,Phenytoin 10ml Inhaler,Vaccine,Torrent,Yes,2025-09,0,3180,4156,1297,3180,976,Yes,0,2,659.88,0.17,177.62,36
MED0266,Phenytoin 10ml Inhaler,Vaccine,Torrent,Yes,2025-10,0,5010,4155,824.9,4155,0,No,855,2,659.88,0.17,177.62,36
MED0266,Phenytoin 10ml Inhaler,Vaccine,Torrent,Yes,2025-11,855,4430,4237,1002.8,4237,0,No,1048,2,659.88,0.17,177.62,36
MED0266,Phenytoin 10ml Inhaler,Vaccine,Torrent,Yes,2025-12,1048,4605,4405,891.5,4405,0,No,1248,2,659.88,0.17,177.62,36
MED0266,Phenytoin 10ml Inhaler,Vaccine,Torrent,Yes,2026-01,1248,4812,4186,1457.3,4186,0,No,1874,2,659.88,0.17,177.62,36
MED0266,Phenytoin 10ml Inhaler,Vaccine,Torrent,Yes,2026-02,1874,3858,4368,1058.9,4368,0,No,1364,2,659.88,0.17,177.62,36
MED0266,Phenytoin 10ml Inhaler,Vaccine,Torrent,Yes,2026-03,1364,3687,4675,1125.5,4675,0,No,376,2,659.88,0.17,177.62,36
MED0266,Phenytoin 10ml Inhaler,Vaccine,Torrent,Yes,2026-04,376,5341,4330,1209.8,4330,0,No,1387,2,659.88,0.17,177.62,36
MED0266,Phenytoin 10ml Inhaler,Vaccine,Torrent,Yes,2026-05,1387,0,4954,857.9,1387,3567,Yes,0,2,659.88,0.17,177.62,36
MED0266,Phenytoin 10ml Inhaler,Vaccine,Torrent,Yes,2026-06,0,4377,3840,1099.1,3840,0,No,537,2,659.88,0.17,177.62,36
MED0266,Phenytoin 10ml Inhaler,Vaccine,Torrent,Yes,2026-07,537,4318,4197,1156.4,4197,0,No,658,2,659.88,0.17,177.62,36
MED0267,Sodium Valproate 10mg Injection,Vaccine,Cipla,No,2025-08,113,539,552,128.2,552,0,No,100,3,611.67,0.19,243.1,24
MED0267,Sodium Valproate 10mg Injection,Vaccine,Cipla,No,2025-09,100,652,705,233.6,705,0,No,47,3,611.67,0.19,243.1,24
MED0267,Sodium Valproate 10mg Injection,Vaccine,Cipla,No,2025-10,47,607,671,153.7,654,17,Yes,0,3,611.67,0.19,243.1,24
MED0267,Sodium Valproate 10mg Injection,Vaccine,Cipla,No,2025-11,0,697,548,118.6,548,0,No,149,3,611.67,0.19,243.1,24
MED0267,Sodium Valproate 10mg Injection,Vaccine,Cipla,No,2025-12,149,483,594,196.3,594,0,No,38,3,611.67,0.19,243.1,24
MED0267,Sodium Valproate 10mg Injection,Vaccine,Cipla,No,2026-01,38,0,633,180.1,38,595,Yes,0,3,611.67,0.19,243.1,24
MED0267,Sodium Valproate 10mg Injection,Vaccine,Cipla,No,2026-02,0,650,577,139.1,577,0,No,73,3,611.67,0.19,243.1,24
MED0267,Sodium Valproate 10mg Injection,Vaccine,Cipla,No,2026-03,73,553,632,115.1,626,6,Yes,0,3,611.67,0.19,243.1,24
MED0267,Sodium Valproate 10mg Injection,Vaccine,Cipla,No,2026-04,0,672,673,205.9,672,1,Yes,0,3,611.67,0.19,243.1,24
MED0267,Sodium Valproate 10mg Injection,Vaccine,Cipla,No,2026-05,0,636,651,141.3,636,15,Yes,0,3,611.67,0.19,243.1,24
MED0267,Sodium Valproate 10mg Injection,Vaccine,Cipla,No,2026-06,0,0,618,198.4,0,618,Yes,0,3,611.67,0.19,243.1,24
MED0267,Sodium Valproate 10mg Injection,Vaccine,Cipla,No,2026-07,0,697,702,224.9,697,5,Yes,0,3,611.67,0.19,243.1,24
MED0268,Metronidazole 10ml Tablet,Dermatological,Abbott,No,2025-08,777,2750,2480,427.1,2480,0,No,1047,7,88.79,0.17,136.04,9
MED0268,Metronidazole 10ml Tablet,Dermatological,Abbott,No,2025-09,1047,1879,2441,747,2441,0,No,485,7,88.79,0.17,136.04,9
MED0268,Metronidazole 10ml Tablet,Dermatological,Abbott,No,2025-10,485,2389,2078,369.4,2078,0,No,796,7,88.79,0.17,136.04,9
MED0268,Metronidazole 10ml Tablet,Dermatological,Abbott,No,2025-11,796,1837,2326,652.3,2326,0,No,307,7,88.79,0.17,136.04,9
MED0268,Metronidazole 10ml Tablet,Dermatological,Abbott,No,2025-12,307,1631,2049,363.5,1938,111,Yes,0,7,88.79,0.17,136.04,9
MED0268,Metronidazole 10ml Tablet,Dermatological,Abbott,No,2026-01,0,1788,2290,660.6,1788,502,Yes,0,7,88.79,0.17,136.04,9
MED0268,Metronidazole 10ml Tablet,Dermatological,Abbott,No,2026-02,0,1566,2039,436.4,1566,473,Yes,0,7,88.79,0.17,136.04,9
MED0268,Metronidazole 10ml Tablet,Dermatological,Abbott,No,2026-03,0,2685,2373,717.1,2373,0,No,312,7,88.79,0.17,136.04,9
MED0268,Metronidazole 10ml Tablet,Dermatological,Abbott,No,2026-04,312,1802,2269,679.8,2114,155,Yes,0,7,88.79,0.17,136.04,9
MED0268,Metronidazole 10ml Tablet,Dermatological,Abbott,No,2026-05,0,2272,1989,443.9,1989,0,No,283,7,88.79,0.17,136.04,9
MED0268,Metronidazole 10ml Tablet,Dermatological,Abbott,No,2026-06,283,0,2435,393.8,283,2152,Yes,0,7,88.79,0.17,136.04,9
MED0268,Metronidazole 10ml Tablet,Dermatological,Abbott,No,2026-07,0,2353,2289,471.2,2289,0,No,64,7,88.79,0.17,136.04,9
MED0269,Atorvastatin 10ml Suspension,Cardiac,Intas,No,2025-08,611,1990,1658,356.5,1658,0,No,943,10,173.24,0.25,283.77,9
MED0269,Atorvastatin 10ml Suspension,Cardiac,Intas,No,2025-09,943,1796,1433,481.7,1433,0,No,1306,10,173.24,0.25,283.77,9
MED0269,Atorvastatin 10ml Suspension,Cardiac,Intas,No,2025-10,1306,1688,1450,392.8,1450,0,No,1544,10,173.24,0.25,283.77,9
MED0269,Atorvastatin 10ml Suspension,Cardiac,Intas,No,2025-11,1544,1519,1640,408.2,1640,0,No,1423,10,173.24,0.25,283.77,9
MED0269,Atorvastatin 10ml Suspension,Cardiac,Intas,No,2025-12,1423,1402,1456,395.5,1456,0,No,1369,10,173.24,0.25,283.77,9
MED0269,Atorvastatin 10ml Suspension,Cardiac,Intas,No,2026-01,1369,1213,1583,541.2,1583,0,No,999,10,173.24,0.25,283.77,9
MED0269,Atorvastatin 10ml Suspension,Cardiac,Intas,No,2026-02,999,1813,1452,501.1,1452,0,No,1360,10,173.24,0.25,283.77,9
MED0269,Atorvastatin 10ml Suspension,Cardiac,Intas,No,2026-03,1360,1311,1496,446.4,1496,0,No,1175,10,173.24,0.25,283.77,9
MED0269,Atorvastatin 10ml Suspension,Cardiac,Intas,No,2026-04,1175,1930,1614,444.6,1614,0,No,1491,10,173.24,0.25,283.77,9
MED0269,Atorvastatin 10ml Suspension,Cardiac,Intas,No,2026-05,1491,1735,1748,559.6,1748,0,No,1478,10,173.24,0.25,283.77,9
MED0269,Atorvastatin 10ml Suspension,Cardiac,Intas,No,2026-06,1478,1299,1533,484.8,1533,0,No,1244,10,173.24,0.25,283.77,9
MED0269,Atorvastatin 10ml Suspension,Cardiac,Intas,No,2026-07,1244,1436,1593,284.1,1593,0,No,1087,10,173.24,0.25,283.77,9
MED0270,Cough Syrup 50mg Tablet,Respiratory,Intas,No,2025-08,272,1025,955,291.6,955,0,No,342,7,707.56,0.18,183.17,36
MED0270,Cough Syrup 50mg Tablet,Respiratory,Intas,No,2025-09,342,1180,925,279.2,925,0,No,597,7,707.56,0.18,183.17,36
MED0270,Cough Syrup 50mg Tablet,Respiratory,Intas,No,2025-10,597,774,762,258.1,762,0,No,609,7,707.56,0.18,183.17,36
MED0270,Cough Syrup 50mg Tablet,Respiratory,Intas,No,2025-11,609,966,744,192,744,0,No,831,7,707.56,0.18,183.17,36
MED0270,Cough Syrup 50mg Tablet,Respiratory,Intas,No,2025-12,831,1241,959,329.2,959,0,No,1113,7,707.56,0.18,183.17,36
MED0270,Cough Syrup 50mg Tablet,Respiratory,Intas,No,2026-01,1113,830,828,265.3,828,0,No,1115,7,707.56,0.18,183.17,36
MED0270,Cough Syrup 50mg Tablet,Respiratory,Intas,No,2026-02,1115,1128,957,324.8,957,0,No,1286,7,707.56,0.18,183.17,36
MED0270,Cough Syrup 50mg Tablet,Respiratory,Intas,No,2026-03,1286,572,758,223.1,758,0,No,1100,7,707.56,0.18,183.17,36
MED0270,Cough Syrup 50mg Tablet,Respiratory,Intas,No,2026-04,1100,582,742,127.4,742,0,No,940,7,707.56,0.18,183.17,36
MED0270,Cough Syrup 50mg Tablet,Respiratory,Intas,No,2026-05,940,933,831,184,831,0,No,1042,7,707.56,0.18,183.17,36
MED0270,Cough Syrup 50mg Tablet,Respiratory,Intas,No,2026-06,1042,831,886,224.3,886,0,No,987,7,707.56,0.18,183.17,36
MED0270,Cough Syrup 50mg Tablet,Respiratory,Intas,No,2026-07,987,1066,931,201.3,931,0,No,1122,7,707.56,0.18,183.17,36
MED0271,Ampicillin 500mg Drops,Vitamin/Supplement,Intas,Yes,2025-08,905,2022,2782,599.7,2782,0,No,145,7,690.45,0.21,284.72,6
MED0271,Ampicillin 500mg Drops,Vitamin/Supplement,Intas,Yes,2025-09,145,3114,2433,532,2433,0,No,826,7,690.45,0.21,284.72,6
MED0271,Ampicillin 500mg Drops,Vitamin/Supplement,Intas,Yes,2025-10,826,3188,2490,784.3,2490,0,No,1524,7,690.45,0.21,284.72,6
MED0271,Ampicillin 500mg Drops,Vitamin/Supplement,Intas,Yes,2025-11,1524,2813,2755,455.9,2755,0,No,1582,7,690.45,0.21,284.72,6
MED0271,Ampicillin 500mg Drops,Vitamin/Supplement,Intas,Yes,2025-12,1582,2704,2154,431.4,2154,0,No,2132,7,690.45,0.21,284.72,6
MED0271,Ampicillin 500mg Drops,Vitamin/Supplement,Intas,Yes,2026-01,2132,1938,2745,950.7,2745,0,No,1325,7,690.45,0.21,284.72,6
MED0271,Ampicillin 500mg Drops,Vitamin/Supplement,Intas,Yes,2026-02,1325,0,2359,368.3,1325,1034,Yes,0,7,690.45,0.21,284.72,6
MED0271,Ampicillin 500mg Drops,Vitamin/Supplement,Intas,Yes,2026-03,0,2808,2307,578.4,2307,0,No,501,7,690.45,0.21,284.72,6
MED0271,Ampicillin 500mg Drops,Vitamin/Supplement,Intas,Yes,2026-04,501,3215,2607,875,2607,0,No,1109,7,690.45,0.21,284.72,6
MED0271,Ampicillin 500mg Drops,Vitamin/Supplement,Intas,Yes,2026-05,1109,2317,2485,510.5,2485,0,No,941,7,690.45,0.21,284.72,6
MED0271,Ampicillin 500mg Drops,Vitamin/Supplement,Intas,Yes,2026-06,941,3271,2522,544.2,2522,0,No,1690,7,690.45,0.21,284.72,6
MED0271,Ampicillin 500mg Drops,Vitamin/Supplement,Intas,Yes,2026-07,1690,0,2161,713.1,1690,471,Yes,0,7,690.45,0.21,284.72,6
MED0272,Heparin 250mg Syrup,Neuro/Psychiatric,Aurobindo,No,2025-08,162,0,567,170.9,162,405,Yes,0,5,486.4,0.16,57.9,36
MED0272,Heparin 250mg Syrup,Neuro/Psychiatric,Aurobindo,No,2025-09,0,0,640,133.8,0,640,Yes,0,5,486.4,0.16,57.9,36
MED0272,Heparin 250mg Syrup,Neuro/Psychiatric,Aurobindo,No,2025-10,0,589,681,131.8,589,92,Yes,0,5,486.4,0.16,57.9,36
MED0272,Heparin 250mg Syrup,Neuro/Psychiatric,Aurobindo,No,2025-11,0,0,646,182.1,0,646,Yes,0,5,486.4,0.16,57.9,36
MED0272,Heparin 250mg Syrup,Neuro/Psychiatric,Aurobindo,No,2025-12,0,714,581,137.2,581,0,No,133,5,486.4,0.16,57.9,36
MED0272,Heparin 250mg Syrup,Neuro/Psychiatric,Aurobindo,No,2026-01,133,766,684,188.2,684,0,No,215,5,486.4,0.16,57.9,36
MED0272,Heparin 250mg Syrup,Neuro/Psychiatric,Aurobindo,No,2026-02,215,797,694,186.7,694,0,No,318,5,486.4,0.16,57.9,36
MED0272,Heparin 250mg Syrup,Neuro/Psychiatric,Aurobindo,No,2026-03,318,529,643,136.6,643,0,No,204,5,486.4,0.16,57.9,36
MED0272,Heparin 250mg Syrup,Neuro/Psychiatric,Aurobindo,No,2026-04,204,670,682,212,682,0,No,192,5,486.4,0.16,57.9,36
MED0272,Heparin 250mg Syrup,Neuro/Psychiatric,Aurobindo,No,2026-05,192,703,571,97,571,0,No,324,5,486.4,0.16,57.9,36
MED0272,Heparin 250mg Syrup,Neuro/Psychiatric,Aurobindo,No,2026-06,324,851,658,117.7,658,0,No,517,5,486.4,0.16,57.9,36
MED0272,Heparin 250mg Syrup,Neuro/Psychiatric,Aurobindo,No,2026-07,517,704,617,166,617,0,No,604,5,486.4,0.16,57.9,36
MED0273,Furosemide 1g Ointment,Emergency/Critical Care,Biocon,No,2025-08,323,1079,875,232.9,875,0,No,527,4,343.44,0.21,255.89,24
MED0273,Furosemide 1g Ointment,Emergency/Critical Care,Biocon,No,2025-09,527,1319,1101,380.5,1101,0,No,745,4,343.44,0.21,255.89,24
MED0273,Furosemide 1g Ointment,Emergency/Critical Care,Biocon,No,2025-10,745,1152,968,227,968,0,No,929,4,343.44,0.21,255.89,24
MED0273,Furosemide 1g Ointment,Emergency/Critical Care,Biocon,No,2025-11,929,0,1134,228.2,929,205,Yes,0,4,343.44,0.21,255.89,24
MED0273,Furosemide 1g Ointment,Emergency/Critical Care,Biocon,No,2025-12,0,922,1083,296.8,922,161,Yes,0,4,343.44,0.21,255.89,24
MED0273,Furosemide 1g Ointment,Emergency/Critical Care,Biocon,No,2026-01,0,0,862,214.2,0,862,Yes,0,4,343.44,0.21,255.89,24
MED0273,Furosemide 1g Ointment,Emergency/Critical Care,Biocon,No,2026-02,0,701,919,161,701,218,Yes,0,4,343.44,0.21,255.89,24
MED0273,Furosemide 1g Ointment,Emergency/Critical Care,Biocon,No,2026-03,0,1392,1124,231.2,1124,0,No,268,4,343.44,0.21,255.89,24
MED0273,Furosemide 1g Ointment,Emergency/Critical Care,Biocon,No,2026-04,268,1247,1042,285.1,1042,0,No,473,4,343.44,0.21,255.89,24
MED0273,Furosemide 1g Ointment,Emergency/Critical Care,Biocon,No,2026-05,473,1125,1102,306.9,1102,0,No,496,4,343.44,0.21,255.89,24
MED0273,Furosemide 1g Ointment,Emergency/Critical Care,Biocon,No,2026-06,496,1147,923,300.9,923,0,No,720,4,343.44,0.21,255.89,24
MED0273,Furosemide 1g Ointment,Emergency/Critical Care,Biocon,No,2026-07,720,724,853,195.8,853,0,No,591,4,343.44,0.21,255.89,24
MED0274,Chlorpheniramine 50mg Inhaler,Antibiotic,Glenmark,No,2025-08,385,1483,1363,444.9,1363,0,No,505,4,784.36,0.2,75.43,9
MED0274,Chlorpheniramine 50mg Inhaler,Antibiotic,Glenmark,No,2025-09,505,1718,1333,406.8,1333,0,No,890,4,784.36,0.2,75.43,9
MED0274,Chlorpheniramine 50mg Inhaler,Antibiotic,Glenmark,No,2025-10,890,0,1266,436.9,890,376,Yes,0,4,784.36,0.2,75.43,9
MED0274,Chlorpheniramine 50mg Inhaler,Antibiotic,Glenmark,No,2025-11,0,1251,1070,257.1,1070,0,No,181,4,784.36,0.2,75.43,9
MED0274,Chlorpheniramine 50mg Inhaler,Antibiotic,Glenmark,No,2025-12,181,1031,1077,371.8,1077,0,No,135,4,784.36,0.2,75.43,9
MED0274,Chlorpheniramine 50mg Inhaler,Antibiotic,Glenmark,No,2026-01,135,0,1118,297.2,135,983,Yes,0,4,784.36,0.2,75.43,9
MED0274,Chlorpheniramine 50mg Inhaler,Antibiotic,Glenmark,No,2026-02,0,902,1073,321,902,171,Yes,0,4,784.36,0.2,75.43,9
MED0274,Chlorpheniramine 50mg Inhaler,Antibiotic,Glenmark,No,2026-03,0,931,1305,220.1,931,374,Yes,0,4,784.36,0.2,75.43,9
MED0274,Chlorpheniramine 50mg Inhaler,Antibiotic,Glenmark,No,2026-04,0,0,1144,331.5,0,1144,Yes,0,4,784.36,0.2,75.43,9
MED0274,Chlorpheniramine 50mg Inhaler,Antibiotic,Glenmark,No,2026-05,0,0,1339,444.4,0,1339,Yes,0,4,784.36,0.2,75.43,9
MED0274,Chlorpheniramine 50mg Inhaler,Antibiotic,Glenmark,No,2026-06,0,0,1376,288.3,0,1376,Yes,0,4,784.36,0.2,75.43,9
MED0274,Chlorpheniramine 50mg Inhaler,Antibiotic,Glenmark,No,2026-07,0,918,1021,236.6,918,103,Yes,0,4,784.36,0.2,75.43,9
MED0275,Diazepam 50mg Tablet,Analgesic,Glenmark,No,2025-08,2209,6785,5367,1180.9,5367,0,No,3627,7,326.79,0.26,108.79,6
MED0275,Diazepam 50mg Tablet,Analgesic,Glenmark,No,2025-09,3627,3682,3687,778.8,3687,0,No,3622,7,326.79,0.26,108.79,6
MED0275,Diazepam 50mg Tablet,Analgesic,Glenmark,No,2025-10,3622,3698,3402,714.8,3402,0,No,3918,7,326.79,0.26,108.79,6
MED0275,Diazepam 50mg Tablet,Analgesic,Glenmark,No,2025-11,3918,2748,3008,519.6,3008,0,No,3658,7,326.79,0.26,108.79,6
MED0275,Diazepam 50mg Tablet,Analgesic,Glenmark,No,2025-12,3658,1928,2722,910.2,2722,0,No,2864,7,326.79,0.26,108.79,6
MED0275,Diazepam 50mg Tablet,Analgesic,Glenmark,No,2026-01,2864,2492,2473,776.8,2473,0,No,2883,7,326.79,0.26,108.79,6
MED0275,Diazepam 50mg Tablet,Analgesic,Glenmark,No,2026-02,2883,3534,2719,660.8,2719,0,No,3698,7,326.79,0.26,108.79,6
MED0275,Diazepam 50mg Tablet,Analgesic,Glenmark,No,2026-03,3698,3598,3943,1138.9,3943,0,No,3353,7,326.79,0.26,108.79,6
MED0275,Diazepam 50mg Tablet,Analgesic,Glenmark,No,2026-04,3353,5818,5972,1486.9,5972,0,No,3199,7,326.79,0.26,108.79,6
MED0275,Diazepam 50mg Tablet,Analgesic,Glenmark,No,2026-05,3199,0,6214,1780.4,3199,3015,Yes,0,7,326.79,0.26,108.79,6
MED0275,Diazepam 50mg Tablet,Analgesic,Glenmark,No,2026-06,0,6195,6217,1372.4,6195,22,Yes,0,7,326.79,0.26,108.79,6
MED0275,Diazepam 50mg Tablet,Analgesic,Glenmark,No,2026-07,0,5873,4687,1281.3,4687,0,No,1186,7,326.79,0.26,108.79,6
MED0276,Magnesium Sulphate 1g Ointment,Analgesic,Dr Reddy's,No,2025-08,451,3104,2741,531.1,2741,0,No,814,3,228.76,0.21,198.27,24
MED0276,Magnesium Sulphate 1g Ointment,Analgesic,Dr Reddy's,No,2025-09,814,3202,2892,453.4,2892,0,No,1124,3,228.76,0.21,198.27,24
MED0276,Magnesium Sulphate 1g Ointment,Analgesic,Dr Reddy's,No,2025-10,1124,2178,2266,526,2266,0,No,1036,3,228.76,0.21,198.27,24
MED0276,Magnesium Sulphate 1g Ointment,Analgesic,Dr Reddy's,No,2025-11,1036,3098,2955,476.8,2955,0,No,1179,3,228.76,0.21,198.27,24
MED0276,Magnesium Sulphate 1g Ointment,Analgesic,Dr Reddy's,No,2025-12,1179,0,2580,888,1179,1401,Yes,0,3,228.76,0.21,198.27,24
MED0276,Magnesium Sulphate 1g Ointment,Analgesic,Dr Reddy's,No,2026-01,0,3581,2886,831.9,2886,0,No,695,3,228.76,0.21,198.27,24
MED0276,Magnesium Sulphate 1g Ointment,Analgesic,Dr Reddy's,No,2026-02,695,3056,2525,789.9,2525,0,No,1226,3,228.76,0.21,198.27,24
MED0276,Magnesium Sulphate 1g Ointment,Analgesic,Dr Reddy's,No,2026-03,1226,2187,2685,478.5,2685,0,No,728,3,228.76,0.21,198.27,24
MED0276,Magnesium Sulphate 1g Ointment,Analgesic,Dr Reddy's,No,2026-04,728,0,2511,462.2,728,1783,Yes,0,3,228.76,0.21,198.27,24
MED0276,Magnesium Sulphate 1g Ointment,Analgesic,Dr Reddy's,No,2026-05,0,2359,2357,606.4,2357,0,No,2,3,228.76,0.21,198.27,24
MED0276,Magnesium Sulphate 1g Ointment,Analgesic,Dr Reddy's,No,2026-06,2,2180,2384,684.3,2182,202,Yes,0,3,228.76,0.21,198.27,24
MED0276,Magnesium Sulphate 1g Ointment,Analgesic,Dr Reddy's,No,2026-07,0,2490,2875,801.6,2490,385,Yes,0,3,228.76,0.21,198.27,24
MED0277,Ranitidine 5ml Suspension,Vaccine,Biocon,No,2025-08,152,0,1517,477.1,152,1365,Yes,0,4,166.76,0.13,188.57,18
MED0277,Ranitidine 5ml Suspension,Vaccine,Biocon,No,2025-09,0,1332,1096,309.4,1096,0,No,236,4,166.76,0.13,188.57,18
MED0277,Ranitidine 5ml Suspension,Vaccine,Biocon,No,2025-10,236,0,813,191.9,236,577,Yes,0,4,166.76,0.13,188.57,18
MED0277,Ranitidine 5ml Suspension,Vaccine,Biocon,No,2025-11,0,783,771,118,771,0,No,12,4,166.76,0.13,188.57,18
MED0277,Ranitidine 5ml Suspension,Vaccine,Biocon,No,2025-12,12,699,818,132.5,711,107,Yes,0,4,166.76,0.13,188.57,18
MED0277,Ranitidine 5ml Suspension,Vaccine,Biocon,No,2026-01,0,543,660,205,543,117,Yes,0,4,166.76,0.13,188.57,18
MED0277,Ranitidine 5ml Suspension,Vaccine,Biocon,No,2026-02,0,670,693,115,670,23,Yes,0,4,166.76,0.13,188.57,18
MED0277,Ranitidine 5ml Suspension,Vaccine,Biocon,No,2026-03,0,0,1095,313.7,0,1095,Yes,0,4,166.76,0.13,188.57,18
MED0277,Ranitidine 5ml Suspension,Vaccine,Biocon,No,2026-04,0,1226,1323,398.3,1226,97,Yes,0,4,166.76,0.13,188.57,18
MED0277,Ranitidine 5ml Suspension,Vaccine,Biocon,No,2026-05,0,1193,1692,257.9,1193,499,Yes,0,4,166.76,0.13,188.57,18
MED0277,Ranitidine 5ml Suspension,Vaccine,Biocon,No,2026-06,0,0,1676,392,0,1676,Yes,0,4,166.76,0.13,188.57,18
MED0277,Ranitidine 5ml Suspension,Vaccine,Biocon,No,2026-07,0,1646,1306,430,1306,0,No,340,4,166.76,0.13,188.57,18
MED0278,Fentanyl 10mg Suspension,Cardiac,Zydus,Yes,2025-08,91,589,758,144.7,680,78,Yes,0,4,55.44,0.18,183.91,12
MED0278,Fentanyl 10mg Suspension,Cardiac,Zydus,Yes,2025-09,0,672,535,179.9,535,0,No,137,4,55.44,0.18,183.91,12
MED0278,Fentanyl 10mg Suspension,Cardiac,Zydus,Yes,2025-10,137,431,384,82.8,384,0,No,184,4,55.44,0.18,183.91,12
MED0278,Fentanyl 10mg Suspension,Cardiac,Zydus,Yes,2025-11,184,0,321,107.6,184,137,Yes,0,4,55.44,0.18,183.91,12
MED0278,Fentanyl 10mg Suspension,Cardiac,Zydus,Yes,2025-12,0,287,286,61.8,286,0,No,1,4,55.44,0.18,183.91,12
MED0278,Fentanyl 10mg Suspension,Cardiac,Zydus,Yes,2026-01,1,255,270,47.9,256,14,Yes,0,4,55.44,0.18,183.91,12
MED0278,Fentanyl 10mg Suspension,Cardiac,Zydus,Yes,2026-02,0,0,262,55.9,0,262,Yes,0,4,55.44,0.18,183.91,12
MED0278,Fentanyl 10mg Suspension,Cardiac,Zydus,Yes,2026-03,0,265,268,92.2,265,3,Yes,0,4,55.44,0.18,183.91,12
MED0278,Fentanyl 10mg Suspension,Cardiac,Zydus,Yes,2026-04,0,0,413,117.6,0,413,Yes,0,4,55.44,0.18,183.91,12
MED0278,Fentanyl 10mg Suspension,Cardiac,Zydus,Yes,2026-05,0,479,398,132.6,398,0,No,81,4,55.44,0.18,183.91,12
MED0278,Fentanyl 10mg Suspension,Cardiac,Zydus,Yes,2026-06,81,0,755,180.9,81,674,Yes,0,4,55.44,0.18,183.91,12
MED0278,Fentanyl 10mg Suspension,Cardiac,Zydus,Yes,2026-07,0,655,693,113.2,655,38,Yes,0,4,55.44,0.18,183.91,12
MED0279,Digoxin 100mg Injection,Analgesic,Zydus,No,2025-08,135,608,621,148.5,621,0,No,122,5,76.75,0.14,55.08,9
MED0279,Digoxin 100mg Injection,Analgesic,Zydus,No,2025-09,122,516,675,188.3,638,37,Yes,0,5,76.75,0.14,55.08,9
MED0279,Digoxin 100mg Injection,Analgesic,Zydus,No,2025-10,0,704,607,194.6,607,0,No,97,5,76.75,0.14,55.08,9
MED0279,Digoxin 100mg Injection,Analgesic,Zydus,No,2025-11,97,682,631,199.3,631,0,No,148,5,76.75,0.14,55.08,9
MED0279,Digoxin 100mg Injection,Analgesic,Zydus,No,2025-12,148,699,608,200.1,608,0,No,239,5,76.75,0.14,55.08,9
MED0279,Digoxin 100mg Injection,Analgesic,Zydus,No,2026-01,239,0,594,184,239,355,Yes,0,5,76.75,0.14,55.08,9
MED0279,Digoxin 100mg Injection,Analgesic,Zydus,No,2026-02,0,693,632,167.7,632,0,No,61,5,76.75,0.14,55.08,9
MED0279,Digoxin 100mg Injection,Analgesic,Zydus,No,2026-03,61,893,712,122.2,712,0,No,242,5,76.75,0.14,55.08,9
MED0279,Digoxin 100mg Injection,Analgesic,Zydus,No,2026-04,242,603,619,166.8,619,0,No,226,5,76.75,0.14,55.08,9
MED0279,Digoxin 100mg Injection,Analgesic,Zydus,No,2026-05,226,0,645,142.4,226,419,Yes,0,5,76.75,0.14,55.08,9
MED0279,Digoxin 100mg Injection,Analgesic,Zydus,No,2026-06,0,733,789,216.9,733,56,Yes,0,5,76.75,0.14,55.08,9
MED0279,Digoxin 100mg Injection,Analgesic,Zydus,No,2026-07,0,682,698,157.8,682,16,Yes,0,5,76.75,0.14,55.08,9
MED0280,ORS 20mg Inhaler,Neuro/Psychiatric,Mankind,No,2025-08,663,1150,1453,379.7,1453,0,No,360,7,277.9,0.18,89.19,24
MED0280,ORS 20mg Inhaler,Neuro/Psychiatric,Mankind,No,2025-09,360,1758,1469,292.9,1469,0,No,649,7,277.9,0.18,89.19,24
MED0280,ORS 20mg Inhaler,Neuro/Psychiatric,Mankind,No,2025-10,649,2666,2067,694.2,2067,0,No,1248,7,277.9,0.18,89.19,24
MED0280,ORS 20mg Inhaler,Neuro/Psychiatric,Mankind,No,2025-11,1248,2273,2453,485.8,2453,0,No,1068,7,277.9,0.18,89.19,24
MED0280,ORS 20mg Inhaler,Neuro/Psychiatric,Mankind,No,2025-12,1068,2887,3337,704.1,3337,0,No,618,7,277.9,0.18,89.19,24
MED0280,ORS 20mg Inhaler,Neuro/Psychiatric,Mankind,No,2026-01,618,3791,2956,982.7,2956,0,No,1453,7,277.9,0.18,89.19,24
MED0280,ORS 20mg Inhaler,Neuro/Psychiatric,Mankind,No,2026-02,1453,2323,2996,858.5,2996,0,No,780,7,277.9,0.18,89.19,24
MED0280,ORS 20mg Inhaler,Neuro/Psychiatric,Mankind,No,2026-03,780,1464,1822,378.8,1822,0,No,422,7,277.9,0.18,89.19,24
MED0280,ORS 20mg Inhaler,Neuro/Psychiatric,Mankind,No,2026-04,422,1387,1811,461,1809,2,Yes,0,7,277.9,0.18,89.19,24
MED0280,ORS 20mg Inhaler,Neuro/Psychiatric,Mankind,No,2026-05,0,1149,1309,447.3,1149,160,Yes,0,7,277.9,0.18,89.19,24
MED0280,ORS 20mg Inhaler,Neuro/Psychiatric,Mankind,No,2026-06,0,1388,1279,224.9,1279,0,No,109,7,277.9,0.18,89.19,24
MED0280,ORS 20mg Inhaler,Neuro/Psychiatric,Mankind,No,2026-07,109,0,1487,387.7,109,1378,Yes,0,7,277.9,0.18,89.19,24
MED0281,Doxycycline 5mg Syrup,Respiratory,Alkem,No,2025-08,118,434,586,90.4,552,34,Yes,0,3,379.4,0.23,123.99,6
MED0281,Doxycycline 5mg Syrup,Respiratory,Alkem,No,2025-09,0,494,587,174.6,494,93,Yes,0,3,379.4,0.23,123.99,6
MED0281,Doxycycline 5mg Syrup,Respiratory,Alkem,No,2025-10,0,539,532,99.4,532,0,No,7,3,379.4,0.23,123.99,6
MED0281,Doxycycline 5mg Syrup,Respiratory,Alkem,No,2025-11,7,559,467,136.8,467,0,No,99,3,379.4,0.23,123.99,6
MED0281,Doxycycline 5mg Syrup,Respiratory,Alkem,No,2025-12,99,629,503,166.3,503,0,No,225,3,379.4,0.23,123.99,6
MED0281,Doxycycline 5mg Syrup,Respiratory,Alkem,No,2026-01,225,476,585,182.8,585,0,No,116,3,379.4,0.23,123.99,6
MED0281,Doxycycline 5mg Syrup,Respiratory,Alkem,No,2026-02,116,582,568,166.2,568,0,No,130,3,379.4,0.23,123.99,6
MED0281,Doxycycline 5mg Syrup,Respiratory,Alkem,No,2026-03,130,404,502,143.9,502,0,No,32,3,379.4,0.23,123.99,6
MED0281,Doxycycline 5mg Syrup,Respiratory,Alkem,No,2026-04,32,364,511,132,396,115,Yes,0,3,379.4,0.23,123.99,6
MED0281,Doxycycline 5mg Syrup,Respiratory,Alkem,No,2026-05,0,0,513,165.7,0,513,Yes,0,3,379.4,0.23,123.99,6
MED0281,Doxycycline 5mg Syrup,Respiratory,Alkem,No,2026-06,0,681,528,159.7,528,0,No,153,3,379.4,0.23,123.99,6
MED0281,Doxycycline 5mg Syrup,Respiratory,Alkem,No,2026-07,153,0,527,179.2,153,374,Yes,0,3,379.4,0.23,123.99,6
MED0282,Amitriptyline 1mg Syrup,Neuro/Psychiatric,Cipla,No,2025-08,163,267,344,68.8,344,0,No,86,7,306.55,0.25,244.45,36
MED0282,Amitriptyline 1mg Syrup,Neuro/Psychiatric,Cipla,No,2025-09,86,291,366,81.1,366,0,No,11,7,306.55,0.25,244.45,36
MED0282,Amitriptyline 1mg Syrup,Neuro/Psychiatric,Cipla,No,2025-10,11,383,300,104.5,300,0,No,94,7,306.55,0.25,244.45,36
MED0282,Amitriptyline 1mg Syrup,Neuro/Psychiatric,Cipla,No,2025-11,94,308,309,56.5,309,0,No,93,7,306.55,0.25,244.45,36
MED0282,Amitriptyline 1mg Syrup,Neuro/Psychiatric,Cipla,No,2025-12,93,241,297,88.1,297,0,No,37,7,306.55,0.25,244.45,36
MED0282,Amitriptyline 1mg Syrup,Neuro/Psychiatric,Cipla,No,2026-01,37,309,313,82.2,313,0,No,33,7,306.55,0.25,244.45,36
MED0282,Amitriptyline 1mg Syrup,Neuro/Psychiatric,Cipla,No,2026-02,33,417,332,59,332,0,No,118,7,306.55,0.25,244.45,36
MED0282,Amitriptyline 1mg Syrup,Neuro/Psychiatric,Cipla,No,2026-03,118,374,348,53.4,348,0,No,144,7,306.55,0.25,244.45,36
MED0282,Amitriptyline 1mg Syrup,Neuro/Psychiatric,Cipla,No,2026-04,144,279,378,132,378,0,No,45,7,306.55,0.25,244.45,36
MED0282,Amitriptyline 1mg Syrup,Neuro/Psychiatric,Cipla,No,2026-05,45,353,374,101.9,374,0,No,24,7,306.55,0.25,244.45,36
MED0282,Amitriptyline 1mg Syrup,Neuro/Psychiatric,Cipla,No,2026-06,24,0,312,75.7,24,288,Yes,0,7,306.55,0.25,244.45,36
MED0282,Amitriptyline 1mg Syrup,Neuro/Psychiatric,Cipla,No,2026-07,0,0,315,101.3,0,315,Yes,0,7,306.55,0.25,244.45,36
MED0283,Lidocaine 250mg Inhaler,Analgesic,Mankind,No,2025-08,515,1078,1341,309.3,1341,0,No,252,10,370.76,0.16,242.96,24
MED0283,Lidocaine 250mg Inhaler,Analgesic,Mankind,No,2025-09,252,809,1125,374.6,1061,64,Yes,0,10,370.76,0.16,242.96,24
MED0283,Lidocaine 250mg Inhaler,Analgesic,Mankind,No,2025-10,0,1080,1084,304.7,1080,4,Yes,0,10,370.76,0.16,242.96,24
MED0283,Lidocaine 250mg Inhaler,Analgesic,Mankind,No,2025-11,0,949,1012,160.7,949,63,Yes,0,10,370.76,0.16,242.96,24
MED0283,Lidocaine 250mg Inhaler,Analgesic,Mankind,No,2025-12,0,586,806,269.4,586,220,Yes,0,10,370.76,0.16,242.96,24
MED0283,Lidocaine 250mg Inhaler,Analgesic,Mankind,No,2026-01,0,778,735,171.5,735,0,No,43,10,370.76,0.16,242.96,24
MED0283,Lidocaine 250mg Inhaler,Analgesic,Mankind,No,2026-02,43,991,917,268.4,917,0,No,117,10,370.76,0.16,242.96,24
MED0283,Lidocaine 250mg Inhaler,Analgesic,Mankind,No,2026-03,117,1195,1044,339.1,1044,0,No,268,10,370.76,0.16,242.96,24
MED0283,Lidocaine 250mg Inhaler,Analgesic,Mankind,No,2026-04,268,2391,1882,584.4,1882,0,No,777,10,370.76,0.16,242.96,24
MED0283,Lidocaine 250mg Inhaler,Analgesic,Mankind,No,2026-05,777,1720,1917,478.4,1917,0,No,580,10,370.76,0.16,242.96,24
MED0283,Lidocaine 250mg Inhaler,Analgesic,Mankind,No,2026-06,580,2883,2221,671.8,2221,0,No,1242,10,370.76,0.16,242.96,24
MED0283,Lidocaine 250mg Inhaler,Analgesic,Mankind,No,2026-07,1242,1348,1519,451.3,1519,0,No,1071,10,370.76,0.16,242.96,24
MED0284,Ciprofloxacin 20mg Ointment,Vitamin/Supplement,Dr Reddy's,No,2025-08,42,585,570,153.4,570,0,No,57,2,208.03,0.13,312.55,18
MED0284,Ciprofloxacin 20mg Ointment,Vitamin/Supplement,Dr Reddy's,No,2025-09,57,599,467,101.6,467,0,No,189,2,208.03,0.13,312.55,18
MED0284,Ciprofloxacin 20mg Ointment,Vitamin/Supplement,Dr Reddy's,No,2025-10,189,563,434,150.7,434,0,No,318,2,208.03,0.13,312.55,18
MED0284,Ciprofloxacin 20mg Ointment,Vitamin/Supplement,Dr Reddy's,No,2025-11,318,362,506,173.4,506,0,No,174,2,208.03,0.13,312.55,18
MED0284,Ciprofloxacin 20mg Ointment,Vitamin/Supplement,Dr Reddy's,No,2025-12,174,0,467,158.3,174,293,Yes,0,2,208.03,0.13,312.55,18
MED0284,Ciprofloxacin 20mg Ointment,Vitamin/Supplement,Dr Reddy's,No,2026-01,0,389,517,85.4,389,128,Yes,0,2,208.03,0.13,312.55,18
MED0284,Ciprofloxacin 20mg Ointment,Vitamin/Supplement,Dr Reddy's,No,2026-02,0,628,565,151.5,565,0,No,63,2,208.03,0.13,312.55,18
MED0284,Ciprofloxacin 20mg Ointment,Vitamin/Supplement,Dr Reddy's,No,2026-03,63,608,582,146.6,582,0,No,89,2,208.03,0.13,312.55,18
MED0284,Ciprofloxacin 20mg Ointment,Vitamin/Supplement,Dr Reddy's,No,2026-04,89,598,507,161.8,507,0,No,180,2,208.03,0.13,312.55,18
MED0284,Ciprofloxacin 20mg Ointment,Vitamin/Supplement,Dr Reddy's,No,2026-05,180,453,553,104.1,553,0,No,80,2,208.03,0.13,312.55,18
MED0284,Ciprofloxacin 20mg Ointment,Vitamin/Supplement,Dr Reddy's,No,2026-06,80,374,522,149,454,68,Yes,0,2,208.03,0.13,312.55,18
MED0284,Ciprofloxacin 20mg Ointment,Vitamin/Supplement,Dr Reddy's,No,2026-07,0,533,447,73.9,447,0,No,86,2,208.03,0.13,312.55,18
MED0285,Iron Sucrose 10mg Ointment,Anesthetic,Aurobindo,Yes,2025-08,2424,3105,4125,1358.7,4125,0,No,1404,10,260.57,0.26,348.81,12
MED0285,Iron Sucrose 10mg Ointment,Anesthetic,Aurobindo,Yes,2025-09,1404,3115,2784,892.1,2784,0,No,1735,10,260.57,0.26,348.81,12
MED0285,Iron Sucrose 10mg Ointment,Anesthetic,Aurobindo,Yes,2025-10,1735,1804,2444,552.3,2444,0,No,1095,10,260.57,0.26,348.81,12
MED0285,Iron Sucrose 10mg Ointment,Anesthetic,Aurobindo,Yes,2025-11,1095,0,2431,515.2,1095,1336,Yes,0,10,260.57,0.26,348.81,12
MED0285,Iron Sucrose 10mg Ointment,Anesthetic,Aurobindo,Yes,2025-12,0,2516,2238,483.8,2238,0,No,278,10,260.57,0.26,348.81,12
MED0285,Iron Sucrose 10mg Ointment,Anesthetic,Aurobindo,Yes,2026-01,278,1696,1946,594.5,1946,0,No,28,10,260.57,0.26,348.81,12
MED0285,Iron Sucrose 10mg Ointment,Anesthetic,Aurobindo,Yes,2026-02,28,0,2404,643.9,28,2376,Yes,0,10,260.57,0.26,348.81,12
MED0285,Iron Sucrose 10mg Ointment,Anesthetic,Aurobindo,Yes,2026-03,0,3980,3237,838.8,3237,0,No,743,10,260.57,0.26,348.81,12
MED0285,Iron Sucrose 10mg Ointment,Anesthetic,Aurobindo,Yes,2026-04,743,3979,4104,1032.3,4104,0,No,618,10,260.57,0.26,348.81,12
MED0285,Iron Sucrose 10mg Ointment,Anesthetic,Aurobindo,Yes,2026-05,618,0,6103,1877.5,618,5485,Yes,0,10,260.57,0.26,348.81,12
MED0285,Iron Sucrose 10mg Ointment,Anesthetic,Aurobindo,Yes,2026-06,0,6214,5305,1852.4,5305,0,No,909,10,260.57,0.26,348.81,12
MED0285,Iron Sucrose 10mg Ointment,Anesthetic,Aurobindo,Yes,2026-07,909,5115,4509,992.3,4509,0,No,1515,10,260.57,0.26,348.81,12
MED0286,Cloxacillin 2.5mg Ointment,Cardiac,Dr Reddy's,Yes,2025-08,559,2029,2352,688.2,2352,0,No,236,5,457.14,0.17,138.61,12
MED0286,Cloxacillin 2.5mg Ointment,Cardiac,Dr Reddy's,Yes,2025-09,236,1553,1716,357.5,1716,0,No,73,5,457.14,0.17,138.61,12
MED0286,Cloxacillin 2.5mg Ointment,Cardiac,Dr Reddy's,Yes,2025-10,73,1442,1567,251.8,1515,52,Yes,0,5,457.14,0.17,138.61,12
MED0286,Cloxacillin 2.5mg Ointment,Cardiac,Dr Reddy's,Yes,2025-11,0,1686,1357,318.2,1357,0,No,329,5,457.14,0.17,138.61,12
MED0286,Cloxacillin 2.5mg Ointment,Cardiac,Dr Reddy's,Yes,2025-12,329,1155,1129,323.2,1129,0,No,355,5,457.14,0.17,138.61,12
MED0286,Cloxacillin 2.5mg Ointment,Cardiac,Dr Reddy's,Yes,2026-01,355,1248,1282,224.3,1282,0,No,321,5,457.14,0.17,138.61,12
MED0286,Cloxacillin 2.5mg Ointment,Cardiac,Dr Reddy's,Yes,2026-02,321,1261,1145,273.3,1145,0,No,437,5,457.14,0.17,138.61,12
MED0286,Cloxacillin 2.5mg Ointment,Cardiac,Dr Reddy's,Yes,2026-03,437,1889,1955,326.8,1955,0,No,371,5,457.14,0.17,138.61,12
MED0286,Cloxacillin 2.5mg Ointment,Cardiac,Dr Reddy's,Yes,2026-04,371,1763,2462,750.8,2134,328,Yes,0,5,457.14,0.17,138.61,12
MED0286,Cloxacillin 2.5mg Ointment,Cardiac,Dr Reddy's,Yes,2026-05,0,3637,3469,1134.2,3469,0,No,168,5,457.14,0.17,138.61,12
MED0286,Cloxacillin 2.5mg Ointment,Cardiac,Dr Reddy's,Yes,2026-06,168,2646,2761,536,2761,0,No,53,5,457.14,0.17,138.61,12
MED0286,Cloxacillin 2.5mg Ointment,Cardiac,Dr Reddy's,Yes,2026-07,53,2420,2816,716.3,2473,343,Yes,0,5,457.14,0.17,138.61,12
MED0287,Lorazepam 1mg Injection,Respiratory,Mankind,No,2025-08,267,2746,2644,629.3,2644,0,No,369,2,611.6,0.22,276.31,12
MED0287,Lorazepam 1mg Injection,Respiratory,Mankind,No,2025-09,369,0,2352,389.9,369,1983,Yes,0,2,611.6,0.22,276.31,12
MED0287,Lorazepam 1mg Injection,Respiratory,Mankind,No,2025-10,0,2745,2359,397.1,2359,0,No,386,2,611.6,0.22,276.31,12
MED0287,Lorazepam 1mg Injection,Respiratory,Mankind,No,2025-11,386,2359,2715,739,2715,0,No,30,2,611.6,0.22,276.31,12
MED0287,Lorazepam 1mg Injection,Respiratory,Mankind,No,2025-12,30,2682,2844,653.7,2712,132,Yes,0,2,611.6,0.22,276.31,12
MED0287,Lorazepam 1mg Injection,Respiratory,Mankind,No,2026-01,0,0,2242,773.7,0,2242,Yes,0,2,611.6,0.22,276.31,12
MED0287,Lorazepam 1mg Injection,Respiratory,Mankind,No,2026-02,0,0,2428,519.3,0,2428,Yes,0,2,611.6,0.22,276.31,12
MED0287,Lorazepam 1mg Injection,Respiratory,Mankind,No,2026-03,0,2785,2283,362.9,2283,0,No,502,2,611.6,0.22,276.31,12
MED0287,Lorazepam 1mg Injection,Respiratory,Mankind,No,2026-04,502,3150,2427,424.1,2427,0,No,1225,2,611.6,0.22,276.31,12
MED0287,Lorazepam 1mg Injection,Respiratory,Mankind,No,2026-05,1225,1893,2345,482.9,2345,0,No,773,2,611.6,0.22,276.31,12
MED0287,Lorazepam 1mg Injection,Respiratory,Mankind,No,2026-06,773,3297,2558,506.3,2558,0,No,1512,2,611.6,0.22,276.31,12
MED0287,Lorazepam 1mg Injection,Respiratory,Mankind,No,2026-07,1512,2358,2790,594.1,2790,0,No,1080,2,611.6,0.22,276.31,12
MED0288,Azithromycin 5mg Ointment,Respiratory,Torrent,Yes,2025-08,81,301,377,88.1,377,0,No,5,5,586.54,0.23,82.92,12
MED0288,Azithromycin 5mg Ointment,Respiratory,Torrent,Yes,2025-09,5,263,288,79.6,268,20,Yes,0,5,586.54,0.23,82.92,12
MED0288,Azithromycin 5mg Ointment,Respiratory,Torrent,Yes,2025-10,0,205,160,49.7,160,0,No,45,5,586.54,0.23,82.92,12
MED0288,Azithromycin 5mg Ointment,Respiratory,Torrent,Yes,2025-11,45,202,156,40.5,156,0,No,91,5,586.54,0.23,82.92,12
MED0288,Azithromycin 5mg Ointment,Respiratory,Torrent,Yes,2025-12,91,155,129,36.9,129,0,No,117,5,586.54,0.23,82.92,12
MED0288,Azithromycin 5mg Ointment,Respiratory,Torrent,Yes,2026-01,117,132,107,20.8,107,0,No,142,5,586.54,0.23,82.92,12
MED0288,Azithromycin 5mg Ointment,Respiratory,Torrent,Yes,2026-02,142,151,133,30.9,133,0,No,160,5,586.54,0.23,82.92,12
MED0288,Azithromycin 5mg Ointment,Respiratory,Torrent,Yes,2026-03,160,197,157,42.6,157,0,No,200,5,586.54,0.23,82.92,12
MED0288,Azithromycin 5mg Ointment,Respiratory,Torrent,Yes,2026-04,200,154,170,52.4,170,0,No,184,5,586.54,0.23,82.92,12
MED0288,Azithromycin 5mg Ointment,Respiratory,Torrent,Yes,2026-05,184,230,233,37.3,233,0,No,181,5,586.54,0.23,82.92,12
MED0288,Azithromycin 5mg Ointment,Respiratory,Torrent,Yes,2026-06,181,424,338,69.8,338,0,No,267,5,586.54,0.23,82.92,12
MED0288,Azithromycin 5mg Ointment,Respiratory,Torrent,Yes,2026-07,267,472,364,62.2,364,0,No,375,5,586.54,0.23,82.92,12
MED0289,Ranitidine 100mg Inhaler,Vitamin/Supplement,Aurobindo,No,2025-08,58,514,446,104.4,446,0,No,126,5,375.69,0.19,193.19,18
MED0289,Ranitidine 100mg Inhaler,Vitamin/Supplement,Aurobindo,No,2025-09,126,375,388,59,388,0,No,113,5,375.69,0.19,193.19,18
MED0289,Ranitidine 100mg Inhaler,Vitamin/Supplement,Aurobindo,No,2025-10,113,203,274,68.3,274,0,No,42,5,375.69,0.19,193.19,18
MED0289,Ranitidine 100mg Inhaler,Vitamin/Supplement,Aurobindo,No,2025-11,42,155,202,44,197,5,Yes,0,5,375.69,0.19,193.19,18
MED0289,Ranitidine 100mg Inhaler,Vitamin/Supplement,Aurobindo,No,2025-12,0,177,144,26.9,144,0,No,33,5,375.69,0.19,193.19,18
MED0289,Ranitidine 100mg Inhaler,Vitamin/Supplement,Aurobindo,No,2026-01,33,0,155,45.7,33,122,Yes,0,5,375.69,0.19,193.19,18
MED0289,Ranitidine 100mg Inhaler,Vitamin/Supplement,Aurobindo,No,2026-02,0,200,166,40.9,166,0,No,34,5,375.69,0.19,193.19,18
MED0289,Ranitidine 100mg Inhaler,Vitamin/Supplement,Aurobindo,No,2026-03,34,192,186,56.7,186,0,No,40,5,375.69,0.19,193.19,18
MED0289,Ranitidine 100mg Inhaler,Vitamin/Supplement,Aurobindo,No,2026-04,40,212,188,41.3,188,0,No,64,5,375.69,0.19,193.19,18
MED0289,Ranitidine 100mg Inhaler,Vitamin/Supplement,Aurobindo,No,2026-05,64,202,269,80.8,266,3,Yes,0,5,375.69,0.19,193.19,18
MED0289,Ranitidine 100mg Inhaler,Vitamin/Supplement,Aurobindo,No,2026-06,0,451,433,137.1,433,0,No,18,5,375.69,0.19,193.19,18
MED0289,Ranitidine 100mg Inhaler,Vitamin/Supplement,Aurobindo,No,2026-07,18,393,493,148.1,411,82,Yes,0,5,375.69,0.19,193.19,18
MED0290,Amlodipine 2.5mg Injection,Antibiotic,Torrent,No,2025-08,1223,1718,1793,438.8,1793,0,No,1148,14,505.5,0.13,239.72,9
MED0290,Amlodipine 2.5mg Injection,Antibiotic,Torrent,No,2025-09,1148,1581,2151,620.9,2151,0,No,578,14,505.5,0.13,239.72,9
MED0290,Amlodipine 2.5mg Injection,Antibiotic,Torrent,No,2025-10,578,2198,2402,696.7,2402,0,No,374,14,505.5,0.13,239.72,9
MED0290,Amlodipine 2.5mg Injection,Antibiotic,Torrent,No,2025-11,374,3650,3447,780.4,3447,0,No,577,14,505.5,0.13,239.72,9
MED0290,Amlodipine 2.5mg Injection,Antibiotic,Torrent,No,2025-12,577,0,3283,543.9,577,2706,Yes,0,14,505.5,0.13,239.72,9
MED0290,Amlodipine 2.5mg Injection,Antibiotic,Torrent,No,2026-01,0,4117,3872,1158.3,3872,0,No,245,14,505.5,0.13,239.72,9
MED0290,Amlodipine 2.5mg Injection,Antibiotic,Torrent,No,2026-02,245,3620,3107,961.3,3107,0,No,758,14,505.5,0.13,239.72,9
MED0290,Amlodipine 2.5mg Injection,Antibiotic,Torrent,No,2026-03,758,1937,2387,493.9,2387,0,No,308,14,505.5,0.13,239.72,9
MED0290,Amlodipine 2.5mg Injection,Antibiotic,Torrent,No,2026-04,308,1974,1776,331.7,1776,0,No,506,14,505.5,0.13,239.72,9
MED0290,Amlodipine 2.5mg Injection,Antibiotic,Torrent,No,2026-05,506,0,1734,404.2,506,1228,Yes,0,14,505.5,0.13,239.72,9
MED0290,Amlodipine 2.5mg Injection,Antibiotic,Torrent,No,2026-06,0,1962,1863,468.6,1863,0,No,99,14,505.5,0.13,239.72,9
MED0290,Amlodipine 2.5mg Injection,Antibiotic,Torrent,No,2026-07,99,1349,1613,284.7,1448,165,Yes,0,14,505.5,0.13,239.72,9
MED0291,Tramadol 20mg Ointment,Cardiac,Intas,Yes,2025-08,127,925,831,212.9,831,0,No,221,3,34.35,0.21,180.4,18
MED0291,Tramadol 20mg Ointment,Cardiac,Intas,Yes,2025-09,221,942,897,154.7,897,0,No,266,3,34.35,0.21,180.4,18
MED0291,Tramadol 20mg Ointment,Cardiac,Intas,Yes,2025-10,266,926,831,174,831,0,No,361,3,34.35,0.21,180.4,18
MED0291,Tramadol 20mg Ointment,Cardiac,Intas,Yes,2025-11,361,1080,1115,286.5,1115,0,No,326,3,34.35,0.21,180.4,18
MED0291,Tramadol 20mg Ointment,Cardiac,Intas,Yes,2025-12,326,2118,1650,534.4,1650,0,No,794,3,34.35,0.21,180.4,18
MED0291,Tramadol 20mg Ointment,Cardiac,Intas,Yes,2026-01,794,1462,1379,207.8,1379,0,No,877,3,34.35,0.21,180.4,18
MED0291,Tramadol 20mg Ointment,Cardiac,Intas,Yes,2026-02,877,0,1352,331.6,877,475,Yes,0,3,34.35,0.21,180.4,18
MED0291,Tramadol 20mg Ointment,Cardiac,Intas,Yes,2026-03,0,925,838,268.5,838,0,No,87,3,34.35,0.21,180.4,18
MED0291,Tramadol 20mg Ointment,Cardiac,Intas,Yes,2026-04,87,746,780,210.2,780,0,No,53,3,34.35,0.21,180.4,18
MED0291,Tramadol 20mg Ointment,Cardiac,Intas,Yes,2026-05,53,0,689,177.4,53,636,Yes,0,3,34.35,0.21,180.4,18
MED0291,Tramadol 20mg Ointment,Cardiac,Intas,Yes,2026-06,0,790,739,235.7,739,0,No,51,3,34.35,0.21,180.4,18
MED0291,Tramadol 20mg Ointment,Cardiac,Intas,Yes,2026-07,51,765,786,133,786,0,No,30,3,34.35,0.21,180.4,18
MED0292,Clopidogrel 2.5mg Drops,Emergency/Critical Care,Sun Pharma,No,2025-08,90,0,105,23.7,90,15,Yes,0,14,511.41,0.27,313.3,36
MED0292,Clopidogrel 2.5mg Drops,Emergency/Critical Care,Sun Pharma,No,2025-09,0,99,88,14,88,0,No,11,14,511.41,0.27,313.3,36
MED0292,Clopidogrel 2.5mg Drops,Emergency/Critical Care,Sun Pharma,No,2025-10,11,92,109,30.4,103,6,Yes,0,14,511.41,0.27,313.3,36
MED0292,Clopidogrel 2.5mg Drops,Emergency/Critical Care,Sun Pharma,No,2025-11,0,144,160,45.9,144,16,Yes,0,14,511.41,0.27,313.3,36
MED0292,Clopidogrel 2.5mg Drops,Emergency/Critical Care,Sun Pharma,No,2025-12,0,185,198,68.4,185,13,Yes,0,14,511.41,0.27,313.3,36
MED0292,Clopidogrel 2.5mg Drops,Emergency/Critical Care,Sun Pharma,No,2026-01,0,180,201,33.2,180,21,Yes,0,14,511.41,0.27,313.3,36
MED0292,Clopidogrel 2.5mg Drops,Emergency/Critical Care,Sun Pharma,No,2026-02,0,0,148,36,0,148,Yes,0,14,511.41,0.27,313.3,36
MED0292,Clopidogrel 2.5mg Drops,Emergency/Critical Care,Sun Pharma,No,2026-03,0,0,116,19.9,0,116,Yes,0,14,511.41,0.27,313.3,36
MED0292,Clopidogrel 2.5mg Drops,Emergency/Critical Care,Sun Pharma,No,2026-04,0,107,105,35,105,0,No,2,14,511.41,0.27,313.3,36
MED0292,Clopidogrel 2.5mg Drops,Emergency/Critical Care,Sun Pharma,No,2026-05,2,67,78,19.4,69,9,Yes,0,14,511.41,0.27,313.3,36
MED0292,Clopidogrel 2.5mg Drops,Emergency/Critical Care,Sun Pharma,No,2026-06,0,0,89,15.6,0,89,Yes,0,14,511.41,0.27,313.3,36
MED0292,Clopidogrel 2.5mg Drops,Emergency/Critical Care,Sun Pharma,No,2026-07,0,95,97,27.5,95,2,Yes,0,14,511.41,0.27,313.3,36
MED0293,Lorazepam 2.5mg Syrup,Vaccine,Cipla,No,2025-08,34,119,117,26.7,117,0,No,36,5,562.26,0.13,111.55,18
MED0293,Lorazepam 2.5mg Syrup,Vaccine,Cipla,No,2025-09,36,119,126,36.8,126,0,No,29,5,562.26,0.13,111.55,18
MED0293,Lorazepam 2.5mg Syrup,Vaccine,Cipla,No,2025-10,29,141,115,29.6,115,0,No,55,5,562.26,0.13,111.55,18
MED0293,Lorazepam 2.5mg Syrup,Vaccine,Cipla,No,2025-11,55,162,127,41.9,127,0,No,90,5,562.26,0.13,111.55,18
MED0293,Lorazepam 2.5mg Syrup,Vaccine,Cipla,No,2025-12,90,90,124,42.5,124,0,No,56,5,562.26,0.13,111.55,18
MED0293,Lorazepam 2.5mg Syrup,Vaccine,Cipla,No,2026-01,56,100,122,42.3,122,0,No,34,5,562.26,0.13,111.55,18
MED0293,Lorazepam 2.5mg Syrup,Vaccine,Cipla,No,2026-02,34,135,120,33.6,120,0,No,49,5,562.26,0.13,111.55,18
MED0293,Lorazepam 2.5mg Syrup,Vaccine,Cipla,No,2026-03,49,122,137,45.1,137,0,No,34,5,562.26,0.13,111.55,18
MED0293,Lorazepam 2.5mg Syrup,Vaccine,Cipla,No,2026-04,34,0,115,26.3,34,81,Yes,0,5,562.26,0.13,111.55,18
MED0293,Lorazepam 2.5mg Syrup,Vaccine,Cipla,No,2026-05,0,162,129,28.8,129,0,No,33,5,562.26,0.13,111.55,18
MED0293,Lorazepam 2.5mg Syrup,Vaccine,Cipla,No,2026-06,33,103,102,35.5,102,0,No,34,5,562.26,0.13,111.55,18
MED0293,Lorazepam 2.5mg Syrup,Vaccine,Cipla,No,2026-07,34,124,116,29.4,116,0,No,42,5,562.26,0.13,111.55,18
MED0294,Zinc Sulphate 2.5mg Inhaler,Vitamin/Supplement,Dr Reddy's,Yes,2025-08,259,0,1417,290.6,259,1158,Yes,0,4,640.16,0.26,78.82,9
MED0294,Zinc Sulphate 2.5mg Inhaler,Vitamin/Supplement,Dr Reddy's,Yes,2025-09,0,1097,1476,392.2,1097,379,Yes,0,4,640.16,0.26,78.82,9
MED0294,Zinc Sulphate 2.5mg Inhaler,Vitamin/Supplement,Dr Reddy's,Yes,2025-10,0,0,1911,520.3,0,1911,Yes,0,4,640.16,0.26,78.82,9
MED0294,Zinc Sulphate 2.5mg Inhaler,Vitamin/Supplement,Dr Reddy's,Yes,2025-11,0,0,2230,556.3,0,2230,Yes,0,4,640.16,0.26,78.82,9
MED0294,Zinc Sulphate 2.5mg Inhaler,Vitamin/Supplement,Dr Reddy's,Yes,2025-12,0,2319,2823,879.8,2319,504,Yes,0,4,640.16,0.26,78.82,9
MED0294,Zinc Sulphate 2.5mg Inhaler,Vitamin/Supplement,Dr Reddy's,Yes,2026-01,0,2394,3222,704,2394,828,Yes,0,4,640.16,0.26,78.82,9
MED0294,Zinc Sulphate 2.5mg Inhaler,Vitamin/Supplement,Dr Reddy's,Yes,2026-02,0,2772,2384,642.3,2384,0,No,388,4,640.16,0.26,78.82,9
MED0294,Zinc Sulphate 2.5mg Inhaler,Vitamin/Supplement,Dr Reddy's,Yes,2026-03,388,1765,1775,272.7,1775,0,No,378,4,640.16,0.26,78.82,9
MED0294,Zinc Sulphate 2.5mg Inhaler,Vitamin/Supplement,Dr Reddy's,Yes,2026-04,378,1088,1243,434,1243,0,No,223,4,640.16,0.26,78.82,9
MED0294,Zinc Sulphate 2.5mg Inhaler,Vitamin/Supplement,Dr Reddy's,Yes,2026-05,223,1523,1211,258.3,1211,0,No,535,4,640.16,0.26,78.82,9
MED0294,Zinc Sulphate 2.5mg Inhaler,Vitamin/Supplement,Dr Reddy's,Yes,2026-06,535,1074,1146,356.5,1146,0,No,463,4,640.16,0.26,78.82,9
MED0294,Zinc Sulphate 2.5mg Inhaler,Vitamin/Supplement,Dr Reddy's,Yes,2026-07,463,1601,1451,365.8,1451,0,No,613,4,640.16,0.26,78.82,9
MED0295,Insulin Regular 5ml Drops,Vaccine,Abbott,No,2025-08,399,2229,1864,627.1,1864,0,No,764,7,102.79,0.18,174.97,9
MED0295,Insulin Regular 5ml Drops,Vaccine,Abbott,No,2025-09,764,1428,1603,414.8,1603,0,No,589,7,102.79,0.18,174.97,9
MED0295,Insulin Regular 5ml Drops,Vaccine,Abbott,No,2025-10,589,790,994,250.7,994,0,No,385,7,102.79,0.18,174.97,9
MED0295,Insulin Regular 5ml Drops,Vaccine,Abbott,No,2025-11,385,1119,961,334.6,961,0,No,543,7,102.79,0.18,174.97,9
MED0295,Insulin Regular 5ml Drops,Vaccine,Abbott,No,2025-12,543,0,817,237.1,543,274,Yes,0,7,102.79,0.18,174.97,9
MED0295,Insulin Regular 5ml Drops,Vaccine,Abbott,No,2026-01,0,0,662,108.7,0,662,Yes,0,7,102.79,0.18,174.97,9
MED0295,Insulin Regular 5ml Drops,Vaccine,Abbott,No,2026-02,0,513,695,158.8,513,182,Yes,0,7,102.79,0.18,174.97,9
MED0295,Insulin Regular 5ml Drops,Vaccine,Abbott,No,2026-03,0,611,868,177.6,611,257,Yes,0,7,102.79,0.18,174.97,9
MED0295,Insulin Regular 5ml Drops,Vaccine,Abbott,No,2026-04,0,1237,1085,369.9,1085,0,No,152,7,102.79,0.18,174.97,9
MED0295,Insulin Regular 5ml Drops,Vaccine,Abbott,No,2026-05,152,1616,1389,266.4,1389,0,No,379,7,102.79,0.18,174.97,9
MED0295,Insulin Regular 5ml Drops,Vaccine,Abbott,No,2026-06,379,2151,1970,437.8,1970,0,No,560,7,102.79,0.18,174.97,9
MED0295,Insulin Regular 5ml Drops,Vaccine,Abbott,No,2026-07,560,0,2166,630.3,560,1606,Yes,0,7,102.79,0.18,174.97,9
MED0296,Glimepiride 2.5mg Inhaler,Antibiotic,Intas,Yes,2025-08,165,828,1058,213.8,993,65,Yes,0,3,134.41,0.14,341.65,18
MED0296,Glimepiride 2.5mg Inhaler,Antibiotic,Intas,Yes,2025-09,0,0,1036,257.6,0,1036,Yes,0,3,134.41,0.14,341.65,18
MED0296,Glimepiride 2.5mg Inhaler,Antibiotic,Intas,Yes,2025-10,0,983,1224,370.9,983,241,Yes,0,3,134.41,0.14,341.65,18
MED0296,Glimepiride 2.5mg Inhaler,Antibiotic,Intas,Yes,2025-11,0,1278,1113,284.9,1113,0,No,165,3,134.41,0.14,341.65,18
MED0296,Glimepiride 2.5mg Inhaler,Antibiotic,Intas,Yes,2025-12,165,782,1104,353.5,947,157,Yes,0,3,134.41,0.14,341.65,18
MED0296,Glimepiride 2.5mg Inhaler,Antibiotic,Intas,Yes,2026-01,0,0,1141,193.6,0,1141,Yes,0,3,134.41,0.14,341.65,18
MED0296,Glimepiride 2.5mg Inhaler,Antibiotic,Intas,Yes,2026-02,0,1449,1159,236.6,1159,0,No,290,3,134.41,0.14,341.65,18
MED0296,Glimepiride 2.5mg Inhaler,Antibiotic,Intas,Yes,2026-03,290,0,1020,197.3,290,730,Yes,0,3,134.41,0.14,341.65,18
MED0296,Glimepiride 2.5mg Inhaler,Antibiotic,Intas,Yes,2026-04,0,0,960,155.9,0,960,Yes,0,3,134.41,0.14,341.65,18
MED0296,Glimepiride 2.5mg Inhaler,Antibiotic,Intas,Yes,2026-05,0,1291,1057,226.4,1057,0,No,234,3,134.41,0.14,341.65,18
MED0296,Glimepiride 2.5mg Inhaler,Antibiotic,Intas,Yes,2026-06,234,0,1172,300.2,234,938,Yes,0,3,134.41,0.14,341.65,18
MED0296,Glimepiride 2.5mg Inhaler,Antibiotic,Intas,Yes,2026-07,0,0,1147,255.3,0,1147,Yes,0,3,134.41,0.14,341.65,18
MED0297,Hydrochlorothiazide 1g Injection,Vaccine,Lupin,Yes,2025-08,81,317,256,49.6,256,0,No,142,4,284.58,0.23,59.4,18
MED0297,Hydrochlorothiazide 1g Injection,Vaccine,Lupin,Yes,2025-09,142,291,256,56.6,256,0,No,177,4,284.58,0.23,59.4,18
MED0297,Hydrochlorothiazide 1g Injection,Vaccine,Lupin,Yes,2025-10,177,200,234,62.9,234,0,No,143,4,284.58,0.23,59.4,18
MED0297,Hydrochlorothiazide 1g Injection,Vaccine,Lupin,Yes,2025-11,143,349,303,103,303,0,No,189,4,284.58,0.23,59.4,18
MED0297,Hydrochlorothiazide 1g Injection,Vaccine,Lupin,Yes,2025-12,189,210,248,73.8,248,0,No,151,4,284.58,0.23,59.4,18
MED0297,Hydrochlorothiazide 1g Injection,Vaccine,Lupin,Yes,2026-01,151,229,287,89.7,287,0,No,93,4,284.58,0.23,59.4,18
MED0297,Hydrochlorothiazide 1g Injection,Vaccine,Lupin,Yes,2026-02,93,281,236,62.6,236,0,No,138,4,284.58,0.23,59.4,18
MED0297,Hydrochlorothiazide 1g Injection,Vaccine,Lupin,Yes,2026-03,138,210,264,67.9,264,0,No,84,4,284.58,0.23,59.4,18
MED0297,Hydrochlorothiazide 1g Injection,Vaccine,Lupin,Yes,2026-04,84,340,268,65,268,0,No,156,4,284.58,0.23,59.4,18
MED0297,Hydrochlorothiazide 1g Injection,Vaccine,Lupin,Yes,2026-05,156,0,278,75.4,156,122,Yes,0,4,284.58,0.23,59.4,18
MED0297,Hydrochlorothiazide 1g Injection,Vaccine,Lupin,Yes,2026-06,0,294,310,94.4,294,16,Yes,0,4,284.58,0.23,59.4,18
MED0297,Hydrochlorothiazide 1g Injection,Vaccine,Lupin,Yes,2026-07,0,300,270,68.7,270,0,No,30,4,284.58,0.23,59.4,18
MED0298,Morphine 1g Inhaler,Vaccine,Alkem,No,2025-08,470,931,1078,180.3,1078,0,No,323,5,643.14,0.14,220.02,12
MED0298,Morphine 1g Inhaler,Vaccine,Alkem,No,2025-09,323,1479,1244,359.7,1244,0,No,558,5,643.14,0.14,220.02,12
MED0298,Morphine 1g Inhaler,Vaccine,Alkem,No,2025-10,558,1486,1217,394.1,1217,0,No,827,5,643.14,0.14,220.02,12
MED0298,Morphine 1g Inhaler,Vaccine,Alkem,No,2025-11,827,0,1027,204.1,827,200,Yes,0,5,643.14,0.14,220.02,12
MED0298,Morphine 1g Inhaler,Vaccine,Alkem,No,2025-12,0,1426,1179,386.7,1179,0,No,247,5,643.14,0.14,220.02,12
MED0298,Morphine 1g Inhaler,Vaccine,Alkem,No,2026-01,247,1086,1137,247.8,1137,0,No,196,5,643.14,0.14,220.02,12
MED0298,Morphine 1g Inhaler,Vaccine,Alkem,No,2026-02,196,1362,1304,257.3,1304,0,No,254,5,643.14,0.14,220.02,12
MED0298,Morphine 1g Inhaler,Vaccine,Alkem,No,2026-03,254,1604,1293,217.1,1293,0,No,565,5,643.14,0.14,220.02,12
MED0298,Morphine 1g Inhaler,Vaccine,Alkem,No,2026-04,565,1289,1335,212.7,1335,0,No,519,5,643.14,0.14,220.02,12
MED0298,Morphine 1g Inhaler,Vaccine,Alkem,No,2026-05,519,982,1082,320.3,1082,0,No,419,5,643.14,0.14,220.02,12
MED0298,Morphine 1g Inhaler,Vaccine,Alkem,No,2026-06,419,1606,1258,310,1258,0,No,767,5,643.14,0.14,220.02,12
MED0298,Morphine 1g Inhaler,Vaccine,Alkem,No,2026-07,767,1006,1061,309.7,1061,0,No,712,5,643.14,0.14,220.02,12
MED0299,Phenytoin 20mg Inhaler,Analgesic,Sun Pharma,No,2025-08,418,628,507,108.5,507,0,No,539,21,316.87,0.23,127.39,24
MED0299,Phenytoin 20mg Inhaler,Analgesic,Sun Pharma,No,2025-09,539,516,611,210.5,611,0,No,444,21,316.87,0.23,127.39,24
MED0299,Phenytoin 20mg Inhaler,Analgesic,Sun Pharma,No,2025-10,444,596,540,115.5,540,0,No,500,21,316.87,0.23,127.39,24
MED0299,Phenytoin 20mg Inhaler,Analgesic,Sun Pharma,No,2025-11,500,0,575,130.6,500,75,Yes,0,21,316.87,0.23,127.39,24
MED0299,Phenytoin 20mg Inhaler,Analgesic,Sun Pharma,No,2025-12,0,0,488,94.6,0,488,Yes,0,21,316.87,0.23,127.39,24
MED0299,Phenytoin 20mg Inhaler,Analgesic,Sun Pharma,No,2026-01,0,575,618,106.6,575,43,Yes,0,21,316.87,0.23,127.39,24
MED0299,Phenytoin 20mg Inhaler,Analgesic,Sun Pharma,No,2026-02,0,418,497,155.3,418,79,Yes,0,21,316.87,0.23,127.39,24
MED0299,Phenytoin 20mg Inhaler,Analgesic,Sun Pharma,No,2026-03,0,733,637,101.3,637,0,No,96,21,316.87,0.23,127.39,24
MED0299,Phenytoin 20mg Inhaler,Analgesic,Sun Pharma,No,2026-04,96,0,605,125.8,96,509,Yes,0,21,316.87,0.23,127.39,24
MED0299,Phenytoin 20mg Inhaler,Analgesic,Sun Pharma,No,2026-05,0,637,631,134.2,631,0,No,6,21,316.87,0.23,127.39,24
MED0299,Phenytoin 20mg Inhaler,Analgesic,Sun Pharma,No,2026-06,6,667,640,101.6,640,0,No,33,21,316.87,0.23,127.39,24
MED0299,Phenytoin 20mg Inhaler,Analgesic,Sun Pharma,No,2026-07,33,466,557,166.4,499,58,Yes,0,21,316.87,0.23,127.39,24
MED0300,Metformin 1mg Injection,Vaccine,Glenmark,Yes,2025-08,54,527,505,143.3,505,0,No,76,3,450.26,0.24,331.53,9
MED0300,Metformin 1mg Injection,Vaccine,Glenmark,Yes,2025-09,76,461,483,147.1,483,0,No,54,3,450.26,0.24,331.53,9
MED0300,Metformin 1mg Injection,Vaccine,Glenmark,Yes,2025-10,54,445,422,117.3,422,0,No,77,3,450.26,0.24,331.53,9
MED0300,Metformin 1mg Injection,Vaccine,Glenmark,Yes,2025-11,77,489,439,79.3,439,0,No,127,3,450.26,0.24,331.53,9
MED0300,Metformin 1mg Injection,Vaccine,Glenmark,Yes,2025-12,127,464,490,121.8,490,0,No,101,3,450.26,0.24,331.53,9
MED0300,Metformin 1mg Injection,Vaccine,Glenmark,Yes,2026-01,101,490,488,113.5,488,0,No,103,3,450.26,0.24,331.53,9
MED0300,Metformin 1mg Injection,Vaccine,Glenmark,Yes,2026-02,103,0,415,128.3,103,312,Yes,0,3,450.26,0.24,331.53,9
MED0300,Metformin 1mg Injection,Vaccine,Glenmark,Yes,2026-03,0,0,453,86.9,0,453,Yes,0,3,450.26,0.24,331.53,9
MED0300,Metformin 1mg Injection,Vaccine,Glenmark,Yes,2026-04,0,516,450,112.5,450,0,No,66,3,450.26,0.24,331.53,9
MED0300,Metformin 1mg Injection,Vaccine,Glenmark,Yes,2026-05,66,502,480,111.3,480,0,No,88,3,450.26,0.24,331.53,9
MED0300,Metformin 1mg Injection,Vaccine,Glenmark,Yes,2026-06,88,358,439,118.3,439,0,No,7,3,450.26,0.24,331.53,9
MED0300,Metformin 1mg Injection,Vaccine,Glenmark,Yes,2026-07,7,439,504,81,446,58,Yes,0,3,450.26,0.24,331.53,9
MED0301,Magnesium Sulphate 1mg Drops,Dermatological,Mankind,No,2025-08,855,1833,1680,548.5,1680,0,No,1008,7,94.05,0.25,78.2,6
MED0301,Magnesium Sulphate 1mg Drops,Dermatological,Mankind,No,2025-09,1008,1865,1866,628.1,1866,0,No,1007,7,94.05,0.25,78.2,6
MED0301,Magnesium Sulphate 1mg Drops,Dermatological,Mankind,No,2025-10,1007,1800,2004,527.8,2004,0,No,803,7,94.05,0.25,78.2,6
MED0301,Magnesium Sulphate 1mg Drops,Dermatological,Mankind,No,2025-11,803,2087,1868,309.4,1868,0,No,1022,7,94.05,0.25,78.2,6
MED0301,Magnesium Sulphate 1mg Drops,Dermatological,Mankind,No,2025-12,1022,2283,2146,735.2,2146,0,No,1159,7,94.05,0.25,78.2,6
MED0301,Magnesium Sulphate 1mg Drops,Dermatological,Mankind,No,2026-01,1159,0,1711,494.6,1159,552,Yes,0,7,94.05,0.25,78.2,6
MED0301,Magnesium Sulphate 1mg Drops,Dermatological,Mankind,No,2026-02,0,1289,1767,501.2,1289,478,Yes,0,7,94.05,0.25,78.2,6
MED0301,Magnesium Sulphate 1mg Drops,Dermatological,Mankind,No,2026-03,0,0,2078,440.7,0,2078,Yes,0,7,94.05,0.25,78.2,6
MED0301,Magnesium Sulphate 1mg Drops,Dermatological,Mankind,No,2026-04,0,1919,1648,330.2,1648,0,No,271,7,94.05,0.25,78.2,6
MED0301,Magnesium Sulphate 1mg Drops,Dermatological,Mankind,No,2026-05,271,1780,1788,556,1788,0,No,263,7,94.05,0.25,78.2,6
MED0301,Magnesium Sulphate 1mg Drops,Dermatological,Mankind,No,2026-06,263,2504,1996,559.7,1996,0,No,771,7,94.05,0.25,78.2,6
MED0301,Magnesium Sulphate 1mg Drops,Dermatological,Mankind,No,2026-07,771,1296,1736,431.8,1736,0,No,331,7,94.05,0.25,78.2,6
MED0302,Hydrochlorothiazide 50mg Suspension,Analgesic,Torrent,No,2025-08,270,1122,1379,381.4,1379,0,No,13,5,515.97,0.16,211.33,12
MED0302,Hydrochlorothiazide 50mg Suspension,Analgesic,Torrent,No,2025-09,13,1303,1481,403.9,1316,165,Yes,0,5,515.97,0.16,211.33,12
MED0302,Hydrochlorothiazide 50mg Suspension,Analgesic,Torrent,No,2025-10,0,1814,1551,526,1551,0,No,263,5,515.97,0.16,211.33,12
MED0302,Hydrochlorothiazide 50mg Suspension,Analgesic,Torrent,No,2025-11,263,1705,1440,294.4,1440,0,No,528,5,515.97,0.16,211.33,12
MED0302,Hydrochlorothiazide 50mg Suspension,Analgesic,Torrent,No,2025-12,528,1099,1480,472.6,1480,0,No,147,5,515.97,0.16,211.33,12
MED0302,Hydrochlorothiazide 50mg Suspension,Analgesic,Torrent,No,2026-01,147,1008,1295,233,1155,140,Yes,0,5,515.97,0.16,211.33,12
MED0302,Hydrochlorothiazide 50mg Suspension,Analgesic,Torrent,No,2026-02,0,1350,1666,257.6,1350,316,Yes,0,5,515.97,0.16,211.33,12
MED0302,Hydrochlorothiazide 50mg Suspension,Analgesic,Torrent,No,2026-03,0,2174,1694,480.9,1694,0,No,480,5,515.97,0.16,211.33,12
MED0302,Hydrochlorothiazide 50mg Suspension,Analgesic,Torrent,No,2026-04,480,1248,1498,294.9,1498,0,No,230,5,515.97,0.16,211.33,12
MED0302,Hydrochlorothiazide 50mg Suspension,Analgesic,Torrent,No,2026-05,230,0,1593,251.8,230,1363,Yes,0,5,515.97,0.16,211.33,12
MED0302,Hydrochlorothiazide 50mg Suspension,Analgesic,Torrent,No,2026-06,0,1429,1548,431,1429,119,Yes,0,5,515.97,0.16,211.33,12
MED0302,Hydrochlorothiazide 50mg Suspension,Analgesic,Torrent,No,2026-07,0,0,1637,420.3,0,1637,Yes,0,5,515.97,0.16,211.33,12
MED0303,Cloxacillin 1mg Ointment,Respiratory,Cadila,No,2025-08,79,404,408,66.1,408,0,No,75,3,146.68,0.25,128.57,36
MED0303,Cloxacillin 1mg Ointment,Respiratory,Cadila,No,2025-09,75,375,321,103.9,321,0,No,129,3,146.68,0.25,128.57,36
MED0303,Cloxacillin 1mg Ointment,Respiratory,Cadila,No,2025-10,129,314,378,101.9,378,0,No,65,3,146.68,0.25,128.57,36
MED0303,Cloxacillin 1mg Ointment,Respiratory,Cadila,No,2025-11,65,373,311,61.6,311,0,No,127,3,146.68,0.25,128.57,36
MED0303,Cloxacillin 1mg Ointment,Respiratory,Cadila,No,2025-12,127,403,345,103.8,345,0,No,185,3,146.68,0.25,128.57,36
MED0303,Cloxacillin 1mg Ointment,Respiratory,Cadila,No,2026-01,185,441,411,81.4,411,0,No,215,3,146.68,0.25,128.57,36
MED0303,Cloxacillin 1mg Ointment,Respiratory,Cadila,No,2026-02,215,329,394,110.4,394,0,No,150,3,146.68,0.25,128.57,36
MED0303,Cloxacillin 1mg Ointment,Respiratory,Cadila,No,2026-03,150,357,313,80.5,313,0,No,194,3,146.68,0.25,128.57,36
MED0303,Cloxacillin 1mg Ointment,Respiratory,Cadila,No,2026-04,194,296,341,107.6,341,0,No,149,3,146.68,0.25,128.57,36
MED0303,Cloxacillin 1mg Ointment,Respiratory,Cadila,No,2026-05,149,368,307,53.3,307,0,No,210,3,146.68,0.25,128.57,36
MED0303,Cloxacillin 1mg Ointment,Respiratory,Cadila,No,2026-06,210,425,337,69.8,337,0,No,298,3,146.68,0.25,128.57,36
MED0303,Cloxacillin 1mg Ointment,Respiratory,Cadila,No,2026-07,298,396,390,105.7,390,0,No,304,3,146.68,0.25,128.57,36
MED0304,Bisacodyl 250mg Ointment,Neuro/Psychiatric,Torrent,No,2025-08,297,1071,1153,262.2,1153,0,No,215,10,636.84,0.15,248.56,24
MED0304,Bisacodyl 250mg Ointment,Neuro/Psychiatric,Torrent,No,2025-09,215,1083,1013,219.5,1013,0,No,285,10,636.84,0.15,248.56,24
MED0304,Bisacodyl 250mg Ointment,Neuro/Psychiatric,Torrent,No,2025-10,285,519,517,175.6,517,0,No,287,10,636.84,0.15,248.56,24
MED0304,Bisacodyl 250mg Ointment,Neuro/Psychiatric,Torrent,No,2025-11,287,639,509,164.5,509,0,No,417,10,636.84,0.15,248.56,24
MED0304,Bisacodyl 250mg Ointment,Neuro/Psychiatric,Torrent,No,2025-12,417,313,344,59.4,344,0,No,386,10,636.84,0.15,248.56,24
MED0304,Bisacodyl 250mg Ointment,Neuro/Psychiatric,Torrent,No,2026-01,386,466,391,84.3,391,0,No,461,10,636.84,0.15,248.56,24
MED0304,Bisacodyl 250mg Ointment,Neuro/Psychiatric,Torrent,No,2026-02,461,351,407,142.2,407,0,No,405,10,636.84,0.15,248.56,24
MED0304,Bisacodyl 250mg Ointment,Neuro/Psychiatric,Torrent,No,2026-03,405,307,429,93.2,429,0,No,283,10,636.84,0.15,248.56,24
MED0304,Bisacodyl 250mg Ointment,Neuro/Psychiatric,Torrent,No,2026-04,283,405,485,160.5,485,0,No,203,10,636.84,0.15,248.56,24
MED0304,Bisacodyl 250mg Ointment,Neuro/Psychiatric,Torrent,No,2026-05,203,515,604,194.8,604,0,No,114,10,636.84,0.15,248.56,24
MED0304,Bisacodyl 250mg Ointment,Neuro/Psychiatric,Torrent,No,2026-06,114,1147,966,306.1,966,0,No,295,10,636.84,0.15,248.56,24
MED0304,Bisacodyl 250mg Ointment,Neuro/Psychiatric,Torrent,No,2026-07,295,895,1128,374.8,1128,0,No,62,10,636.84,0.15,248.56,24
MED0305,Nifedipine 10mg Drops,Cardiac,Aurobindo,No,2025-08,701,0,1032,331.2,701,331,Yes,0,10,634.18,0.22,272.58,6
MED0305,Nifedipine 10mg Drops,Cardiac,Aurobindo,No,2025-09,0,814,1125,234.7,814,311,Yes,0,10,634.18,0.22,272.58,6
MED0305,Nifedipine 10mg Drops,Cardiac,Aurobindo,No,2025-10,0,873,1053,309,873,180,Yes,0,10,634.18,0.22,272.58,6
MED0305,Nifedipine 10mg Drops,Cardiac,Aurobindo,No,2025-11,0,877,1031,326.5,877,154,Yes,0,10,634.18,0.22,272.58,6
MED0305,Nifedipine 10mg Drops,Cardiac,Aurobindo,No,2025-12,0,668,952,323.5,668,284,Yes,0,10,634.18,0.22,272.58,6
MED0305,Nifedipine 10mg Drops,Cardiac,Aurobindo,No,2026-01,0,0,1106,320.6,0,1106,Yes,0,10,634.18,0.22,272.58,6
MED0305,Nifedipine 10mg Drops,Cardiac,Aurobindo,No,2026-02,0,1085,1168,317.2,1085,83,Yes,0,10,634.18,0.22,272.58,6
MED0305,Nifedipine 10mg Drops,Cardiac,Aurobindo,No,2026-03,0,882,1141,226.8,882,259,Yes,0,10,634.18,0.22,272.58,6
MED0305,Nifedipine 10mg Drops,Cardiac,Aurobindo,No,2026-04,0,913,1099,295.8,913,186,Yes,0,10,634.18,0.22,272.58,6
MED0305,Nifedipine 10mg Drops,Cardiac,Aurobindo,No,2026-05,0,1258,1066,323.1,1066,0,No,192,10,634.18,0.22,272.58,6
MED0305,Nifedipine 10mg Drops,Cardiac,Aurobindo,No,2026-06,192,0,973,293.5,192,781,Yes,0,10,634.18,0.22,272.58,6
MED0305,Nifedipine 10mg Drops,Cardiac,Aurobindo,No,2026-07,0,899,1035,355.9,899,136,Yes,0,10,634.18,0.22,272.58,6
MED0306,Telmisartan 10ml Ointment,Vaccine,Mankind,No,2025-08,418,436,469,152.3,469,0,No,385,14,374.72,0.19,275.78,9
MED0306,Telmisartan 10ml Ointment,Vaccine,Mankind,No,2025-09,385,414,477,161.9,477,0,No,322,14,374.72,0.19,275.78,9
MED0306,Telmisartan 10ml Ointment,Vaccine,Mankind,No,2025-10,322,647,515,105.1,515,0,No,454,14,374.72,0.19,275.78,9
MED0306,Telmisartan 10ml Ointment,Vaccine,Mankind,No,2025-11,454,569,597,144.5,597,0,No,426,14,374.72,0.19,275.78,9
MED0306,Telmisartan 10ml Ointment,Vaccine,Mankind,No,2025-12,426,446,499,173,499,0,No,373,14,374.72,0.19,275.78,9
MED0306,Telmisartan 10ml Ointment,Vaccine,Mankind,No,2026-01,373,780,619,109.4,619,0,No,534,14,374.72,0.19,275.78,9
MED0306,Telmisartan 10ml Ointment,Vaccine,Mankind,No,2026-02,534,414,541,81.4,541,0,No,407,14,374.72,0.19,275.78,9
MED0306,Telmisartan 10ml Ointment,Vaccine,Mankind,No,2026-03,407,504,526,162,526,0,No,385,14,374.72,0.19,275.78,9
MED0306,Telmisartan 10ml Ointment,Vaccine,Mankind,No,2026-04,385,485,549,146.2,549,0,No,321,14,374.72,0.19,275.78,9
MED0306,Telmisartan 10ml Ointment,Vaccine,Mankind,No,2026-05,321,519,592,155.8,592,0,No,248,14,374.72,0.19,275.78,9
MED0306,Telmisartan 10ml Ointment,Vaccine,Mankind,No,2026-06,248,647,517,141.9,517,0,No,378,14,374.72,0.19,275.78,9
MED0306,Telmisartan 10ml Ointment,Vaccine,Mankind,No,2026-07,378,0,552,184.4,378,174,Yes,0,14,374.72,0.19,275.78,9
MED0307,Digoxin 100mg Drops,Antibiotic,Zydus,No,2025-08,69,426,591,120.8,495,96,Yes,0,2,163.96,0.17,198.28,18
MED0307,Digoxin 100mg Drops,Antibiotic,Zydus,No,2025-09,0,813,676,117.3,676,0,No,137,2,163.96,0.17,198.28,18
MED0307,Digoxin 100mg Drops,Antibiotic,Zydus,No,2025-10,137,905,715,212.6,715,0,No,327,2,163.96,0.17,198.28,18
MED0307,Digoxin 100mg Drops,Antibiotic,Zydus,No,2025-11,327,917,733,171.8,733,0,No,511,2,163.96,0.17,198.28,18
MED0307,Digoxin 100mg Drops,Antibiotic,Zydus,No,2025-12,511,588,705,205.3,705,0,No,394,2,163.96,0.17,198.28,18
MED0307,Digoxin 100mg Drops,Antibiotic,Zydus,No,2026-01,394,790,736,199.9,736,0,No,448,2,163.96,0.17,198.28,18
MED0307,Digoxin 100mg Drops,Antibiotic,Zydus,No,2026-02,448,776,629,194.2,629,0,No,595,2,163.96,0.17,198.28,18
MED0307,Digoxin 100mg Drops,Antibiotic,Zydus,No,2026-03,595,690,653,151,653,0,No,632,2,163.96,0.17,198.28,18
MED0307,Digoxin 100mg Drops,Antibiotic,Zydus,No,2026-04,632,705,699,234.4,699,0,No,638,2,163.96,0.17,198.28,18
MED0307,Digoxin 100mg Drops,Antibiotic,Zydus,No,2026-05,638,0,595,97.5,595,0,No,43,2,163.96,0.17,198.28,18
MED0307,Digoxin 100mg Drops,Antibiotic,Zydus,No,2026-06,43,935,775,179.5,775,0,No,203,2,163.96,0.17,198.28,18
MED0307,Digoxin 100mg Drops,Antibiotic,Zydus,No,2026-07,203,854,712,193.6,712,0,No,345,2,163.96,0.17,198.28,18
MED0308,Insulin Regular 20mg Suspension,Cardiac,Biocon,No,2025-08,1809,1557,1792,337.5,1792,0,No,1574,21,636.91,0.24,106.81,24
MED0308,Insulin Regular 20mg Suspension,Cardiac,Biocon,No,2025-09,1574,1641,2175,421,2175,0,No,1040,21,636.91,0.24,106.81,24
MED0308,Insulin Regular 20mg Suspension,Cardiac,Biocon,No,2025-10,1040,2249,1850,465.8,1850,0,No,1439,21,636.91,0.24,106.81,24
MED0308,Insulin Regular 20mg Suspension,Cardiac,Biocon,No,2025-11,1439,2538,2361,661.3,2361,0,No,1616,21,636.91,0.24,106.81,24
MED0308,Insulin Regular 20mg Suspension,Cardiac,Biocon,No,2025-12,1616,1999,2146,385,2146,0,No,1469,21,636.91,0.24,106.81,24
MED0308,Insulin Regular 20mg Suspension,Cardiac,Biocon,No,2026-01,1469,0,2034,518.1,1469,565,Yes,0,21,636.91,0.24,106.81,24
MED0308,Insulin Regular 20mg Suspension,Cardiac,Biocon,No,2026-02,0,1528,1982,322.5,1528,454,Yes,0,21,636.91,0.24,106.81,24
MED0308,Insulin Regular 20mg Suspension,Cardiac,Biocon,No,2026-03,0,1500,1920,630.3,1500,420,Yes,0,21,636.91,0.24,106.81,24
MED0308,Insulin Regular 20mg Suspension,Cardiac,Biocon,No,2026-04,0,1460,1998,346,1460,538,Yes,0,21,636.91,0.24,106.81,24
MED0308,Insulin Regular 20mg Suspension,Cardiac,Biocon,No,2026-05,0,2160,2031,632.3,2031,0,No,129,21,636.91,0.24,106.81,24
MED0308,Insulin Regular 20mg Suspension,Cardiac,Biocon,No,2026-06,129,1418,1884,412.2,1547,337,Yes,0,21,636.91,0.24,106.81,24
MED0308,Insulin Regular 20mg Suspension,Cardiac,Biocon,No,2026-07,0,2041,2292,565.5,2041,251,Yes,0,21,636.91,0.24,106.81,24
MED0309,Tramadol 1g Injection,Neuro/Psychiatric,Cadila,No,2025-08,295,1159,903,277.2,903,0,No,551,7,100.83,0.24,113.45,36
MED0309,Tramadol 1g Injection,Neuro/Psychiatric,Cadila,No,2025-09,551,833,735,120.3,735,0,No,649,7,100.83,0.24,113.45,36
MED0309,Tramadol 1g Injection,Neuro/Psychiatric,Cadila,No,2025-10,649,0,956,220.8,649,307,Yes,0,7,100.83,0.24,113.45,36
MED0309,Tramadol 1g Injection,Neuro/Psychiatric,Cadila,No,2025-11,0,859,865,179.9,859,6,Yes,0,7,100.83,0.24,113.45,36
MED0309,Tramadol 1g Injection,Neuro/Psychiatric,Cadila,No,2025-12,0,823,730,180.5,730,0,No,93,7,100.83,0.24,113.45,36
MED0309,Tramadol 1g Injection,Neuro/Psychiatric,Cadila,No,2026-01,93,745,876,163.8,838,38,Yes,0,7,100.83,0.24,113.45,36
MED0309,Tramadol 1g Injection,Neuro/Psychiatric,Cadila,No,2026-02,0,828,759,213.6,759,0,No,69,7,100.83,0.24,113.45,36
MED0309,Tramadol 1g Injection,Neuro/Psychiatric,Cadila,No,2026-03,69,1079,866,200.9,866,0,No,282,7,100.83,0.24,113.45,36
MED0309,Tramadol 1g Injection,Neuro/Psychiatric,Cadila,No,2026-04,282,1113,958,238.9,958,0,No,437,7,100.83,0.24,113.45,36
MED0309,Tramadol 1g Injection,Neuro/Psychiatric,Cadila,No,2026-05,437,578,747,226.4,747,0,No,268,7,100.83,0.24,113.45,36
MED0309,Tramadol 1g Injection,Neuro/Psychiatric,Cadila,No,2026-06,268,957,960,333.2,960,0,No,265,7,100.83,0.24,113.45,36
MED0309,Tramadol 1g Injection,Neuro/Psychiatric,Cadila,No,2026-07,265,639,776,206.7,776,0,No,128,7,100.83,0.24,113.45,36
MED0310,Methyldopa 250mg Suspension,Gastrointestinal,Mankind,No,2025-08,222,608,856,140.5,830,26,Yes,0,4,266.1,0.17,52.86,6
MED0310,Methyldopa 250mg Suspension,Gastrointestinal,Mankind,No,2025-09,0,0,931,258.9,0,931,Yes,0,4,266.1,0.17,52.86,6
MED0310,Methyldopa 250mg Suspension,Gastrointestinal,Mankind,No,2025-10,0,1354,1162,179.6,1162,0,No,192,4,266.1,0.17,52.86,6
MED0310,Methyldopa 250mg Suspension,Gastrointestinal,Mankind,No,2025-11,192,1801,1440,225.9,1440,0,No,553,4,266.1,0.17,52.86,6
MED0310,Methyldopa 250mg Suspension,Gastrointestinal,Mankind,No,2025-12,553,0,1662,409.5,553,1109,Yes,0,4,266.1,0.17,52.86,6
MED0310,Methyldopa 250mg Suspension,Gastrointestinal,Mankind,No,2026-01,0,1664,1766,409.5,1664,102,Yes,0,4,266.1,0.17,52.86,6
MED0310,Methyldopa 250mg Suspension,Gastrointestinal,Mankind,No,2026-02,0,0,1506,256.4,0,1506,Yes,0,4,266.1,0.17,52.86,6
MED0310,Methyldopa 250mg Suspension,Gastrointestinal,Mankind,No,2026-03,0,1069,909,144.6,909,0,No,160,4,266.1,0.17,52.86,6
MED0310,Methyldopa 250mg Suspension,Gastrointestinal,Mankind,No,2026-04,160,761,843,223.4,843,0,No,78,4,266.1,0.17,52.86,6
MED0310,Methyldopa 250mg Suspension,Gastrointestinal,Mankind,No,2026-05,78,545,684,145.6,623,61,Yes,0,4,266.1,0.17,52.86,6
MED0310,Methyldopa 250mg Suspension,Gastrointestinal,Mankind,No,2026-06,0,648,609,164,609,0,No,39,4,266.1,0.17,52.86,6
MED0310,Methyldopa 250mg Suspension,Gastrointestinal,Mankind,No,2026-07,39,937,829,235.9,829,0,No,147,4,266.1,0.17,52.86,6
MED0311,Risperidone 1mg Inhaler,Antibiotic,Zydus,No,2025-08,313,598,616,133.8,616,0,No,295,5,405.31,0.18,323.01,18
MED0311,Risperidone 1mg Inhaler,Antibiotic,Zydus,No,2025-09,295,968,796,174.4,796,0,No,467,5,405.31,0.18,323.01,18
MED0311,Risperidone 1mg Inhaler,Antibiotic,Zydus,No,2025-10,467,838,843,216.7,843,0,No,462,5,405.31,0.18,323.01,18
MED0311,Risperidone 1mg Inhaler,Antibiotic,Zydus,No,2025-11,462,1084,1151,192.4,1151,0,No,395,5,405.31,0.18,323.01,18
MED0311,Risperidone 1mg Inhaler,Antibiotic,Zydus,No,2025-12,395,1623,1341,460.2,1341,0,No,677,5,405.31,0.18,323.01,18
MED0311,Risperidone 1mg Inhaler,Antibiotic,Zydus,No,2026-01,677,1262,1349,462.4,1349,0,No,590,5,405.31,0.18,323.01,18
MED0311,Risperidone 1mg Inhaler,Antibiotic,Zydus,No,2026-02,590,0,1247,191.2,590,657,Yes,0,5,405.31,0.18,323.01,18
MED0311,Risperidone 1mg Inhaler,Antibiotic,Zydus,No,2026-03,0,923,923,257.6,923,0,No,0,5,405.31,0.18,323.01,18
MED0311,Risperidone 1mg Inhaler,Antibiotic,Zydus,No,2026-04,0,581,753,208.1,581,172,Yes,0,5,405.31,0.18,323.01,18
MED0311,Risperidone 1mg Inhaler,Antibiotic,Zydus,No,2026-05,0,541,551,190.5,541,10,Yes,0,5,405.31,0.18,323.01,18
MED0311,Risperidone 1mg Inhaler,Antibiotic,Zydus,No,2026-06,0,655,587,191.8,587,0,No,68,5,405.31,0.18,323.01,18
MED0311,Risperidone 1mg Inhaler,Antibiotic,Zydus,No,2026-07,68,773,609,94.9,609,0,No,232,5,405.31,0.18,323.01,18
MED0312,Povidone Iodine 500mg Tablet,Vitamin/Supplement,Alkem,No,2025-08,756,4265,3535,1106.6,3535,0,No,1486,3,250.87,0.26,67.59,18
MED0312,Povidone Iodine 500mg Tablet,Vitamin/Supplement,Alkem,No,2025-09,1486,4122,3214,568.5,3214,0,No,2394,3,250.87,0.26,67.59,18
MED0312,Povidone Iodine 500mg Tablet,Vitamin/Supplement,Alkem,No,2025-10,2394,0,2980,964.2,2394,586,Yes,0,3,250.87,0.26,67.59,18
MED0312,Povidone Iodine 500mg Tablet,Vitamin/Supplement,Alkem,No,2025-11,0,0,2964,652.6,0,2964,Yes,0,3,250.87,0.26,67.59,18
MED0312,Povidone Iodine 500mg Tablet,Vitamin/Supplement,Alkem,No,2025-12,0,2039,2763,521.2,2039,724,Yes,0,3,250.87,0.26,67.59,18
MED0312,Povidone Iodine 500mg Tablet,Vitamin/Supplement,Alkem,No,2026-01,0,3142,2931,445.6,2931,0,No,211,3,250.87,0.26,67.59,18
MED0312,Povidone Iodine 500mg Tablet,Vitamin/Supplement,Alkem,No,2026-02,211,3685,3255,732,3255,0,No,641,3,250.87,0.26,67.59,18
MED0312,Povidone Iodine 500mg Tablet,Vitamin/Supplement,Alkem,No,2026-03,641,2896,3411,606.2,3411,0,No,126,3,250.87,0.26,67.59,18
MED0312,Povidone Iodine 500mg Tablet,Vitamin/Supplement,Alkem,No,2026-04,126,2330,2809,833.9,2456,353,Yes,0,3,250.87,0.26,67.59,18
MED0312,Povidone Iodine 500mg Tablet,Vitamin/Supplement,Alkem,No,2026-05,0,3612,2942,1010.1,2942,0,No,670,3,250.87,0.26,67.59,18
MED0312,Povidone Iodine 500mg Tablet,Vitamin/Supplement,Alkem,No,2026-06,670,2301,3082,846.8,2971,111,Yes,0,3,250.87,0.26,67.59,18
MED0312,Povidone Iodine 500mg Tablet,Vitamin/Supplement,Alkem,No,2026-07,0,3658,3027,813.6,3027,0,No,631,3,250.87,0.26,67.59,18
MED0313,Cough Syrup 500mg Syrup,Gastrointestinal,Intas,No,2025-08,78,666,921,161.2,744,177,Yes,0,2,130.65,0.22,86.65,9
MED0313,Cough Syrup 500mg Syrup,Gastrointestinal,Intas,No,2025-09,0,917,894,205.8,894,0,No,23,2,130.65,0.22,86.65,9
MED0313,Cough Syrup 500mg Syrup,Gastrointestinal,Intas,No,2025-10,23,796,895,227.9,819,76,Yes,0,2,130.65,0.22,86.65,9
MED0313,Cough Syrup 500mg Syrup,Gastrointestinal,Intas,No,2025-11,0,1338,1055,273.4,1055,0,No,283,2,130.65,0.22,86.65,9
MED0313,Cough Syrup 500mg Syrup,Gastrointestinal,Intas,No,2025-12,283,981,1059,367,1059,0,No,205,2,130.65,0.22,86.65,9
MED0313,Cough Syrup 500mg Syrup,Gastrointestinal,Intas,No,2026-01,205,964,896,253.3,896,0,No,273,2,130.65,0.22,86.65,9
MED0313,Cough Syrup 500mg Syrup,Gastrointestinal,Intas,No,2026-02,273,1329,1069,230.7,1069,0,No,533,2,130.65,0.22,86.65,9
MED0313,Cough Syrup 500mg Syrup,Gastrointestinal,Intas,No,2026-03,533,1001,1033,357.7,1033,0,No,501,2,130.65,0.22,86.65,9
MED0313,Cough Syrup 500mg Syrup,Gastrointestinal,Intas,No,2026-04,501,825,968,319.5,968,0,No,358,2,130.65,0.22,86.65,9
MED0313,Cough Syrup 500mg Syrup,Gastrointestinal,Intas,No,2026-05,358,0,941,238.3,358,583,Yes,0,2,130.65,0.22,86.65,9
MED0313,Cough Syrup 500mg Syrup,Gastrointestinal,Intas,No,2026-06,0,1218,1030,177,1030,0,No,188,2,130.65,0.22,86.65,9
MED0313,Cough Syrup 500mg Syrup,Gastrointestinal,Intas,No,2026-07,188,1210,950,302.5,950,0,No,448,2,130.65,0.22,86.65,9
MED0314,Budesonide 10mg Inhaler,Neuro/Psychiatric,Cipla,Yes,2025-08,197,1734,2067,670.7,1931,136,Yes,0,3,235.77,0.14,331.88,18
MED0314,Budesonide 10mg Inhaler,Neuro/Psychiatric,Cipla,Yes,2025-09,0,2412,2405,602.3,2405,0,No,7,3,235.77,0.14,331.88,18
MED0314,Budesonide 10mg Inhaler,Neuro/Psychiatric,Cipla,Yes,2025-10,7,1365,1338,320.9,1338,0,No,34,3,235.77,0.14,331.88,18
MED0314,Budesonide 10mg Inhaler,Neuro/Psychiatric,Cipla,Yes,2025-11,34,856,1035,162.9,890,145,Yes,0,3,235.77,0.14,331.88,18
MED0314,Budesonide 10mg Inhaler,Neuro/Psychiatric,Cipla,Yes,2025-12,0,1272,999,269.5,999,0,No,273,3,235.77,0.14,331.88,18
MED0314,Budesonide 10mg Inhaler,Neuro/Psychiatric,Cipla,Yes,2026-01,273,761,938,325,938,0,No,96,3,235.77,0.14,331.88,18
MED0314,Budesonide 10mg Inhaler,Neuro/Psychiatric,Cipla,Yes,2026-02,96,904,873,213.2,873,0,No,127,3,235.77,0.14,331.88,18
MED0314,Budesonide 10mg Inhaler,Neuro/Psychiatric,Cipla,Yes,2026-03,127,784,984,293.8,911,73,Yes,0,3,235.77,0.14,331.88,18
MED0314,Budesonide 10mg Inhaler,Neuro/Psychiatric,Cipla,Yes,2026-04,0,1290,1227,407.7,1227,0,No,63,3,235.77,0.14,331.88,18
MED0314,Budesonide 10mg Inhaler,Neuro/Psychiatric,Cipla,Yes,2026-05,63,1662,1444,241.7,1444,0,No,281,3,235.77,0.14,331.88,18
MED0314,Budesonide 10mg Inhaler,Neuro/Psychiatric,Cipla,Yes,2026-06,281,2570,2155,424.7,2155,0,No,696,3,235.77,0.14,331.88,18
MED0314,Budesonide 10mg Inhaler,Neuro/Psychiatric,Cipla,Yes,2026-07,696,0,2655,470.9,696,1959,Yes,0,3,235.77,0.14,331.88,18
MED0315,Ivermectin 100mg Syrup,Vitamin/Supplement,Cipla,No,2025-08,796,2775,2142,370.8,2142,0,No,1429,10,727.39,0.17,254.23,9
MED0315,Ivermectin 100mg Syrup,Vitamin/Supplement,Cipla,No,2025-09,1429,2508,1987,478.3,1987,0,No,1950,10,727.39,0.17,254.23,9
MED0315,Ivermectin 100mg Syrup,Vitamin/Supplement,Cipla,No,2025-10,1950,2667,2314,373.8,2314,0,No,2303,10,727.39,0.17,254.23,9
MED0315,Ivermectin 100mg Syrup,Vitamin/Supplement,Cipla,No,2025-11,2303,2555,2187,386.3,2187,0,No,2671,10,727.39,0.17,254.23,9
MED0315,Ivermectin 100mg Syrup,Vitamin/Supplement,Cipla,No,2025-12,2671,0,1895,614.5,1895,0,No,776,10,727.39,0.17,254.23,9
MED0315,Ivermectin 100mg Syrup,Vitamin/Supplement,Cipla,No,2026-01,776,2542,2245,613.3,2245,0,No,1073,10,727.39,0.17,254.23,9
MED0315,Ivermectin 100mg Syrup,Vitamin/Supplement,Cipla,No,2026-02,1073,2495,2245,756.1,2245,0,No,1323,10,727.39,0.17,254.23,9
MED0315,Ivermectin 100mg Syrup,Vitamin/Supplement,Cipla,No,2026-03,1323,1497,2133,544,2133,0,No,687,10,727.39,0.17,254.23,9
MED0315,Ivermectin 100mg Syrup,Vitamin/Supplement,Cipla,No,2026-04,687,2407,1934,498.3,1934,0,No,1160,10,727.39,0.17,254.23,9
MED0315,Ivermectin 100mg Syrup,Vitamin/Supplement,Cipla,No,2026-05,1160,2097,2161,530.7,2161,0,No,1096,10,727.39,0.17,254.23,9
MED0315,Ivermectin 100mg Syrup,Vitamin/Supplement,Cipla,No,2026-06,1096,1649,2106,317.1,2106,0,No,639,10,727.39,0.17,254.23,9
MED0315,Ivermectin 100mg Syrup,Vitamin/Supplement,Cipla,No,2026-07,639,2144,2187,537.6,2187,0,No,596,10,727.39,0.17,254.23,9
MED0316,Atorvastatin 500mg Tablet,Analgesic,Biocon,No,2025-08,114,789,784,126.1,784,0,No,119,3,545.88,0.27,82.5,24
MED0316,Atorvastatin 500mg Tablet,Analgesic,Biocon,No,2025-09,119,664,765,161,765,0,No,18,3,545.88,0.27,82.5,24
MED0316,Atorvastatin 500mg Tablet,Analgesic,Biocon,No,2025-10,18,912,893,311.4,893,0,No,37,3,545.88,0.27,82.5,24
MED0316,Atorvastatin 500mg Tablet,Analgesic,Biocon,No,2025-11,37,1223,1297,376.5,1260,37,Yes,0,3,545.88,0.27,82.5,24
MED0316,Atorvastatin 500mg Tablet,Analgesic,Biocon,No,2025-12,0,1388,1322,289.3,1322,0,No,66,3,545.88,0.27,82.5,24
MED0316,Atorvastatin 500mg Tablet,Analgesic,Biocon,No,2026-01,66,1653,1274,414.7,1274,0,No,445,3,545.88,0.27,82.5,24
MED0316,Atorvastatin 500mg Tablet,Analgesic,Biocon,No,2026-02,445,1151,1383,467.6,1383,0,No,213,3,545.88,0.27,82.5,24
MED0316,Atorvastatin 500mg Tablet,Analgesic,Biocon,No,2026-03,213,936,878,171.1,878,0,No,271,3,545.88,0.27,82.5,24
MED0316,Atorvastatin 500mg Tablet,Analgesic,Biocon,No,2026-04,271,557,600,206.3,600,0,No,228,3,545.88,0.27,82.5,24
MED0316,Atorvastatin 500mg Tablet,Analgesic,Biocon,No,2026-05,228,680,611,148.6,611,0,No,297,3,545.88,0.27,82.5,24
MED0316,Atorvastatin 500mg Tablet,Analgesic,Biocon,No,2026-06,297,724,568,136,568,0,No,453,3,545.88,0.27,82.5,24
MED0316,Atorvastatin 500mg Tablet,Analgesic,Biocon,No,2026-07,453,727,588,98.7,588,0,No,592,3,545.88,0.27,82.5,24
MED0317,Metronidazole 50mg Inhaler,Emergency/Critical Care,Aurobindo,No,2025-08,904,1249,1685,475.1,1685,0,No,468,7,527.1,0.27,294.5,12
MED0317,Metronidazole 50mg Inhaler,Emergency/Critical Care,Aurobindo,No,2025-09,468,2176,1728,263.9,1728,0,No,916,7,527.1,0.27,294.5,12
MED0317,Metronidazole 50mg Inhaler,Emergency/Critical Care,Aurobindo,No,2025-10,916,1405,1581,534.3,1581,0,No,740,7,527.1,0.27,294.5,12
MED0317,Metronidazole 50mg Inhaler,Emergency/Critical Care,Aurobindo,No,2025-11,740,2143,1744,527.3,1744,0,No,1139,7,527.1,0.27,294.5,12
MED0317,Metronidazole 50mg Inhaler,Emergency/Critical Care,Aurobindo,No,2025-12,1139,1781,1448,484.3,1448,0,No,1472,7,527.1,0.27,294.5,12
MED0317,Metronidazole 50mg Inhaler,Emergency/Critical Care,Aurobindo,No,2026-01,1472,1313,1630,516,1630,0,No,1155,7,527.1,0.27,294.5,12
MED0317,Metronidazole 50mg Inhaler,Emergency/Critical Care,Aurobindo,No,2026-02,1155,2246,1890,376.3,1890,0,No,1511,7,527.1,0.27,294.5,12
MED0317,Metronidazole 50mg Inhaler,Emergency/Critical Care,Aurobindo,No,2026-03,1511,1774,1481,287.9,1481,0,No,1804,7,527.1,0.27,294.5,12
MED0317,Metronidazole 50mg Inhaler,Emergency/Critical Care,Aurobindo,No,2026-04,1804,1826,1502,389.8,1502,0,No,2128,7,527.1,0.27,294.5,12
MED0317,Metronidazole 50mg Inhaler,Emergency/Critical Care,Aurobindo,No,2026-05,2128,1823,1899,582.9,1899,0,No,2052,7,527.1,0.27,294.5,12
MED0317,Metronidazole 50mg Inhaler,Emergency/Critical Care,Aurobindo,No,2026-06,2052,1694,1484,433.2,1484,0,No,2262,7,527.1,0.27,294.5,12
MED0317,Metronidazole 50mg Inhaler,Emergency/Critical Care,Aurobindo,No,2026-07,2262,1599,1436,357.9,1436,0,No,2425,7,527.1,0.27,294.5,12
MED0318,Pantoprazole 500mg Tablet,Analgesic,Aurobindo,Yes,2025-08,149,1965,1758,342.2,1758,0,No,356,2,60.99,0.18,68.57,6
MED0318,Pantoprazole 500mg Tablet,Analgesic,Aurobindo,Yes,2025-09,356,1715,1392,298.5,1392,0,No,679,2,60.99,0.18,68.57,6
MED0318,Pantoprazole 500mg Tablet,Analgesic,Aurobindo,Yes,2025-10,679,0,944,148.8,679,265,Yes,0,2,60.99,0.18,68.57,6
MED0318,Pantoprazole 500mg Tablet,Analgesic,Aurobindo,Yes,2025-11,0,762,706,194.7,706,0,No,56,2,60.99,0.18,68.57,6
MED0318,Pantoprazole 500mg Tablet,Analgesic,Aurobindo,Yes,2025-12,56,0,690,106.1,56,634,Yes,0,2,60.99,0.18,68.57,6
MED0318,Pantoprazole 500mg Tablet,Analgesic,Aurobindo,Yes,2026-01,0,0,620,112.2,0,620,Yes,0,2,60.99,0.18,68.57,6
MED0318,Pantoprazole 500mg Tablet,Analgesic,Aurobindo,Yes,2026-02,0,803,675,211.3,675,0,No,128,2,60.99,0.18,68.57,6
MED0318,Pantoprazole 500mg Tablet,Analgesic,Aurobindo,Yes,2026-03,128,1027,793,235.6,793,0,No,362,2,60.99,0.18,68.57,6
MED0318,Pantoprazole 500mg Tablet,Analgesic,Aurobindo,Yes,2026-04,362,1003,781,150.7,781,0,No,584,2,60.99,0.18,68.57,6
MED0318,Pantoprazole 500mg Tablet,Analgesic,Aurobindo,Yes,2026-05,584,1252,1238,382.5,1238,0,No,598,2,60.99,0.18,68.57,6
MED0318,Pantoprazole 500mg Tablet,Analgesic,Aurobindo,Yes,2026-06,598,1644,1848,534.3,1848,0,No,394,2,60.99,0.18,68.57,6
MED0318,Pantoprazole 500mg Tablet,Analgesic,Aurobindo,Yes,2026-07,394,0,1744,559.7,394,1350,Yes,0,2,60.99,0.18,68.57,6
MED0319,Amoxicillin 1g Tablet,Dermatological,Alkem,No,2025-08,774,1086,962,322.5,962,0,No,898,10,178.84,0.26,284.74,24
MED0319,Amoxicillin 1g Tablet,Dermatological,Alkem,No,2025-09,898,1222,955,263,955,0,No,1165,10,178.84,0.26,284.74,24
MED0319,Amoxicillin 1g Tablet,Dermatological,Alkem,No,2025-10,1165,889,1015,203.3,1015,0,No,1039,10,178.84,0.26,284.74,24
MED0319,Amoxicillin 1g Tablet,Dermatological,Alkem,No,2025-11,1039,804,923,157.3,923,0,No,920,10,178.84,0.26,284.74,24
MED0319,Amoxicillin 1g Tablet,Dermatological,Alkem,No,2025-12,920,698,890,297.3,890,0,No,728,10,178.84,0.26,284.74,24
MED0319,Amoxicillin 1g Tablet,Dermatological,Alkem,No,2026-01,728,0,1037,344.9,728,309,Yes,0,10,178.84,0.26,284.74,24
MED0319,Amoxicillin 1g Tablet,Dermatological,Alkem,No,2026-02,0,1048,1053,273.2,1048,5,Yes,0,10,178.84,0.26,284.74,24
MED0319,Amoxicillin 1g Tablet,Dermatological,Alkem,No,2026-03,0,731,1016,159.3,731,285,Yes,0,10,178.84,0.26,284.74,24
MED0319,Amoxicillin 1g Tablet,Dermatological,Alkem,No,2026-04,0,841,947,170.6,841,106,Yes,0,10,178.84,0.26,284.74,24
MED0319,Amoxicillin 1g Tablet,Dermatological,Alkem,No,2026-05,0,935,946,223,935,11,Yes,0,10,178.84,0.26,284.74,24
MED0319,Amoxicillin 1g Tablet,Dermatological,Alkem,No,2026-06,0,1075,1043,171.8,1043,0,No,32,10,178.84,0.26,284.74,24
MED0319,Amoxicillin 1g Tablet,Dermatological,Alkem,No,2026-07,32,0,1088,179.5,32,1056,Yes,0,10,178.84,0.26,284.74,24
MED0320,Rabies Vaccine 5ml Syrup,Vitamin/Supplement,Alkem,No,2025-08,96,905,1219,280.1,1001,218,Yes,0,2,42.69,0.23,181.96,6
MED0320,Rabies Vaccine 5ml Syrup,Vitamin/Supplement,Alkem,No,2025-09,0,1181,1063,223.2,1063,0,No,118,2,42.69,0.23,181.96,6
MED0320,Rabies Vaccine 5ml Syrup,Vitamin/Supplement,Alkem,No,2025-10,118,1170,1038,351.6,1038,0,No,250,2,42.69,0.23,181.96,6
MED0320,Rabies Vaccine 5ml Syrup,Vitamin/Supplement,Alkem,No,2025-11,250,1402,1178,229.2,1178,0,No,474,2,42.69,0.23,181.96,6
MED0320,Rabies Vaccine 5ml Syrup,Vitamin/Supplement,Alkem,No,2025-12,474,1262,1133,303.3,1133,0,No,603,2,42.69,0.23,181.96,6
MED0320,Rabies Vaccine 5ml Syrup,Vitamin/Supplement,Alkem,No,2026-01,603,781,1102,351.3,1102,0,No,282,2,42.69,0.23,181.96,6
MED0320,Rabies Vaccine 5ml Syrup,Vitamin/Supplement,Alkem,No,2026-02,282,894,1088,204.8,1088,0,No,88,2,42.69,0.23,181.96,6
MED0320,Rabies Vaccine 5ml Syrup,Vitamin/Supplement,Alkem,No,2026-03,88,1321,1262,250.2,1262,0,No,147,2,42.69,0.23,181.96,6
MED0320,Rabies Vaccine 5ml Syrup,Vitamin/Supplement,Alkem,No,2026-04,147,1549,1340,469,1340,0,No,356,2,42.69,0.23,181.96,6
MED0320,Rabies Vaccine 5ml Syrup,Vitamin/Supplement,Alkem,No,2026-05,356,806,1130,339.7,1130,0,No,32,2,42.69,0.23,181.96,6
MED0320,Rabies Vaccine 5ml Syrup,Vitamin/Supplement,Alkem,No,2026-06,32,1159,1183,229,1183,0,No,8,2,42.69,0.23,181.96,6
MED0320,Rabies Vaccine 5ml Syrup,Vitamin/Supplement,Alkem,No,2026-07,8,1233,1196,311.2,1196,0,No,45,2,42.69,0.23,181.96,6
MED0321,Levetiracetam 10mg Syrup,Neuro/Psychiatric,Biocon,Yes,2025-08,1293,1402,1617,384.2,1617,0,No,1078,10,382.14,0.18,152.39,36
MED0321,Levetiracetam 10mg Syrup,Neuro/Psychiatric,Biocon,Yes,2025-09,1078,1782,1648,444.5,1648,0,No,1212,10,382.14,0.18,152.39,36
MED0321,Levetiracetam 10mg Syrup,Neuro/Psychiatric,Biocon,Yes,2025-10,1212,1273,1633,348.1,1633,0,No,852,10,382.14,0.18,152.39,36
MED0321,Levetiracetam 10mg Syrup,Neuro/Psychiatric,Biocon,Yes,2025-11,852,0,1583,250.8,852,731,Yes,0,10,382.14,0.18,152.39,36
MED0321,Levetiracetam 10mg Syrup,Neuro/Psychiatric,Biocon,Yes,2025-12,0,1724,1578,242.9,1578,0,No,146,10,382.14,0.18,152.39,36
MED0321,Levetiracetam 10mg Syrup,Neuro/Psychiatric,Biocon,Yes,2026-01,146,1743,1484,352.2,1484,0,No,405,10,382.14,0.18,152.39,36
MED0321,Levetiracetam 10mg Syrup,Neuro/Psychiatric,Biocon,Yes,2026-02,405,1197,1610,539.3,1602,8,Yes,0,10,382.14,0.18,152.39,36
MED0321,Levetiracetam 10mg Syrup,Neuro/Psychiatric,Biocon,Yes,2026-03,0,2158,1963,636,1963,0,No,195,10,382.14,0.18,152.39,36
MED0321,Levetiracetam 10mg Syrup,Neuro/Psychiatric,Biocon,Yes,2026-04,195,1764,1797,339.4,1797,0,No,162,10,382.14,0.18,152.39,36
MED0321,Levetiracetam 10mg Syrup,Neuro/Psychiatric,Biocon,Yes,2026-05,162,1411,1921,292,1573,348,Yes,0,10,382.14,0.18,152.39,36
MED0321,Levetiracetam 10mg Syrup,Neuro/Psychiatric,Biocon,Yes,2026-06,0,1248,1698,471.3,1248,450,Yes,0,10,382.14,0.18,152.39,36
MED0321,Levetiracetam 10mg Syrup,Neuro/Psychiatric,Biocon,Yes,2026-07,0,0,1668,445,0,1668,Yes,0,10,382.14,0.18,152.39,36
MED0322,Telmisartan 50mg Inhaler,Gastrointestinal,Alkem,No,2025-08,72,308,302,76.8,302,0,No,78,5,609.63,0.25,125.48,36
MED0322,Telmisartan 50mg Inhaler,Gastrointestinal,Alkem,No,2025-09,78,255,343,52.5,333,10,Yes,0,5,609.63,0.25,125.48,36
MED0322,Telmisartan 50mg Inhaler,Gastrointestinal,Alkem,No,2025-10,0,361,306,55.1,306,0,No,55,5,609.63,0.25,125.48,36
MED0322,Telmisartan 50mg Inhaler,Gastrointestinal,Alkem,No,2025-11,55,367,437,120.2,422,15,Yes,0,5,609.63,0.25,125.48,36
MED0322,Telmisartan 50mg Inhaler,Gastrointestinal,Alkem,No,2025-12,0,698,578,178.9,578,0,No,120,5,609.63,0.25,125.48,36
MED0322,Telmisartan 50mg Inhaler,Gastrointestinal,Alkem,No,2026-01,120,665,582,179.7,582,0,No,203,5,609.63,0.25,125.48,36
MED0322,Telmisartan 50mg Inhaler,Gastrointestinal,Alkem,No,2026-02,203,621,571,87.2,571,0,No,253,5,609.63,0.25,125.48,36
MED0322,Telmisartan 50mg Inhaler,Gastrointestinal,Alkem,No,2026-03,253,407,381,70.6,381,0,No,279,5,609.63,0.25,125.48,36
MED0322,Telmisartan 50mg Inhaler,Gastrointestinal,Alkem,No,2026-04,279,192,258,39.8,258,0,No,213,5,609.63,0.25,125.48,36
MED0322,Telmisartan 50mg Inhaler,Gastrointestinal,Alkem,No,2026-05,213,249,224,59.4,224,0,No,238,5,609.63,0.25,125.48,36
MED0322,Telmisartan 50mg Inhaler,Gastrointestinal,Alkem,No,2026-06,238,209,243,74.1,243,0,No,204,5,609.63,0.25,125.48,36
MED0322,Telmisartan 50mg Inhaler,Gastrointestinal,Alkem,No,2026-07,204,317,286,96,286,0,No,235,5,609.63,0.25,125.48,36
MED0323,Fluoxetine 20mg Tablet,Anesthetic,Sun Pharma,No,2025-08,934,3147,2425,636.6,2425,0,No,1656,14,249.79,0.16,242.79,6
MED0323,Fluoxetine 20mg Tablet,Anesthetic,Sun Pharma,No,2025-09,1656,0,1806,294.5,1656,150,Yes,0,14,249.79,0.16,242.79,6
MED0323,Fluoxetine 20mg Tablet,Anesthetic,Sun Pharma,No,2025-10,0,1295,1448,256.7,1295,153,Yes,0,14,249.79,0.16,242.79,6
MED0323,Fluoxetine 20mg Tablet,Anesthetic,Sun Pharma,No,2025-11,0,1089,1036,200.1,1036,0,No,53,14,249.79,0.16,242.79,6
MED0323,Fluoxetine 20mg Tablet,Anesthetic,Sun Pharma,No,2025-12,53,0,1020,270.2,53,967,Yes,0,14,249.79,0.16,242.79,6
MED0323,Fluoxetine 20mg Tablet,Anesthetic,Sun Pharma,No,2026-01,0,591,811,282.1,591,220,Yes,0,14,249.79,0.16,242.79,6
MED0323,Fluoxetine 20mg Tablet,Anesthetic,Sun Pharma,No,2026-02,0,756,955,222,756,199,Yes,0,14,249.79,0.16,242.79,6
MED0323,Fluoxetine 20mg Tablet,Anesthetic,Sun Pharma,No,2026-03,0,1022,1157,188.3,1022,135,Yes,0,14,249.79,0.16,242.79,6
MED0323,Fluoxetine 20mg Tablet,Anesthetic,Sun Pharma,No,2026-04,0,0,1077,271,0,1077,Yes,0,14,249.79,0.16,242.79,6
MED0323,Fluoxetine 20mg Tablet,Anesthetic,Sun Pharma,No,2026-05,0,1291,1410,474.8,1291,119,Yes,0,14,249.79,0.16,242.79,6
MED0323,Fluoxetine 20mg Tablet,Anesthetic,Sun Pharma,No,2026-06,0,1816,2231,585.3,1816,415,Yes,0,14,249.79,0.16,242.79,6
MED0323,Fluoxetine 20mg Tablet,Anesthetic,Sun Pharma,No,2026-07,0,2131,2834,854.5,2131,703,Yes,0,14,249.79,0.16,242.79,6
MED0324,Bisacodyl 20mg Suspension,Dermatological,Glenmark,No,2025-08,361,1276,1542,497.5,1542,0,No,95,7,61.9,0.18,210.71,24
MED0324,Bisacodyl 20mg Suspension,Dermatological,Glenmark,No,2025-09,95,1056,1315,381.2,1151,164,Yes,0,7,61.9,0.18,210.71,24
MED0324,Bisacodyl 20mg Suspension,Dermatological,Glenmark,No,2025-10,0,1446,1287,298.1,1287,0,No,159,7,61.9,0.18,210.71,24
MED0324,Bisacodyl 20mg Suspension,Dermatological,Glenmark,No,2025-11,159,0,1639,446,159,1480,Yes,0,7,61.9,0.18,210.71,24
MED0324,Bisacodyl 20mg Suspension,Dermatological,Glenmark,No,2025-12,0,1934,1582,548.7,1582,0,No,352,7,61.9,0.18,210.71,24
MED0324,Bisacodyl 20mg Suspension,Dermatological,Glenmark,No,2026-01,352,1560,1410,423.2,1410,0,No,502,7,61.9,0.18,210.71,24
MED0324,Bisacodyl 20mg Suspension,Dermatological,Glenmark,No,2026-02,502,1078,1387,472.6,1387,0,No,193,7,61.9,0.18,210.71,24
MED0324,Bisacodyl 20mg Suspension,Dermatological,Glenmark,No,2026-03,193,1001,1324,370.1,1194,130,Yes,0,7,61.9,0.18,210.71,24
MED0324,Bisacodyl 20mg Suspension,Dermatological,Glenmark,No,2026-04,0,1320,1608,498.3,1320,288,Yes,0,7,61.9,0.18,210.71,24
MED0324,Bisacodyl 20mg Suspension,Dermatological,Glenmark,No,2026-05,0,1488,1585,241.1,1488,97,Yes,0,7,61.9,0.18,210.71,24
MED0324,Bisacodyl 20mg Suspension,Dermatological,Glenmark,No,2026-06,0,0,1650,376.3,0,1650,Yes,0,7,61.9,0.18,210.71,24
MED0324,Bisacodyl 20mg Suspension,Dermatological,Glenmark,No,2026-07,0,1812,1433,357.9,1433,0,No,379,7,61.9,0.18,210.71,24
MED0325,Oxytocin 100mg Injection,Analgesic,Biocon,No,2025-08,160,275,391,71.4,391,0,No,44,7,425.56,0.21,126.21,18
MED0325,Oxytocin 100mg Injection,Analgesic,Biocon,No,2025-09,44,307,407,104.8,351,56,Yes,0,7,425.56,0.21,126.21,18
MED0325,Oxytocin 100mg Injection,Analgesic,Biocon,No,2025-10,0,665,517,105.9,517,0,No,148,7,425.56,0.21,126.21,18
MED0325,Oxytocin 100mg Injection,Analgesic,Biocon,No,2025-11,148,762,622,139.7,622,0,No,288,7,425.56,0.21,126.21,18
MED0325,Oxytocin 100mg Injection,Analgesic,Biocon,No,2025-12,288,0,836,242.3,288,548,Yes,0,7,425.56,0.21,126.21,18
MED0325,Oxytocin 100mg Injection,Analgesic,Biocon,No,2026-01,0,975,976,336.3,975,1,Yes,0,7,425.56,0.21,126.21,18
MED0325,Oxytocin 100mg Injection,Analgesic,Biocon,No,2026-02,0,747,685,189.6,685,0,No,62,7,425.56,0.21,126.21,18
MED0325,Oxytocin 100mg Injection,Analgesic,Biocon,No,2026-03,62,381,463,120.3,443,20,Yes,0,7,425.56,0.21,126.21,18
MED0325,Oxytocin 100mg Injection,Analgesic,Biocon,No,2026-04,0,419,394,80.9,394,0,No,25,7,425.56,0.21,126.21,18
MED0325,Oxytocin 100mg Injection,Analgesic,Biocon,No,2026-05,25,477,417,87.2,417,0,No,85,7,425.56,0.21,126.21,18
MED0325,Oxytocin 100mg Injection,Analgesic,Biocon,No,2026-06,85,466,366,61.9,366,0,No,185,7,425.56,0.21,126.21,18
MED0325,Oxytocin 100mg Injection,Analgesic,Biocon,No,2026-07,185,451,381,82.3,381,0,No,255,7,425.56,0.21,126.21,18
MED0326,Cough Syrup 500mg Capsule,Neuro/Psychiatric,Alkem,No,2025-08,89,242,256,59.6,256,0,No,75,7,766.52,0.16,314.72,9
MED0326,Cough Syrup 500mg Capsule,Neuro/Psychiatric,Alkem,No,2025-09,75,318,270,84.5,270,0,No,123,7,766.52,0.16,314.72,9
MED0326,Cough Syrup 500mg Capsule,Neuro/Psychiatric,Alkem,No,2025-10,123,0,237,73.5,123,114,Yes,0,7,766.52,0.16,314.72,9
MED0326,Cough Syrup 500mg Capsule,Neuro/Psychiatric,Alkem,No,2025-11,0,246,239,81.2,239,0,No,7,7,766.52,0.16,314.72,9
MED0326,Cough Syrup 500mg Capsule,Neuro/Psychiatric,Alkem,No,2025-12,7,320,300,104.4,300,0,No,27,7,766.52,0.16,314.72,9
MED0326,Cough Syrup 500mg Capsule,Neuro/Psychiatric,Alkem,No,2026-01,27,335,290,57,290,0,No,72,7,766.52,0.16,314.72,9
MED0326,Cough Syrup 500mg Capsule,Neuro/Psychiatric,Alkem,No,2026-02,72,235,257,45.5,257,0,No,50,7,766.52,0.16,314.72,9
MED0326,Cough Syrup 500mg Capsule,Neuro/Psychiatric,Alkem,No,2026-03,50,393,307,88.9,307,0,No,136,7,766.52,0.16,314.72,9
MED0326,Cough Syrup 500mg Capsule,Neuro/Psychiatric,Alkem,No,2026-04,136,284,302,76.2,302,0,No,118,7,766.52,0.16,314.72,9
MED0326,Cough Syrup 500mg Capsule,Neuro/Psychiatric,Alkem,No,2026-05,118,248,248,48.7,248,0,No,118,7,766.52,0.16,314.72,9
MED0326,Cough Syrup 500mg Capsule,Neuro/Psychiatric,Alkem,No,2026-06,118,0,282,81,118,164,Yes,0,7,766.52,0.16,314.72,9
MED0326,Cough Syrup 500mg Capsule,Neuro/Psychiatric,Alkem,No,2026-07,0,251,233,59.8,233,0,No,18,7,766.52,0.16,314.72,9
MED0327,Cough Syrup 10ml Injection,Gastrointestinal,Cadila,No,2025-08,665,1916,1600,336.8,1600,0,No,981,7,343.05,0.24,295.59,36
MED0327,Cough Syrup 10ml Injection,Gastrointestinal,Cadila,No,2025-09,981,1463,1793,569.6,1793,0,No,651,7,343.05,0.24,295.59,36
MED0327,Cough Syrup 10ml Injection,Gastrointestinal,Cadila,No,2025-10,651,1403,1644,554.9,1644,0,No,410,7,343.05,0.24,295.59,36
MED0327,Cough Syrup 10ml Injection,Gastrointestinal,Cadila,No,2025-11,410,1028,1395,414.8,1395,0,No,43,7,343.05,0.24,295.59,36
MED0327,Cough Syrup 10ml Injection,Gastrointestinal,Cadila,No,2025-12,43,1572,1735,453.8,1615,120,Yes,0,7,343.05,0.24,295.59,36
MED0327,Cough Syrup 10ml Injection,Gastrointestinal,Cadila,No,2026-01,0,1503,1461,352.2,1461,0,No,42,7,343.05,0.24,295.59,36
MED0327,Cough Syrup 10ml Injection,Gastrointestinal,Cadila,No,2026-02,42,1717,1688,480.9,1688,0,No,71,7,343.05,0.24,295.59,36
MED0327,Cough Syrup 10ml Injection,Gastrointestinal,Cadila,No,2026-03,71,0,1719,281.3,71,1648,Yes,0,7,343.05,0.24,295.59,36
MED0327,Cough Syrup 10ml Injection,Gastrointestinal,Cadila,No,2026-04,0,1819,1586,440.6,1586,0,No,233,7,343.05,0.24,295.59,36
MED0327,Cough Syrup 10ml Injection,Gastrointestinal,Cadila,No,2026-05,233,1873,1628,544.8,1628,0,No,478,7,343.05,0.24,295.59,36
MED0327,Cough Syrup 10ml Injection,Gastrointestinal,Cadila,No,2026-06,478,1273,1365,359.1,1365,0,No,386,7,343.05,0.24,295.59,36
MED0327,Cough Syrup 10ml Injection,Gastrointestinal,Cadila,No,2026-07,386,1428,1721,259.7,1721,0,No,93,7,343.05,0.24,295.59,36
MED0328,Ciprofloxacin 20mg Suspension,Gastrointestinal,GSK,No,2025-08,698,2049,1708,540.3,1708,0,No,1039,5,247.12,0.21,140.82,9
MED0328,Ciprofloxacin 20mg Suspension,Gastrointestinal,GSK,No,2025-09,1039,0,1773,489.5,1039,734,Yes,0,5,247.12,0.21,140.82,9
MED0328,Ciprofloxacin 20mg Suspension,Gastrointestinal,GSK,No,2025-10,0,2488,2186,644,2186,0,No,302,5,247.12,0.21,140.82,9
MED0328,Ciprofloxacin 20mg Suspension,Gastrointestinal,GSK,No,2025-11,302,2232,1739,444.7,1739,0,No,795,5,247.12,0.21,140.82,9
MED0328,Ciprofloxacin 20mg Suspension,Gastrointestinal,GSK,No,2025-12,795,1990,2192,650.3,2192,0,No,593,5,247.12,0.21,140.82,9
MED0328,Ciprofloxacin 20mg Suspension,Gastrointestinal,GSK,No,2026-01,593,2532,2218,477,2218,0,No,907,5,247.12,0.21,140.82,9
MED0328,Ciprofloxacin 20mg Suspension,Gastrointestinal,GSK,No,2026-02,907,0,1693,376.2,907,786,Yes,0,5,247.12,0.21,140.82,9
MED0328,Ciprofloxacin 20mg Suspension,Gastrointestinal,GSK,No,2026-03,0,2671,2275,396.8,2275,0,No,396,5,247.12,0.21,140.82,9
MED0328,Ciprofloxacin 20mg Suspension,Gastrointestinal,GSK,No,2026-04,396,1434,1802,445.1,1802,0,No,28,5,247.12,0.21,140.82,9
MED0328,Ciprofloxacin 20mg Suspension,Gastrointestinal,GSK,No,2026-05,28,2220,2145,450.2,2145,0,No,103,5,247.12,0.21,140.82,9
MED0328,Ciprofloxacin 20mg Suspension,Gastrointestinal,GSK,No,2026-06,103,1906,1926,643.4,1926,0,No,83,5,247.12,0.21,140.82,9
MED0328,Ciprofloxacin 20mg Suspension,Gastrointestinal,GSK,No,2026-07,83,1946,1896,407.8,1896,0,No,133,5,247.12,0.21,140.82,9
MED0329,Telmisartan 500mg Ointment,Cardiac,Cipla,No,2025-08,185,587,792,148.9,772,20,Yes,0,3,685.82,0.25,176.58,12
MED0329,Telmisartan 500mg Ointment,Cardiac,Cipla,No,2025-09,0,783,890,225.8,783,107,Yes,0,3,685.82,0.25,176.58,12
MED0329,Telmisartan 500mg Ointment,Cardiac,Cipla,No,2025-10,0,871,941,158.2,871,70,Yes,0,3,685.82,0.25,176.58,12
MED0329,Telmisartan 500mg Ointment,Cardiac,Cipla,No,2025-11,0,0,935,276.5,0,935,Yes,0,3,685.82,0.25,176.58,12
MED0329,Telmisartan 500mg Ointment,Cardiac,Cipla,No,2025-12,0,0,923,264.4,0,923,Yes,0,3,685.82,0.25,176.58,12
MED0329,Telmisartan 500mg Ointment,Cardiac,Cipla,No,2026-01,0,857,747,207,747,0,No,110,3,685.82,0.25,176.58,12
MED0329,Telmisartan 500mg Ointment,Cardiac,Cipla,No,2026-02,110,935,895,252.3,895,0,No,150,3,685.82,0.25,176.58,12
MED0329,Telmisartan 500mg Ointment,Cardiac,Cipla,No,2026-03,150,0,779,259,150,629,Yes,0,3,685.82,0.25,176.58,12
MED0329,Telmisartan 500mg Ointment,Cardiac,Cipla,No,2026-04,0,576,806,238.4,576,230,Yes,0,3,685.82,0.25,176.58,12
MED0329,Telmisartan 500mg Ointment,Cardiac,Cipla,No,2026-05,0,752,730,204.2,730,0,No,22,3,685.82,0.25,176.58,12
MED0329,Telmisartan 500mg Ointment,Cardiac,Cipla,No,2026-06,22,599,841,179.7,621,220,Yes,0,3,685.82,0.25,176.58,12
MED0329,Telmisartan 500mg Ointment,Cardiac,Cipla,No,2026-07,0,588,782,187.5,588,194,Yes,0,3,685.82,0.25,176.58,12
MED0330,Azithromycin 1mg Tablet,Dermatological,Biocon,No,2025-08,2849,2886,3945,1330.9,3945,0,No,1790,14,145.36,0.22,109.03,36
MED0330,Azithromycin 1mg Tablet,Dermatological,Biocon,No,2025-09,1790,3680,3152,542.2,3152,0,No,2318,14,145.36,0.22,109.03,36
MED0330,Azithromycin 1mg Tablet,Dermatological,Biocon,No,2025-10,2318,2802,2511,854.7,2511,0,No,2609,14,145.36,0.22,109.03,36
MED0330,Azithromycin 1mg Tablet,Dermatological,Biocon,No,2025-11,2609,2374,1910,639.8,1910,0,No,3073,14,145.36,0.22,109.03,36
MED0330,Azithromycin 1mg Tablet,Dermatological,Biocon,No,2025-12,3073,1264,1803,317.4,1803,0,No,2534,14,145.36,0.22,109.03,36
MED0330,Azithromycin 1mg Tablet,Dermatological,Biocon,No,2026-01,2534,2161,1939,392.6,1939,0,No,2756,14,145.36,0.22,109.03,36
MED0330,Azithromycin 1mg Tablet,Dermatological,Biocon,No,2026-02,2756,0,2160,481.8,2160,0,No,596,14,145.36,0.22,109.03,36
MED0330,Azithromycin 1mg Tablet,Dermatological,Biocon,No,2026-03,596,3083,2908,535.6,2908,0,No,771,14,145.36,0.22,109.03,36
MED0330,Azithromycin 1mg Tablet,Dermatological,Biocon,No,2026-04,771,0,3801,721.2,771,3030,Yes,0,14,145.36,0.22,109.03,36
MED0330,Azithromycin 1mg Tablet,Dermatological,Biocon,No,2026-05,0,0,4433,1430.1,0,4433,Yes,0,14,145.36,0.22,109.03,36
MED0330,Azithromycin 1mg Tablet,Dermatological,Biocon,No,2026-06,0,0,5377,1020,0,5377,Yes,0,14,145.36,0.22,109.03,36
MED0330,Azithromycin 1mg Tablet,Dermatological,Biocon,No,2026-07,0,4732,3910,649,3910,0,No,822,14,145.36,0.22,109.03,36
MED0331,Nitroglycerin 1g Suspension,Anesthetic,Torrent,No,2025-08,652,2291,2844,651,2844,0,No,99,7,552.48,0.17,289.54,18
MED0331,Nitroglycerin 1g Suspension,Anesthetic,Torrent,No,2025-09,99,3014,2937,505.5,2937,0,No,176,7,552.48,0.17,289.54,18
MED0331,Nitroglycerin 1g Suspension,Anesthetic,Torrent,No,2025-10,176,2554,2249,546.3,2249,0,No,481,7,552.48,0.17,289.54,18
MED0331,Nitroglycerin 1g Suspension,Anesthetic,Torrent,No,2025-11,481,0,2601,837.5,481,2120,Yes,0,7,552.48,0.17,289.54,18
MED0331,Nitroglycerin 1g Suspension,Anesthetic,Torrent,No,2025-12,0,3488,2930,935.5,2930,0,No,558,7,552.48,0.17,289.54,18
MED0331,Nitroglycerin 1g Suspension,Anesthetic,Torrent,No,2026-01,558,2414,2644,753.6,2644,0,No,328,7,552.48,0.17,289.54,18
MED0331,Nitroglycerin 1g Suspension,Anesthetic,Torrent,No,2026-02,328,2312,2663,536.6,2640,23,Yes,0,7,552.48,0.17,289.54,18
MED0331,Nitroglycerin 1g Suspension,Anesthetic,Torrent,No,2026-03,0,2148,2314,496.1,2148,166,Yes,0,7,552.48,0.17,289.54,18
MED0331,Nitroglycerin 1g Suspension,Anesthetic,Torrent,No,2026-04,0,2156,2804,518.9,2156,648,Yes,0,7,552.48,0.17,289.54,18
MED0331,Nitroglycerin 1g Suspension,Anesthetic,Torrent,No,2026-05,0,1926,2327,636.4,1926,401,Yes,0,7,552.48,0.17,289.54,18
MED0331,Nitroglycerin 1g Suspension,Anesthetic,Torrent,No,2026-06,0,1842,2589,835.4,1842,747,Yes,0,7,552.48,0.17,289.54,18
MED0331,Nitroglycerin 1g Suspension,Anesthetic,Torrent,No,2026-07,0,2908,2729,438.5,2729,0,No,179,7,552.48,0.17,289.54,18
MED0332,Pantoprazole 2.5mg Injection,Emergency/Critical Care,Cipla,Yes,2025-08,102,0,440,116.4,102,338,Yes,0,4,29.23,0.27,106.25,12
MED0332,Pantoprazole 2.5mg Injection,Emergency/Critical Care,Cipla,Yes,2025-09,0,527,508,139.8,508,0,No,19,4,29.23,0.27,106.25,12
MED0332,Pantoprazole 2.5mg Injection,Emergency/Critical Care,Cipla,Yes,2025-10,19,435,400,61.4,400,0,No,54,4,29.23,0.27,106.25,12
MED0332,Pantoprazole 2.5mg Injection,Emergency/Critical Care,Cipla,Yes,2025-11,54,338,461,86.1,392,69,Yes,0,4,29.23,0.27,106.25,12
MED0332,Pantoprazole 2.5mg Injection,Emergency/Critical Care,Cipla,Yes,2025-12,0,574,464,121,464,0,No,110,4,29.23,0.27,106.25,12
MED0332,Pantoprazole 2.5mg Injection,Emergency/Critical Care,Cipla,Yes,2026-01,110,578,497,172,497,0,No,191,4,29.23,0.27,106.25,12
MED0332,Pantoprazole 2.5mg Injection,Emergency/Critical Care,Cipla,Yes,2026-02,191,380,511,165.3,511,0,No,60,4,29.23,0.27,106.25,12
MED0332,Pantoprazole 2.5mg Injection,Emergency/Critical Care,Cipla,Yes,2026-03,60,462,389,123.5,389,0,No,133,4,29.23,0.27,106.25,12
MED0332,Pantoprazole 2.5mg Injection,Emergency/Critical Care,Cipla,Yes,2026-04,133,529,424,97.3,424,0,No,238,4,29.23,0.27,106.25,12
MED0332,Pantoprazole 2.5mg Injection,Emergency/Critical Care,Cipla,Yes,2026-05,238,350,394,127,394,0,No,194,4,29.23,0.27,106.25,12
MED0332,Pantoprazole 2.5mg Injection,Emergency/Critical Care,Cipla,Yes,2026-06,194,0,430,68.5,194,236,Yes,0,4,29.23,0.27,106.25,12
MED0332,Pantoprazole 2.5mg Injection,Emergency/Critical Care,Cipla,Yes,2026-07,0,538,446,75.4,446,0,No,92,4,29.23,0.27,106.25,12
MED0333,BCG Vaccine 10mg Ointment,Anesthetic,Mankind,Yes,2025-08,133,684,561,105.2,561,0,No,256,4,32.69,0.21,163.28,9
MED0333,BCG Vaccine 10mg Ointment,Anesthetic,Mankind,Yes,2025-09,256,618,543,180.6,543,0,No,331,4,32.69,0.21,163.28,9
MED0333,BCG Vaccine 10mg Ointment,Anesthetic,Mankind,Yes,2025-10,331,427,577,98.7,577,0,No,181,4,32.69,0.21,163.28,9
MED0333,BCG Vaccine 10mg Ointment,Anesthetic,Mankind,Yes,2025-11,181,388,460,83.6,460,0,No,109,4,32.69,0.21,163.28,9
MED0333,BCG Vaccine 10mg Ointment,Anesthetic,Mankind,Yes,2025-12,109,614,616,166,616,0,No,107,4,32.69,0.21,163.28,9
MED0333,BCG Vaccine 10mg Ointment,Anesthetic,Mankind,Yes,2026-01,107,353,494,171.3,460,34,Yes,0,4,32.69,0.21,163.28,9
MED0333,BCG Vaccine 10mg Ointment,Anesthetic,Mankind,Yes,2026-02,0,0,612,180.1,0,612,Yes,0,4,32.69,0.21,163.28,9
MED0333,BCG Vaccine 10mg Ointment,Anesthetic,Mankind,Yes,2026-03,0,654,567,158.4,567,0,No,87,4,32.69,0.21,163.28,9
MED0333,BCG Vaccine 10mg Ointment,Anesthetic,Mankind,Yes,2026-04,87,0,473,117.3,87,386,Yes,0,4,32.69,0.21,163.28,9
MED0333,BCG Vaccine 10mg Ointment,Anesthetic,Mankind,Yes,2026-05,0,556,615,184.7,556,59,Yes,0,4,32.69,0.21,163.28,9
MED0333,BCG Vaccine 10mg Ointment,Anesthetic,Mankind,Yes,2026-06,0,0,485,147.1,0,485,Yes,0,4,32.69,0.21,163.28,9
MED0333,BCG Vaccine 10mg Ointment,Anesthetic,Mankind,Yes,2026-07,0,492,595,201.4,492,103,Yes,0,4,32.69,0.21,163.28,9
MED0334,Hydrocortisone 1g Drops,Vitamin/Supplement,Cipla,Yes,2025-08,129,1291,1251,338.9,1251,0,No,169,2,328.69,0.15,108.75,24
MED0334,Hydrocortisone 1g Drops,Vitamin/Supplement,Cipla,Yes,2025-09,169,0,1203,394.8,169,1034,Yes,0,2,328.69,0.15,108.75,24
MED0334,Hydrocortisone 1g Drops,Vitamin/Supplement,Cipla,Yes,2025-10,0,0,1247,380.5,0,1247,Yes,0,2,328.69,0.15,108.75,24
MED0334,Hydrocortisone 1g Drops,Vitamin/Supplement,Cipla,Yes,2025-11,0,946,1337,419.7,946,391,Yes,0,2,328.69,0.15,108.75,24
MED0334,Hydrocortisone 1g Drops,Vitamin/Supplement,Cipla,Yes,2025-12,0,1455,1139,248.8,1139,0,No,316,2,328.69,0.15,108.75,24
MED0334,Hydrocortisone 1g Drops,Vitamin/Supplement,Cipla,Yes,2026-01,316,1507,1317,275.8,1317,0,No,506,2,328.69,0.15,108.75,24
MED0334,Hydrocortisone 1g Drops,Vitamin/Supplement,Cipla,Yes,2026-02,506,1510,1178,266,1178,0,No,838,2,328.69,0.15,108.75,24
MED0334,Hydrocortisone 1g Drops,Vitamin/Supplement,Cipla,Yes,2026-03,838,1540,1266,416.8,1266,0,No,1112,2,328.69,0.15,108.75,24
MED0334,Hydrocortisone 1g Drops,Vitamin/Supplement,Cipla,Yes,2026-04,1112,1001,1091,377.9,1091,0,No,1022,2,328.69,0.15,108.75,24
MED0334,Hydrocortisone 1g Drops,Vitamin/Supplement,Cipla,Yes,2026-05,1022,1205,1363,409.5,1363,0,No,864,2,328.69,0.15,108.75,24
MED0334,Hydrocortisone 1g Drops,Vitamin/Supplement,Cipla,Yes,2026-06,864,1166,1246,402.5,1246,0,No,784,2,328.69,0.15,108.75,24
MED0334,Hydrocortisone 1g Drops,Vitamin/Supplement,Cipla,Yes,2026-07,784,1145,1390,221.6,1390,0,No,539,2,328.69,0.15,108.75,24
MED0335,BCG Vaccine 500mg Ointment,Dermatological,Mankind,Yes,2025-08,107,552,538,129.1,538,0,No,121,5,230.22,0.16,142.92,18
MED0335,BCG Vaccine 500mg Ointment,Dermatological,Mankind,Yes,2025-09,121,401,427,79,427,0,No,95,5,230.22,0.16,142.92,18
MED0335,BCG Vaccine 500mg Ointment,Dermatological,Mankind,Yes,2025-10,95,404,360,100.4,360,0,No,139,5,230.22,0.16,142.92,18
MED0335,BCG Vaccine 500mg Ointment,Dermatological,Mankind,Yes,2025-11,139,267,272,86.4,272,0,No,134,5,230.22,0.16,142.92,18
MED0335,BCG Vaccine 500mg Ointment,Dermatological,Mankind,Yes,2025-12,134,299,333,86.4,333,0,No,100,5,230.22,0.16,142.92,18
MED0335,BCG Vaccine 500mg Ointment,Dermatological,Mankind,Yes,2026-01,100,0,282,55.3,100,182,Yes,0,5,230.22,0.16,142.92,18
MED0335,BCG Vaccine 500mg Ointment,Dermatological,Mankind,Yes,2026-02,0,278,270,56.3,270,0,No,8,5,230.22,0.16,142.92,18
MED0335,BCG Vaccine 500mg Ointment,Dermatological,Mankind,Yes,2026-03,8,365,379,131.4,373,6,Yes,0,5,230.22,0.16,142.92,18
MED0335,BCG Vaccine 500mg Ointment,Dermatological,Mankind,Yes,2026-04,0,0,515,104.1,0,515,Yes,0,5,230.22,0.16,142.92,18
MED0335,BCG Vaccine 500mg Ointment,Dermatological,Mankind,Yes,2026-05,0,716,778,233.6,716,62,Yes,0,5,230.22,0.16,142.92,18
MED0335,BCG Vaccine 500mg Ointment,Dermatological,Mankind,Yes,2026-06,0,453,615,195.5,453,162,Yes,0,5,230.22,0.16,142.92,18
MED0335,BCG Vaccine 500mg Ointment,Dermatological,Mankind,Yes,2026-07,0,569,561,191.3,561,0,No,8,5,230.22,0.16,142.92,18
MED0336,Spironolactone 500mg Injection,Cardiac,Zydus,No,2025-08,536,1797,1543,533.3,1543,0,No,790,7,123.54,0.14,123.13,9
MED0336,Spironolactone 500mg Injection,Cardiac,Zydus,No,2025-09,790,1880,1456,362.4,1456,0,No,1214,7,123.54,0.14,123.13,9
MED0336,Spironolactone 500mg Injection,Cardiac,Zydus,No,2025-10,1214,0,1593,382,1214,379,Yes,0,7,123.54,0.14,123.13,9
MED0336,Spironolactone 500mg Injection,Cardiac,Zydus,No,2025-11,0,1221,1509,523.3,1221,288,Yes,0,7,123.54,0.14,123.13,9
MED0336,Spironolactone 500mg Injection,Cardiac,Zydus,No,2025-12,0,1666,1284,283.7,1284,0,No,382,7,123.54,0.14,123.13,9
MED0336,Spironolactone 500mg Injection,Cardiac,Zydus,No,2026-01,382,1792,1700,503,1700,0,No,474,7,123.54,0.14,123.13,9
MED0336,Spironolactone 500mg Injection,Cardiac,Zydus,No,2026-02,474,1671,1517,442.1,1517,0,No,628,7,123.54,0.14,123.13,9
MED0336,Spironolactone 500mg Injection,Cardiac,Zydus,No,2026-03,628,1650,1329,270,1329,0,No,949,7,123.54,0.14,123.13,9
MED0336,Spironolactone 500mg Injection,Cardiac,Zydus,No,2026-04,949,1700,1517,237.1,1517,0,No,1132,7,123.54,0.14,123.13,9
MED0336,Spironolactone 500mg Injection,Cardiac,Zydus,No,2026-05,1132,1430,1461,394,1461,0,No,1101,7,123.54,0.14,123.13,9
MED0336,Spironolactone 500mg Injection,Cardiac,Zydus,No,2026-06,1101,0,1674,305,1101,573,Yes,0,7,123.54,0.14,123.13,9
MED0336,Spironolactone 500mg Injection,Cardiac,Zydus,No,2026-07,0,0,1276,271.5,0,1276,Yes,0,7,123.54,0.14,123.13,9
MED0337,Verapamil 250mg Inhaler,Vitamin/Supplement,Biocon,No,2025-08,51,238,332,64.9,289,43,Yes,0,3,780.84,0.18,144.57,12
MED0337,Verapamil 250mg Inhaler,Vitamin/Supplement,Biocon,No,2025-09,0,0,402,106,0,402,Yes,0,3,780.84,0.18,144.57,12
MED0337,Verapamil 250mg Inhaler,Vitamin/Supplement,Biocon,No,2025-10,0,281,401,140.2,281,120,Yes,0,3,780.84,0.18,144.57,12
MED0337,Verapamil 250mg Inhaler,Vitamin/Supplement,Biocon,No,2025-11,0,0,424,93.6,0,424,Yes,0,3,780.84,0.18,144.57,12
MED0337,Verapamil 250mg Inhaler,Vitamin/Supplement,Biocon,No,2025-12,0,401,366,78.5,366,0,No,35,3,780.84,0.18,144.57,12
MED0337,Verapamil 250mg Inhaler,Vitamin/Supplement,Biocon,No,2026-01,35,370,419,83.5,405,14,Yes,0,3,780.84,0.18,144.57,12
MED0337,Verapamil 250mg Inhaler,Vitamin/Supplement,Biocon,No,2026-02,0,479,373,130.5,373,0,No,106,3,780.84,0.18,144.57,12
MED0337,Verapamil 250mg Inhaler,Vitamin/Supplement,Biocon,No,2026-03,106,409,412,95.3,412,0,No,103,3,780.84,0.18,144.57,12
MED0337,Verapamil 250mg Inhaler,Vitamin/Supplement,Biocon,No,2026-04,103,333,380,120,380,0,No,56,3,780.84,0.18,144.57,12
MED0337,Verapamil 250mg Inhaler,Vitamin/Supplement,Biocon,No,2026-05,56,464,422,135.4,422,0,No,98,3,780.84,0.18,144.57,12
MED0337,Verapamil 250mg Inhaler,Vitamin/Supplement,Biocon,No,2026-06,98,0,338,86.5,98,240,Yes,0,3,780.84,0.18,144.57,12
MED0337,Verapamil 250mg Inhaler,Vitamin/Supplement,Biocon,No,2026-07,0,382,334,91,334,0,No,48,3,780.84,0.18,144.57,12
MED0338,Adrenaline 5ml Capsule,Cardiac,Cadila,No,2025-08,569,2660,3467,1022.4,3229,238,Yes,0,3,590.49,0.18,248.09,24
MED0338,Adrenaline 5ml Capsule,Cardiac,Cadila,No,2025-09,0,4465,3556,966.9,3556,0,No,909,3,590.49,0.18,248.09,24
MED0338,Adrenaline 5ml Capsule,Cardiac,Cadila,No,2025-10,909,1692,2200,765.8,2200,0,No,401,3,590.49,0.18,248.09,24
MED0338,Adrenaline 5ml Capsule,Cardiac,Cadila,No,2025-11,401,1880,1685,314.2,1685,0,No,596,3,590.49,0.18,248.09,24
MED0338,Adrenaline 5ml Capsule,Cardiac,Cadila,No,2025-12,596,1081,1444,244.8,1444,0,No,233,3,590.49,0.18,248.09,24
MED0338,Adrenaline 5ml Capsule,Cardiac,Cadila,No,2026-01,233,1213,1537,473.5,1446,91,Yes,0,3,590.49,0.18,248.09,24
MED0338,Adrenaline 5ml Capsule,Cardiac,Cadila,No,2026-02,0,1584,1472,387.9,1472,0,No,112,3,590.49,0.18,248.09,24
MED0338,Adrenaline 5ml Capsule,Cardiac,Cadila,No,2026-03,112,1702,1520,360.7,1520,0,No,294,3,590.49,0.18,248.09,24
MED0338,Adrenaline 5ml Capsule,Cardiac,Cadila,No,2026-04,294,1584,2155,401,1878,277,Yes,0,3,590.49,0.18,248.09,24
MED0338,Adrenaline 5ml Capsule,Cardiac,Cadila,No,2026-05,0,3174,2782,894.6,2782,0,No,392,3,590.49,0.18,248.09,24
MED0338,Adrenaline 5ml Capsule,Cardiac,Cadila,No,2026-06,392,0,3177,502.9,392,2785,Yes,0,3,590.49,0.18,248.09,24
MED0338,Adrenaline 5ml Capsule,Cardiac,Cadila,No,2026-07,0,4401,3619,939,3619,0,No,782,3,590.49,0.18,248.09,24
MED0339,Insulin Regular 500mg Drops,Antidiabetic,Biocon,No,2025-08,400,1611,1905,534.5,1905,0,No,106,4,609.46,0.2,237.75,9
MED0339,Insulin Regular 500mg Drops,Antidiabetic,Biocon,No,2025-09,106,1460,1714,530.2,1566,148,Yes,0,4,609.46,0.2,237.75,9
MED0339,Insulin Regular 500mg Drops,Antidiabetic,Biocon,No,2025-10,0,1898,1971,317.2,1898,73,Yes,0,4,609.46,0.2,237.75,9
MED0339,Insulin Regular 500mg Drops,Antidiabetic,Biocon,No,2025-11,0,1857,1924,645.5,1857,67,Yes,0,4,609.46,0.2,237.75,9
MED0339,Insulin Regular 500mg Drops,Antidiabetic,Biocon,No,2025-12,0,1200,1611,501.5,1200,411,Yes,0,4,609.46,0.2,237.75,9
MED0339,Insulin Regular 500mg Drops,Antidiabetic,Biocon,No,2026-01,0,0,1918,399.7,0,1918,Yes,0,4,609.46,0.2,237.75,9
MED0339,Insulin Regular 500mg Drops,Antidiabetic,Biocon,No,2026-02,0,2278,2017,497.4,2017,0,No,261,4,609.46,0.2,237.75,9
MED0339,Insulin Regular 500mg Drops,Antidiabetic,Biocon,No,2026-03,261,2329,2008,301.3,2008,0,No,582,4,609.46,0.2,237.75,9
MED0339,Insulin Regular 500mg Drops,Antidiabetic,Biocon,No,2026-04,582,0,1643,407.3,582,1061,Yes,0,4,609.46,0.2,237.75,9
MED0339,Insulin Regular 500mg Drops,Antidiabetic,Biocon,No,2026-05,0,0,1933,617.6,0,1933,Yes,0,4,609.46,0.2,237.75,9
MED0339,Insulin Regular 500mg Drops,Antidiabetic,Biocon,No,2026-06,0,2194,1970,599.5,1970,0,No,224,4,609.46,0.2,237.75,9
MED0339,Insulin Regular 500mg Drops,Antidiabetic,Biocon,No,2026-07,224,1640,1530,514.6,1530,0,No,334,4,609.46,0.2,237.75,9
MED0340,Pantoprazole 100mg Syrup,Dermatological,Lupin,No,2025-08,163,1558,1252,402.3,1252,0,No,469,2,343.98,0.16,80.04,9
MED0340,Pantoprazole 100mg Syrup,Dermatological,Lupin,No,2025-09,469,1397,1260,232.1,1260,0,No,606,2,343.98,0.16,80.04,9
MED0340,Pantoprazole 100mg Syrup,Dermatological,Lupin,No,2025-10,606,0,1303,452.3,606,697,Yes,0,2,343.98,0.16,80.04,9
MED0340,Pantoprazole 100mg Syrup,Dermatological,Lupin,No,2025-11,0,1424,1203,238,1203,0,No,221,2,343.98,0.16,80.04,9
MED0340,Pantoprazole 100mg Syrup,Dermatological,Lupin,No,2025-12,221,1752,1402,337.8,1402,0,No,571,2,343.98,0.16,80.04,9
MED0340,Pantoprazole 100mg Syrup,Dermatological,Lupin,No,2026-01,571,1662,1297,257.5,1297,0,No,936,2,343.98,0.16,80.04,9
MED0340,Pantoprazole 100mg Syrup,Dermatological,Lupin,No,2026-02,936,1155,1409,392.4,1409,0,No,682,2,343.98,0.16,80.04,9
MED0340,Pantoprazole 100mg Syrup,Dermatological,Lupin,No,2026-03,682,0,1136,386.9,682,454,Yes,0,2,343.98,0.16,80.04,9
MED0340,Pantoprazole 100mg Syrup,Dermatological,Lupin,No,2026-04,0,1185,1116,261.3,1116,0,No,69,2,343.98,0.16,80.04,9
MED0340,Pantoprazole 100mg Syrup,Dermatological,Lupin,No,2026-05,69,1078,1153,385.2,1147,6,Yes,0,2,343.98,0.16,80.04,9
MED0340,Pantoprazole 100mg Syrup,Dermatological,Lupin,No,2026-06,0,1119,1205,350.1,1119,86,Yes,0,2,343.98,0.16,80.04,9
MED0340,Pantoprazole 100mg Syrup,Dermatological,Lupin,No,2026-07,0,1167,1198,263.1,1167,31,Yes,0,2,343.98,0.16,80.04,9
MED0341,Cetirizine 50mg Drops,Analgesic,Glenmark,No,2025-08,931,5704,4923,1505.3,4923,0,No,1712,3,521.85,0.24,285.35,18
MED0341,Cetirizine 50mg Drops,Analgesic,Glenmark,No,2025-09,1712,4215,3910,959.6,3910,0,No,2017,3,521.85,0.24,285.35,18
MED0341,Cetirizine 50mg Drops,Analgesic,Glenmark,No,2025-10,2017,4735,4554,1270.2,4554,0,No,2198,3,521.85,0.24,285.35,18
MED0341,Cetirizine 50mg Drops,Analgesic,Glenmark,No,2025-11,2198,5222,5002,1731.4,5002,0,No,2418,3,521.85,0.24,285.35,18
MED0341,Cetirizine 50mg Drops,Analgesic,Glenmark,No,2025-12,2418,4657,3953,889,3953,0,No,3122,3,521.85,0.24,285.35,18
MED0341,Cetirizine 50mg Drops,Analgesic,Glenmark,No,2026-01,3122,5164,4504,1540.4,4504,0,No,3782,3,521.85,0.24,285.35,18
MED0341,Cetirizine 50mg Drops,Analgesic,Glenmark,No,2026-02,3782,3930,4478,1107,4478,0,No,3234,3,521.85,0.24,285.35,18
MED0341,Cetirizine 50mg Drops,Analgesic,Glenmark,No,2026-03,3234,4753,4034,1024.8,4034,0,No,3953,3,521.85,0.24,285.35,18
MED0341,Cetirizine 50mg Drops,Analgesic,Glenmark,No,2026-04,3953,5803,5234,843,5234,0,No,4522,3,521.85,0.24,285.35,18
MED0341,Cetirizine 50mg Drops,Analgesic,Glenmark,No,2026-05,4522,5326,5258,1779.9,5258,0,No,4590,3,521.85,0.24,285.35,18
MED0341,Cetirizine 50mg Drops,Analgesic,Glenmark,No,2026-06,4590,4680,4123,935.2,4123,0,No,5147,3,521.85,0.24,285.35,18
MED0341,Cetirizine 50mg Drops,Analgesic,Glenmark,No,2026-07,5147,5428,4776,1398.5,4776,0,No,5799,3,521.85,0.24,285.35,18
MED0342,Domperidone 100mg Ointment,Emergency/Critical Care,Aurobindo,Yes,2025-08,97,257,345,63,345,0,No,9,5,754.48,0.17,244.95,24
MED0342,Domperidone 100mg Ointment,Emergency/Critical Care,Aurobindo,Yes,2025-09,9,554,444,87.3,444,0,No,119,5,754.48,0.17,244.95,24
MED0342,Domperidone 100mg Ointment,Emergency/Critical Care,Aurobindo,Yes,2025-10,119,616,492,94.5,492,0,No,243,5,754.48,0.17,244.95,24
MED0342,Domperidone 100mg Ointment,Emergency/Critical Care,Aurobindo,Yes,2025-11,243,565,610,163.1,610,0,No,198,5,754.48,0.17,244.95,24
MED0342,Domperidone 100mg Ointment,Emergency/Critical Care,Aurobindo,Yes,2025-12,198,608,704,202.2,704,0,No,102,5,754.48,0.17,244.95,24
MED0342,Domperidone 100mg Ointment,Emergency/Critical Care,Aurobindo,Yes,2026-01,102,705,886,284.3,807,79,Yes,0,5,754.48,0.17,244.95,24
MED0342,Domperidone 100mg Ointment,Emergency/Critical Care,Aurobindo,Yes,2026-02,0,443,632,203.5,443,189,Yes,0,5,754.48,0.17,244.95,24
MED0342,Domperidone 100mg Ointment,Emergency/Critical Care,Aurobindo,Yes,2026-03,0,515,533,114.7,515,18,Yes,0,5,754.48,0.17,244.95,24
MED0342,Domperidone 100mg Ointment,Emergency/Critical Care,Aurobindo,Yes,2026-04,0,453,424,92.3,424,0,No,29,5,754.48,0.17,244.95,24
MED0342,Domperidone 100mg Ointment,Emergency/Critical Care,Aurobindo,Yes,2026-05,29,363,338,72.7,338,0,No,54,5,754.48,0.17,244.95,24
MED0342,Domperidone 100mg Ointment,Emergency/Critical Care,Aurobindo,Yes,2026-06,54,332,330,109.6,330,0,No,56,5,754.48,0.17,244.95,24
MED0342,Domperidone 100mg Ointment,Emergency/Critical Care,Aurobindo,Yes,2026-07,56,302,351,108.1,351,0,No,7,5,754.48,0.17,244.95,24
MED0343,Rosuvastatin 500mg Tablet,Antibiotic,Alkem,Yes,2025-08,497,1082,957,256.8,957,0,No,622,7,273.38,0.2,327.95,9
MED0343,Rosuvastatin 500mg Tablet,Antibiotic,Alkem,Yes,2025-09,622,681,877,137.5,877,0,No,426,7,273.38,0.2,327.95,9
MED0343,Rosuvastatin 500mg Tablet,Antibiotic,Alkem,Yes,2025-10,426,731,991,165,991,0,No,166,7,273.38,0.2,327.95,9
MED0343,Rosuvastatin 500mg Tablet,Antibiotic,Alkem,Yes,2025-11,166,863,936,262.7,936,0,No,93,7,273.38,0.2,327.95,9
MED0343,Rosuvastatin 500mg Tablet,Antibiotic,Alkem,Yes,2025-12,93,1319,1050,250.4,1050,0,No,362,7,273.38,0.2,327.95,9
MED0343,Rosuvastatin 500mg Tablet,Antibiotic,Alkem,Yes,2026-01,362,1356,1062,350.1,1062,0,No,656,7,273.38,0.2,327.95,9
MED0343,Rosuvastatin 500mg Tablet,Antibiotic,Alkem,Yes,2026-02,656,0,1017,322.8,656,361,Yes,0,7,273.38,0.2,327.95,9
MED0343,Rosuvastatin 500mg Tablet,Antibiotic,Alkem,Yes,2026-03,0,790,1056,322.7,790,266,Yes,0,7,273.38,0.2,327.95,9
MED0343,Rosuvastatin 500mg Tablet,Antibiotic,Alkem,Yes,2026-04,0,802,855,292.8,802,53,Yes,0,7,273.38,0.2,327.95,9
MED0343,Rosuvastatin 500mg Tablet,Antibiotic,Alkem,Yes,2026-05,0,947,1024,171.5,947,77,Yes,0,7,273.38,0.2,327.95,9
MED0343,Rosuvastatin 500mg Tablet,Antibiotic,Alkem,Yes,2026-06,0,713,888,187.8,713,175,Yes,0,7,273.38,0.2,327.95,9
MED0343,Rosuvastatin 500mg Tablet,Antibiotic,Alkem,Yes,2026-07,0,851,969,323.5,851,118,Yes,0,7,273.38,0.2,327.95,9
MED0344,Vitamin B Complex 20mg Capsule,Dermatological,Biocon,No,2025-08,421,1960,2242,771.9,2242,0,No,139,5,506.91,0.25,163.34,18
MED0344,Vitamin B Complex 20mg Capsule,Dermatological,Biocon,No,2025-09,139,2266,2102,641.2,2102,0,No,303,5,506.91,0.25,163.34,18
MED0344,Vitamin B Complex 20mg Capsule,Dermatological,Biocon,No,2025-10,303,2820,2172,743.1,2172,0,No,951,5,506.91,0.25,163.34,18
MED0344,Vitamin B Complex 20mg Capsule,Dermatological,Biocon,No,2025-11,951,1957,1973,581.3,1973,0,No,935,5,506.91,0.25,163.34,18
MED0344,Vitamin B Complex 20mg Capsule,Dermatological,Biocon,No,2025-12,935,0,2161,495.2,935,1226,Yes,0,5,506.91,0.25,163.34,18
MED0344,Vitamin B Complex 20mg Capsule,Dermatological,Biocon,No,2026-01,0,2564,2033,517.2,2033,0,No,531,5,506.91,0.25,163.34,18
MED0344,Vitamin B Complex 20mg Capsule,Dermatological,Biocon,No,2026-02,531,1913,1873,434.2,1873,0,No,571,5,506.91,0.25,163.34,18
MED0344,Vitamin B Complex 20mg Capsule,Dermatological,Biocon,No,2026-03,571,1407,1922,476.4,1922,0,No,56,5,506.91,0.25,163.34,18
MED0344,Vitamin B Complex 20mg Capsule,Dermatological,Biocon,No,2026-04,56,1609,2210,614.9,1665,545,Yes,0,5,506.91,0.25,163.34,18
MED0344,Vitamin B Complex 20mg Capsule,Dermatological,Biocon,No,2026-05,0,2233,2263,416.3,2233,30,Yes,0,5,506.91,0.25,163.34,18
MED0344,Vitamin B Complex 20mg Capsule,Dermatological,Biocon,No,2026-06,0,1791,1942,579.4,1791,151,Yes,0,5,506.91,0.25,163.34,18
MED0344,Vitamin B Complex 20mg Capsule,Dermatological,Biocon,No,2026-07,0,2212,1983,469.2,1983,0,No,229,5,506.91,0.25,163.34,18
MED0345,Nifedipine 5mg Ointment,Neuro/Psychiatric,Aurobindo,Yes,2025-08,1206,3204,3824,749.8,3824,0,No,586,10,102.42,0.25,307.53,18
MED0345,Nifedipine 5mg Ointment,Neuro/Psychiatric,Aurobindo,Yes,2025-09,586,4161,3871,670.4,3871,0,No,876,10,102.42,0.25,307.53,18
MED0345,Nifedipine 5mg Ointment,Neuro/Psychiatric,Aurobindo,Yes,2025-10,876,0,2226,363,876,1350,Yes,0,10,102.42,0.25,307.53,18
MED0345,Nifedipine 5mg Ointment,Neuro/Psychiatric,Aurobindo,Yes,2025-11,0,1211,1640,520.2,1211,429,Yes,0,10,102.42,0.25,307.53,18
MED0345,Nifedipine 5mg Ointment,Neuro/Psychiatric,Aurobindo,Yes,2025-12,0,1552,1532,315.2,1532,0,No,20,10,102.42,0.25,307.53,18
MED0345,Nifedipine 5mg Ointment,Neuro/Psychiatric,Aurobindo,Yes,2026-01,20,0,1575,335.3,20,1555,Yes,0,10,102.42,0.25,307.53,18
MED0345,Nifedipine 5mg Ointment,Neuro/Psychiatric,Aurobindo,Yes,2026-02,0,1249,1699,553.8,1249,450,Yes,0,10,102.42,0.25,307.53,18
MED0345,Nifedipine 5mg Ointment,Neuro/Psychiatric,Aurobindo,Yes,2026-03,0,1687,1981,585,1687,294,Yes,0,10,102.42,0.25,307.53,18
MED0345,Nifedipine 5mg Ointment,Neuro/Psychiatric,Aurobindo,Yes,2026-04,0,2062,2265,364.5,2062,203,Yes,0,10,102.42,0.25,307.53,18
MED0345,Nifedipine 5mg Ointment,Neuro/Psychiatric,Aurobindo,Yes,2026-05,0,2895,2852,920.2,2852,0,No,43,10,102.42,0.25,307.53,18
MED0345,Nifedipine 5mg Ointment,Neuro/Psychiatric,Aurobindo,Yes,2026-06,43,2838,3505,818,2881,624,Yes,0,10,102.42,0.25,307.53,18
MED0345,Nifedipine 5mg Ointment,Neuro/Psychiatric,Aurobindo,Yes,2026-07,0,6193,5019,901.5,5019,0,No,1174,10,102.42,0.25,307.53,18
MED0346,Rosuvastatin 500mg Inhaler,Vaccine,GSK,No,2025-08,2154,1469,1697,314.3,1697,0,No,1926,14,237.01,0.12,124.31,24
MED0346,Rosuvastatin 500mg Inhaler,Vaccine,GSK,No,2025-09,1926,1402,1867,544.8,1867,0,No,1461,14,237.01,0.12,124.31,24
MED0346,Rosuvastatin 500mg Inhaler,Vaccine,GSK,No,2025-10,1461,1432,1998,627.8,1998,0,No,895,14,237.01,0.12,124.31,24
MED0346,Rosuvastatin 500mg Inhaler,Vaccine,GSK,No,2025-11,895,3200,2868,455.1,2868,0,No,1227,14,237.01,0.12,124.31,24
MED0346,Rosuvastatin 500mg Inhaler,Vaccine,GSK,No,2025-12,1227,2561,2752,439.2,2752,0,No,1036,14,237.01,0.12,124.31,24
MED0346,Rosuvastatin 500mg Inhaler,Vaccine,GSK,No,2026-01,1036,3077,2924,884.6,2924,0,No,1189,14,237.01,0.12,124.31,24
MED0346,Rosuvastatin 500mg Inhaler,Vaccine,GSK,No,2026-02,1189,2525,2452,375.3,2452,0,No,1262,14,237.01,0.12,124.31,24
MED0346,Rosuvastatin 500mg Inhaler,Vaccine,GSK,No,2026-03,1262,1578,2038,637.2,2038,0,No,802,14,237.01,0.12,124.31,24
MED0346,Rosuvastatin 500mg Inhaler,Vaccine,GSK,No,2026-04,802,2223,1765,457.2,1765,0,No,1260,14,237.01,0.12,124.31,24
MED0346,Rosuvastatin 500mg Inhaler,Vaccine,GSK,No,2026-05,1260,2000,1541,407.5,1541,0,No,1719,14,237.01,0.12,124.31,24
MED0346,Rosuvastatin 500mg Inhaler,Vaccine,GSK,No,2026-06,1719,1366,1439,333.4,1439,0,No,1646,14,237.01,0.12,124.31,24
MED0346,Rosuvastatin 500mg Inhaler,Vaccine,GSK,No,2026-07,1646,1965,1632,402.3,1632,0,No,1979,14,237.01,0.12,124.31,24
MED0347,Bisacodyl 10mg Drops,Dermatological,Abbott,No,2025-08,1330,3345,4351,1396.6,4351,0,No,324,7,445.48,0.17,81.72,36
MED0347,Bisacodyl 10mg Drops,Dermatological,Abbott,No,2025-09,324,0,3936,982.6,324,3612,Yes,0,7,445.48,0.17,81.72,36
MED0347,Bisacodyl 10mg Drops,Dermatological,Abbott,No,2025-10,0,2286,2030,369.2,2030,0,No,256,7,445.48,0.17,81.72,36
MED0347,Bisacodyl 10mg Drops,Dermatological,Abbott,No,2025-11,256,1911,1626,519.3,1626,0,No,541,7,445.48,0.17,81.72,36
MED0347,Bisacodyl 10mg Drops,Dermatological,Abbott,No,2025-12,541,1384,1524,451.6,1524,0,No,401,7,445.48,0.17,81.72,36
MED0347,Bisacodyl 10mg Drops,Dermatological,Abbott,No,2026-01,401,1835,1686,264.8,1686,0,No,550,7,445.48,0.17,81.72,36
MED0347,Bisacodyl 10mg Drops,Dermatological,Abbott,No,2026-02,550,0,1499,413.1,550,949,Yes,0,7,445.48,0.17,81.72,36
MED0347,Bisacodyl 10mg Drops,Dermatological,Abbott,No,2026-03,0,2030,1792,621.9,1792,0,No,238,7,445.48,0.17,81.72,36
MED0347,Bisacodyl 10mg Drops,Dermatological,Abbott,No,2026-04,238,1964,2000,561,2000,0,No,202,7,445.48,0.17,81.72,36
MED0347,Bisacodyl 10mg Drops,Dermatological,Abbott,No,2026-05,202,3049,2917,551.5,2917,0,No,334,7,445.48,0.17,81.72,36
MED0347,Bisacodyl 10mg Drops,Dermatological,Abbott,No,2026-06,334,2768,3899,1064.5,3102,797,Yes,0,7,445.48,0.17,81.72,36
MED0347,Bisacodyl 10mg Drops,Dermatological,Abbott,No,2026-07,0,4602,4855,1531.2,4602,253,Yes,0,7,445.48,0.17,81.72,36
MED0348,Nitroglycerin 2.5mg Suspension,Cardiac,Intas,Yes,2025-08,237,480,604,205.5,604,0,No,113,10,11.4,0.17,211.85,24
MED0348,Nitroglycerin 2.5mg Suspension,Cardiac,Intas,Yes,2025-09,113,486,519,169,519,0,No,80,10,11.4,0.17,211.85,24
MED0348,Nitroglycerin 2.5mg Suspension,Cardiac,Intas,Yes,2025-10,80,209,293,82.4,289,4,Yes,0,10,11.4,0.17,211.85,24
MED0348,Nitroglycerin 2.5mg Suspension,Cardiac,Intas,Yes,2025-11,0,238,206,49,206,0,No,32,10,11.4,0.17,211.85,24
MED0348,Nitroglycerin 2.5mg Suspension,Cardiac,Intas,Yes,2025-12,32,216,174,58,174,0,No,74,10,11.4,0.17,211.85,24
MED0348,Nitroglycerin 2.5mg Suspension,Cardiac,Intas,Yes,2026-01,74,165,212,36.3,212,0,No,27,10,11.4,0.17,211.85,24
MED0348,Nitroglycerin 2.5mg Suspension,Cardiac,Intas,Yes,2026-02,27,263,226,49,226,0,No,64,10,11.4,0.17,211.85,24
MED0348,Nitroglycerin 2.5mg Suspension,Cardiac,Intas,Yes,2026-03,64,254,260,78.3,260,0,No,58,10,11.4,0.17,211.85,24
MED0348,Nitroglycerin 2.5mg Suspension,Cardiac,Intas,Yes,2026-04,58,279,272,45.9,272,0,No,65,10,11.4,0.17,211.85,24
MED0348,Nitroglycerin 2.5mg Suspension,Cardiac,Intas,Yes,2026-05,65,346,284,94.9,284,0,No,127,10,11.4,0.17,211.85,24
MED0348,Nitroglycerin 2.5mg Suspension,Cardiac,Intas,Yes,2026-06,127,0,547,171.3,127,420,Yes,0,10,11.4,0.17,211.85,24
MED0348,Nitroglycerin 2.5mg Suspension,Cardiac,Intas,Yes,2026-07,0,504,518,168.4,504,14,Yes,0,10,11.4,0.17,211.85,24
MED0349,Cefixime 5ml Suspension,Gastrointestinal,Alkem,Yes,2025-08,524,1742,2139,735.1,2139,0,No,127,4,533.18,0.28,109.98,18
MED0349,Cefixime 5ml Suspension,Gastrointestinal,Alkem,Yes,2025-09,127,1755,2484,493.2,1882,602,Yes,0,4,533.18,0.28,109.98,18
MED0349,Cefixime 5ml Suspension,Gastrointestinal,Alkem,Yes,2025-10,0,1610,2018,506.5,1610,408,Yes,0,4,533.18,0.28,109.98,18
MED0349,Cefixime 5ml Suspension,Gastrointestinal,Alkem,Yes,2025-11,0,1669,2366,549.7,1669,697,Yes,0,4,533.18,0.28,109.98,18
MED0349,Cefixime 5ml Suspension,Gastrointestinal,Alkem,Yes,2025-12,0,1971,2708,744.4,1971,737,Yes,0,4,533.18,0.28,109.98,18
MED0349,Cefixime 5ml Suspension,Gastrointestinal,Alkem,Yes,2026-01,0,2030,2397,472.2,2030,367,Yes,0,4,533.18,0.28,109.98,18
MED0349,Cefixime 5ml Suspension,Gastrointestinal,Alkem,Yes,2026-02,0,0,2476,645.5,0,2476,Yes,0,4,533.18,0.28,109.98,18
MED0349,Cefixime 5ml Suspension,Gastrointestinal,Alkem,Yes,2026-03,0,0,2388,736.1,0,2388,Yes,0,4,533.18,0.28,109.98,18
MED0349,Cefixime 5ml Suspension,Gastrointestinal,Alkem,Yes,2026-04,0,2088,2647,703.2,2088,559,Yes,0,4,533.18,0.28,109.98,18
MED0349,Cefixime 5ml Suspension,Gastrointestinal,Alkem,Yes,2026-05,0,2744,2720,758.5,2720,0,No,24,4,533.18,0.28,109.98,18
MED0349,Cefixime 5ml Suspension,Gastrointestinal,Alkem,Yes,2026-06,24,1533,2031,686.3,1557,474,Yes,0,4,533.18,0.28,109.98,18
MED0349,Cefixime 5ml Suspension,Gastrointestinal,Alkem,Yes,2026-07,0,2167,2029,325,2029,0,No,138,4,533.18,0.28,109.98,18
MED0350,Enoxaparin 20mg Injection,Gastrointestinal,Biocon,No,2025-08,3894,1705,2396,614.2,2396,0,No,3203,21,466.38,0.25,141.35,9
MED0350,Enoxaparin 20mg Injection,Gastrointestinal,Biocon,No,2025-09,3203,2867,2526,405.8,2526,0,No,3544,21,466.38,0.25,141.35,9
MED0350,Enoxaparin 20mg Injection,Gastrointestinal,Biocon,No,2025-10,3544,3878,3653,768.7,3653,0,No,3769,21,466.38,0.25,141.35,9
MED0350,Enoxaparin 20mg Injection,Gastrointestinal,Biocon,No,2025-11,3769,5063,4075,792.6,4075,0,No,4757,21,466.38,0.25,141.35,9
MED0350,Enoxaparin 20mg Injection,Gastrointestinal,Biocon,No,2025-12,4757,6023,4683,866.7,4683,0,No,6097,21,466.38,0.25,141.35,9
MED0350,Enoxaparin 20mg Injection,Gastrointestinal,Biocon,No,2026-01,6097,5407,5811,1202.4,5811,0,No,5693,21,466.38,0.25,141.35,9
MED0350,Enoxaparin 20mg Injection,Gastrointestinal,Biocon,No,2026-02,5693,4257,4922,1497.6,4922,0,No,5028,21,466.38,0.25,141.35,9
MED0350,Enoxaparin 20mg Injection,Gastrointestinal,Biocon,No,2026-03,5028,3769,3597,1009.5,3597,0,No,5200,21,466.38,0.25,141.35,9
MED0350,Enoxaparin 20mg Injection,Gastrointestinal,Biocon,No,2026-04,5200,3565,2789,871.9,2789,0,No,5976,21,466.38,0.25,141.35,9
MED0350,Enoxaparin 20mg Injection,Gastrointestinal,Biocon,No,2026-05,5976,1721,1906,578.9,1906,0,No,5791,21,466.38,0.25,141.35,9
MED0350,Enoxaparin 20mg Injection,Gastrointestinal,Biocon,No,2026-06,5791,2834,2324,609.9,2324,0,No,6301,21,466.38,0.25,141.35,9
MED0350,Enoxaparin 20mg Injection,Gastrointestinal,Biocon,No,2026-07,6301,2057,2458,769.8,2458,0,No,5900,21,466.38,0.25,141.35,9
MED0351,Clopidogrel 1mg Injection,Antidiabetic,GSK,Yes,2025-08,790,1704,1820,341.2,1820,0,No,674,10,341.04,0.28,68.68,18
MED0351,Clopidogrel 1mg Injection,Antidiabetic,GSK,Yes,2025-09,674,1707,1567,246.6,1567,0,No,814,10,341.04,0.28,68.68,18
MED0351,Clopidogrel 1mg Injection,Antidiabetic,GSK,Yes,2025-10,814,1620,1304,381.6,1304,0,No,1130,10,341.04,0.28,68.68,18
MED0351,Clopidogrel 1mg Injection,Antidiabetic,GSK,Yes,2025-11,1130,1217,1060,220.5,1060,0,No,1287,10,341.04,0.28,68.68,18
MED0351,Clopidogrel 1mg Injection,Antidiabetic,GSK,Yes,2025-12,1287,1174,914,267,914,0,No,1547,10,341.04,0.28,68.68,18
MED0351,Clopidogrel 1mg Injection,Antidiabetic,GSK,Yes,2026-01,1547,751,981,211,981,0,No,1317,10,341.04,0.28,68.68,18
MED0351,Clopidogrel 1mg Injection,Antidiabetic,GSK,Yes,2026-02,1317,998,931,304,931,0,No,1384,10,341.04,0.28,68.68,18
MED0351,Clopidogrel 1mg Injection,Antidiabetic,GSK,Yes,2026-03,1384,1200,1360,416.7,1360,0,No,1224,10,341.04,0.28,68.68,18
MED0351,Clopidogrel 1mg Injection,Antidiabetic,GSK,Yes,2026-04,1224,2212,1842,410.7,1842,0,No,1594,10,341.04,0.28,68.68,18
MED0351,Clopidogrel 1mg Injection,Antidiabetic,GSK,Yes,2026-05,1594,2850,2433,792.8,2433,0,No,2011,10,341.04,0.28,68.68,18
MED0351,Clopidogrel 1mg Injection,Antidiabetic,GSK,Yes,2026-06,2011,1615,2113,643.3,2113,0,No,1513,10,341.04,0.28,68.68,18
MED0351,Clopidogrel 1mg Injection,Antidiabetic,GSK,Yes,2026-07,1513,1297,1744,401.9,1744,0,No,1066,10,341.04,0.28,68.68,18
MED0352,Rabies Vaccine 5mg Capsule,Gastrointestinal,Mankind,No,2025-08,101,525,651,182.8,626,25,Yes,0,3,441.07,0.2,127.5,18
MED0352,Rabies Vaccine 5mg Capsule,Gastrointestinal,Mankind,No,2025-09,0,557,523,176.9,523,0,No,34,3,441.07,0.2,127.5,18
MED0352,Rabies Vaccine 5mg Capsule,Gastrointestinal,Mankind,No,2025-10,34,544,436,94.5,436,0,No,142,3,441.07,0.2,127.5,18
MED0352,Rabies Vaccine 5mg Capsule,Gastrointestinal,Mankind,No,2025-11,142,295,304,98.5,304,0,No,133,3,441.07,0.2,127.5,18
MED0352,Rabies Vaccine 5mg Capsule,Gastrointestinal,Mankind,No,2025-12,133,462,366,115.2,366,0,No,229,3,441.07,0.2,127.5,18
MED0352,Rabies Vaccine 5mg Capsule,Gastrointestinal,Mankind,No,2026-01,229,274,301,84.7,301,0,No,202,3,441.07,0.2,127.5,18
MED0352,Rabies Vaccine 5mg Capsule,Gastrointestinal,Mankind,No,2026-02,202,414,349,104.2,349,0,No,267,3,441.07,0.2,127.5,18
MED0352,Rabies Vaccine 5mg Capsule,Gastrointestinal,Mankind,No,2026-03,267,473,492,75.8,492,0,No,248,3,441.07,0.2,127.5,18
MED0352,Rabies Vaccine 5mg Capsule,Gastrointestinal,Mankind,No,2026-04,248,805,654,205.1,654,0,No,399,3,441.07,0.2,127.5,18
MED0352,Rabies Vaccine 5mg Capsule,Gastrointestinal,Mankind,No,2026-05,399,666,922,240.2,922,0,No,143,3,441.07,0.2,127.5,18
MED0352,Rabies Vaccine 5mg Capsule,Gastrointestinal,Mankind,No,2026-06,143,588,700,116.7,700,0,No,31,3,441.07,0.2,127.5,18
MED0352,Rabies Vaccine 5mg Capsule,Gastrointestinal,Mankind,No,2026-07,31,658,759,196.2,689,70,Yes,0,3,441.07,0.2,127.5,18
MED0353,Risperidone 20mg Injection,Antidiabetic,Aurobindo,No,2025-08,682,2121,2099,608.2,2099,0,No,704,5,656.14,0.13,194.42,36
MED0353,Risperidone 20mg Injection,Antidiabetic,Aurobindo,No,2025-09,704,0,2410,732.1,704,1706,Yes,0,5,656.14,0.13,194.42,36
MED0353,Risperidone 20mg Injection,Antidiabetic,Aurobindo,No,2025-10,0,2679,2989,785.1,2679,310,Yes,0,5,656.14,0.13,194.42,36
MED0353,Risperidone 20mg Injection,Antidiabetic,Aurobindo,No,2025-11,0,3483,3490,684.9,3483,7,Yes,0,5,656.14,0.13,194.42,36
MED0353,Risperidone 20mg Injection,Antidiabetic,Aurobindo,No,2025-12,0,5095,5073,1257.9,5073,0,No,22,5,656.14,0.13,194.42,36
MED0353,Risperidone 20mg Injection,Antidiabetic,Aurobindo,No,2026-01,22,4590,4043,1338,4043,0,No,569,5,656.14,0.13,194.42,36
MED0353,Risperidone 20mg Injection,Antidiabetic,Aurobindo,No,2026-02,569,3459,3991,1061.5,3991,0,No,37,5,656.14,0.13,194.42,36
MED0353,Risperidone 20mg Injection,Antidiabetic,Aurobindo,No,2026-03,37,3579,2991,796.4,2991,0,No,625,5,656.14,0.13,194.42,36
MED0353,Risperidone 20mg Injection,Antidiabetic,Aurobindo,No,2026-04,625,2543,2538,679.3,2538,0,No,630,5,656.14,0.13,194.42,36
MED0353,Risperidone 20mg Injection,Antidiabetic,Aurobindo,No,2026-05,630,0,2054,626.2,630,1424,Yes,0,5,656.14,0.13,194.42,36
MED0353,Risperidone 20mg Injection,Antidiabetic,Aurobindo,No,2026-06,0,1531,1934,381.1,1531,403,Yes,0,5,656.14,0.13,194.42,36
MED0353,Risperidone 20mg Injection,Antidiabetic,Aurobindo,No,2026-07,0,2747,2173,441.6,2173,0,No,574,5,656.14,0.13,194.42,36
MED0354,Rabies Vaccine 250mg Tablet,Vaccine,Zydus,Yes,2025-08,677,5695,5249,860.1,5249,0,No,1123,3,714.96,0.13,321.4,9
MED0354,Rabies Vaccine 250mg Tablet,Vaccine,Zydus,Yes,2025-09,1123,0,4721,1359.9,1123,3598,Yes,0,3,714.96,0.13,321.4,9
MED0354,Rabies Vaccine 250mg Tablet,Vaccine,Zydus,Yes,2025-10,0,5566,4411,1382,4411,0,No,1155,3,714.96,0.13,321.4,9
MED0354,Rabies Vaccine 250mg Tablet,Vaccine,Zydus,Yes,2025-11,1155,2602,3335,766.6,3335,0,No,422,3,714.96,0.13,321.4,9
MED0354,Rabies Vaccine 250mg Tablet,Vaccine,Zydus,Yes,2025-12,422,3151,3056,530.9,3056,0,No,517,3,714.96,0.13,321.4,9
MED0354,Rabies Vaccine 250mg Tablet,Vaccine,Zydus,Yes,2026-01,517,1943,2729,423.9,2460,269,Yes,0,3,714.96,0.13,321.4,9
MED0354,Rabies Vaccine 250mg Tablet,Vaccine,Zydus,Yes,2026-02,0,3825,3981,773.6,3825,156,Yes,0,3,714.96,0.13,321.4,9
MED0354,Rabies Vaccine 250mg Tablet,Vaccine,Zydus,Yes,2026-03,0,4716,3889,950.6,3889,0,No,827,3,714.96,0.13,321.4,9
MED0354,Rabies Vaccine 250mg Tablet,Vaccine,Zydus,Yes,2026-04,827,6143,6925,1148.6,6925,0,No,45,3,714.96,0.13,321.4,9
MED0354,Rabies Vaccine 250mg Tablet,Vaccine,Zydus,Yes,2026-05,45,7556,7491,1808.2,7491,0,No,110,3,714.96,0.13,321.4,9
MED0354,Rabies Vaccine 250mg Tablet,Vaccine,Zydus,Yes,2026-06,110,7088,8546,2449.2,7198,1348,Yes,0,3,714.96,0.13,321.4,9
MED0354,Rabies Vaccine 250mg Tablet,Vaccine,Zydus,Yes,2026-07,0,6325,6966,2272.8,6325,641,Yes,0,3,714.96,0.13,321.4,9
MED0355,Cetirizine 250mg Injection,Respiratory,Zydus,No,2025-08,6444,3065,3252,671.6,3252,0,No,6257,21,666.65,0.17,339.63,6
MED0355,Cetirizine 250mg Injection,Respiratory,Zydus,No,2025-09,6257,3510,3177,702.2,3177,0,No,6590,21,666.65,0.17,339.63,6
MED0355,Cetirizine 250mg Injection,Respiratory,Zydus,No,2025-10,6590,4850,4063,1319.6,4063,0,No,7377,21,666.65,0.17,339.63,6
MED0355,Cetirizine 250mg Injection,Respiratory,Zydus,No,2025-11,7377,4392,4516,1063.4,4516,0,No,7253,21,666.65,0.17,339.63,6
MED0355,Cetirizine 250mg Injection,Respiratory,Zydus,No,2025-12,7253,6313,5454,992.5,5454,0,No,8112,21,666.65,0.17,339.63,6
MED0355,Cetirizine 250mg Injection,Respiratory,Zydus,No,2026-01,8112,8414,7325,2252.3,7325,0,No,9201,21,666.65,0.17,339.63,6
MED0355,Cetirizine 250mg Injection,Respiratory,Zydus,No,2026-02,9201,5507,5872,970.4,5872,0,No,8836,21,666.65,0.17,339.63,6
MED0355,Cetirizine 250mg Injection,Respiratory,Zydus,No,2026-03,8836,4821,4224,697.6,4224,0,No,9433,21,666.65,0.17,339.63,6
MED0355,Cetirizine 250mg Injection,Respiratory,Zydus,No,2026-04,9433,3565,3447,1047.1,3447,0,No,9551,21,666.65,0.17,339.63,6
MED0355,Cetirizine 250mg Injection,Respiratory,Zydus,No,2026-05,9551,2098,2519,476.6,2519,0,No,9130,21,666.65,0.17,339.63,6
MED0355,Cetirizine 250mg Injection,Respiratory,Zydus,No,2026-06,9130,1951,2663,882.1,2663,0,No,8418,21,666.65,0.17,339.63,6
MED0355,Cetirizine 250mg Injection,Respiratory,Zydus,No,2026-07,8418,1860,2458,489.2,2458,0,No,7820,21,666.65,0.17,339.63,6
MED0356,Ranitidine 10mg Capsule,Anesthetic,Aurobindo,No,2025-08,232,1362,1508,400.6,1508,0,No,86,3,467.84,0.28,157.13,6
MED0356,Ranitidine 10mg Capsule,Anesthetic,Aurobindo,No,2025-09,86,1172,1561,492.2,1258,303,Yes,0,3,467.84,0.28,157.13,6
MED0356,Ranitidine 10mg Capsule,Anesthetic,Aurobindo,No,2025-10,0,1095,1380,244.9,1095,285,Yes,0,3,467.84,0.28,157.13,6
MED0356,Ranitidine 10mg Capsule,Anesthetic,Aurobindo,No,2025-11,0,1041,1453,282.2,1041,412,Yes,0,3,467.84,0.28,157.13,6
MED0356,Ranitidine 10mg Capsule,Anesthetic,Aurobindo,No,2025-12,0,0,1494,274.7,0,1494,Yes,0,3,467.84,0.28,157.13,6
MED0356,Ranitidine 10mg Capsule,Anesthetic,Aurobindo,No,2026-01,0,0,1632,464,0,1632,Yes,0,3,467.84,0.28,157.13,6
MED0356,Ranitidine 10mg Capsule,Anesthetic,Aurobindo,No,2026-02,0,1467,1542,419.9,1467,75,Yes,0,3,467.84,0.28,157.13,6
MED0356,Ranitidine 10mg Capsule,Anesthetic,Aurobindo,No,2026-03,0,1471,1640,326.4,1471,169,Yes,0,3,467.84,0.28,157.13,6
MED0356,Ranitidine 10mg Capsule,Anesthetic,Aurobindo,No,2026-04,0,1872,1589,529.6,1589,0,No,283,3,467.84,0.28,157.13,6
MED0356,Ranitidine 10mg Capsule,Anesthetic,Aurobindo,No,2026-05,283,2171,1684,487.4,1684,0,No,770,3,467.84,0.28,157.13,6
MED0356,Ranitidine 10mg Capsule,Anesthetic,Aurobindo,No,2026-06,770,1565,1252,346.6,1252,0,No,1083,3,467.84,0.28,157.13,6
MED0356,Ranitidine 10mg Capsule,Anesthetic,Aurobindo,No,2026-07,1083,1675,1639,521.8,1639,0,No,1119,3,467.84,0.28,157.13,6
MED0357,Bisacodyl 1mg Injection,Analgesic,Mankind,No,2025-08,262,1292,1331,344.6,1331,0,No,223,5,493.33,0.19,163.05,36
MED0357,Bisacodyl 1mg Injection,Analgesic,Mankind,No,2025-09,223,1836,1513,504.7,1513,0,No,546,5,493.33,0.19,163.05,36
MED0357,Bisacodyl 1mg Injection,Analgesic,Mankind,No,2025-10,546,2021,1748,436.8,1748,0,No,819,5,493.33,0.19,163.05,36
MED0357,Bisacodyl 1mg Injection,Analgesic,Mankind,No,2025-11,819,0,1657,357.4,819,838,Yes,0,5,493.33,0.19,163.05,36
MED0357,Bisacodyl 1mg Injection,Analgesic,Mankind,No,2025-12,0,1241,1449,255.3,1241,208,Yes,0,5,493.33,0.19,163.05,36
MED0357,Bisacodyl 1mg Injection,Analgesic,Mankind,No,2026-01,0,2039,1624,553.6,1624,0,No,415,5,493.33,0.19,163.05,36
MED0357,Bisacodyl 1mg Injection,Analgesic,Mankind,No,2026-02,415,1514,1692,500.1,1692,0,No,237,5,493.33,0.19,163.05,36
MED0357,Bisacodyl 1mg Injection,Analgesic,Mankind,No,2026-03,237,1214,1722,570.1,1451,271,Yes,0,5,493.33,0.19,163.05,36
MED0357,Bisacodyl 1mg Injection,Analgesic,Mankind,No,2026-04,0,0,1696,351.1,0,1696,Yes,0,5,493.33,0.19,163.05,36
MED0357,Bisacodyl 1mg Injection,Analgesic,Mankind,No,2026-05,0,2125,1702,431.4,1702,0,No,423,5,493.33,0.19,163.05,36
MED0357,Bisacodyl 1mg Injection,Analgesic,Mankind,No,2026-06,423,1394,1579,395.8,1579,0,No,238,5,493.33,0.19,163.05,36
MED0357,Bisacodyl 1mg Injection,Analgesic,Mankind,No,2026-07,238,1284,1698,407.2,1522,176,Yes,0,5,493.33,0.19,163.05,36
MED0358,Fluconazole 10ml Syrup,Anesthetic,Lupin,No,2025-08,341,1119,1424,399.7,1424,0,No,36,5,321.47,0.17,79.32,18
MED0358,Fluconazole 10ml Syrup,Anesthetic,Lupin,No,2025-09,36,1338,1202,398.3,1202,0,No,172,5,321.47,0.17,79.32,18
MED0358,Fluconazole 10ml Syrup,Anesthetic,Lupin,No,2025-10,172,1248,987,295.8,987,0,No,433,5,321.47,0.17,79.32,18
MED0358,Fluconazole 10ml Syrup,Anesthetic,Lupin,No,2025-11,433,994,870,277.9,870,0,No,557,5,321.47,0.17,79.32,18
MED0358,Fluconazole 10ml Syrup,Anesthetic,Lupin,No,2025-12,557,925,845,193.9,845,0,No,637,5,321.47,0.17,79.32,18
MED0358,Fluconazole 10ml Syrup,Anesthetic,Lupin,No,2026-01,637,0,632,187.8,632,0,No,5,5,321.47,0.17,79.32,18
MED0358,Fluconazole 10ml Syrup,Anesthetic,Lupin,No,2026-02,5,0,762,215.5,5,757,Yes,0,5,321.47,0.17,79.32,18
MED0358,Fluconazole 10ml Syrup,Anesthetic,Lupin,No,2026-03,0,1467,1232,398.8,1232,0,No,235,5,321.47,0.17,79.32,18
MED0358,Fluconazole 10ml Syrup,Anesthetic,Lupin,No,2026-04,235,1422,1741,351.5,1657,84,Yes,0,5,321.47,0.17,79.32,18
MED0358,Fluconazole 10ml Syrup,Anesthetic,Lupin,No,2026-05,0,1426,1986,519.6,1426,560,Yes,0,5,321.47,0.17,79.32,18
MED0358,Fluconazole 10ml Syrup,Anesthetic,Lupin,No,2026-06,0,2095,1799,488.8,1799,0,No,296,5,321.47,0.17,79.32,18
MED0358,Fluconazole 10ml Syrup,Anesthetic,Lupin,No,2026-07,296,0,1630,320.9,296,1334,Yes,0,5,321.47,0.17,79.32,18
MED0359,Mebendazole 10ml Inhaler,Cardiac,GSK,No,2025-08,1525,4091,4640,852.8,4640,0,No,976,5,276.71,0.25,207.49,36
MED0359,Mebendazole 10ml Inhaler,Cardiac,GSK,No,2025-09,976,4344,4156,1078,4156,0,No,1164,5,276.71,0.25,207.49,36
MED0359,Mebendazole 10ml Inhaler,Cardiac,GSK,No,2025-10,1164,5510,5171,907.6,5171,0,No,1503,5,276.71,0.25,207.49,36
MED0359,Mebendazole 10ml Inhaler,Cardiac,GSK,No,2025-11,1503,5408,4958,1433.6,4958,0,No,1953,5,276.71,0.25,207.49,36
MED0359,Mebendazole 10ml Inhaler,Cardiac,GSK,No,2025-12,1953,5360,4136,1195.6,4136,0,No,3177,5,276.71,0.25,207.49,36
MED0359,Mebendazole 10ml Inhaler,Cardiac,GSK,No,2026-01,3177,6083,4983,1431.9,4983,0,No,4277,5,276.71,0.25,207.49,36
MED0359,Mebendazole 10ml Inhaler,Cardiac,GSK,No,2026-02,4277,4044,5412,1655,5412,0,No,2909,5,276.71,0.25,207.49,36
MED0359,Mebendazole 10ml Inhaler,Cardiac,GSK,No,2026-03,2909,3896,5030,1467.3,5030,0,No,1775,5,276.71,0.25,207.49,36
MED0359,Mebendazole 10ml Inhaler,Cardiac,GSK,No,2026-04,1775,4159,4927,1030.5,4927,0,No,1007,5,276.71,0.25,207.49,36
MED0359,Mebendazole 10ml Inhaler,Cardiac,GSK,No,2026-05,1007,0,4969,1038.5,1007,3962,Yes,0,5,276.71,0.25,207.49,36
MED0359,Mebendazole 10ml Inhaler,Cardiac,GSK,No,2026-06,0,6148,4898,845.7,4898,0,No,1250,5,276.71,0.25,207.49,36
MED0359,Mebendazole 10ml Inhaler,Cardiac,GSK,No,2026-07,1250,4900,5373,1059.5,5373,0,No,777,5,276.71,0.25,207.49,36
MED0360,Furosemide 250mg Capsule,Emergency/Critical Care,Mankind,No,2025-08,1093,2734,3030,499.3,3030,0,No,797,5,64.95,0.27,274.09,36
MED0360,Furosemide 250mg Capsule,Emergency/Critical Care,Mankind,No,2025-09,797,3214,3028,702.7,3028,0,No,983,5,64.95,0.27,274.09,36
MED0360,Furosemide 250mg Capsule,Emergency/Critical Care,Mankind,No,2025-10,983,3615,3188,1076.1,3188,0,No,1410,5,64.95,0.27,274.09,36
MED0360,Furosemide 250mg Capsule,Emergency/Critical Care,Mankind,No,2025-11,1410,0,3065,1010.8,1410,1655,Yes,0,5,64.95,0.27,274.09,36
MED0360,Furosemide 250mg Capsule,Emergency/Critical Care,Mankind,No,2025-12,0,2103,2624,561.7,2103,521,Yes,0,5,64.95,0.27,274.09,36
MED0360,Furosemide 250mg Capsule,Emergency/Critical Care,Mankind,No,2026-01,0,3063,2786,787.4,2786,0,No,277,5,64.95,0.27,274.09,36
MED0360,Furosemide 250mg Capsule,Emergency/Critical Care,Mankind,No,2026-02,277,2598,2427,789.3,2427,0,No,448,5,64.95,0.27,274.09,36
MED0360,Furosemide 250mg Capsule,Emergency/Critical Care,Mankind,No,2026-03,448,2398,3109,548.1,2846,263,Yes,0,5,64.95,0.27,274.09,36
MED0360,Furosemide 250mg Capsule,Emergency/Critical Care,Mankind,No,2026-04,0,2389,2713,582.7,2389,324,Yes,0,5,64.95,0.27,274.09,36
MED0360,Furosemide 250mg Capsule,Emergency/Critical Care,Mankind,No,2026-05,0,3137,2904,649,2904,0,No,233,5,64.95,0.27,274.09,36
MED0360,Furosemide 250mg Capsule,Emergency/Critical Care,Mankind,No,2026-06,233,2377,2551,554.1,2551,0,No,59,5,64.95,0.27,274.09,36
MED0360,Furosemide 250mg Capsule,Emergency/Critical Care,Mankind,No,2026-07,59,2470,2819,788.7,2529,290,Yes,0,5,64.95,0.27,274.09,36
MED0361,Domperidone 1mg Syrup,Dermatological,Cadila,No,2025-08,1414,0,1618,334.7,1414,204,Yes,0,14,99.91,0.26,340.99,18
MED0361,Domperidone 1mg Syrup,Dermatological,Cadila,No,2025-09,0,1754,1665,356.5,1665,0,No,89,14,99.91,0.26,340.99,18
MED0361,Domperidone 1mg Syrup,Dermatological,Cadila,No,2025-10,89,0,1922,305.7,89,1833,Yes,0,14,99.91,0.26,340.99,18
MED0361,Domperidone 1mg Syrup,Dermatological,Cadila,No,2025-11,0,1826,1937,532.1,1826,111,Yes,0,14,99.91,0.26,340.99,18
MED0361,Domperidone 1mg Syrup,Dermatological,Cadila,No,2025-12,0,0,1790,570.5,0,1790,Yes,0,14,99.91,0.26,340.99,18
MED0361,Domperidone 1mg Syrup,Dermatological,Cadila,No,2026-01,0,2156,1821,534.3,1821,0,No,335,14,99.91,0.26,340.99,18
MED0361,Domperidone 1mg Syrup,Dermatological,Cadila,No,2026-02,335,1878,1651,482,1651,0,No,562,14,99.91,0.26,340.99,18
MED0361,Domperidone 1mg Syrup,Dermatological,Cadila,No,2026-03,562,0,1939,641.3,562,1377,Yes,0,14,99.91,0.26,340.99,18
MED0361,Domperidone 1mg Syrup,Dermatological,Cadila,No,2026-04,0,1146,1560,482.5,1146,414,Yes,0,14,99.91,0.26,340.99,18
MED0361,Domperidone 1mg Syrup,Dermatological,Cadila,No,2026-05,0,0,1717,539.1,0,1717,Yes,0,14,99.91,0.26,340.99,18
MED0361,Domperidone 1mg Syrup,Dermatological,Cadila,No,2026-06,0,0,1861,280.5,0,1861,Yes,0,14,99.91,0.26,340.99,18
MED0361,Domperidone 1mg Syrup,Dermatological,Cadila,No,2026-07,0,2059,1690,281.8,1690,0,No,369,14,99.91,0.26,340.99,18
MED0362,Dextrose 5% 5mg Injection,Antibiotic,Aurobindo,No,2025-08,1851,2385,2746,699.3,2746,0,No,1490,14,537.96,0.2,291,6
MED0362,Dextrose 5% 5mg Injection,Antibiotic,Aurobindo,No,2025-09,1490,0,2616,777,1490,1126,Yes,0,14,537.96,0.2,291,6
MED0362,Dextrose 5% 5mg Injection,Antibiotic,Aurobindo,No,2025-10,0,1984,1571,526.8,1571,0,No,413,14,537.96,0.2,291,6
MED0362,Dextrose 5% 5mg Injection,Antibiotic,Aurobindo,No,2025-11,413,1753,1493,381.2,1493,0,No,673,14,537.96,0.2,291,6
MED0362,Dextrose 5% 5mg Injection,Antibiotic,Aurobindo,No,2025-12,673,961,1001,200.6,1001,0,No,633,14,537.96,0.2,291,6
MED0362,Dextrose 5% 5mg Injection,Antibiotic,Aurobindo,No,2026-01,633,787,1016,284.7,1016,0,No,404,14,537.96,0.2,291,6
MED0362,Dextrose 5% 5mg Injection,Antibiotic,Aurobindo,No,2026-02,404,1205,1041,202.2,1041,0,No,568,14,537.96,0.2,291,6
MED0362,Dextrose 5% 5mg Injection,Antibiotic,Aurobindo,No,2026-03,568,0,1385,391.3,568,817,Yes,0,14,537.96,0.2,291,6
MED0362,Dextrose 5% 5mg Injection,Antibiotic,Aurobindo,No,2026-04,0,1046,1328,258.5,1046,282,Yes,0,14,537.96,0.2,291,6
MED0362,Dextrose 5% 5mg Injection,Antibiotic,Aurobindo,No,2026-05,0,2121,1809,298.6,1809,0,No,312,14,537.96,0.2,291,6
MED0362,Dextrose 5% 5mg Injection,Antibiotic,Aurobindo,No,2026-06,312,3648,2852,479,2852,0,No,1108,14,537.96,0.2,291,6
MED0362,Dextrose 5% 5mg Injection,Antibiotic,Aurobindo,No,2026-07,1108,2947,2879,837.6,2879,0,No,1176,14,537.96,0.2,291,6
MED0363,Loperamide 50mg Drops,Emergency/Critical Care,Abbott,No,2025-08,213,1349,1073,270.9,1073,0,No,489,4,44.13,0.22,319.75,9
MED0363,Loperamide 50mg Drops,Emergency/Critical Care,Abbott,No,2025-09,489,1290,1159,229.8,1159,0,No,620,4,44.13,0.22,319.75,9
MED0363,Loperamide 50mg Drops,Emergency/Critical Care,Abbott,No,2025-10,620,1001,963,213.5,963,0,No,658,4,44.13,0.22,319.75,9
MED0363,Loperamide 50mg Drops,Emergency/Critical Care,Abbott,No,2025-11,658,1016,988,172.5,988,0,No,686,4,44.13,0.22,319.75,9
MED0363,Loperamide 50mg Drops,Emergency/Critical Care,Abbott,No,2025-12,686,0,1026,283.3,686,340,Yes,0,4,44.13,0.22,319.75,9
MED0363,Loperamide 50mg Drops,Emergency/Critical Care,Abbott,No,2026-01,0,0,965,250.2,0,965,Yes,0,4,44.13,0.22,319.75,9
MED0363,Loperamide 50mg Drops,Emergency/Critical Care,Abbott,No,2026-02,0,1124,1203,214.7,1124,79,Yes,0,4,44.13,0.22,319.75,9
MED0363,Loperamide 50mg Drops,Emergency/Critical Care,Abbott,No,2026-03,0,1188,1047,317.2,1047,0,No,141,4,44.13,0.22,319.75,9
MED0363,Loperamide 50mg Drops,Emergency/Critical Care,Abbott,No,2026-04,141,1150,1081,290.3,1081,0,No,210,4,44.13,0.22,319.75,9
MED0363,Loperamide 50mg Drops,Emergency/Critical Care,Abbott,No,2026-05,210,1034,1117,343.9,1117,0,No,127,4,44.13,0.22,319.75,9
MED0363,Loperamide 50mg Drops,Emergency/Critical Care,Abbott,No,2026-06,127,1045,1104,184.6,1104,0,No,68,4,44.13,0.22,319.75,9
MED0363,Loperamide 50mg Drops,Emergency/Critical Care,Abbott,No,2026-07,68,845,1188,300.2,913,275,Yes,0,4,44.13,0.22,319.75,9
MED0364,Amitriptyline 10ml Drops,Emergency/Critical Care,Abbott,No,2025-08,127,0,605,117.9,127,478,Yes,0,5,282.81,0.25,211.95,9
MED0364,Amitriptyline 10ml Drops,Emergency/Critical Care,Abbott,No,2025-09,0,430,441,128.3,430,11,Yes,0,5,282.81,0.25,211.95,9
MED0364,Amitriptyline 10ml Drops,Emergency/Critical Care,Abbott,No,2025-10,0,299,378,75.9,299,79,Yes,0,5,282.81,0.25,211.95,9
MED0364,Amitriptyline 10ml Drops,Emergency/Critical Care,Abbott,No,2025-11,0,358,305,85.8,305,0,No,53,5,282.81,0.25,211.95,9
MED0364,Amitriptyline 10ml Drops,Emergency/Critical Care,Abbott,No,2025-12,53,0,311,69,53,258,Yes,0,5,282.81,0.25,211.95,9
MED0364,Amitriptyline 10ml Drops,Emergency/Critical Care,Abbott,No,2026-01,0,313,247,79.8,247,0,No,66,5,282.81,0.25,211.95,9
MED0364,Amitriptyline 10ml Drops,Emergency/Critical Care,Abbott,No,2026-02,66,308,274,70.5,274,0,No,100,5,282.81,0.25,211.95,9
MED0364,Amitriptyline 10ml Drops,Emergency/Critical Care,Abbott,No,2026-03,100,340,422,128.3,422,0,No,18,5,282.81,0.25,211.95,9
MED0364,Amitriptyline 10ml Drops,Emergency/Critical Care,Abbott,No,2026-04,18,402,533,81.2,420,113,Yes,0,5,282.81,0.25,211.95,9
MED0364,Amitriptyline 10ml Drops,Emergency/Critical Care,Abbott,No,2026-05,0,871,724,199.6,724,0,No,147,5,282.81,0.25,211.95,9
MED0364,Amitriptyline 10ml Drops,Emergency/Critical Care,Abbott,No,2026-06,147,854,666,117.8,666,0,No,335,5,282.81,0.25,211.95,9
MED0364,Amitriptyline 10ml Drops,Emergency/Critical Care,Abbott,No,2026-07,335,555,593,110.6,593,0,No,297,5,282.81,0.25,211.95,9
MED0365,Sertraline 20mg Suspension,Emergency/Critical Care,Lupin,No,2025-08,302,1478,1197,273.7,1197,0,No,583,3,500.71,0.21,97.3,9
MED0365,Sertraline 20mg Suspension,Emergency/Critical Care,Lupin,No,2025-09,583,1348,1432,379.3,1432,0,No,499,3,500.71,0.21,97.3,9
MED0365,Sertraline 20mg Suspension,Emergency/Critical Care,Lupin,No,2025-10,499,1429,1474,400.3,1474,0,No,454,3,500.71,0.21,97.3,9
MED0365,Sertraline 20mg Suspension,Emergency/Critical Care,Lupin,No,2025-11,454,1576,1302,307,1302,0,No,728,3,500.71,0.21,97.3,9
MED0365,Sertraline 20mg Suspension,Emergency/Critical Care,Lupin,No,2025-12,728,1041,1292,318.1,1292,0,No,477,3,500.71,0.21,97.3,9
MED0365,Sertraline 20mg Suspension,Emergency/Critical Care,Lupin,No,2026-01,477,1647,1459,311.1,1459,0,No,665,3,500.71,0.21,97.3,9
MED0365,Sertraline 20mg Suspension,Emergency/Critical Care,Lupin,No,2026-02,665,1736,1402,473,1402,0,No,999,3,500.71,0.21,97.3,9
MED0365,Sertraline 20mg Suspension,Emergency/Critical Care,Lupin,No,2026-03,999,1001,1161,319.7,1161,0,No,839,3,500.71,0.21,97.3,9
MED0365,Sertraline 20mg Suspension,Emergency/Critical Care,Lupin,No,2026-04,839,1227,1383,422.8,1383,0,No,683,3,500.71,0.21,97.3,9
MED0365,Sertraline 20mg Suspension,Emergency/Critical Care,Lupin,No,2026-05,683,1329,1360,286.8,1360,0,No,652,3,500.71,0.21,97.3,9
MED0365,Sertraline 20mg Suspension,Emergency/Critical Care,Lupin,No,2026-06,652,1070,1327,309.4,1327,0,No,395,3,500.71,0.21,97.3,9
MED0365,Sertraline 20mg Suspension,Emergency/Critical Care,Lupin,No,2026-07,395,802,1126,308.1,1126,0,No,71,3,500.71,0.21,97.3,9
MED0366,Amitriptyline 2.5mg Syrup,Vitamin/Supplement,Cadila,No,2025-08,346,1609,1865,554.9,1865,0,No,90,5,10.37,0.14,270.11,36
MED0366,Amitriptyline 2.5mg Syrup,Vitamin/Supplement,Cadila,No,2025-09,90,1584,1738,399.4,1674,64,Yes,0,5,10.37,0.14,270.11,36
MED0366,Amitriptyline 2.5mg Syrup,Vitamin/Supplement,Cadila,No,2025-10,0,0,2019,549.6,0,2019,Yes,0,5,10.37,0.14,270.11,36
MED0366,Amitriptyline 2.5mg Syrup,Vitamin/Supplement,Cadila,No,2025-11,0,1719,1968,483,1719,249,Yes,0,5,10.37,0.14,270.11,36
MED0366,Amitriptyline 2.5mg Syrup,Vitamin/Supplement,Cadila,No,2025-12,0,2506,2018,597.7,2018,0,No,488,5,10.37,0.14,270.11,36
MED0366,Amitriptyline 2.5mg Syrup,Vitamin/Supplement,Cadila,No,2026-01,488,0,1885,538.7,488,1397,Yes,0,5,10.37,0.14,270.11,36
MED0366,Amitriptyline 2.5mg Syrup,Vitamin/Supplement,Cadila,No,2026-02,0,1751,1752,468.2,1751,1,Yes,0,5,10.37,0.14,270.11,36
MED0366,Amitriptyline 2.5mg Syrup,Vitamin/Supplement,Cadila,No,2026-03,0,1277,1818,505.6,1277,541,Yes,0,5,10.37,0.14,270.11,36
MED0366,Amitriptyline 2.5mg Syrup,Vitamin/Supplement,Cadila,No,2026-04,0,1493,1974,462.8,1493,481,Yes,0,5,10.37,0.14,270.11,36
MED0366,Amitriptyline 2.5mg Syrup,Vitamin/Supplement,Cadila,No,2026-05,0,1660,1731,337.1,1660,71,Yes,0,5,10.37,0.14,270.11,36
MED0366,Amitriptyline 2.5mg Syrup,Vitamin/Supplement,Cadila,No,2026-06,0,0,1630,289.8,0,1630,Yes,0,5,10.37,0.14,270.11,36
MED0366,Amitriptyline 2.5mg Syrup,Vitamin/Supplement,Cadila,No,2026-07,0,1788,1940,363.4,1788,152,Yes,0,5,10.37,0.14,270.11,36
MED0367,Cloxacillin 250mg Suspension,Antidiabetic,Cadila,No,2025-08,959,1896,1975,477.3,1975,0,No,880,5,50.1,0.13,217.9,6
MED0367,Cloxacillin 250mg Suspension,Antidiabetic,Cadila,No,2025-09,880,2418,2413,681.3,2413,0,No,885,5,50.1,0.13,217.9,6
MED0367,Cloxacillin 250mg Suspension,Antidiabetic,Cadila,No,2025-10,885,2401,2975,839.9,2975,0,No,311,5,50.1,0.13,217.9,6
MED0367,Cloxacillin 250mg Suspension,Antidiabetic,Cadila,No,2025-11,311,4322,3375,1119.6,3375,0,No,1258,5,50.1,0.13,217.9,6
MED0367,Cloxacillin 250mg Suspension,Antidiabetic,Cadila,No,2025-12,1258,2732,3671,1213.4,3671,0,No,319,5,50.1,0.13,217.9,6
MED0367,Cloxacillin 250mg Suspension,Antidiabetic,Cadila,No,2026-01,319,0,4942,990.3,319,4623,Yes,0,5,50.1,0.13,217.9,6
MED0367,Cloxacillin 250mg Suspension,Antidiabetic,Cadila,No,2026-02,0,2495,3254,917.1,2495,759,Yes,0,5,50.1,0.13,217.9,6
MED0367,Cloxacillin 250mg Suspension,Antidiabetic,Cadila,No,2026-03,0,1988,2580,480.2,1988,592,Yes,0,5,50.1,0.13,217.9,6
MED0367,Cloxacillin 250mg Suspension,Antidiabetic,Cadila,No,2026-04,0,2356,1925,364.4,1925,0,No,431,5,50.1,0.13,217.9,6
MED0367,Cloxacillin 250mg Suspension,Antidiabetic,Cadila,No,2026-05,431,2160,1833,296.3,1833,0,No,758,5,50.1,0.13,217.9,6
MED0367,Cloxacillin 250mg Suspension,Antidiabetic,Cadila,No,2026-06,758,1864,1625,267.4,1625,0,No,997,5,50.1,0.13,217.9,6
MED0367,Cloxacillin 250mg Suspension,Antidiabetic,Cadila,No,2026-07,997,1808,2011,519.1,2011,0,No,794,5,50.1,0.13,217.9,6
MED0368,Lactulose 5ml Suspension,Vitamin/Supplement,Cipla,No,2025-08,146,641,829,273.8,787,42,Yes,0,2,148.63,0.21,240.13,36
MED0368,Lactulose 5ml Suspension,Vitamin/Supplement,Cipla,No,2025-09,0,1085,891,302.7,891,0,No,194,2,148.63,0.21,240.13,36
MED0368,Lactulose 5ml Suspension,Vitamin/Supplement,Cipla,No,2025-10,194,1044,834,220.3,834,0,No,404,2,148.63,0.21,240.13,36
MED0368,Lactulose 5ml Suspension,Vitamin/Supplement,Cipla,No,2025-11,404,0,896,249,404,492,Yes,0,2,148.63,0.21,240.13,36
MED0368,Lactulose 5ml Suspension,Vitamin/Supplement,Cipla,No,2025-12,0,0,833,171.4,0,833,Yes,0,2,148.63,0.21,240.13,36
MED0368,Lactulose 5ml Suspension,Vitamin/Supplement,Cipla,No,2026-01,0,924,840,179.9,840,0,No,84,2,148.63,0.21,240.13,36
MED0368,Lactulose 5ml Suspension,Vitamin/Supplement,Cipla,No,2026-02,84,867,880,305.9,880,0,No,71,2,148.63,0.21,240.13,36
MED0368,Lactulose 5ml Suspension,Vitamin/Supplement,Cipla,No,2026-03,71,713,939,151.3,784,155,Yes,0,2,148.63,0.21,240.13,36
MED0368,Lactulose 5ml Suspension,Vitamin/Supplement,Cipla,No,2026-04,0,890,802,145.9,802,0,No,88,2,148.63,0.21,240.13,36
MED0368,Lactulose 5ml Suspension,Vitamin/Supplement,Cipla,No,2026-05,88,1009,941,245.7,941,0,No,156,2,148.63,0.21,240.13,36
MED0368,Lactulose 5ml Suspension,Vitamin/Supplement,Cipla,No,2026-06,156,680,875,156.7,836,39,Yes,0,2,148.63,0.21,240.13,36
MED0368,Lactulose 5ml Suspension,Vitamin/Supplement,Cipla,No,2026-07,0,880,816,255.8,816,0,No,64,2,148.63,0.21,240.13,36
MED0369,Hepatitis B Vaccine 1mg Syrup,Anesthetic,Cadila,Yes,2025-08,273,233,232,66.8,232,0,No,274,21,547.61,0.27,84.19,18
MED0369,Hepatitis B Vaccine 1mg Syrup,Anesthetic,Cadila,Yes,2025-09,274,325,273,93.1,273,0,No,326,21,547.61,0.27,84.19,18
MED0369,Hepatitis B Vaccine 1mg Syrup,Anesthetic,Cadila,Yes,2025-10,326,0,243,61.3,243,0,No,83,21,547.61,0.27,84.19,18
MED0369,Hepatitis B Vaccine 1mg Syrup,Anesthetic,Cadila,Yes,2025-11,83,287,245,80.9,245,0,No,125,21,547.61,0.27,84.19,18
MED0369,Hepatitis B Vaccine 1mg Syrup,Anesthetic,Cadila,Yes,2025-12,125,191,215,47.7,215,0,No,101,21,547.61,0.27,84.19,18
MED0369,Hepatitis B Vaccine 1mg Syrup,Anesthetic,Cadila,Yes,2026-01,101,235,245,54.6,245,0,No,91,21,547.61,0.27,84.19,18
MED0369,Hepatitis B Vaccine 1mg Syrup,Anesthetic,Cadila,Yes,2026-02,91,158,224,37.9,224,0,No,25,21,547.61,0.27,84.19,18
MED0369,Hepatitis B Vaccine 1mg Syrup,Anesthetic,Cadila,Yes,2026-03,25,231,204,64.3,204,0,No,52,21,547.61,0.27,84.19,18
MED0369,Hepatitis B Vaccine 1mg Syrup,Anesthetic,Cadila,Yes,2026-04,52,242,205,40,205,0,No,89,21,547.61,0.27,84.19,18
MED0369,Hepatitis B Vaccine 1mg Syrup,Anesthetic,Cadila,Yes,2026-05,89,0,244,48.2,89,155,Yes,0,21,547.61,0.27,84.19,18
MED0369,Hepatitis B Vaccine 1mg Syrup,Anesthetic,Cadila,Yes,2026-06,0,0,205,55.8,0,205,Yes,0,21,547.61,0.27,84.19,18
MED0369,Hepatitis B Vaccine 1mg Syrup,Anesthetic,Cadila,Yes,2026-07,0,218,275,51.3,218,57,Yes,0,21,547.61,0.27,84.19,18
MED0370,Phenytoin 5ml Drops,Dermatological,Cipla,Yes,2025-08,325,887,1180,358,1180,0,No,32,4,391.97,0.19,47.44,6
MED0370,Phenytoin 5ml Drops,Dermatological,Cipla,Yes,2025-09,32,1863,1491,386.8,1491,0,No,404,4,391.97,0.19,47.44,6
MED0370,Phenytoin 5ml Drops,Dermatological,Cipla,Yes,2025-10,404,0,1520,251.6,404,1116,Yes,0,4,391.97,0.19,47.44,6
MED0370,Phenytoin 5ml Drops,Dermatological,Cipla,Yes,2025-11,0,1797,1547,382.9,1547,0,No,250,4,391.97,0.19,47.44,6
MED0370,Phenytoin 5ml Drops,Dermatological,Cipla,Yes,2025-12,250,1467,1254,370.5,1254,0,No,463,4,391.97,0.19,47.44,6
MED0370,Phenytoin 5ml Drops,Dermatological,Cipla,Yes,2026-01,463,1251,1258,289.7,1258,0,No,456,4,391.97,0.19,47.44,6
MED0370,Phenytoin 5ml Drops,Dermatological,Cipla,Yes,2026-02,456,1238,1215,292.2,1215,0,No,479,4,391.97,0.19,47.44,6
MED0370,Phenytoin 5ml Drops,Dermatological,Cipla,Yes,2026-03,479,1623,1479,374.9,1479,0,No,623,4,391.97,0.19,47.44,6
MED0370,Phenytoin 5ml Drops,Dermatological,Cipla,Yes,2026-04,623,1158,1470,314.4,1470,0,No,311,4,391.97,0.19,47.44,6
MED0370,Phenytoin 5ml Drops,Dermatological,Cipla,Yes,2026-05,311,1343,1285,426.4,1285,0,No,369,4,391.97,0.19,47.44,6
MED0370,Phenytoin 5ml Drops,Dermatological,Cipla,Yes,2026-06,369,1422,1431,459.1,1431,0,No,360,4,391.97,0.19,47.44,6
MED0370,Phenytoin 5ml Drops,Dermatological,Cipla,Yes,2026-07,360,0,1374,320.3,360,1014,Yes,0,4,391.97,0.19,47.44,6
MED0371,Lidocaine 1g Syrup,Gastrointestinal,Sun Pharma,No,2025-08,88,429,587,182.5,517,70,Yes,0,3,78.02,0.15,287.23,24
MED0371,Lidocaine 1g Syrup,Gastrointestinal,Sun Pharma,No,2025-09,0,674,544,93.3,544,0,No,130,3,78.02,0.15,287.23,24
MED0371,Lidocaine 1g Syrup,Gastrointestinal,Sun Pharma,No,2025-10,130,0,539,162.6,130,409,Yes,0,3,78.02,0.15,287.23,24
MED0371,Lidocaine 1g Syrup,Gastrointestinal,Sun Pharma,No,2025-11,0,0,526,149.8,0,526,Yes,0,3,78.02,0.15,287.23,24
MED0371,Lidocaine 1g Syrup,Gastrointestinal,Sun Pharma,No,2025-12,0,655,511,83.2,511,0,No,144,3,78.02,0.15,287.23,24
MED0371,Lidocaine 1g Syrup,Gastrointestinal,Sun Pharma,No,2026-01,144,718,592,204.2,592,0,No,270,3,78.02,0.15,287.23,24
MED0371,Lidocaine 1g Syrup,Gastrointestinal,Sun Pharma,No,2026-02,270,657,552,140,552,0,No,375,3,78.02,0.15,287.23,24
MED0371,Lidocaine 1g Syrup,Gastrointestinal,Sun Pharma,No,2026-03,375,342,488,78.7,488,0,No,229,3,78.02,0.15,287.23,24
MED0371,Lidocaine 1g Syrup,Gastrointestinal,Sun Pharma,No,2026-04,229,690,617,182.5,617,0,No,302,3,78.02,0.15,287.23,24
MED0371,Lidocaine 1g Syrup,Gastrointestinal,Sun Pharma,No,2026-05,302,698,591,117.7,591,0,No,409,3,78.02,0.15,287.23,24
MED0371,Lidocaine 1g Syrup,Gastrointestinal,Sun Pharma,No,2026-06,409,409,499,79,499,0,No,319,3,78.02,0.15,287.23,24
MED0371,Lidocaine 1g Syrup,Gastrointestinal,Sun Pharma,No,2026-07,319,577,469,138.4,469,0,No,427,3,78.02,0.15,287.23,24
MED0372,Levetiracetam 100mg Capsule,Anesthetic,Cadila,Yes,2025-08,1240,2160,2129,591.4,2129,0,No,1271,10,260.28,0.23,338.1,6
MED0372,Levetiracetam 100mg Capsule,Anesthetic,Cadila,Yes,2025-09,1271,1650,2207,713.8,2207,0,No,714,10,260.28,0.23,338.1,6
MED0372,Levetiracetam 100mg Capsule,Anesthetic,Cadila,Yes,2025-10,714,0,2655,815.1,714,1941,Yes,0,10,260.28,0.23,338.1,6
MED0372,Levetiracetam 100mg Capsule,Anesthetic,Cadila,Yes,2025-11,0,3138,3600,968,3138,462,Yes,0,10,260.28,0.23,338.1,6
MED0372,Levetiracetam 100mg Capsule,Anesthetic,Cadila,Yes,2025-12,0,4604,4033,960.2,4033,0,No,571,10,260.28,0.23,338.1,6
MED0372,Levetiracetam 100mg Capsule,Anesthetic,Cadila,Yes,2026-01,571,5999,4785,1444,4785,0,No,1785,10,260.28,0.23,338.1,6
MED0372,Levetiracetam 100mg Capsule,Anesthetic,Cadila,Yes,2026-02,1785,4177,3701,1284,3701,0,No,2261,10,260.28,0.23,338.1,6
MED0372,Levetiracetam 100mg Capsule,Anesthetic,Cadila,Yes,2026-03,2261,3191,2727,854.6,2727,0,No,2725,10,260.28,0.23,338.1,6
MED0372,Levetiracetam 100mg Capsule,Anesthetic,Cadila,Yes,2026-04,2725,1804,2438,722.8,2438,0,No,2091,10,260.28,0.23,338.1,6
MED0372,Levetiracetam 100mg Capsule,Anesthetic,Cadila,Yes,2026-05,2091,1785,1722,593.9,1722,0,No,2154,10,260.28,0.23,338.1,6
MED0372,Levetiracetam 100mg Capsule,Anesthetic,Cadila,Yes,2026-06,2154,1812,1814,288.2,1814,0,No,2152,10,260.28,0.23,338.1,6
MED0372,Levetiracetam 100mg Capsule,Anesthetic,Cadila,Yes,2026-07,2152,1944,1849,341.4,1849,0,No,2247,10,260.28,0.23,338.1,6
MED0373,Mebendazole 10mg Drops,Vitamin/Supplement,Lupin,No,2025-08,135,746,615,203,615,0,No,266,4,417.75,0.13,96.18,9
MED0373,Mebendazole 10mg Drops,Vitamin/Supplement,Lupin,No,2025-09,266,0,719,121.1,266,453,Yes,0,4,417.75,0.13,96.18,9
MED0373,Mebendazole 10mg Drops,Vitamin/Supplement,Lupin,No,2025-10,0,666,744,199.1,666,78,Yes,0,4,417.75,0.13,96.18,9
MED0373,Mebendazole 10mg Drops,Vitamin/Supplement,Lupin,No,2025-11,0,852,1016,152.8,852,164,Yes,0,4,417.75,0.13,96.18,9
MED0373,Mebendazole 10mg Drops,Vitamin/Supplement,Lupin,No,2025-12,0,1135,1350,231.9,1135,215,Yes,0,4,417.75,0.13,96.18,9
MED0373,Mebendazole 10mg Drops,Vitamin/Supplement,Lupin,No,2026-01,0,1788,1464,220.9,1464,0,No,324,4,417.75,0.13,96.18,9
MED0373,Mebendazole 10mg Drops,Vitamin/Supplement,Lupin,No,2026-02,324,1364,1104,245.7,1104,0,No,584,4,417.75,0.13,96.18,9
MED0373,Mebendazole 10mg Drops,Vitamin/Supplement,Lupin,No,2026-03,584,947,735,194.5,735,0,No,796,4,417.75,0.13,96.18,9
MED0373,Mebendazole 10mg Drops,Vitamin/Supplement,Lupin,No,2026-04,796,544,590,188.5,590,0,No,750,4,417.75,0.13,96.18,9
MED0373,Mebendazole 10mg Drops,Vitamin/Supplement,Lupin,No,2026-05,750,475,472,90.5,472,0,No,753,4,417.75,0.13,96.18,9
MED0373,Mebendazole 10mg Drops,Vitamin/Supplement,Lupin,No,2026-06,753,622,482,111.1,482,0,No,893,4,417.75,0.13,96.18,9
MED0373,Mebendazole 10mg Drops,Vitamin/Supplement,Lupin,No,2026-07,893,563,622,141.6,622,0,No,834,4,417.75,0.13,96.18,9
MED0374,Vancomycin 10mg Ointment,Vitamin/Supplement,Alkem,Yes,2025-08,296,3553,4049,923.4,3849,200,Yes,0,2,506.43,0.24,348.17,36
MED0374,Vancomycin 10mg Ointment,Vitamin/Supplement,Alkem,Yes,2025-09,0,2808,2890,765.4,2808,82,Yes,0,2,506.43,0.24,348.17,36
MED0374,Vancomycin 10mg Ointment,Vitamin/Supplement,Alkem,Yes,2025-10,0,2126,2260,752.3,2126,134,Yes,0,2,506.43,0.24,348.17,36
MED0374,Vancomycin 10mg Ointment,Vitamin/Supplement,Alkem,Yes,2025-11,0,0,1620,410.8,0,1620,Yes,0,2,506.43,0.24,348.17,36
MED0374,Vancomycin 10mg Ointment,Vitamin/Supplement,Alkem,Yes,2025-12,0,1637,1529,459.5,1529,0,No,108,2,506.43,0.24,348.17,36
MED0374,Vancomycin 10mg Ointment,Vitamin/Supplement,Alkem,Yes,2026-01,108,1444,1167,290.7,1167,0,No,385,2,506.43,0.24,348.17,36
MED0374,Vancomycin 10mg Ointment,Vitamin/Supplement,Alkem,Yes,2026-02,385,1145,1267,324.7,1267,0,No,263,2,506.43,0.24,348.17,36
MED0374,Vancomycin 10mg Ointment,Vitamin/Supplement,Alkem,Yes,2026-03,263,950,1351,339.2,1213,138,Yes,0,2,506.43,0.24,348.17,36
MED0374,Vancomycin 10mg Ointment,Vitamin/Supplement,Alkem,Yes,2026-04,0,1598,1560,298.7,1560,0,No,38,2,506.43,0.24,348.17,36
MED0374,Vancomycin 10mg Ointment,Vitamin/Supplement,Alkem,Yes,2026-05,38,1638,2082,427.3,1676,406,Yes,0,2,506.43,0.24,348.17,36
MED0374,Vancomycin 10mg Ointment,Vitamin/Supplement,Alkem,Yes,2026-06,0,3758,3325,1132.4,3325,0,No,433,2,506.43,0.24,348.17,36
MED0374,Vancomycin 10mg Ointment,Vitamin/Supplement,Alkem,Yes,2026-07,433,3988,3696,569.1,3696,0,No,725,2,506.43,0.24,348.17,36
MED0375,Hydrochlorothiazide 5ml Suspension,Anesthetic,Mankind,Yes,2025-08,145,723,741,246.8,741,0,No,127,5,335,0.18,224.07,24
MED0375,Hydrochlorothiazide 5ml Suspension,Anesthetic,Mankind,Yes,2025-09,127,856,741,231.3,741,0,No,242,5,335,0.18,224.07,24
MED0375,Hydrochlorothiazide 5ml Suspension,Anesthetic,Mankind,Yes,2025-10,242,796,719,118.2,719,0,No,319,5,335,0.18,224.07,24
MED0375,Hydrochlorothiazide 5ml Suspension,Anesthetic,Mankind,Yes,2025-11,319,858,795,272.7,795,0,No,382,5,335,0.18,224.07,24
MED0375,Hydrochlorothiazide 5ml Suspension,Anesthetic,Mankind,Yes,2025-12,382,778,758,136.5,758,0,No,402,5,335,0.18,224.07,24
MED0375,Hydrochlorothiazide 5ml Suspension,Anesthetic,Mankind,Yes,2026-01,402,872,851,190,851,0,No,423,5,335,0.18,224.07,24
MED0375,Hydrochlorothiazide 5ml Suspension,Anesthetic,Mankind,Yes,2026-02,423,0,692,130.3,423,269,Yes,0,5,335,0.18,224.07,24
MED0375,Hydrochlorothiazide 5ml Suspension,Anesthetic,Mankind,Yes,2026-03,0,955,739,114.1,739,0,No,216,5,335,0.18,224.07,24
MED0375,Hydrochlorothiazide 5ml Suspension,Anesthetic,Mankind,Yes,2026-04,216,0,788,237.9,216,572,Yes,0,5,335,0.18,224.07,24
MED0375,Hydrochlorothiazide 5ml Suspension,Anesthetic,Mankind,Yes,2026-05,0,600,743,154,600,143,Yes,0,5,335,0.18,224.07,24
MED0375,Hydrochlorothiazide 5ml Suspension,Anesthetic,Mankind,Yes,2026-06,0,886,740,198,740,0,No,146,5,335,0.18,224.07,24
MED0375,Hydrochlorothiazide 5ml Suspension,Anesthetic,Mankind,Yes,2026-07,146,700,689,155.4,689,0,No,157,5,335,0.18,224.07,24
MED0376,Salbutamol 1mg Injection,Antibiotic,GSK,No,2025-08,224,463,432,129.9,432,0,No,255,10,204.01,0.2,53.43,6
MED0376,Salbutamol 1mg Injection,Antibiotic,GSK,No,2025-09,255,328,464,117.6,464,0,No,119,10,204.01,0.2,53.43,6
MED0376,Salbutamol 1mg Injection,Antibiotic,GSK,No,2025-10,119,392,351,87.3,351,0,No,160,10,204.01,0.2,53.43,6
MED0376,Salbutamol 1mg Injection,Antibiotic,GSK,No,2025-11,160,293,337,84.9,337,0,No,116,10,204.01,0.2,53.43,6
MED0376,Salbutamol 1mg Injection,Antibiotic,GSK,No,2025-12,116,0,271,88,116,155,Yes,0,10,204.01,0.2,53.43,6
MED0376,Salbutamol 1mg Injection,Antibiotic,GSK,No,2026-01,0,258,288,100.4,258,30,Yes,0,10,204.01,0.2,53.43,6
MED0376,Salbutamol 1mg Injection,Antibiotic,GSK,No,2026-02,0,0,269,55.2,0,269,Yes,0,10,204.01,0.2,53.43,6
MED0376,Salbutamol 1mg Injection,Antibiotic,GSK,No,2026-03,0,346,375,60.5,346,29,Yes,0,10,204.01,0.2,53.43,6
MED0376,Salbutamol 1mg Injection,Antibiotic,GSK,No,2026-04,0,554,496,128.4,496,0,No,58,10,204.01,0.2,53.43,6
MED0376,Salbutamol 1mg Injection,Antibiotic,GSK,No,2026-05,58,879,712,217.4,712,0,No,225,10,204.01,0.2,53.43,6
MED0376,Salbutamol 1mg Injection,Antibiotic,GSK,No,2026-06,225,773,612,196.9,612,0,No,386,10,204.01,0.2,53.43,6
MED0376,Salbutamol 1mg Injection,Antibiotic,GSK,No,2026-07,386,401,510,171,510,0,No,277,10,204.01,0.2,53.43,6
MED0377,Sertraline 5mg Drops,Neuro/Psychiatric,Sun Pharma,No,2025-08,147,510,394,76.3,394,0,No,263,4,729.61,0.13,255.15,9
MED0377,Sertraline 5mg Drops,Neuro/Psychiatric,Sun Pharma,No,2025-09,263,573,448,116.5,448,0,No,388,4,729.61,0.13,255.15,9
MED0377,Sertraline 5mg Drops,Neuro/Psychiatric,Sun Pharma,No,2025-10,388,370,488,95.1,488,0,No,270,4,729.61,0.13,255.15,9
MED0377,Sertraline 5mg Drops,Neuro/Psychiatric,Sun Pharma,No,2025-11,270,578,469,87.3,469,0,No,379,4,729.61,0.13,255.15,9
MED0377,Sertraline 5mg Drops,Neuro/Psychiatric,Sun Pharma,No,2025-12,379,317,426,112.2,426,0,No,270,4,729.61,0.13,255.15,9
MED0377,Sertraline 5mg Drops,Neuro/Psychiatric,Sun Pharma,No,2026-01,270,385,431,99.8,431,0,No,224,4,729.61,0.13,255.15,9
MED0377,Sertraline 5mg Drops,Neuro/Psychiatric,Sun Pharma,No,2026-02,224,510,433,132.7,433,0,No,301,4,729.61,0.13,255.15,9
MED0377,Sertraline 5mg Drops,Neuro/Psychiatric,Sun Pharma,No,2026-03,301,609,511,158,511,0,No,399,4,729.61,0.13,255.15,9
MED0377,Sertraline 5mg Drops,Neuro/Psychiatric,Sun Pharma,No,2026-04,399,376,451,92.7,451,0,No,324,4,729.61,0.13,255.15,9
MED0377,Sertraline 5mg Drops,Neuro/Psychiatric,Sun Pharma,No,2026-05,324,0,402,75.1,324,78,Yes,0,4,729.61,0.13,255.15,9
MED0377,Sertraline 5mg Drops,Neuro/Psychiatric,Sun Pharma,No,2026-06,0,604,502,168.8,502,0,No,102,4,729.61,0.13,255.15,9
MED0377,Sertraline 5mg Drops,Neuro/Psychiatric,Sun Pharma,No,2026-07,102,301,407,134.4,403,4,Yes,0,4,729.61,0.13,255.15,9
MED0378,Domperidone 10mg Tablet,Gastrointestinal,Alkem,Yes,2025-08,254,873,1187,188.4,1127,60,Yes,0,5,753.21,0.15,186.21,6
MED0378,Domperidone 10mg Tablet,Gastrointestinal,Alkem,Yes,2025-09,0,975,1160,235.6,975,185,Yes,0,5,753.21,0.15,186.21,6
MED0378,Domperidone 10mg Tablet,Gastrointestinal,Alkem,Yes,2025-10,0,1082,1161,333.6,1082,79,Yes,0,5,753.21,0.15,186.21,6
MED0378,Domperidone 10mg Tablet,Gastrointestinal,Alkem,Yes,2025-11,0,1257,1401,305.5,1257,144,Yes,0,5,753.21,0.15,186.21,6
MED0378,Domperidone 10mg Tablet,Gastrointestinal,Alkem,Yes,2025-12,0,1095,1301,290.7,1095,206,Yes,0,5,753.21,0.15,186.21,6
MED0378,Domperidone 10mg Tablet,Gastrointestinal,Alkem,Yes,2026-01,0,1381,1335,293,1335,0,No,46,5,753.21,0.15,186.21,6
MED0378,Domperidone 10mg Tablet,Gastrointestinal,Alkem,Yes,2026-02,46,1507,1330,263,1330,0,No,223,5,753.21,0.15,186.21,6
MED0378,Domperidone 10mg Tablet,Gastrointestinal,Alkem,Yes,2026-03,223,1125,1159,399.8,1159,0,No,189,5,753.21,0.15,186.21,6
MED0378,Domperidone 10mg Tablet,Gastrointestinal,Alkem,Yes,2026-04,189,1082,1130,290,1130,0,No,141,5,753.21,0.15,186.21,6
MED0378,Domperidone 10mg Tablet,Gastrointestinal,Alkem,Yes,2026-05,141,1461,1225,360.1,1225,0,No,377,5,753.21,0.15,186.21,6
MED0378,Domperidone 10mg Tablet,Gastrointestinal,Alkem,Yes,2026-06,377,1283,1194,285.1,1194,0,No,466,5,753.21,0.15,186.21,6
MED0378,Domperidone 10mg Tablet,Gastrointestinal,Alkem,Yes,2026-07,466,1254,1187,269.7,1187,0,No,533,5,753.21,0.15,186.21,6
MED0379,Carbamazepine 500mg Tablet,Anesthetic,Cipla,No,2025-08,1184,0,2530,672.9,1184,1346,Yes,0,10,344.02,0.24,323.04,6
MED0379,Carbamazepine 500mg Tablet,Anesthetic,Cipla,No,2025-09,0,2256,2235,434.2,2235,0,No,21,10,344.02,0.24,323.04,6
MED0379,Carbamazepine 500mg Tablet,Anesthetic,Cipla,No,2025-10,21,3009,2374,714.3,2374,0,No,656,10,344.02,0.24,323.04,6
MED0379,Carbamazepine 500mg Tablet,Anesthetic,Cipla,No,2025-11,656,2671,2258,474.3,2258,0,No,1069,10,344.02,0.24,323.04,6
MED0379,Carbamazepine 500mg Tablet,Anesthetic,Cipla,No,2025-12,1069,2648,2283,683.5,2283,0,No,1434,10,344.02,0.24,323.04,6
MED0379,Carbamazepine 500mg Tablet,Anesthetic,Cipla,No,2026-01,1434,2245,2038,642.9,2038,0,No,1641,10,344.02,0.24,323.04,6
MED0379,Carbamazepine 500mg Tablet,Anesthetic,Cipla,No,2026-02,1641,1890,2554,883.4,2554,0,No,977,10,344.02,0.24,323.04,6
MED0379,Carbamazepine 500mg Tablet,Anesthetic,Cipla,No,2026-03,977,2464,2342,373,2342,0,No,1099,10,344.02,0.24,323.04,6
MED0379,Carbamazepine 500mg Tablet,Anesthetic,Cipla,No,2026-04,1099,2127,2234,641.3,2234,0,No,992,10,344.02,0.24,323.04,6
MED0379,Carbamazepine 500mg Tablet,Anesthetic,Cipla,No,2026-05,992,3177,2654,440.5,2654,0,No,1515,10,344.02,0.24,323.04,6
MED0379,Carbamazepine 500mg Tablet,Anesthetic,Cipla,No,2026-06,1515,2662,2243,470.5,2243,0,No,1934,10,344.02,0.24,323.04,6
MED0379,Carbamazepine 500mg Tablet,Anesthetic,Cipla,No,2026-07,1934,2040,2605,562.5,2605,0,No,1369,10,344.02,0.24,323.04,6
MED0380,Hydrochlorothiazide 100mg Drops,Antibiotic,GSK,Yes,2025-08,400,2323,1945,353.5,1945,0,No,778,5,471.93,0.13,297.78,9
MED0380,Hydrochlorothiazide 100mg Drops,Antibiotic,GSK,Yes,2025-09,778,1142,1609,299.1,1609,0,No,311,5,471.93,0.13,297.78,9
MED0380,Hydrochlorothiazide 100mg Drops,Antibiotic,GSK,Yes,2025-10,311,1414,1204,335.7,1204,0,No,521,5,471.93,0.13,297.78,9
MED0380,Hydrochlorothiazide 100mg Drops,Antibiotic,GSK,Yes,2025-11,521,699,927,164.1,927,0,No,293,5,471.93,0.13,297.78,9
MED0380,Hydrochlorothiazide 100mg Drops,Antibiotic,GSK,Yes,2025-12,293,1000,851,190.9,851,0,No,442,5,471.93,0.13,297.78,9
MED0380,Hydrochlorothiazide 100mg Drops,Antibiotic,GSK,Yes,2026-01,442,751,831,245.1,831,0,No,362,5,471.93,0.13,297.78,9
MED0380,Hydrochlorothiazide 100mg Drops,Antibiotic,GSK,Yes,2026-02,362,1127,1053,301.9,1053,0,No,436,5,471.93,0.13,297.78,9
MED0380,Hydrochlorothiazide 100mg Drops,Antibiotic,GSK,Yes,2026-03,436,1066,1338,303.6,1338,0,No,164,5,471.93,0.13,297.78,9
MED0380,Hydrochlorothiazide 100mg Drops,Antibiotic,GSK,Yes,2026-04,164,0,2044,446.5,164,1880,Yes,0,5,471.93,0.13,297.78,9
MED0380,Hydrochlorothiazide 100mg Drops,Antibiotic,GSK,Yes,2026-05,0,2365,2468,555.8,2365,103,Yes,0,5,471.93,0.13,297.78,9
MED0380,Hydrochlorothiazide 100mg Drops,Antibiotic,GSK,Yes,2026-06,0,2210,2370,501.6,2210,160,Yes,0,5,471.93,0.13,297.78,9
MED0380,Hydrochlorothiazide 100mg Drops,Antibiotic,GSK,Yes,2026-07,0,2444,1891,532.1,1891,0,No,553,5,471.93,0.13,297.78,9
MED0381,Metformin 1g Capsule,Cardiac,Biocon,Yes,2025-08,1934,0,3862,670.4,1934,1928,Yes,0,10,247.39,0.17,122.46,18
MED0381,Metformin 1g Capsule,Cardiac,Biocon,Yes,2025-09,0,2718,2688,476.6,2688,0,No,30,10,247.39,0.17,122.46,18
MED0381,Metformin 1g Capsule,Cardiac,Biocon,Yes,2025-10,30,2860,2331,697.1,2331,0,No,559,10,247.39,0.17,122.46,18
MED0381,Metformin 1g Capsule,Cardiac,Biocon,Yes,2025-11,559,1423,1766,384.5,1766,0,No,216,10,247.39,0.17,122.46,18
MED0381,Metformin 1g Capsule,Cardiac,Biocon,Yes,2025-12,216,2115,1877,489.2,1877,0,No,454,10,247.39,0.17,122.46,18
MED0381,Metformin 1g Capsule,Cardiac,Biocon,Yes,2026-01,454,2257,1829,282,1829,0,No,882,10,247.39,0.17,122.46,18
MED0381,Metformin 1g Capsule,Cardiac,Biocon,Yes,2026-02,882,1697,2007,440.6,2007,0,No,572,10,247.39,0.17,122.46,18
MED0381,Metformin 1g Capsule,Cardiac,Biocon,Yes,2026-03,572,0,2257,707.4,572,1685,Yes,0,10,247.39,0.17,122.46,18
MED0381,Metformin 1g Capsule,Cardiac,Biocon,Yes,2026-04,0,2513,3474,552.8,2513,961,Yes,0,10,247.39,0.17,122.46,18
MED0381,Metformin 1g Capsule,Cardiac,Biocon,Yes,2026-05,0,3969,4566,1208.4,3969,597,Yes,0,10,247.39,0.17,122.46,18
MED0381,Metformin 1g Capsule,Cardiac,Biocon,Yes,2026-06,0,3864,4252,1316.2,3864,388,Yes,0,10,247.39,0.17,122.46,18
MED0381,Metformin 1g Capsule,Cardiac,Biocon,Yes,2026-07,0,3292,3192,502.1,3192,0,No,100,10,247.39,0.17,122.46,18
MED0382,Metronidazole 100mg Capsule,Antibiotic,Dr Reddy's,Yes,2025-08,30,260,222,73.6,222,0,No,68,2,588.87,0.15,81.21,36
MED0382,Metronidazole 100mg Capsule,Antibiotic,Dr Reddy's,Yes,2025-09,68,208,208,44,208,0,No,68,2,588.87,0.15,81.21,36
MED0382,Metronidazole 100mg Capsule,Antibiotic,Dr Reddy's,Yes,2025-10,68,210,216,40.4,216,0,No,62,2,588.87,0.15,81.21,36
MED0382,Metronidazole 100mg Capsule,Antibiotic,Dr Reddy's,Yes,2025-11,62,179,217,42.9,217,0,No,24,2,588.87,0.15,81.21,36
MED0382,Metronidazole 100mg Capsule,Antibiotic,Dr Reddy's,Yes,2025-12,24,168,233,57.7,192,41,Yes,0,2,588.87,0.15,81.21,36
MED0382,Metronidazole 100mg Capsule,Antibiotic,Dr Reddy's,Yes,2026-01,0,225,221,42.6,221,0,No,4,2,588.87,0.15,81.21,36
MED0382,Metronidazole 100mg Capsule,Antibiotic,Dr Reddy's,Yes,2026-02,4,233,196,55.2,196,0,No,41,2,588.87,0.15,81.21,36
MED0382,Metronidazole 100mg Capsule,Antibiotic,Dr Reddy's,Yes,2026-03,41,237,197,68.5,197,0,No,81,2,588.87,0.15,81.21,36
MED0382,Metronidazole 100mg Capsule,Antibiotic,Dr Reddy's,Yes,2026-04,81,200,183,40.2,183,0,No,98,2,588.87,0.15,81.21,36
MED0382,Metronidazole 100mg Capsule,Antibiotic,Dr Reddy's,Yes,2026-05,98,202,190,42,190,0,No,110,2,588.87,0.15,81.21,36
MED0382,Metronidazole 100mg Capsule,Antibiotic,Dr Reddy's,Yes,2026-06,110,189,200,42.4,200,0,No,99,2,588.87,0.15,81.21,36
MED0382,Metronidazole 100mg Capsule,Antibiotic,Dr Reddy's,Yes,2026-07,99,237,190,65.1,190,0,No,146,2,588.87,0.15,81.21,36
MED0383,Insulin Glargine 2.5mg Suspension,Antidiabetic,Abbott,Yes,2025-08,689,1541,1387,272.2,1387,0,No,843,14,32.71,0.2,250.95,24
MED0383,Insulin Glargine 2.5mg Suspension,Antidiabetic,Abbott,Yes,2025-09,843,1606,1247,200.9,1247,0,No,1202,14,32.71,0.2,250.95,24
MED0383,Insulin Glargine 2.5mg Suspension,Antidiabetic,Abbott,Yes,2025-10,1202,708,793,216.3,793,0,No,1117,14,32.71,0.2,250.95,24
MED0383,Insulin Glargine 2.5mg Suspension,Antidiabetic,Abbott,Yes,2025-11,1117,390,550,132.7,550,0,No,957,14,32.71,0.2,250.95,24
MED0383,Insulin Glargine 2.5mg Suspension,Antidiabetic,Abbott,Yes,2025-12,957,447,553,180.4,553,0,No,851,14,32.71,0.2,250.95,24
MED0383,Insulin Glargine 2.5mg Suspension,Antidiabetic,Abbott,Yes,2026-01,851,541,584,117.4,584,0,No,808,14,32.71,0.2,250.95,24
MED0383,Insulin Glargine 2.5mg Suspension,Antidiabetic,Abbott,Yes,2026-02,808,492,522,169.6,522,0,No,778,14,32.71,0.2,250.95,24
MED0383,Insulin Glargine 2.5mg Suspension,Antidiabetic,Abbott,Yes,2026-03,778,0,636,216.7,636,0,No,142,14,32.71,0.2,250.95,24
MED0383,Insulin Glargine 2.5mg Suspension,Antidiabetic,Abbott,Yes,2026-04,142,528,656,224.7,656,0,No,14,14,32.71,0.2,250.95,24
MED0383,Insulin Glargine 2.5mg Suspension,Antidiabetic,Abbott,Yes,2026-05,14,0,804,188.3,14,790,Yes,0,14,32.71,0.2,250.95,24
MED0383,Insulin Glargine 2.5mg Suspension,Antidiabetic,Abbott,Yes,2026-06,0,0,1412,233.7,0,1412,Yes,0,14,32.71,0.2,250.95,24
MED0383,Insulin Glargine 2.5mg Suspension,Antidiabetic,Abbott,Yes,2026-07,0,1391,1523,520.2,1391,132,Yes,0,14,32.71,0.2,250.95,24
MED0384,Bisacodyl 250mg Syrup,Respiratory,Sun Pharma,No,2025-08,192,217,266,59.9,266,0,No,143,7,772.53,0.18,80.52,9
MED0384,Bisacodyl 250mg Syrup,Respiratory,Sun Pharma,No,2025-09,143,223,281,66.8,281,0,No,85,7,772.53,0.18,80.52,9
MED0384,Bisacodyl 250mg Syrup,Respiratory,Sun Pharma,No,2025-10,85,0,311,78.3,85,226,Yes,0,7,772.53,0.18,80.52,9
MED0384,Bisacodyl 250mg Syrup,Respiratory,Sun Pharma,No,2025-11,0,283,384,130.4,283,101,Yes,0,7,772.53,0.18,80.52,9
MED0384,Bisacodyl 250mg Syrup,Respiratory,Sun Pharma,No,2025-12,0,641,558,90.6,558,0,No,83,7,772.53,0.18,80.52,9
MED0384,Bisacodyl 250mg Syrup,Respiratory,Sun Pharma,No,2026-01,83,0,586,173.7,83,503,Yes,0,7,772.53,0.18,80.52,9
MED0384,Bisacodyl 250mg Syrup,Respiratory,Sun Pharma,No,2026-02,0,623,493,87.4,493,0,No,130,7,772.53,0.18,80.52,9
MED0384,Bisacodyl 250mg Syrup,Respiratory,Sun Pharma,No,2026-03,130,0,330,113.4,130,200,Yes,0,7,772.53,0.18,80.52,9
MED0384,Bisacodyl 250mg Syrup,Respiratory,Sun Pharma,No,2026-04,0,195,262,42.6,195,67,Yes,0,7,772.53,0.18,80.52,9
MED0384,Bisacodyl 250mg Syrup,Respiratory,Sun Pharma,No,2026-05,0,166,208,42,166,42,Yes,0,7,772.53,0.18,80.52,9
MED0384,Bisacodyl 250mg Syrup,Respiratory,Sun Pharma,No,2026-06,0,0,255,45,0,255,Yes,0,7,772.53,0.18,80.52,9
MED0384,Bisacodyl 250mg Syrup,Respiratory,Sun Pharma,No,2026-07,0,0,239,82.7,0,239,Yes,0,7,772.53,0.18,80.52,9
MED0385,Adrenaline 10ml Injection,Antidiabetic,Alkem,No,2025-08,473,3623,4419,938.7,4096,323,Yes,0,3,324.56,0.16,101.58,6
MED0385,Adrenaline 10ml Injection,Antidiabetic,Alkem,No,2025-09,0,4715,4060,824.4,4060,0,No,655,3,324.56,0.16,101.58,6
MED0385,Adrenaline 10ml Injection,Antidiabetic,Alkem,No,2025-10,655,3804,4433,1122.2,4433,0,No,26,3,324.56,0.16,101.58,6
MED0385,Adrenaline 10ml Injection,Antidiabetic,Alkem,No,2025-11,26,2758,3789,1033.5,2784,1005,Yes,0,3,324.56,0.16,101.58,6
MED0385,Adrenaline 10ml Injection,Antidiabetic,Alkem,No,2025-12,0,5026,4242,954,4242,0,No,784,3,324.56,0.16,101.58,6
MED0385,Adrenaline 10ml Injection,Antidiabetic,Alkem,No,2026-01,784,4797,4174,627.5,4174,0,No,1407,3,324.56,0.16,101.58,6
MED0385,Adrenaline 10ml Injection,Antidiabetic,Alkem,No,2026-02,1407,3339,3800,923.1,3800,0,No,946,3,324.56,0.16,101.58,6
MED0385,Adrenaline 10ml Injection,Antidiabetic,Alkem,No,2026-03,946,4784,3768,724.1,3768,0,No,1962,3,324.56,0.16,101.58,6
MED0385,Adrenaline 10ml Injection,Antidiabetic,Alkem,No,2026-04,1962,4561,4244,894.1,4244,0,No,2279,3,324.56,0.16,101.58,6
MED0385,Adrenaline 10ml Injection,Antidiabetic,Alkem,No,2026-05,2279,4051,4229,769.2,4229,0,No,2101,3,324.56,0.16,101.58,6
MED0385,Adrenaline 10ml Injection,Antidiabetic,Alkem,No,2026-06,2101,3199,3516,907,3516,0,No,1784,3,324.56,0.16,101.58,6
MED0385,Adrenaline 10ml Injection,Antidiabetic,Alkem,No,2026-07,1784,3600,4684,792.7,4684,0,No,700,3,324.56,0.16,101.58,6
MED0386,Cefixime 50mg Drops,Antidiabetic,Alkem,No,2025-08,95,555,520,139.6,520,0,No,130,4,271.72,0.13,190.71,9
MED0386,Cefixime 50mg Drops,Antidiabetic,Alkem,No,2025-09,130,437,524,174.2,524,0,No,43,4,271.72,0.13,190.71,9
MED0386,Cefixime 50mg Drops,Antidiabetic,Alkem,No,2025-10,43,332,458,105.3,375,83,Yes,0,4,271.72,0.13,190.71,9
MED0386,Cefixime 50mg Drops,Antidiabetic,Alkem,No,2025-11,0,383,453,77.6,383,70,Yes,0,4,271.72,0.13,190.71,9
MED0386,Cefixime 50mg Drops,Antidiabetic,Alkem,No,2025-12,0,411,458,123,411,47,Yes,0,4,271.72,0.13,190.71,9
MED0386,Cefixime 50mg Drops,Antidiabetic,Alkem,No,2026-01,0,470,521,88.4,470,51,Yes,0,4,271.72,0.13,190.71,9
MED0386,Cefixime 50mg Drops,Antidiabetic,Alkem,No,2026-02,0,417,586,202.6,417,169,Yes,0,4,271.72,0.13,190.71,9
MED0386,Cefixime 50mg Drops,Antidiabetic,Alkem,No,2026-03,0,605,516,86.4,516,0,No,89,4,271.72,0.13,190.71,9
MED0386,Cefixime 50mg Drops,Antidiabetic,Alkem,No,2026-04,89,588,582,158.1,582,0,No,95,4,271.72,0.13,190.71,9
MED0386,Cefixime 50mg Drops,Antidiabetic,Alkem,No,2026-05,95,619,492,119.9,492,0,No,222,4,271.72,0.13,190.71,9
MED0386,Cefixime 50mg Drops,Antidiabetic,Alkem,No,2026-06,222,529,524,168.4,524,0,No,227,4,271.72,0.13,190.71,9
MED0386,Cefixime 50mg Drops,Antidiabetic,Alkem,No,2026-07,227,363,486,135.1,486,0,No,104,4,271.72,0.13,190.71,9
MED0387,Hydrogen Peroxide 50mg Syrup,Vitamin/Supplement,Cipla,No,2025-08,614,2323,1929,308.1,1929,0,No,1008,7,756.05,0.23,142.8,12
MED0387,Hydrogen Peroxide 50mg Syrup,Vitamin/Supplement,Cipla,No,2025-09,1008,1679,1754,463,1754,0,No,933,7,756.05,0.23,142.8,12
MED0387,Hydrogen Peroxide 50mg Syrup,Vitamin/Supplement,Cipla,No,2025-10,933,1620,1474,504.8,1474,0,No,1079,7,756.05,0.23,142.8,12
MED0387,Hydrogen Peroxide 50mg Syrup,Vitamin/Supplement,Cipla,No,2025-11,1079,1992,1695,272.8,1695,0,No,1376,7,756.05,0.23,142.8,12
MED0387,Hydrogen Peroxide 50mg Syrup,Vitamin/Supplement,Cipla,No,2025-12,1376,1478,1503,520.5,1503,0,No,1351,7,756.05,0.23,142.8,12
MED0387,Hydrogen Peroxide 50mg Syrup,Vitamin/Supplement,Cipla,No,2026-01,1351,1291,1736,297.5,1736,0,No,906,7,756.05,0.23,142.8,12
MED0387,Hydrogen Peroxide 50mg Syrup,Vitamin/Supplement,Cipla,No,2026-02,906,1931,1702,443.4,1702,0,No,1135,7,756.05,0.23,142.8,12
MED0387,Hydrogen Peroxide 50mg Syrup,Vitamin/Supplement,Cipla,No,2026-03,1135,1652,1553,508.9,1553,0,No,1234,7,756.05,0.23,142.8,12
MED0387,Hydrogen Peroxide 50mg Syrup,Vitamin/Supplement,Cipla,No,2026-04,1234,1762,1513,486.5,1513,0,No,1483,7,756.05,0.23,142.8,12
MED0387,Hydrogen Peroxide 50mg Syrup,Vitamin/Supplement,Cipla,No,2026-05,1483,1889,1902,400.3,1902,0,No,1470,7,756.05,0.23,142.8,12
MED0387,Hydrogen Peroxide 50mg Syrup,Vitamin/Supplement,Cipla,No,2026-06,1470,1316,1510,428.5,1510,0,No,1276,7,756.05,0.23,142.8,12
MED0387,Hydrogen Peroxide 50mg Syrup,Vitamin/Supplement,Cipla,No,2026-07,1276,1153,1441,273.7,1441,0,No,988,7,756.05,0.23,142.8,12
MED0388,Nitroglycerin 250mg Capsule,Emergency/Critical Care,Intas,No,2025-08,240,2567,2879,985.6,2807,72,Yes,0,3,761.93,0.17,245.32,12
MED0388,Nitroglycerin 250mg Capsule,Emergency/Critical Care,Intas,No,2025-09,0,2899,2956,825.1,2899,57,Yes,0,3,761.93,0.17,245.32,12
MED0388,Nitroglycerin 250mg Capsule,Emergency/Critical Care,Intas,No,2025-10,0,1656,1629,320.3,1629,0,No,27,3,761.93,0.17,245.32,12
MED0388,Nitroglycerin 250mg Capsule,Emergency/Critical Care,Intas,No,2025-11,27,1482,1312,396.7,1312,0,No,197,3,761.93,0.17,245.32,12
MED0388,Nitroglycerin 250mg Capsule,Emergency/Critical Care,Intas,No,2025-12,197,1416,1142,391,1142,0,No,471,3,761.93,0.17,245.32,12
MED0388,Nitroglycerin 250mg Capsule,Emergency/Critical Care,Intas,No,2026-01,471,918,1223,339.4,1223,0,No,166,3,761.93,0.17,245.32,12
MED0388,Nitroglycerin 250mg Capsule,Emergency/Critical Care,Intas,No,2026-02,166,1136,1266,217,1266,0,No,36,3,761.93,0.17,245.32,12
MED0388,Nitroglycerin 250mg Capsule,Emergency/Critical Care,Intas,No,2026-03,36,1241,1274,346.6,1274,0,No,3,3,761.93,0.17,245.32,12
MED0388,Nitroglycerin 250mg Capsule,Emergency/Critical Care,Intas,No,2026-04,3,1387,1705,457.9,1390,315,Yes,0,3,761.93,0.17,245.32,12
MED0388,Nitroglycerin 250mg Capsule,Emergency/Critical Care,Intas,No,2026-05,0,1562,1980,317,1562,418,Yes,0,3,761.93,0.17,245.32,12
MED0388,Nitroglycerin 250mg Capsule,Emergency/Critical Care,Intas,No,2026-06,0,2181,2734,820.2,2181,553,Yes,0,3,761.93,0.17,245.32,12
MED0388,Nitroglycerin 250mg Capsule,Emergency/Critical Care,Intas,No,2026-07,0,0,2926,654,0,2926,Yes,0,3,761.93,0.17,245.32,12
MED0389,Enoxaparin 2.5mg Inhaler,Vitamin/Supplement,Alkem,No,2025-08,735,1644,1734,281.7,1734,0,No,645,7,202.23,0.26,92.35,6
MED0389,Enoxaparin 2.5mg Inhaler,Vitamin/Supplement,Alkem,No,2025-09,645,1515,1596,417.4,1596,0,No,564,7,202.23,0.26,92.35,6
MED0389,Enoxaparin 2.5mg Inhaler,Vitamin/Supplement,Alkem,No,2025-10,564,1835,1829,333.6,1829,0,No,570,7,202.23,0.26,92.35,6
MED0389,Enoxaparin 2.5mg Inhaler,Vitamin/Supplement,Alkem,No,2025-11,570,1559,1581,467.2,1581,0,No,548,7,202.23,0.26,92.35,6
MED0389,Enoxaparin 2.5mg Inhaler,Vitamin/Supplement,Alkem,No,2025-12,548,1900,1764,547.6,1764,0,No,684,7,202.23,0.26,92.35,6
MED0389,Enoxaparin 2.5mg Inhaler,Vitamin/Supplement,Alkem,No,2026-01,684,1548,1868,280.6,1868,0,No,364,7,202.23,0.26,92.35,6
MED0389,Enoxaparin 2.5mg Inhaler,Vitamin/Supplement,Alkem,No,2026-02,364,1397,1475,378.2,1475,0,No,286,7,202.23,0.26,92.35,6
MED0389,Enoxaparin 2.5mg Inhaler,Vitamin/Supplement,Alkem,No,2026-03,286,1542,1765,437.6,1765,0,No,63,7,202.23,0.26,92.35,6
MED0389,Enoxaparin 2.5mg Inhaler,Vitamin/Supplement,Alkem,No,2026-04,63,1246,1620,356.3,1309,311,Yes,0,7,202.23,0.26,92.35,6
MED0389,Enoxaparin 2.5mg Inhaler,Vitamin/Supplement,Alkem,No,2026-05,0,1412,1474,415.7,1412,62,Yes,0,7,202.23,0.26,92.35,6
MED0389,Enoxaparin 2.5mg Inhaler,Vitamin/Supplement,Alkem,No,2026-06,0,1855,1504,349.2,1504,0,No,351,7,202.23,0.26,92.35,6
MED0389,Enoxaparin 2.5mg Inhaler,Vitamin/Supplement,Alkem,No,2026-07,351,1505,1782,288.7,1782,0,No,74,7,202.23,0.26,92.35,6
MED0390,Methyldopa 1mg Drops,Vitamin/Supplement,Torrent,No,2025-08,324,639,599,182.8,599,0,No,364,10,439.35,0.15,263.32,6
MED0390,Methyldopa 1mg Drops,Vitamin/Supplement,Torrent,No,2025-09,364,748,693,136.8,693,0,No,419,10,439.35,0.15,263.32,6
MED0390,Methyldopa 1mg Drops,Vitamin/Supplement,Torrent,No,2025-10,419,798,687,211.9,687,0,No,530,10,439.35,0.15,263.32,6
MED0390,Methyldopa 1mg Drops,Vitamin/Supplement,Torrent,No,2025-11,530,822,648,184.1,648,0,No,704,10,439.35,0.15,263.32,6
MED0390,Methyldopa 1mg Drops,Vitamin/Supplement,Torrent,No,2025-12,704,478,596,169.9,596,0,No,586,10,439.35,0.15,263.32,6
MED0390,Methyldopa 1mg Drops,Vitamin/Supplement,Torrent,No,2026-01,586,466,574,177.8,574,0,No,478,10,439.35,0.15,263.32,6
MED0390,Methyldopa 1mg Drops,Vitamin/Supplement,Torrent,No,2026-02,478,795,754,221.3,754,0,No,519,10,439.35,0.15,263.32,6
MED0390,Methyldopa 1mg Drops,Vitamin/Supplement,Torrent,No,2026-03,519,798,666,212.4,666,0,No,651,10,439.35,0.15,263.32,6
MED0390,Methyldopa 1mg Drops,Vitamin/Supplement,Torrent,No,2026-04,651,0,602,167.4,602,0,No,49,10,439.35,0.15,263.32,6
MED0390,Methyldopa 1mg Drops,Vitamin/Supplement,Torrent,No,2026-05,49,0,574,168,49,525,Yes,0,10,439.35,0.15,263.32,6
MED0390,Methyldopa 1mg Drops,Vitamin/Supplement,Torrent,No,2026-06,0,490,675,214.7,490,185,Yes,0,10,439.35,0.15,263.32,6
MED0390,Methyldopa 1mg Drops,Vitamin/Supplement,Torrent,No,2026-07,0,735,702,235.8,702,0,No,33,10,439.35,0.15,263.32,6
MED0391,Metronidazole 250mg Ointment,Cardiac,Zydus,Yes,2025-08,338,1120,922,266.4,922,0,No,536,7,737.79,0.14,134.31,9
MED0391,Metronidazole 250mg Ointment,Cardiac,Zydus,Yes,2025-09,536,1248,1069,273.8,1069,0,No,715,7,737.79,0.14,134.31,9
MED0391,Metronidazole 250mg Ointment,Cardiac,Zydus,Yes,2025-10,715,1427,1126,380.2,1126,0,No,1016,7,737.79,0.14,134.31,9
MED0391,Metronidazole 250mg Ointment,Cardiac,Zydus,Yes,2025-11,1016,903,1185,345,1185,0,No,734,7,737.79,0.14,134.31,9
MED0391,Metronidazole 250mg Ointment,Cardiac,Zydus,Yes,2025-12,734,0,1005,151.9,734,271,Yes,0,7,737.79,0.14,134.31,9
MED0391,Metronidazole 250mg Ointment,Cardiac,Zydus,Yes,2026-01,0,1254,1060,190.1,1060,0,No,194,7,737.79,0.14,134.31,9
MED0391,Metronidazole 250mg Ointment,Cardiac,Zydus,Yes,2026-02,194,1112,941,188,941,0,No,365,7,737.79,0.14,134.31,9
MED0391,Metronidazole 250mg Ointment,Cardiac,Zydus,Yes,2026-03,365,1158,1224,427.8,1224,0,No,299,7,737.79,0.14,134.31,9
MED0391,Metronidazole 250mg Ointment,Cardiac,Zydus,Yes,2026-04,299,1182,999,301.4,999,0,No,482,7,737.79,0.14,134.31,9
MED0391,Metronidazole 250mg Ointment,Cardiac,Zydus,Yes,2026-05,482,1096,1091,336.9,1091,0,No,487,7,737.79,0.14,134.31,9
MED0391,Metronidazole 250mg Ointment,Cardiac,Zydus,Yes,2026-06,487,1388,1100,372.5,1100,0,No,775,7,737.79,0.14,134.31,9
MED0391,Metronidazole 250mg Ointment,Cardiac,Zydus,Yes,2026-07,775,1252,1178,348.9,1178,0,No,849,7,737.79,0.14,134.31,9
MED0392,Ranitidine Syrup 10mg Drops,Emergency/Critical Care,Torrent,Yes,2025-08,457,1508,1822,589,1822,0,No,143,5,216.81,0.16,332.04,24
MED0392,Ranitidine Syrup 10mg Drops,Emergency/Critical Care,Torrent,Yes,2025-09,143,2118,2079,497.9,2079,0,No,182,5,216.81,0.16,332.04,24
MED0392,Ranitidine Syrup 10mg Drops,Emergency/Critical Care,Torrent,Yes,2025-10,182,1979,1878,317.8,1878,0,No,283,5,216.81,0.16,332.04,24
MED0392,Ranitidine Syrup 10mg Drops,Emergency/Critical Care,Torrent,Yes,2025-11,283,1247,1736,400,1530,206,Yes,0,5,216.81,0.16,332.04,24
MED0392,Ranitidine Syrup 10mg Drops,Emergency/Critical Care,Torrent,Yes,2025-12,0,2108,1784,317.2,1784,0,No,324,5,216.81,0.16,332.04,24
MED0392,Ranitidine Syrup 10mg Drops,Emergency/Critical Care,Torrent,Yes,2026-01,324,0,1973,354,324,1649,Yes,0,5,216.81,0.16,332.04,24
MED0392,Ranitidine Syrup 10mg Drops,Emergency/Critical Care,Torrent,Yes,2026-02,0,1502,1888,584.5,1502,386,Yes,0,5,216.81,0.16,332.04,24
MED0392,Ranitidine Syrup 10mg Drops,Emergency/Critical Care,Torrent,Yes,2026-03,0,0,1952,509.6,0,1952,Yes,0,5,216.81,0.16,332.04,24
MED0392,Ranitidine Syrup 10mg Drops,Emergency/Critical Care,Torrent,Yes,2026-04,0,0,2086,477.7,0,2086,Yes,0,5,216.81,0.16,332.04,24
MED0392,Ranitidine Syrup 10mg Drops,Emergency/Critical Care,Torrent,Yes,2026-05,0,1913,2114,618.3,1913,201,Yes,0,5,216.81,0.16,332.04,24
MED0392,Ranitidine Syrup 10mg Drops,Emergency/Critical Care,Torrent,Yes,2026-06,0,2128,2027,461,2027,0,No,101,5,216.81,0.16,332.04,24
MED0392,Ranitidine Syrup 10mg Drops,Emergency/Critical Care,Torrent,Yes,2026-07,101,1620,1757,489.5,1721,36,Yes,0,5,216.81,0.16,332.04,24
MED0393,Insulin Glargine 50mg Capsule,Analgesic,Intas,No,2025-08,138,382,397,73.5,397,0,No,123,5,27.1,0.14,168.92,36
MED0393,Insulin Glargine 50mg Capsule,Analgesic,Intas,No,2025-09,123,360,384,120.1,384,0,No,99,5,27.1,0.14,168.92,36
MED0393,Insulin Glargine 50mg Capsule,Analgesic,Intas,No,2025-10,99,370,404,79.3,404,0,No,65,5,27.1,0.14,168.92,36
MED0393,Insulin Glargine 50mg Capsule,Analgesic,Intas,No,2025-11,65,484,398,134.4,398,0,No,151,5,27.1,0.14,168.92,36
MED0393,Insulin Glargine 50mg Capsule,Analgesic,Intas,No,2025-12,151,234,333,114.6,333,0,No,52,5,27.1,0.14,168.92,36
MED0393,Insulin Glargine 50mg Capsule,Analgesic,Intas,No,2026-01,52,358,309,55.5,309,0,No,101,5,27.1,0.14,168.92,36
MED0393,Insulin Glargine 50mg Capsule,Analgesic,Intas,No,2026-02,101,368,330,113.5,330,0,No,139,5,27.1,0.14,168.92,36
MED0393,Insulin Glargine 50mg Capsule,Analgesic,Intas,No,2026-03,139,400,329,108.1,329,0,No,210,5,27.1,0.14,168.92,36
MED0393,Insulin Glargine 50mg Capsule,Analgesic,Intas,No,2026-04,210,0,409,71.6,210,199,Yes,0,5,27.1,0.14,168.92,36
MED0393,Insulin Glargine 50mg Capsule,Analgesic,Intas,No,2026-05,0,360,392,126.7,360,32,Yes,0,5,27.1,0.14,168.92,36
MED0393,Insulin Glargine 50mg Capsule,Analgesic,Intas,No,2026-06,0,373,376,79.4,373,3,Yes,0,5,27.1,0.14,168.92,36
MED0393,Insulin Glargine 50mg Capsule,Analgesic,Intas,No,2026-07,0,396,329,81.2,329,0,No,67,5,27.1,0.14,168.92,36
MED0394,Propranolol 5ml Inhaler,Vaccine,Sun Pharma,No,2025-08,542,1848,1474,325.7,1474,0,No,916,5,328.86,0.25,317.47,6
MED0394,Propranolol 5ml Inhaler,Vaccine,Sun Pharma,No,2025-09,916,1108,1531,438.8,1531,0,No,493,5,328.86,0.25,317.47,6
MED0394,Propranolol 5ml Inhaler,Vaccine,Sun Pharma,No,2025-10,493,1464,1207,414.1,1207,0,No,750,5,328.86,0.25,317.47,6
MED0394,Propranolol 5ml Inhaler,Vaccine,Sun Pharma,No,2025-11,750,0,1335,376.7,750,585,Yes,0,5,328.86,0.25,317.47,6
MED0394,Propranolol 5ml Inhaler,Vaccine,Sun Pharma,No,2025-12,0,1002,1248,296.1,1002,246,Yes,0,5,328.86,0.25,317.47,6
MED0394,Propranolol 5ml Inhaler,Vaccine,Sun Pharma,No,2026-01,0,1105,1457,324.7,1105,352,Yes,0,5,328.86,0.25,317.47,6
MED0394,Propranolol 5ml Inhaler,Vaccine,Sun Pharma,No,2026-02,0,1338,1422,296.7,1338,84,Yes,0,5,328.86,0.25,317.47,6
MED0394,Propranolol 5ml Inhaler,Vaccine,Sun Pharma,No,2026-03,0,0,1416,477,0,1416,Yes,0,5,328.86,0.25,317.47,6
MED0394,Propranolol 5ml Inhaler,Vaccine,Sun Pharma,No,2026-04,0,1008,1152,350.3,1008,144,Yes,0,5,328.86,0.25,317.47,6
MED0394,Propranolol 5ml Inhaler,Vaccine,Sun Pharma,No,2026-05,0,1285,1347,213.3,1285,62,Yes,0,5,328.86,0.25,317.47,6
MED0394,Propranolol 5ml Inhaler,Vaccine,Sun Pharma,No,2026-06,0,1818,1485,365.2,1485,0,No,333,5,328.86,0.25,317.47,6
MED0394,Propranolol 5ml Inhaler,Vaccine,Sun Pharma,No,2026-07,333,1045,1272,369.1,1272,0,No,106,5,328.86,0.25,317.47,6
MED0395,Cough Syrup 20mg Syrup,Antibiotic,Dr Reddy's,Yes,2025-08,294,1218,1647,570.9,1512,135,Yes,0,4,676.6,0.16,40.51,6
MED0395,Cough Syrup 20mg Syrup,Antibiotic,Dr Reddy's,Yes,2025-09,0,1436,1341,307.8,1341,0,No,95,4,676.6,0.16,40.51,6
MED0395,Cough Syrup 20mg Syrup,Antibiotic,Dr Reddy's,Yes,2025-10,95,1218,1612,348.3,1313,299,Yes,0,4,676.6,0.16,40.51,6
MED0395,Cough Syrup 20mg Syrup,Antibiotic,Dr Reddy's,Yes,2025-11,0,0,1242,311.5,0,1242,Yes,0,4,676.6,0.16,40.51,6
MED0395,Cough Syrup 20mg Syrup,Antibiotic,Dr Reddy's,Yes,2025-12,0,1565,1393,458.8,1393,0,No,172,4,676.6,0.16,40.51,6
MED0395,Cough Syrup 20mg Syrup,Antibiotic,Dr Reddy's,Yes,2026-01,172,1626,1354,215.3,1354,0,No,444,4,676.6,0.16,40.51,6
MED0395,Cough Syrup 20mg Syrup,Antibiotic,Dr Reddy's,Yes,2026-02,444,1643,1400,382.8,1400,0,No,687,4,676.6,0.16,40.51,6
MED0395,Cough Syrup 20mg Syrup,Antibiotic,Dr Reddy's,Yes,2026-03,687,1499,1307,387.8,1307,0,No,879,4,676.6,0.16,40.51,6
MED0395,Cough Syrup 20mg Syrup,Antibiotic,Dr Reddy's,Yes,2026-04,879,1430,1437,252.3,1437,0,No,872,4,676.6,0.16,40.51,6
MED0395,Cough Syrup 20mg Syrup,Antibiotic,Dr Reddy's,Yes,2026-05,872,1406,1447,471.4,1447,0,No,831,4,676.6,0.16,40.51,6
MED0395,Cough Syrup 20mg Syrup,Antibiotic,Dr Reddy's,Yes,2026-06,831,1803,1420,359.3,1420,0,No,1214,4,676.6,0.16,40.51,6
MED0395,Cough Syrup 20mg Syrup,Antibiotic,Dr Reddy's,Yes,2026-07,1214,1618,1504,309.1,1504,0,No,1328,4,676.6,0.16,40.51,6
MED0396,Sertraline 5ml Syrup,Emergency/Critical Care,Intas,No,2025-08,1195,0,1876,348.1,1195,681,Yes,0,10,593.96,0.15,77.31,6
MED0396,Sertraline 5ml Syrup,Emergency/Critical Care,Intas,No,2025-09,0,0,1740,409.8,0,1740,Yes,0,10,593.96,0.15,77.31,6
MED0396,Sertraline 5ml Syrup,Emergency/Critical Care,Intas,No,2025-10,0,1586,2002,438.1,1586,416,Yes,0,10,593.96,0.15,77.31,6
MED0396,Sertraline 5ml Syrup,Emergency/Critical Care,Intas,No,2025-11,0,2002,1586,390.9,1586,0,No,416,10,593.96,0.15,77.31,6
MED0396,Sertraline 5ml Syrup,Emergency/Critical Care,Intas,No,2025-12,416,1452,1561,363,1561,0,No,307,10,593.96,0.15,77.31,6
MED0396,Sertraline 5ml Syrup,Emergency/Critical Care,Intas,No,2026-01,307,1302,1606,338.2,1606,0,No,3,10,593.96,0.15,77.31,6
MED0396,Sertraline 5ml Syrup,Emergency/Critical Care,Intas,No,2026-02,3,1321,1811,574.6,1324,487,Yes,0,10,593.96,0.15,77.31,6
MED0396,Sertraline 5ml Syrup,Emergency/Critical Care,Intas,No,2026-03,0,1505,1643,336.9,1505,138,Yes,0,10,593.96,0.15,77.31,6
MED0396,Sertraline 5ml Syrup,Emergency/Critical Care,Intas,No,2026-04,0,0,2018,591.9,0,2018,Yes,0,10,593.96,0.15,77.31,6
MED0396,Sertraline 5ml Syrup,Emergency/Critical Care,Intas,No,2026-05,0,1531,1898,327.6,1531,367,Yes,0,10,593.96,0.15,77.31,6
MED0396,Sertraline 5ml Syrup,Emergency/Critical Care,Intas,No,2026-06,0,1329,1650,450.9,1329,321,Yes,0,10,593.96,0.15,77.31,6
MED0396,Sertraline 5ml Syrup,Emergency/Critical Care,Intas,No,2026-07,0,0,2099,491.9,0,2099,Yes,0,10,593.96,0.15,77.31,6
MED0397,Paracetamol 500mg Ointment,Cardiac,Intas,Yes,2025-08,322,1522,1199,414.6,1199,0,No,645,7,187.98,0.24,324.53,9
MED0397,Paracetamol 500mg Ointment,Cardiac,Intas,Yes,2025-09,645,1286,1150,272.7,1150,0,No,781,7,187.98,0.24,324.53,9
MED0397,Paracetamol 500mg Ointment,Cardiac,Intas,Yes,2025-10,781,0,1123,362.5,781,342,Yes,0,7,187.98,0.24,324.53,9
MED0397,Paracetamol 500mg Ointment,Cardiac,Intas,Yes,2025-11,0,993,1148,289.5,993,155,Yes,0,7,187.98,0.24,324.53,9
MED0397,Paracetamol 500mg Ointment,Cardiac,Intas,Yes,2025-12,0,1331,1144,282.5,1144,0,No,187,7,187.98,0.24,324.53,9
MED0397,Paracetamol 500mg Ointment,Cardiac,Intas,Yes,2026-01,187,1515,1253,273.6,1253,0,No,449,7,187.98,0.24,324.53,9
MED0397,Paracetamol 500mg Ointment,Cardiac,Intas,Yes,2026-02,449,1053,1085,205.1,1085,0,No,417,7,187.98,0.24,324.53,9
MED0397,Paracetamol 500mg Ointment,Cardiac,Intas,Yes,2026-03,417,1116,1293,395.2,1293,0,No,240,7,187.98,0.24,324.53,9
MED0397,Paracetamol 500mg Ointment,Cardiac,Intas,Yes,2026-04,240,0,1202,248.4,240,962,Yes,0,7,187.98,0.24,324.53,9
MED0397,Paracetamol 500mg Ointment,Cardiac,Intas,Yes,2026-05,0,1343,1234,220.4,1234,0,No,109,7,187.98,0.24,324.53,9
MED0397,Paracetamol 500mg Ointment,Cardiac,Intas,Yes,2026-06,109,1660,1278,227.4,1278,0,No,491,7,187.98,0.24,324.53,9
MED0397,Paracetamol 500mg Ointment,Cardiac,Intas,Yes,2026-07,491,1232,1293,388.4,1293,0,No,430,7,187.98,0.24,324.53,9
MED0398,Risperidone 1g Tablet,Antibiotic,Sun Pharma,No,2025-08,586,1240,1280,353.7,1280,0,No,546,7,549.37,0.25,312.01,12
MED0398,Risperidone 1g Tablet,Antibiotic,Sun Pharma,No,2025-09,546,989,1063,278.3,1063,0,No,472,7,549.37,0.25,312.01,12
MED0398,Risperidone 1g Tablet,Antibiotic,Sun Pharma,No,2025-10,472,1052,1026,232.4,1026,0,No,498,7,549.37,0.25,312.01,12
MED0398,Risperidone 1g Tablet,Antibiotic,Sun Pharma,No,2025-11,498,1009,1023,249.6,1023,0,No,484,7,549.37,0.25,312.01,12
MED0398,Risperidone 1g Tablet,Antibiotic,Sun Pharma,No,2025-12,484,0,1165,391.9,484,681,Yes,0,7,549.37,0.25,312.01,12
MED0398,Risperidone 1g Tablet,Antibiotic,Sun Pharma,No,2026-01,0,1021,1266,405.4,1021,245,Yes,0,7,549.37,0.25,312.01,12
MED0398,Risperidone 1g Tablet,Antibiotic,Sun Pharma,No,2026-02,0,938,1211,192.2,938,273,Yes,0,7,549.37,0.25,312.01,12
MED0398,Risperidone 1g Tablet,Antibiotic,Sun Pharma,No,2026-03,0,1337,1321,228.2,1321,0,No,16,7,549.37,0.25,312.01,12
MED0398,Risperidone 1g Tablet,Antibiotic,Sun Pharma,No,2026-04,16,1156,1369,384.7,1172,197,Yes,0,7,549.37,0.25,312.01,12
MED0398,Risperidone 1g Tablet,Antibiotic,Sun Pharma,No,2026-05,0,1136,1066,321.2,1066,0,No,70,7,549.37,0.25,312.01,12
MED0398,Risperidone 1g Tablet,Antibiotic,Sun Pharma,No,2026-06,70,1321,1034,312.9,1034,0,No,357,7,549.37,0.25,312.01,12
MED0398,Risperidone 1g Tablet,Antibiotic,Sun Pharma,No,2026-07,357,991,1231,259.5,1231,0,No,117,7,549.37,0.25,312.01,12
MED0399,Nitroglycerin 500mg Syrup,Antidiabetic,Sun Pharma,Yes,2025-08,208,593,796,151.3,796,0,No,5,4,626.11,0.26,163.58,24
MED0399,Nitroglycerin 500mg Syrup,Antidiabetic,Sun Pharma,Yes,2025-09,5,731,842,165.5,736,106,Yes,0,4,626.11,0.26,163.58,24
MED0399,Nitroglycerin 500mg Syrup,Antidiabetic,Sun Pharma,Yes,2025-10,0,590,730,213.8,590,140,Yes,0,4,626.11,0.26,163.58,24
MED0399,Nitroglycerin 500mg Syrup,Antidiabetic,Sun Pharma,Yes,2025-11,0,695,791,174.4,695,96,Yes,0,4,626.11,0.26,163.58,24
MED0399,Nitroglycerin 500mg Syrup,Antidiabetic,Sun Pharma,Yes,2025-12,0,464,639,161.7,464,175,Yes,0,4,626.11,0.26,163.58,24
MED0399,Nitroglycerin 500mg Syrup,Antidiabetic,Sun Pharma,Yes,2026-01,0,878,794,235.4,794,0,No,84,4,626.11,0.26,163.58,24
MED0399,Nitroglycerin 500mg Syrup,Antidiabetic,Sun Pharma,Yes,2026-02,84,833,758,209.2,758,0,No,159,4,626.11,0.26,163.58,24
MED0399,Nitroglycerin 500mg Syrup,Antidiabetic,Sun Pharma,Yes,2026-03,159,659,682,139,682,0,No,136,4,626.11,0.26,163.58,24
MED0399,Nitroglycerin 500mg Syrup,Antidiabetic,Sun Pharma,Yes,2026-04,136,690,811,181.2,811,0,No,15,4,626.11,0.26,163.58,24
MED0399,Nitroglycerin 500mg Syrup,Antidiabetic,Sun Pharma,Yes,2026-05,15,770,685,203,685,0,No,100,4,626.11,0.26,163.58,24
MED0399,Nitroglycerin 500mg Syrup,Antidiabetic,Sun Pharma,Yes,2026-06,100,805,731,239.7,731,0,No,174,4,626.11,0.26,163.58,24
MED0399,Nitroglycerin 500mg Syrup,Antidiabetic,Sun Pharma,Yes,2026-07,174,996,831,209.1,831,0,No,339,4,626.11,0.26,163.58,24
MED0400,Omeprazole 1mg Injection,Neuro/Psychiatric,Cipla,No,2025-08,2064,2207,2581,789.4,2581,0,No,1690,10,270.2,0.25,40.19,6
MED0400,Omeprazole 1mg Injection,Neuro/Psychiatric,Cipla,No,2025-09,1690,0,2381,782.9,1690,691,Yes,0,10,270.2,0.25,40.19,6
MED0400,Omeprazole 1mg Injection,Neuro/Psychiatric,Cipla,No,2025-10,0,3148,2558,574.3,2558,0,No,590,10,270.2,0.25,40.19,6
MED0400,Omeprazole 1mg Injection,Neuro/Psychiatric,Cipla,No,2025-11,590,2713,2754,742.9,2754,0,No,549,10,270.2,0.25,40.19,6
MED0400,Omeprazole 1mg Injection,Neuro/Psychiatric,Cipla,No,2025-12,549,0,2421,534.4,549,1872,Yes,0,10,270.2,0.25,40.19,6
MED0400,Omeprazole 1mg Injection,Neuro/Psychiatric,Cipla,No,2026-01,0,2248,2522,530.5,2248,274,Yes,0,10,270.2,0.25,40.19,6
MED0400,Omeprazole 1mg Injection,Neuro/Psychiatric,Cipla,No,2026-02,0,2449,2438,391.2,2438,0,No,11,10,270.2,0.25,40.19,6
MED0400,Omeprazole 1mg Injection,Neuro/Psychiatric,Cipla,No,2026-03,11,2482,2134,551.1,2134,0,No,359,10,270.2,0.25,40.19,6
MED0400,Omeprazole 1mg Injection,Neuro/Psychiatric,Cipla,No,2026-04,359,3061,2640,469.6,2640,0,No,780,10,270.2,0.25,40.19,6
MED0400,Omeprazole 1mg Injection,Neuro/Psychiatric,Cipla,No,2026-05,780,2150,2544,835.8,2544,0,No,386,10,270.2,0.25,40.19,6
MED0400,Omeprazole 1mg Injection,Neuro/Psychiatric,Cipla,No,2026-06,386,0,2766,760.9,386,2380,Yes,0,10,270.2,0.25,40.19,6
MED0400,Omeprazole 1mg Injection,Neuro/Psychiatric,Cipla,No,2026-07,0,0,2380,765.3,0,2380,Yes,0,10,270.2,0.25,40.19,6
MED0401,Vitamin D3 250mg Drops,Gastrointestinal,Torrent,No,2025-08,24,272,269,89.5,269,0,No,27,4,700.79,0.26,192.82,6
MED0401,Vitamin D3 250mg Drops,Gastrointestinal,Torrent,No,2025-09,27,304,256,55.4,256,0,No,75,4,700.79,0.26,192.82,6
MED0401,Vitamin D3 250mg Drops,Gastrointestinal,Torrent,No,2025-10,75,108,142,35.1,142,0,No,41,4,700.79,0.26,192.82,6
MED0401,Vitamin D3 250mg Drops,Gastrointestinal,Torrent,No,2025-11,41,105,126,33.5,126,0,No,20,4,700.79,0.26,192.82,6
MED0401,Vitamin D3 250mg Drops,Gastrointestinal,Torrent,No,2025-12,20,83,101,26.7,101,0,No,2,4,700.79,0.26,192.82,6
MED0401,Vitamin D3 250mg Drops,Gastrointestinal,Torrent,No,2026-01,2,92,123,36,94,29,Yes,0,4,700.79,0.26,192.82,6
MED0401,Vitamin D3 250mg Drops,Gastrointestinal,Torrent,No,2026-02,0,130,101,16.3,101,0,No,29,4,700.79,0.26,192.82,6
MED0401,Vitamin D3 250mg Drops,Gastrointestinal,Torrent,No,2026-03,29,0,111,29.1,29,82,Yes,0,4,700.79,0.26,192.82,6
MED0401,Vitamin D3 250mg Drops,Gastrointestinal,Torrent,No,2026-04,0,0,153,29,0,153,Yes,0,4,700.79,0.26,192.82,6
MED0401,Vitamin D3 250mg Drops,Gastrointestinal,Torrent,No,2026-05,0,0,171,52,0,171,Yes,0,4,700.79,0.26,192.82,6
MED0401,Vitamin D3 250mg Drops,Gastrointestinal,Torrent,No,2026-06,0,261,248,37.6,248,0,No,13,4,700.79,0.26,192.82,6
MED0401,Vitamin D3 250mg Drops,Gastrointestinal,Torrent,No,2026-07,13,0,326,91.4,13,313,Yes,0,4,700.79,0.26,192.82,6
MED0402,Metformin 10ml Drops,Analgesic,Mankind,Yes,2025-08,768,1601,1547,356.2,1547,0,No,822,7,675.53,0.27,262.56,18
MED0402,Metformin 10ml Drops,Analgesic,Mankind,Yes,2025-09,822,1749,1541,241.8,1541,0,No,1030,7,675.53,0.27,262.56,18
MED0402,Metformin 10ml Drops,Analgesic,Mankind,Yes,2025-10,1030,1766,1521,266.9,1521,0,No,1275,7,675.53,0.27,262.56,18
MED0402,Metformin 10ml Drops,Analgesic,Mankind,Yes,2025-11,1275,1682,1998,401.2,1998,0,No,959,7,675.53,0.27,262.56,18
MED0402,Metformin 10ml Drops,Analgesic,Mankind,Yes,2025-12,959,0,1804,312.2,959,845,Yes,0,7,675.53,0.27,262.56,18
MED0402,Metformin 10ml Drops,Analgesic,Mankind,Yes,2026-01,0,1623,1516,437.7,1516,0,No,107,7,675.53,0.27,262.56,18
MED0402,Metformin 10ml Drops,Analgesic,Mankind,Yes,2026-02,107,2499,1937,577.4,1937,0,No,669,7,675.53,0.27,262.56,18
MED0402,Metformin 10ml Drops,Analgesic,Mankind,Yes,2026-03,669,1225,1717,296.2,1717,0,No,177,7,675.53,0.27,262.56,18
MED0402,Metformin 10ml Drops,Analgesic,Mankind,Yes,2026-04,177,1828,1766,374.1,1766,0,No,239,7,675.53,0.27,262.56,18
MED0402,Metformin 10ml Drops,Analgesic,Mankind,Yes,2026-05,239,1379,1604,419.2,1604,0,No,14,7,675.53,0.27,262.56,18
MED0402,Metformin 10ml Drops,Analgesic,Mankind,Yes,2026-06,14,1905,1679,341.9,1679,0,No,240,7,675.53,0.27,262.56,18
MED0402,Metformin 10ml Drops,Analgesic,Mankind,Yes,2026-07,240,0,1933,355.7,240,1693,Yes,0,7,675.53,0.27,262.56,18
MED0403,Paracetamol 5mg Capsule,Gastrointestinal,Glenmark,No,2025-08,742,1862,2037,522.7,2037,0,No,567,10,11.08,0.2,278.53,6
MED0403,Paracetamol 5mg Capsule,Gastrointestinal,Glenmark,No,2025-09,567,1737,2149,338.8,2149,0,No,155,10,11.08,0.2,278.53,6
MED0403,Paracetamol 5mg Capsule,Gastrointestinal,Glenmark,No,2025-10,155,1393,1699,274,1548,151,Yes,0,10,11.08,0.2,278.53,6
MED0403,Paracetamol 5mg Capsule,Gastrointestinal,Glenmark,No,2025-11,0,1369,1244,308.7,1244,0,No,125,10,11.08,0.2,278.53,6
MED0403,Paracetamol 5mg Capsule,Gastrointestinal,Glenmark,No,2025-12,125,1056,1403,380.6,1181,222,Yes,0,10,11.08,0.2,278.53,6
MED0403,Paracetamol 5mg Capsule,Gastrointestinal,Glenmark,No,2026-01,0,1098,1177,283.4,1098,79,Yes,0,10,11.08,0.2,278.53,6
MED0403,Paracetamol 5mg Capsule,Gastrointestinal,Glenmark,No,2026-02,0,1290,1394,272.7,1290,104,Yes,0,10,11.08,0.2,278.53,6
MED0403,Paracetamol 5mg Capsule,Gastrointestinal,Glenmark,No,2026-03,0,0,1601,321.4,0,1601,Yes,0,10,11.08,0.2,278.53,6
MED0403,Paracetamol 5mg Capsule,Gastrointestinal,Glenmark,No,2026-04,0,2097,2705,440.5,2097,608,Yes,0,10,11.08,0.2,278.53,6
MED0403,Paracetamol 5mg Capsule,Gastrointestinal,Glenmark,No,2026-05,0,2778,2793,733.4,2778,15,Yes,0,10,11.08,0.2,278.53,6
MED0403,Paracetamol 5mg Capsule,Gastrointestinal,Glenmark,No,2026-06,0,3095,3091,641.1,3091,0,No,4,10,11.08,0.2,278.53,6
MED0403,Paracetamol 5mg Capsule,Gastrointestinal,Glenmark,No,2026-07,4,2185,2335,736.2,2189,146,Yes,0,10,11.08,0.2,278.53,6
MED0404,Salbutamol 1mg Drops,Respiratory,Mankind,No,2025-08,263,1223,979,252,979,0,No,507,4,301.95,0.18,208.81,9
MED0404,Salbutamol 1mg Drops,Respiratory,Mankind,No,2025-09,507,895,788,125.8,788,0,No,614,4,301.95,0.18,208.81,9
MED0404,Salbutamol 1mg Drops,Respiratory,Mankind,No,2025-10,614,740,980,271.9,980,0,No,374,4,301.95,0.18,208.81,9
MED0404,Salbutamol 1mg Drops,Respiratory,Mankind,No,2025-11,374,756,755,204.5,755,0,No,375,4,301.95,0.18,208.81,9
MED0404,Salbutamol 1mg Drops,Respiratory,Mankind,No,2025-12,375,678,752,146.1,752,0,No,301,4,301.95,0.18,208.81,9
MED0404,Salbutamol 1mg Drops,Respiratory,Mankind,No,2026-01,301,826,750,248.2,750,0,No,377,4,301.95,0.18,208.81,9
MED0404,Salbutamol 1mg Drops,Respiratory,Mankind,No,2026-02,377,932,757,121.7,757,0,No,552,4,301.95,0.18,208.81,9
MED0404,Salbutamol 1mg Drops,Respiratory,Mankind,No,2026-03,552,653,877,285.5,877,0,No,328,4,301.95,0.18,208.81,9
MED0404,Salbutamol 1mg Drops,Respiratory,Mankind,No,2026-04,328,692,792,223,792,0,No,228,4,301.95,0.18,208.81,9
MED0404,Salbutamol 1mg Drops,Respiratory,Mankind,No,2026-05,228,646,848,202.7,848,0,No,26,4,301.95,0.18,208.81,9
MED0404,Salbutamol 1mg Drops,Respiratory,Mankind,No,2026-06,26,875,812,209.1,812,0,No,89,4,301.95,0.18,208.81,9
MED0404,Salbutamol 1mg Drops,Respiratory,Mankind,No,2026-07,89,816,985,304.5,905,80,Yes,0,4,301.95,0.18,208.81,9
MED0405,Povidone Iodine 1mg Suspension,Gastrointestinal,Cipla,Yes,2025-08,80,539,507,161,507,0,No,112,3,321.5,0.25,108.36,9
MED0405,Povidone Iodine 1mg Suspension,Gastrointestinal,Cipla,Yes,2025-09,112,0,483,74.2,112,371,Yes,0,3,321.5,0.25,108.36,9
MED0405,Povidone Iodine 1mg Suspension,Gastrointestinal,Cipla,Yes,2025-10,0,387,430,69.2,387,43,Yes,0,3,321.5,0.25,108.36,9
MED0405,Povidone Iodine 1mg Suspension,Gastrointestinal,Cipla,Yes,2025-11,0,490,499,128.3,490,9,Yes,0,3,321.5,0.25,108.36,9
MED0405,Povidone Iodine 1mg Suspension,Gastrointestinal,Cipla,Yes,2025-12,0,0,447,152.2,0,447,Yes,0,3,321.5,0.25,108.36,9
MED0405,Povidone Iodine 1mg Suspension,Gastrointestinal,Cipla,Yes,2026-01,0,415,543,115.3,415,128,Yes,0,3,321.5,0.25,108.36,9
MED0405,Povidone Iodine 1mg Suspension,Gastrointestinal,Cipla,Yes,2026-02,0,360,418,98.6,360,58,Yes,0,3,321.5,0.25,108.36,9
MED0405,Povidone Iodine 1mg Suspension,Gastrointestinal,Cipla,Yes,2026-03,0,607,488,100.4,488,0,No,119,3,321.5,0.25,108.36,9
MED0405,Povidone Iodine 1mg Suspension,Gastrointestinal,Cipla,Yes,2026-04,119,433,531,134.5,531,0,No,21,3,321.5,0.25,108.36,9
MED0405,Povidone Iodine 1mg Suspension,Gastrointestinal,Cipla,Yes,2026-05,21,502,545,103.8,523,22,Yes,0,3,321.5,0.25,108.36,9
MED0405,Povidone Iodine 1mg Suspension,Gastrointestinal,Cipla,Yes,2026-06,0,594,549,122.8,549,0,No,45,3,321.5,0.25,108.36,9
MED0405,Povidone Iodine 1mg Suspension,Gastrointestinal,Cipla,Yes,2026-07,45,629,546,188.5,546,0,No,128,3,321.5,0.25,108.36,9
MED0406,Ranitidine Syrup 2.5mg Capsule,Neuro/Psychiatric,Sun Pharma,No,2025-08,1653,4431,4134,1331,4134,0,No,1950,7,682.41,0.14,258.85,6
MED0406,Ranitidine Syrup 2.5mg Capsule,Neuro/Psychiatric,Sun Pharma,No,2025-09,1950,3545,3882,1019,3882,0,No,1613,7,682.41,0.14,258.85,6
MED0406,Ranitidine Syrup 2.5mg Capsule,Neuro/Psychiatric,Sun Pharma,No,2025-10,1613,3499,3503,845.1,3503,0,No,1609,7,682.41,0.14,258.85,6
MED0406,Ranitidine Syrup 2.5mg Capsule,Neuro/Psychiatric,Sun Pharma,No,2025-11,1609,3441,4304,1177.1,4304,0,No,746,7,682.41,0.14,258.85,6
MED0406,Ranitidine Syrup 2.5mg Capsule,Neuro/Psychiatric,Sun Pharma,No,2025-12,746,0,4301,1162.8,746,3555,Yes,0,7,682.41,0.14,258.85,6
MED0406,Ranitidine Syrup 2.5mg Capsule,Neuro/Psychiatric,Sun Pharma,No,2026-01,0,0,3993,1358.7,0,3993,Yes,0,7,682.41,0.14,258.85,6
MED0406,Ranitidine Syrup 2.5mg Capsule,Neuro/Psychiatric,Sun Pharma,No,2026-02,0,0,3934,1310.4,0,3934,Yes,0,7,682.41,0.14,258.85,6
MED0406,Ranitidine Syrup 2.5mg Capsule,Neuro/Psychiatric,Sun Pharma,No,2026-03,0,4295,3990,977.5,3990,0,No,305,7,682.41,0.14,258.85,6
MED0406,Ranitidine Syrup 2.5mg Capsule,Neuro/Psychiatric,Sun Pharma,No,2026-04,305,0,3324,999.2,305,3019,Yes,0,7,682.41,0.14,258.85,6
MED0406,Ranitidine Syrup 2.5mg Capsule,Neuro/Psychiatric,Sun Pharma,No,2026-05,0,3199,3617,907.1,3199,418,Yes,0,7,682.41,0.14,258.85,6
MED0406,Ranitidine Syrup 2.5mg Capsule,Neuro/Psychiatric,Sun Pharma,No,2026-06,0,4277,4221,1422.3,4221,0,No,56,7,682.41,0.14,258.85,6
MED0406,Ranitidine Syrup 2.5mg Capsule,Neuro/Psychiatric,Sun Pharma,No,2026-07,56,3725,4282,1430.9,3781,501,Yes,0,7,682.41,0.14,258.85,6
MED0407,Cloxacillin 10ml Drops,Antidiabetic,Sun Pharma,No,2025-08,224,458,417,141.5,417,0,No,265,14,734.16,0.26,233.88,6
MED0407,Cloxacillin 10ml Drops,Antidiabetic,Sun Pharma,No,2025-09,265,471,371,66.3,371,0,No,365,14,734.16,0.26,233.88,6
MED0407,Cloxacillin 10ml Drops,Antidiabetic,Sun Pharma,No,2025-10,365,0,402,130.8,365,37,Yes,0,14,734.16,0.26,233.88,6
MED0407,Cloxacillin 10ml Drops,Antidiabetic,Sun Pharma,No,2025-11,0,304,434,117.2,304,130,Yes,0,14,734.16,0.26,233.88,6
MED0407,Cloxacillin 10ml Drops,Antidiabetic,Sun Pharma,No,2025-12,0,301,380,73.7,301,79,Yes,0,14,734.16,0.26,233.88,6
MED0407,Cloxacillin 10ml Drops,Antidiabetic,Sun Pharma,No,2026-01,0,435,361,92.7,361,0,No,74,14,734.16,0.26,233.88,6
MED0407,Cloxacillin 10ml Drops,Antidiabetic,Sun Pharma,No,2026-02,74,540,476,122.7,476,0,No,138,14,734.16,0.26,233.88,6
MED0407,Cloxacillin 10ml Drops,Antidiabetic,Sun Pharma,No,2026-03,138,369,390,130.9,390,0,No,117,14,734.16,0.26,233.88,6
MED0407,Cloxacillin 10ml Drops,Antidiabetic,Sun Pharma,No,2026-04,117,0,442,101.8,117,325,Yes,0,14,734.16,0.26,233.88,6
MED0407,Cloxacillin 10ml Drops,Antidiabetic,Sun Pharma,No,2026-05,0,374,447,140.7,374,73,Yes,0,14,734.16,0.26,233.88,6
MED0407,Cloxacillin 10ml Drops,Antidiabetic,Sun Pharma,No,2026-06,0,408,477,74,408,69,Yes,0,14,734.16,0.26,233.88,6
MED0407,Cloxacillin 10ml Drops,Antidiabetic,Sun Pharma,No,2026-07,0,446,363,83.9,363,0,No,83,14,734.16,0.26,233.88,6
MED0408,Amlodipine 10mg Capsule,Vitamin/Supplement,Cipla,Yes,2025-08,1465,1864,1546,376.8,1546,0,No,1783,10,551.2,0.21,114.97,9
MED0408,Amlodipine 10mg Capsule,Vitamin/Supplement,Cipla,Yes,2025-09,1783,1386,1488,456.8,1488,0,No,1681,10,551.2,0.21,114.97,9
MED0408,Amlodipine 10mg Capsule,Vitamin/Supplement,Cipla,Yes,2025-10,1681,1629,1783,508.5,1783,0,No,1527,10,551.2,0.21,114.97,9
MED0408,Amlodipine 10mg Capsule,Vitamin/Supplement,Cipla,Yes,2025-11,1527,1965,2350,780.1,2350,0,No,1142,10,551.2,0.21,114.97,9
MED0408,Amlodipine 10mg Capsule,Vitamin/Supplement,Cipla,Yes,2025-12,1142,1837,2571,733.6,2571,0,No,408,10,551.2,0.21,114.97,9
MED0408,Amlodipine 10mg Capsule,Vitamin/Supplement,Cipla,Yes,2026-01,408,2860,2870,893.6,2870,0,No,398,10,551.2,0.21,114.97,9
MED0408,Amlodipine 10mg Capsule,Vitamin/Supplement,Cipla,Yes,2026-02,398,2495,2457,653.3,2457,0,No,436,10,551.2,0.21,114.97,9
MED0408,Amlodipine 10mg Capsule,Vitamin/Supplement,Cipla,Yes,2026-03,436,1668,1510,370.1,1510,0,No,594,10,551.2,0.21,114.97,9
MED0408,Amlodipine 10mg Capsule,Vitamin/Supplement,Cipla,Yes,2026-04,594,0,1474,333.4,594,880,Yes,0,10,551.2,0.21,114.97,9
MED0408,Amlodipine 10mg Capsule,Vitamin/Supplement,Cipla,Yes,2026-05,0,0,1146,317.1,0,1146,Yes,0,10,551.2,0.21,114.97,9
MED0408,Amlodipine 10mg Capsule,Vitamin/Supplement,Cipla,Yes,2026-06,0,975,1093,305.4,975,118,Yes,0,10,551.2,0.21,114.97,9
MED0408,Amlodipine 10mg Capsule,Vitamin/Supplement,Cipla,Yes,2026-07,0,1170,1323,448.7,1170,153,Yes,0,10,551.2,0.21,114.97,9
MED0409,Loperamide 5ml Ointment,Emergency/Critical Care,Torrent,No,2025-08,210,682,586,202.2,586,0,No,306,5,302.89,0.2,168.06,36
MED0409,Loperamide 5ml Ointment,Emergency/Critical Care,Torrent,No,2025-09,306,526,615,153.4,615,0,No,217,5,302.89,0.2,168.06,36
MED0409,Loperamide 5ml Ointment,Emergency/Critical Care,Torrent,No,2025-10,217,505,505,118.7,505,0,No,217,5,302.89,0.2,168.06,36
MED0409,Loperamide 5ml Ointment,Emergency/Critical Care,Torrent,No,2025-11,217,0,593,163,217,376,Yes,0,5,302.89,0.2,168.06,36
MED0409,Loperamide 5ml Ointment,Emergency/Critical Care,Torrent,No,2025-12,0,441,551,160.6,441,110,Yes,0,5,302.89,0.2,168.06,36
MED0409,Loperamide 5ml Ointment,Emergency/Critical Care,Torrent,No,2026-01,0,513,554,93.6,513,41,Yes,0,5,302.89,0.2,168.06,36
MED0409,Loperamide 5ml Ointment,Emergency/Critical Care,Torrent,No,2026-02,0,672,576,113,576,0,No,96,5,302.89,0.2,168.06,36
MED0409,Loperamide 5ml Ointment,Emergency/Critical Care,Torrent,No,2026-03,96,554,649,139.4,649,0,No,1,5,302.89,0.2,168.06,36
MED0409,Loperamide 5ml Ointment,Emergency/Critical Care,Torrent,No,2026-04,1,469,643,183,470,173,Yes,0,5,302.89,0.2,168.06,36
MED0409,Loperamide 5ml Ointment,Emergency/Critical Care,Torrent,No,2026-05,0,502,586,149.7,502,84,Yes,0,5,302.89,0.2,168.06,36
MED0409,Loperamide 5ml Ointment,Emergency/Critical Care,Torrent,No,2026-06,0,0,583,169.8,0,583,Yes,0,5,302.89,0.2,168.06,36
MED0409,Loperamide 5ml Ointment,Emergency/Critical Care,Torrent,No,2026-07,0,0,581,107,0,581,Yes,0,5,302.89,0.2,168.06,36
MED0410,BCG Vaccine 2.5mg Tablet,Neuro/Psychiatric,Intas,No,2025-08,495,1972,1811,431.3,1811,0,No,656,4,70.11,0.15,209.1,6
MED0410,BCG Vaccine 2.5mg Tablet,Neuro/Psychiatric,Intas,No,2025-09,656,2176,1902,651.8,1902,0,No,930,4,70.11,0.15,209.1,6
MED0410,BCG Vaccine 2.5mg Tablet,Neuro/Psychiatric,Intas,No,2025-10,930,1597,1780,448.1,1780,0,No,747,4,70.11,0.15,209.1,6
MED0410,BCG Vaccine 2.5mg Tablet,Neuro/Psychiatric,Intas,No,2025-11,747,0,1903,391.7,747,1156,Yes,0,4,70.11,0.15,209.1,6
MED0410,BCG Vaccine 2.5mg Tablet,Neuro/Psychiatric,Intas,No,2025-12,0,1524,1756,509.3,1524,232,Yes,0,4,70.11,0.15,209.1,6
MED0410,BCG Vaccine 2.5mg Tablet,Neuro/Psychiatric,Intas,No,2026-01,0,2179,1867,294,1867,0,No,312,4,70.11,0.15,209.1,6
MED0410,BCG Vaccine 2.5mg Tablet,Neuro/Psychiatric,Intas,No,2026-02,312,2357,1981,378.7,1981,0,No,688,4,70.11,0.15,209.1,6
MED0410,BCG Vaccine 2.5mg Tablet,Neuro/Psychiatric,Intas,No,2026-03,688,1816,1752,379.9,1752,0,No,752,4,70.11,0.15,209.1,6
MED0410,BCG Vaccine 2.5mg Tablet,Neuro/Psychiatric,Intas,No,2026-04,752,2171,1897,625.9,1897,0,No,1026,4,70.11,0.15,209.1,6
MED0410,BCG Vaccine 2.5mg Tablet,Neuro/Psychiatric,Intas,No,2026-05,1026,1679,1723,470.6,1723,0,No,982,4,70.11,0.15,209.1,6
MED0410,BCG Vaccine 2.5mg Tablet,Neuro/Psychiatric,Intas,No,2026-06,982,0,2049,643.5,982,1067,Yes,0,4,70.11,0.15,209.1,6
MED0410,BCG Vaccine 2.5mg Tablet,Neuro/Psychiatric,Intas,No,2026-07,0,1654,2038,680.6,1654,384,Yes,0,4,70.11,0.15,209.1,6
MED0411,Carbamazepine 5ml Ointment,Cardiac,Lupin,No,2025-08,309,1073,1447,247,1382,65,Yes,0,5,427.88,0.15,91.53,6
MED0411,Carbamazepine 5ml Ointment,Cardiac,Lupin,No,2025-09,0,1486,1430,340.3,1430,0,No,56,5,427.88,0.15,91.53,6
MED0411,Carbamazepine 5ml Ointment,Cardiac,Lupin,No,2025-10,56,0,1656,264,56,1600,Yes,0,5,427.88,0.15,91.53,6
MED0411,Carbamazepine 5ml Ointment,Cardiac,Lupin,No,2025-11,0,0,1354,317.7,0,1354,Yes,0,5,427.88,0.15,91.53,6
MED0411,Carbamazepine 5ml Ointment,Cardiac,Lupin,No,2025-12,0,1661,1675,326,1661,14,Yes,0,5,427.88,0.15,91.53,6
MED0411,Carbamazepine 5ml Ointment,Cardiac,Lupin,No,2026-01,0,1632,1534,469.6,1534,0,No,98,5,427.88,0.15,91.53,6
MED0411,Carbamazepine 5ml Ointment,Cardiac,Lupin,No,2026-02,98,1636,1763,413.3,1734,29,Yes,0,5,427.88,0.15,91.53,6
MED0411,Carbamazepine 5ml Ointment,Cardiac,Lupin,No,2026-03,0,1901,1718,346.9,1718,0,No,183,5,427.88,0.15,91.53,6
MED0411,Carbamazepine 5ml Ointment,Cardiac,Lupin,No,2026-04,183,1577,1425,279.1,1425,0,No,335,5,427.88,0.15,91.53,6
MED0411,Carbamazepine 5ml Ointment,Cardiac,Lupin,No,2026-05,335,1787,1742,496.3,1742,0,No,380,5,427.88,0.15,91.53,6
MED0411,Carbamazepine 5ml Ointment,Cardiac,Lupin,No,2026-06,380,1217,1358,231,1358,0,No,239,5,427.88,0.15,91.53,6
MED0411,Carbamazepine 5ml Ointment,Cardiac,Lupin,No,2026-07,239,1330,1429,347.6,1429,0,No,140,5,427.88,0.15,91.53,6
MED0412,Folic Acid 500mg Suspension,Antibiotic,GSK,No,2025-08,1333,5458,6223,1848.1,6223,0,No,568,5,463.38,0.13,137.35,24
MED0412,Folic Acid 500mg Suspension,Antibiotic,GSK,No,2025-09,568,6222,5302,1702.4,5302,0,No,1488,5,463.38,0.13,137.35,24
MED0412,Folic Acid 500mg Suspension,Antibiotic,GSK,No,2025-10,1488,0,3183,853.4,1488,1695,Yes,0,5,463.38,0.13,137.35,24
MED0412,Folic Acid 500mg Suspension,Antibiotic,GSK,No,2025-11,0,3250,2911,902.4,2911,0,No,339,5,463.38,0.13,137.35,24
MED0412,Folic Acid 500mg Suspension,Antibiotic,GSK,No,2025-12,339,1849,1972,308,1972,0,No,216,5,463.38,0.13,137.35,24
MED0412,Folic Acid 500mg Suspension,Antibiotic,GSK,No,2026-01,216,2207,2023,530.7,2023,0,No,400,5,463.38,0.13,137.35,24
MED0412,Folic Acid 500mg Suspension,Antibiotic,GSK,No,2026-02,400,1771,2167,627.2,2167,0,No,4,5,463.38,0.13,137.35,24
MED0412,Folic Acid 500mg Suspension,Antibiotic,GSK,No,2026-03,4,2215,2410,572,2219,191,Yes,0,5,463.38,0.13,137.35,24
MED0412,Folic Acid 500mg Suspension,Antibiotic,GSK,No,2026-04,0,3558,2800,785.9,2800,0,No,758,5,463.38,0.13,137.35,24
MED0412,Folic Acid 500mg Suspension,Antibiotic,GSK,No,2026-05,758,2982,4059,1025.6,3740,319,Yes,0,5,463.38,0.13,137.35,24
MED0412,Folic Acid 500mg Suspension,Antibiotic,GSK,No,2026-06,0,4794,5764,1679.9,4794,970,Yes,0,5,463.38,0.13,137.35,24
MED0412,Folic Acid 500mg Suspension,Antibiotic,GSK,No,2026-07,0,4996,6939,1633,4996,1943,Yes,0,5,463.38,0.13,137.35,24
MED0413,BCG Vaccine 10ml Capsule,Anesthetic,Abbott,No,2025-08,243,406,492,111.9,492,0,No,157,10,152.67,0.27,211.6,6
MED0413,BCG Vaccine 10ml Capsule,Anesthetic,Abbott,No,2025-09,157,543,438,147,438,0,No,262,10,152.67,0.27,211.6,6
MED0413,BCG Vaccine 10ml Capsule,Anesthetic,Abbott,No,2025-10,262,353,504,170.8,504,0,No,111,10,152.67,0.27,211.6,6
MED0413,BCG Vaccine 10ml Capsule,Anesthetic,Abbott,No,2025-11,111,0,508,90.2,111,397,Yes,0,10,152.67,0.27,211.6,6
MED0413,BCG Vaccine 10ml Capsule,Anesthetic,Abbott,No,2025-12,0,366,389,85.5,366,23,Yes,0,10,152.67,0.27,211.6,6
MED0413,BCG Vaccine 10ml Capsule,Anesthetic,Abbott,No,2026-01,0,444,385,94.4,385,0,No,59,10,152.67,0.27,211.6,6
MED0413,BCG Vaccine 10ml Capsule,Anesthetic,Abbott,No,2026-02,59,370,420,81.3,420,0,No,9,10,152.67,0.27,211.6,6
MED0413,BCG Vaccine 10ml Capsule,Anesthetic,Abbott,No,2026-03,9,428,463,113.1,437,26,Yes,0,10,152.67,0.27,211.6,6
MED0413,BCG Vaccine 10ml Capsule,Anesthetic,Abbott,No,2026-04,0,514,432,148.8,432,0,No,82,10,152.67,0.27,211.6,6
MED0413,BCG Vaccine 10ml Capsule,Anesthetic,Abbott,No,2026-05,82,551,478,72.2,478,0,No,155,10,152.67,0.27,211.6,6
MED0413,BCG Vaccine 10ml Capsule,Anesthetic,Abbott,No,2026-06,155,403,474,109.5,474,0,No,84,10,152.67,0.27,211.6,6
MED0413,BCG Vaccine 10ml Capsule,Anesthetic,Abbott,No,2026-07,84,308,387,122.8,387,0,No,5,10,152.67,0.27,211.6,6
MED0414,Azithromycin 50mg Injection,Vitamin/Supplement,Zydus,No,2025-08,3480,2797,2933,544.6,2933,0,No,3344,21,633.13,0.22,145.16,24
MED0414,Azithromycin 50mg Injection,Vitamin/Supplement,Zydus,No,2025-09,3344,0,2457,780.2,2457,0,No,887,21,633.13,0.22,145.16,24
MED0414,Azithromycin 50mg Injection,Vitamin/Supplement,Zydus,No,2025-10,887,1465,1858,561.8,1858,0,No,494,21,633.13,0.22,145.16,24
MED0414,Azithromycin 50mg Injection,Vitamin/Supplement,Zydus,No,2025-11,494,1535,1608,517,1608,0,No,421,21,633.13,0.22,145.16,24
MED0414,Azithromycin 50mg Injection,Vitamin/Supplement,Zydus,No,2025-12,421,1433,1617,271.4,1617,0,No,237,21,633.13,0.22,145.16,24
MED0414,Azithromycin 50mg Injection,Vitamin/Supplement,Zydus,No,2026-01,237,0,1163,228.9,237,926,Yes,0,21,633.13,0.22,145.16,24
MED0414,Azithromycin 50mg Injection,Vitamin/Supplement,Zydus,No,2026-02,0,1765,1400,404,1400,0,No,365,21,633.13,0.22,145.16,24
MED0414,Azithromycin 50mg Injection,Vitamin/Supplement,Zydus,No,2026-03,365,2300,2062,499,2062,0,No,603,21,633.13,0.22,145.16,24
MED0414,Azithromycin 50mg Injection,Vitamin/Supplement,Zydus,No,2026-04,603,2795,2921,513.3,2921,0,No,477,21,633.13,0.22,145.16,24
MED0414,Azithromycin 50mg Injection,Vitamin/Supplement,Zydus,No,2026-05,477,2924,3380,864.9,3380,0,No,21,21,633.13,0.22,145.16,24
MED0414,Azithromycin 50mg Injection,Vitamin/Supplement,Zydus,No,2026-06,21,3787,3976,1129,3808,168,Yes,0,21,633.13,0.22,145.16,24
MED0414,Azithromycin 50mg Injection,Vitamin/Supplement,Zydus,No,2026-07,0,2987,3374,691.1,2987,387,Yes,0,21,633.13,0.22,145.16,24
MED0415,Paracetamol 5ml Tablet,Neuro/Psychiatric,Intas,No,2025-08,381,716,746,118.7,746,0,No,351,5,495.55,0.2,245.13,9
MED0415,Paracetamol 5ml Tablet,Neuro/Psychiatric,Intas,No,2025-09,351,717,874,237.3,874,0,No,194,5,495.55,0.2,245.13,9
MED0415,Paracetamol 5ml Tablet,Neuro/Psychiatric,Intas,No,2025-10,194,913,978,334.1,978,0,No,129,5,495.55,0.2,245.13,9
MED0415,Paracetamol 5ml Tablet,Neuro/Psychiatric,Intas,No,2025-11,129,1260,1530,390.2,1389,141,Yes,0,5,495.55,0.2,245.13,9
MED0415,Paracetamol 5ml Tablet,Neuro/Psychiatric,Intas,No,2025-12,0,0,1674,539,0,1674,Yes,0,5,495.55,0.2,245.13,9
MED0415,Paracetamol 5ml Tablet,Neuro/Psychiatric,Intas,No,2026-01,0,0,1680,552.1,0,1680,Yes,0,5,495.55,0.2,245.13,9
MED0415,Paracetamol 5ml Tablet,Neuro/Psychiatric,Intas,No,2026-02,0,1459,1570,302.5,1459,111,Yes,0,5,495.55,0.2,245.13,9
MED0415,Paracetamol 5ml Tablet,Neuro/Psychiatric,Intas,No,2026-03,0,1052,950,253.2,950,0,No,102,5,495.55,0.2,245.13,9
MED0415,Paracetamol 5ml Tablet,Neuro/Psychiatric,Intas,No,2026-04,102,972,899,224.8,899,0,No,175,5,495.55,0.2,245.13,9
MED0415,Paracetamol 5ml Tablet,Neuro/Psychiatric,Intas,No,2026-05,175,634,799,224.5,799,0,No,10,5,495.55,0.2,245.13,9
MED0415,Paracetamol 5ml Tablet,Neuro/Psychiatric,Intas,No,2026-06,10,797,690,139.4,690,0,No,117,5,495.55,0.2,245.13,9
MED0415,Paracetamol 5ml Tablet,Neuro/Psychiatric,Intas,No,2026-07,117,0,822,164.7,117,705,Yes,0,5,495.55,0.2,245.13,9
MED0416,Clopidogrel 5ml Syrup,Cardiac,Intas,No,2025-08,1183,778,804,138.4,804,0,No,1157,21,572.24,0.27,172.4,9
MED0416,Clopidogrel 5ml Syrup,Cardiac,Intas,No,2025-09,1157,795,681,202.8,681,0,No,1271,21,572.24,0.27,172.4,9
MED0416,Clopidogrel 5ml Syrup,Cardiac,Intas,No,2025-10,1271,563,628,134.2,628,0,No,1206,21,572.24,0.27,172.4,9
MED0416,Clopidogrel 5ml Syrup,Cardiac,Intas,No,2025-11,1206,662,720,148.8,720,0,No,1148,21,572.24,0.27,172.4,9
MED0416,Clopidogrel 5ml Syrup,Cardiac,Intas,No,2025-12,1148,636,770,208.4,770,0,No,1014,21,572.24,0.27,172.4,9
MED0416,Clopidogrel 5ml Syrup,Cardiac,Intas,No,2026-01,1014,0,682,105.2,682,0,No,332,21,572.24,0.27,172.4,9
MED0416,Clopidogrel 5ml Syrup,Cardiac,Intas,No,2026-02,332,868,669,109.1,669,0,No,531,21,572.24,0.27,172.4,9
MED0416,Clopidogrel 5ml Syrup,Cardiac,Intas,No,2026-03,531,0,633,198.9,531,102,Yes,0,21,572.24,0.27,172.4,9
MED0416,Clopidogrel 5ml Syrup,Cardiac,Intas,No,2026-04,0,580,756,210.6,580,176,Yes,0,21,572.24,0.27,172.4,9
MED0416,Clopidogrel 5ml Syrup,Cardiac,Intas,No,2026-05,0,847,680,114.3,680,0,No,167,21,572.24,0.27,172.4,9
MED0416,Clopidogrel 5ml Syrup,Cardiac,Intas,No,2026-06,167,959,780,229.8,780,0,No,346,21,572.24,0.27,172.4,9
MED0416,Clopidogrel 5ml Syrup,Cardiac,Intas,No,2026-07,346,615,709,127.6,709,0,No,252,21,572.24,0.27,172.4,9
MED0417,Chlorpheniramine 1g Inhaler,Antibiotic,Cipla,No,2025-08,99,1258,1470,399.6,1357,113,Yes,0,2,18.16,0.18,143.43,18
MED0417,Chlorpheniramine 1g Inhaler,Antibiotic,Cipla,No,2025-09,0,1549,1474,449.2,1474,0,No,75,2,18.16,0.18,143.43,18
MED0417,Chlorpheniramine 1g Inhaler,Antibiotic,Cipla,No,2025-10,75,1059,1196,359.5,1134,62,Yes,0,2,18.16,0.18,143.43,18
MED0417,Chlorpheniramine 1g Inhaler,Antibiotic,Cipla,No,2025-11,0,943,959,147.5,943,16,Yes,0,2,18.16,0.18,143.43,18
MED0417,Chlorpheniramine 1g Inhaler,Antibiotic,Cipla,No,2025-12,0,900,791,138.6,791,0,No,109,2,18.16,0.18,143.43,18
MED0417,Chlorpheniramine 1g Inhaler,Antibiotic,Cipla,No,2026-01,109,846,910,235.9,910,0,No,45,2,18.16,0.18,143.43,18
MED0417,Chlorpheniramine 1g Inhaler,Antibiotic,Cipla,No,2026-02,45,858,877,157.3,877,0,No,26,2,18.16,0.18,143.43,18
MED0417,Chlorpheniramine 1g Inhaler,Antibiotic,Cipla,No,2026-03,26,1358,1350,392.6,1350,0,No,34,2,18.16,0.18,143.43,18
MED0417,Chlorpheniramine 1g Inhaler,Antibiotic,Cipla,No,2026-04,34,2272,1763,413.9,1763,0,No,543,2,18.16,0.18,143.43,18
MED0417,Chlorpheniramine 1g Inhaler,Antibiotic,Cipla,No,2026-05,543,0,2566,848.7,543,2023,Yes,0,2,18.16,0.18,143.43,18
MED0417,Chlorpheniramine 1g Inhaler,Antibiotic,Cipla,No,2026-06,0,1900,1969,328.7,1900,69,Yes,0,2,18.16,0.18,143.43,18
MED0417,Chlorpheniramine 1g Inhaler,Antibiotic,Cipla,No,2026-07,0,2363,1870,467.8,1870,0,No,493,2,18.16,0.18,143.43,18
MED0418,Insulin 250mg Injection,Vitamin/Supplement,Cadila,No,2025-08,1324,9447,8068,1987.5,8068,0,No,2703,7,780.34,0.21,145.91,24
MED0418,Insulin 250mg Injection,Vitamin/Supplement,Cadila,No,2025-09,2703,6865,5604,1829.7,5604,0,No,3964,7,780.34,0.21,145.91,24
MED0418,Insulin 250mg Injection,Vitamin/Supplement,Cadila,No,2025-10,3964,0,4712,1195,3964,748,Yes,0,7,780.34,0.21,145.91,24
MED0418,Insulin 250mg Injection,Vitamin/Supplement,Cadila,No,2025-11,0,0,2872,616.7,0,2872,Yes,0,7,780.34,0.21,145.91,24
MED0418,Insulin 250mg Injection,Vitamin/Supplement,Cadila,No,2025-12,0,3357,2994,626.9,2994,0,No,363,7,780.34,0.21,145.91,24
MED0418,Insulin 250mg Injection,Vitamin/Supplement,Cadila,No,2026-01,363,2455,2467,604.9,2467,0,No,351,7,780.34,0.21,145.91,24
MED0418,Insulin 250mg Injection,Vitamin/Supplement,Cadila,No,2026-02,351,2743,2765,432,2765,0,No,329,7,780.34,0.21,145.91,24
MED0418,Insulin 250mg Injection,Vitamin/Supplement,Cadila,No,2026-03,329,2529,3470,1086.4,2858,612,Yes,0,7,780.34,0.21,145.91,24
MED0418,Insulin 250mg Injection,Vitamin/Supplement,Cadila,No,2026-04,0,3311,3870,1337.3,3311,559,Yes,0,7,780.34,0.21,145.91,24
MED0418,Insulin 250mg Injection,Vitamin/Supplement,Cadila,No,2026-05,0,3903,4090,848.6,3903,187,Yes,0,7,780.34,0.21,145.91,24
MED0418,Insulin 250mg Injection,Vitamin/Supplement,Cadila,No,2026-06,0,0,7158,1464.8,0,7158,Yes,0,7,780.34,0.21,145.91,24
MED0418,Insulin 250mg Injection,Vitamin/Supplement,Cadila,No,2026-07,0,9536,7457,2394.6,7457,0,No,2079,7,780.34,0.21,145.91,24
MED0419,Rosuvastatin 1mg Syrup,Cardiac,GSK,Yes,2025-08,482,1257,1231,232.2,1231,0,No,508,5,683.71,0.17,309.59,12
MED0419,Rosuvastatin 1mg Syrup,Cardiac,GSK,Yes,2025-09,508,1049,1446,435.3,1446,0,No,111,5,683.71,0.17,309.59,12
MED0419,Rosuvastatin 1mg Syrup,Cardiac,GSK,Yes,2025-10,111,1839,1799,461.5,1799,0,No,151,5,683.71,0.17,309.59,12
MED0419,Rosuvastatin 1mg Syrup,Cardiac,GSK,Yes,2025-11,151,1998,2217,398.8,2149,68,Yes,0,5,683.71,0.17,309.59,12
MED0419,Rosuvastatin 1mg Syrup,Cardiac,GSK,Yes,2025-12,0,2009,2521,424.2,2009,512,Yes,0,5,683.71,0.17,309.59,12
MED0419,Rosuvastatin 1mg Syrup,Cardiac,GSK,Yes,2026-01,0,2562,2698,887.4,2562,136,Yes,0,5,683.71,0.17,309.59,12
MED0419,Rosuvastatin 1mg Syrup,Cardiac,GSK,Yes,2026-02,0,0,2179,670,0,2179,Yes,0,5,683.71,0.17,309.59,12
MED0419,Rosuvastatin 1mg Syrup,Cardiac,GSK,Yes,2026-03,0,1562,1499,288,1499,0,No,63,5,683.71,0.17,309.59,12
MED0419,Rosuvastatin 1mg Syrup,Cardiac,GSK,Yes,2026-04,63,911,1177,240.6,974,203,Yes,0,5,683.71,0.17,309.59,12
MED0419,Rosuvastatin 1mg Syrup,Cardiac,GSK,Yes,2026-05,0,1129,1257,313.2,1129,128,Yes,0,5,683.71,0.17,309.59,12
MED0419,Rosuvastatin 1mg Syrup,Cardiac,GSK,Yes,2026-06,0,1280,1173,236.4,1173,0,No,107,5,683.71,0.17,309.59,12
MED0419,Rosuvastatin 1mg Syrup,Cardiac,GSK,Yes,2026-07,107,854,1107,302.7,961,146,Yes,0,5,683.71,0.17,309.59,12
MED0420,Atenolol 250mg Ointment,Neuro/Psychiatric,Glenmark,Yes,2025-08,1560,3094,2988,656.7,2988,0,No,1666,7,95.73,0.14,128.81,24
MED0420,Atenolol 250mg Ointment,Neuro/Psychiatric,Glenmark,Yes,2025-09,1666,2025,2504,775.7,2504,0,No,1187,7,95.73,0.14,128.81,24
MED0420,Atenolol 250mg Ointment,Neuro/Psychiatric,Glenmark,Yes,2025-10,1187,2054,2550,666.5,2550,0,No,691,7,95.73,0.14,128.81,24
MED0420,Atenolol 250mg Ointment,Neuro/Psychiatric,Glenmark,Yes,2025-11,691,2395,2169,351.3,2169,0,No,917,7,95.73,0.14,128.81,24
MED0420,Atenolol 250mg Ointment,Neuro/Psychiatric,Glenmark,Yes,2025-12,917,1890,1780,334.8,1780,0,No,1027,7,95.73,0.14,128.81,24
MED0420,Atenolol 250mg Ointment,Neuro/Psychiatric,Glenmark,Yes,2026-01,1027,1479,1638,391.1,1638,0,No,868,7,95.73,0.14,128.81,24
MED0420,Atenolol 250mg Ointment,Neuro/Psychiatric,Glenmark,Yes,2026-02,868,1589,1749,581.1,1749,0,No,708,7,95.73,0.14,128.81,24
MED0420,Atenolol 250mg Ointment,Neuro/Psychiatric,Glenmark,Yes,2026-03,708,2528,2337,770,2337,0,No,899,7,95.73,0.14,128.81,24
MED0420,Atenolol 250mg Ointment,Neuro/Psychiatric,Glenmark,Yes,2026-04,899,3906,4128,648,4128,0,No,677,7,95.73,0.14,128.81,24
MED0420,Atenolol 250mg Ointment,Neuro/Psychiatric,Glenmark,Yes,2026-05,677,4325,5074,1139,5002,72,Yes,0,7,95.73,0.14,128.81,24
MED0420,Atenolol 250mg Ointment,Neuro/Psychiatric,Glenmark,Yes,2026-06,0,0,3906,1326.3,0,3906,Yes,0,7,95.73,0.14,128.81,24
MED0420,Atenolol 250mg Ointment,Neuro/Psychiatric,Glenmark,Yes,2026-07,0,4851,4065,747.3,4065,0,No,786,7,95.73,0.14,128.81,24
MED0421,Cloxacillin 10ml Ointment,Vaccine,Glenmark,No,2025-08,174,832,759,189.4,759,0,No,247,7,154.7,0.13,204.99,6
MED0421,Cloxacillin 10ml Ointment,Vaccine,Glenmark,No,2025-09,247,480,542,118.9,542,0,No,185,7,154.7,0.13,204.99,6
MED0421,Cloxacillin 10ml Ointment,Vaccine,Glenmark,No,2025-10,185,414,415,129.3,415,0,No,184,7,154.7,0.13,204.99,6
MED0421,Cloxacillin 10ml Ointment,Vaccine,Glenmark,No,2025-11,184,381,402,116.3,402,0,No,163,7,154.7,0.13,204.99,6
MED0421,Cloxacillin 10ml Ointment,Vaccine,Glenmark,No,2025-12,163,523,425,76.3,425,0,No,261,7,154.7,0.13,204.99,6
MED0421,Cloxacillin 10ml Ointment,Vaccine,Glenmark,No,2026-01,261,311,361,117.8,361,0,No,211,7,154.7,0.13,204.99,6
MED0421,Cloxacillin 10ml Ointment,Vaccine,Glenmark,No,2026-02,211,347,441,100.9,441,0,No,117,7,154.7,0.13,204.99,6
MED0421,Cloxacillin 10ml Ointment,Vaccine,Glenmark,No,2026-03,117,550,552,143.4,552,0,No,115,7,154.7,0.13,204.99,6
MED0421,Cloxacillin 10ml Ointment,Vaccine,Glenmark,No,2026-04,115,803,784,119.5,784,0,No,134,7,154.7,0.13,204.99,6
MED0421,Cloxacillin 10ml Ointment,Vaccine,Glenmark,No,2026-05,134,768,887,266.6,887,0,No,15,7,154.7,0.13,204.99,6
MED0421,Cloxacillin 10ml Ointment,Vaccine,Glenmark,No,2026-06,15,709,904,257.8,724,180,Yes,0,7,154.7,0.13,204.99,6
MED0421,Cloxacillin 10ml Ointment,Vaccine,Glenmark,No,2026-07,0,694,717,117.2,694,23,Yes,0,7,154.7,0.13,204.99,6
MED0422,Insulin Regular 50mg Injection,Dermatological,Sun Pharma,No,2025-08,537,3127,2470,787.6,2470,0,No,1194,3,566.09,0.23,318.49,9
MED0422,Insulin Regular 50mg Injection,Dermatological,Sun Pharma,No,2025-09,1194,2417,2280,576.5,2280,0,No,1331,3,566.09,0.23,318.49,9
MED0422,Insulin Regular 50mg Injection,Dermatological,Sun Pharma,No,2025-10,1331,1899,2236,770.2,2236,0,No,994,3,566.09,0.23,318.49,9
MED0422,Insulin Regular 50mg Injection,Dermatological,Sun Pharma,No,2025-11,994,2431,2598,671.4,2598,0,No,827,3,566.09,0.23,318.49,9
MED0422,Insulin Regular 50mg Injection,Dermatological,Sun Pharma,No,2025-12,827,3199,2562,658.4,2562,0,No,1464,3,566.09,0.23,318.49,9
MED0422,Insulin Regular 50mg Injection,Dermatological,Sun Pharma,No,2026-01,1464,0,2885,695.3,1464,1421,Yes,0,3,566.09,0.23,318.49,9
MED0422,Insulin Regular 50mg Injection,Dermatological,Sun Pharma,No,2026-02,0,2313,2923,511.1,2313,610,Yes,0,3,566.09,0.23,318.49,9
MED0422,Insulin Regular 50mg Injection,Dermatological,Sun Pharma,No,2026-03,0,3004,2359,732.6,2359,0,No,645,3,566.09,0.23,318.49,9
MED0422,Insulin Regular 50mg Injection,Dermatological,Sun Pharma,No,2026-04,645,2868,2399,592.9,2399,0,No,1114,3,566.09,0.23,318.49,9
MED0422,Insulin Regular 50mg Injection,Dermatological,Sun Pharma,No,2026-05,1114,2533,2789,523.8,2789,0,No,858,3,566.09,0.23,318.49,9
MED0422,Insulin Regular 50mg Injection,Dermatological,Sun Pharma,No,2026-06,858,2990,2633,715.7,2633,0,No,1215,3,566.09,0.23,318.49,9
MED0422,Insulin Regular 50mg Injection,Dermatological,Sun Pharma,No,2026-07,1215,3005,2736,447.8,2736,0,No,1484,3,566.09,0.23,318.49,9
MED0423,Ondansetron 10mg Syrup,Vaccine,Zydus,Yes,2025-08,155,1316,1019,178.2,1019,0,No,452,3,326.61,0.16,82.27,18
MED0423,Ondansetron 10mg Syrup,Vaccine,Zydus,Yes,2025-09,452,715,1010,258.9,1010,0,No,157,3,326.61,0.16,82.27,18
MED0423,Ondansetron 10mg Syrup,Vaccine,Zydus,Yes,2025-10,157,874,1209,274.8,1031,178,Yes,0,3,326.61,0.16,82.27,18
MED0423,Ondansetron 10mg Syrup,Vaccine,Zydus,Yes,2025-11,0,1166,965,207,965,0,No,201,3,326.61,0.16,82.27,18
MED0423,Ondansetron 10mg Syrup,Vaccine,Zydus,Yes,2025-12,201,0,921,256.2,201,720,Yes,0,3,326.61,0.16,82.27,18
MED0423,Ondansetron 10mg Syrup,Vaccine,Zydus,Yes,2026-01,0,979,1184,362,979,205,Yes,0,3,326.61,0.16,82.27,18
MED0423,Ondansetron 10mg Syrup,Vaccine,Zydus,Yes,2026-02,0,1208,1123,203.5,1123,0,No,85,3,326.61,0.16,82.27,18
MED0423,Ondansetron 10mg Syrup,Vaccine,Zydus,Yes,2026-03,85,1267,1239,406.7,1239,0,No,113,3,326.61,0.16,82.27,18
MED0423,Ondansetron 10mg Syrup,Vaccine,Zydus,Yes,2026-04,113,1545,1241,322,1241,0,No,417,3,326.61,0.16,82.27,18
MED0423,Ondansetron 10mg Syrup,Vaccine,Zydus,Yes,2026-05,417,752,993,168.3,993,0,No,176,3,326.61,0.16,82.27,18
MED0423,Ondansetron 10mg Syrup,Vaccine,Zydus,Yes,2026-06,176,1344,1038,243.6,1038,0,No,482,3,326.61,0.16,82.27,18
MED0423,Ondansetron 10mg Syrup,Vaccine,Zydus,Yes,2026-07,482,0,989,222.7,482,507,Yes,0,3,326.61,0.16,82.27,18
MED0424,Doxycycline 10ml Suspension,Dermatological,Intas,No,2025-08,76,137,128,31.5,128,0,No,85,10,600.09,0.25,82.42,6
MED0424,Doxycycline 10ml Suspension,Dermatological,Intas,No,2025-09,85,116,121,22.3,121,0,No,80,10,600.09,0.25,82.42,6
MED0424,Doxycycline 10ml Suspension,Dermatological,Intas,No,2025-10,80,168,137,43.8,137,0,No,111,10,600.09,0.25,82.42,6
MED0424,Doxycycline 10ml Suspension,Dermatological,Intas,No,2025-11,111,0,128,42.3,111,17,Yes,0,10,600.09,0.25,82.42,6
MED0424,Doxycycline 10ml Suspension,Dermatological,Intas,No,2025-12,0,95,118,35.3,95,23,Yes,0,10,600.09,0.25,82.42,6
MED0424,Doxycycline 10ml Suspension,Dermatological,Intas,No,2026-01,0,103,114,24.3,103,11,Yes,0,10,600.09,0.25,82.42,6
MED0424,Doxycycline 10ml Suspension,Dermatological,Intas,No,2026-02,0,144,120,38.5,120,0,No,24,10,600.09,0.25,82.42,6
MED0424,Doxycycline 10ml Suspension,Dermatological,Intas,No,2026-03,24,97,133,31,121,12,Yes,0,10,600.09,0.25,82.42,6
MED0424,Doxycycline 10ml Suspension,Dermatological,Intas,No,2026-04,0,125,135,22,125,10,Yes,0,10,600.09,0.25,82.42,6
MED0424,Doxycycline 10ml Suspension,Dermatological,Intas,No,2026-05,0,118,136,31.8,118,18,Yes,0,10,600.09,0.25,82.42,6
MED0424,Doxycycline 10ml Suspension,Dermatological,Intas,No,2026-06,0,113,112,30.1,112,0,No,1,10,600.09,0.25,82.42,6
MED0424,Doxycycline 10ml Suspension,Dermatological,Intas,No,2026-07,1,129,135,41.5,130,5,Yes,0,10,600.09,0.25,82.42,6
MED0425,Cloxacillin 10mg Inhaler,Dermatological,Alkem,No,2025-08,236,1875,1633,559.8,1633,0,No,478,2,499,0.13,140.63,36
MED0425,Cloxacillin 10mg Inhaler,Dermatological,Alkem,No,2025-09,478,1328,1795,357.3,1795,0,No,11,2,499,0.13,140.63,36
MED0425,Cloxacillin 10mg Inhaler,Dermatological,Alkem,No,2025-10,11,2975,2481,548.5,2481,0,No,505,2,499,0.13,140.63,36
MED0425,Cloxacillin 10mg Inhaler,Dermatological,Alkem,No,2025-11,505,2871,2565,566.4,2565,0,No,811,2,499,0.13,140.63,36
MED0425,Cloxacillin 10mg Inhaler,Dermatological,Alkem,No,2025-12,811,0,3875,1168.3,811,3064,Yes,0,2,499,0.13,140.63,36
MED0425,Cloxacillin 10mg Inhaler,Dermatological,Alkem,No,2026-01,0,3297,3484,864.9,3297,187,Yes,0,2,499,0.13,140.63,36
MED0425,Cloxacillin 10mg Inhaler,Dermatological,Alkem,No,2026-02,0,2390,3415,522.3,2390,1025,Yes,0,2,499,0.13,140.63,36
MED0425,Cloxacillin 10mg Inhaler,Dermatological,Alkem,No,2026-03,0,1538,1955,452.9,1538,417,Yes,0,2,499,0.13,140.63,36
MED0425,Cloxacillin 10mg Inhaler,Dermatological,Alkem,No,2026-04,0,1842,1829,522.5,1829,0,No,13,2,499,0.13,140.63,36
MED0425,Cloxacillin 10mg Inhaler,Dermatological,Alkem,No,2026-05,13,1904,1769,446.6,1769,0,No,148,2,499,0.13,140.63,36
MED0425,Cloxacillin 10mg Inhaler,Dermatological,Alkem,No,2026-06,148,0,1618,251.4,148,1470,Yes,0,2,499,0.13,140.63,36
MED0425,Cloxacillin 10mg Inhaler,Dermatological,Alkem,No,2026-07,0,1471,1513,268.2,1471,42,Yes,0,2,499,0.13,140.63,36
MED0426,Gentamicin 50mg Ointment,Emergency/Critical Care,Glenmark,No,2025-08,305,953,938,255.5,938,0,No,320,7,365.73,0.26,75.41,18
MED0426,Gentamicin 50mg Ointment,Emergency/Critical Care,Glenmark,No,2025-09,320,600,736,178.6,736,0,No,184,7,365.73,0.26,75.41,18
MED0426,Gentamicin 50mg Ointment,Emergency/Critical Care,Glenmark,No,2025-10,184,650,736,158.9,736,0,No,98,7,365.73,0.26,75.41,18
MED0426,Gentamicin 50mg Ointment,Emergency/Critical Care,Glenmark,No,2025-11,98,696,748,149.7,748,0,No,46,7,365.73,0.26,75.41,18
MED0426,Gentamicin 50mg Ointment,Emergency/Critical Care,Glenmark,No,2025-12,46,741,873,224.6,787,86,Yes,0,7,365.73,0.26,75.41,18
MED0426,Gentamicin 50mg Ointment,Emergency/Critical Care,Glenmark,No,2026-01,0,881,845,130.7,845,0,No,36,7,365.73,0.26,75.41,18
MED0426,Gentamicin 50mg Ointment,Emergency/Critical Care,Glenmark,No,2026-02,36,563,759,152.8,599,160,Yes,0,7,365.73,0.26,75.41,18
MED0426,Gentamicin 50mg Ointment,Emergency/Critical Care,Glenmark,No,2026-03,0,782,801,277,782,19,Yes,0,7,365.73,0.26,75.41,18
MED0426,Gentamicin 50mg Ointment,Emergency/Critical Care,Glenmark,No,2026-04,0,1066,878,245.6,878,0,No,188,7,365.73,0.26,75.41,18
MED0426,Gentamicin 50mg Ointment,Emergency/Critical Care,Glenmark,No,2026-05,188,978,914,311.1,914,0,No,252,7,365.73,0.26,75.41,18
MED0426,Gentamicin 50mg Ointment,Emergency/Critical Care,Glenmark,No,2026-06,252,712,937,257.5,937,0,No,27,7,365.73,0.26,75.41,18
MED0426,Gentamicin 50mg Ointment,Emergency/Critical Care,Glenmark,No,2026-07,27,942,824,284.7,824,0,No,145,7,365.73,0.26,75.41,18
MED0427,Dexamethasone 2.5mg Tablet,Vitamin/Supplement,Sun Pharma,No,2025-08,163,882,1238,417.1,1045,193,Yes,0,4,337.66,0.13,179.21,9
MED0427,Dexamethasone 2.5mg Tablet,Vitamin/Supplement,Sun Pharma,No,2025-09,0,767,1004,329.7,767,237,Yes,0,4,337.66,0.13,179.21,9
MED0427,Dexamethasone 2.5mg Tablet,Vitamin/Supplement,Sun Pharma,No,2025-10,0,782,1013,315,782,231,Yes,0,4,337.66,0.13,179.21,9
MED0427,Dexamethasone 2.5mg Tablet,Vitamin/Supplement,Sun Pharma,No,2025-11,0,1401,1100,336.6,1100,0,No,301,4,337.66,0.13,179.21,9
MED0427,Dexamethasone 2.5mg Tablet,Vitamin/Supplement,Sun Pharma,No,2025-12,301,1472,1163,331.9,1163,0,No,610,4,337.66,0.13,179.21,9
MED0427,Dexamethasone 2.5mg Tablet,Vitamin/Supplement,Sun Pharma,No,2026-01,610,1374,1134,222.2,1134,0,No,850,4,337.66,0.13,179.21,9
MED0427,Dexamethasone 2.5mg Tablet,Vitamin/Supplement,Sun Pharma,No,2026-02,850,911,1169,258.2,1169,0,No,592,4,337.66,0.13,179.21,9
MED0427,Dexamethasone 2.5mg Tablet,Vitamin/Supplement,Sun Pharma,No,2026-03,592,1122,996,205.3,996,0,No,718,4,337.66,0.13,179.21,9
MED0427,Dexamethasone 2.5mg Tablet,Vitamin/Supplement,Sun Pharma,No,2026-04,718,1469,1284,430.6,1284,0,No,903,4,337.66,0.13,179.21,9
MED0427,Dexamethasone 2.5mg Tablet,Vitamin/Supplement,Sun Pharma,No,2026-05,903,0,1020,164.7,903,117,Yes,0,4,337.66,0.13,179.21,9
MED0427,Dexamethasone 2.5mg Tablet,Vitamin/Supplement,Sun Pharma,No,2026-06,0,1253,1151,221.3,1151,0,No,102,4,337.66,0.13,179.21,9
MED0427,Dexamethasone 2.5mg Tablet,Vitamin/Supplement,Sun Pharma,No,2026-07,102,897,1120,292.9,999,121,Yes,0,4,337.66,0.13,179.21,9
MED0428,Tetanus Toxoid 1mg Ointment,Respiratory,Biocon,No,2025-08,194,812,690,111.5,690,0,No,316,7,773.04,0.28,308.17,6
MED0428,Tetanus Toxoid 1mg Ointment,Respiratory,Biocon,No,2025-09,316,594,713,162.2,713,0,No,197,7,773.04,0.28,308.17,6
MED0428,Tetanus Toxoid 1mg Ointment,Respiratory,Biocon,No,2025-10,197,703,664,166.1,664,0,No,236,7,773.04,0.28,308.17,6
MED0428,Tetanus Toxoid 1mg Ointment,Respiratory,Biocon,No,2025-11,236,672,798,128.8,798,0,No,110,7,773.04,0.28,308.17,6
MED0428,Tetanus Toxoid 1mg Ointment,Respiratory,Biocon,No,2025-12,110,611,808,262.2,721,87,Yes,0,7,773.04,0.28,308.17,6
MED0428,Tetanus Toxoid 1mg Ointment,Respiratory,Biocon,No,2026-01,0,709,694,118.5,694,0,No,15,7,773.04,0.28,308.17,6
MED0428,Tetanus Toxoid 1mg Ointment,Respiratory,Biocon,No,2026-02,15,684,856,196.8,699,157,Yes,0,7,773.04,0.28,308.17,6
MED0428,Tetanus Toxoid 1mg Ointment,Respiratory,Biocon,No,2026-03,0,497,676,127.4,497,179,Yes,0,7,773.04,0.28,308.17,6
MED0428,Tetanus Toxoid 1mg Ointment,Respiratory,Biocon,No,2026-04,0,787,861,219.2,787,74,Yes,0,7,773.04,0.28,308.17,6
MED0428,Tetanus Toxoid 1mg Ointment,Respiratory,Biocon,No,2026-05,0,680,792,193.5,680,112,Yes,0,7,773.04,0.28,308.17,6
MED0428,Tetanus Toxoid 1mg Ointment,Respiratory,Biocon,No,2026-06,0,769,845,175.9,769,76,Yes,0,7,773.04,0.28,308.17,6
MED0428,Tetanus Toxoid 1mg Ointment,Respiratory,Biocon,No,2026-07,0,732,656,122.8,656,0,No,76,7,773.04,0.28,308.17,6
MED0429,Glimepiride 5mg Syrup,Antidiabetic,Lupin,Yes,2025-08,77,809,780,227.6,780,0,No,106,2,335.6,0.14,93.29,36
MED0429,Glimepiride 5mg Syrup,Antidiabetic,Lupin,Yes,2025-09,106,882,772,213.5,772,0,No,216,2,335.6,0.14,93.29,36
MED0429,Glimepiride 5mg Syrup,Antidiabetic,Lupin,Yes,2025-10,216,650,624,184.9,624,0,No,242,2,335.6,0.14,93.29,36
MED0429,Glimepiride 5mg Syrup,Antidiabetic,Lupin,Yes,2025-11,242,720,664,211,664,0,No,298,2,335.6,0.14,93.29,36
MED0429,Glimepiride 5mg Syrup,Antidiabetic,Lupin,Yes,2025-12,298,617,783,257.7,783,0,No,132,2,335.6,0.14,93.29,36
MED0429,Glimepiride 5mg Syrup,Antidiabetic,Lupin,Yes,2026-01,132,997,796,217.9,796,0,No,333,2,335.6,0.14,93.29,36
MED0429,Glimepiride 5mg Syrup,Antidiabetic,Lupin,Yes,2026-02,333,765,665,131.6,665,0,No,433,2,335.6,0.14,93.29,36
MED0429,Glimepiride 5mg Syrup,Antidiabetic,Lupin,Yes,2026-03,433,754,708,196,708,0,No,479,2,335.6,0.14,93.29,36
MED0429,Glimepiride 5mg Syrup,Antidiabetic,Lupin,Yes,2026-04,479,925,789,146.8,789,0,No,615,2,335.6,0.14,93.29,36
MED0429,Glimepiride 5mg Syrup,Antidiabetic,Lupin,Yes,2026-05,615,0,708,152,615,93,Yes,0,2,335.6,0.14,93.29,36
MED0429,Glimepiride 5mg Syrup,Antidiabetic,Lupin,Yes,2026-06,0,706,784,169,706,78,Yes,0,2,335.6,0.14,93.29,36
MED0429,Glimepiride 5mg Syrup,Antidiabetic,Lupin,Yes,2026-07,0,672,719,208.9,672,47,Yes,0,2,335.6,0.14,93.29,36
MED0430,Spironolactone 10ml Injection,Vaccine,Cadila,No,2025-08,199,0,639,133.8,199,440,Yes,0,5,80.11,0.12,338.74,18
MED0430,Spironolactone 10ml Injection,Vaccine,Cadila,No,2025-09,0,493,671,191.5,493,178,Yes,0,5,80.11,0.12,338.74,18
MED0430,Spironolactone 10ml Injection,Vaccine,Cadila,No,2025-10,0,844,657,172.9,657,0,No,187,5,80.11,0.12,338.74,18
MED0430,Spironolactone 10ml Injection,Vaccine,Cadila,No,2025-11,187,0,682,219.1,187,495,Yes,0,5,80.11,0.12,338.74,18
MED0430,Spironolactone 10ml Injection,Vaccine,Cadila,No,2025-12,0,580,669,110.4,580,89,Yes,0,5,80.11,0.12,338.74,18
MED0430,Spironolactone 10ml Injection,Vaccine,Cadila,No,2026-01,0,474,619,97.6,474,145,Yes,0,5,80.11,0.12,338.74,18
MED0430,Spironolactone 10ml Injection,Vaccine,Cadila,No,2026-02,0,410,583,182.8,410,173,Yes,0,5,80.11,0.12,338.74,18
MED0430,Spironolactone 10ml Injection,Vaccine,Cadila,No,2026-03,0,745,582,92.2,582,0,No,163,5,80.11,0.12,338.74,18
MED0430,Spironolactone 10ml Injection,Vaccine,Cadila,No,2026-04,163,806,627,122.2,627,0,No,342,5,80.11,0.12,338.74,18
MED0430,Spironolactone 10ml Injection,Vaccine,Cadila,No,2026-05,342,638,550,144.3,550,0,No,430,5,80.11,0.12,338.74,18
MED0430,Spironolactone 10ml Injection,Vaccine,Cadila,No,2026-06,430,685,666,145.3,666,0,No,449,5,80.11,0.12,338.74,18
MED0430,Spironolactone 10ml Injection,Vaccine,Cadila,No,2026-07,449,443,560,114.5,560,0,No,332,5,80.11,0.12,338.74,18
MED0431,Propranolol 10ml Drops,Neuro/Psychiatric,Glenmark,No,2025-08,248,321,417,70.4,417,0,No,152,7,325.43,0.26,241.09,6
MED0431,Propranolol 10ml Drops,Neuro/Psychiatric,Glenmark,No,2025-09,152,605,476,109.4,476,0,No,281,7,325.43,0.26,241.09,6
MED0431,Propranolol 10ml Drops,Neuro/Psychiatric,Glenmark,No,2025-10,281,482,516,95.9,516,0,No,247,7,325.43,0.26,241.09,6
MED0431,Propranolol 10ml Drops,Neuro/Psychiatric,Glenmark,No,2025-11,247,588,476,111.5,476,0,No,359,7,325.43,0.26,241.09,6
MED0431,Propranolol 10ml Drops,Neuro/Psychiatric,Glenmark,No,2025-12,359,536,455,120.9,455,0,No,440,7,325.43,0.26,241.09,6
MED0431,Propranolol 10ml Drops,Neuro/Psychiatric,Glenmark,No,2026-01,440,582,519,108.6,519,0,No,503,7,325.43,0.26,241.09,6
MED0431,Propranolol 10ml Drops,Neuro/Psychiatric,Glenmark,No,2026-02,503,366,489,132.1,489,0,No,380,7,325.43,0.26,241.09,6
MED0431,Propranolol 10ml Drops,Neuro/Psychiatric,Glenmark,No,2026-03,380,612,504,123,504,0,No,488,7,325.43,0.26,241.09,6
MED0431,Propranolol 10ml Drops,Neuro/Psychiatric,Glenmark,No,2026-04,488,0,411,82.3,411,0,No,77,7,325.43,0.26,241.09,6
MED0431,Propranolol 10ml Drops,Neuro/Psychiatric,Glenmark,No,2026-05,77,356,413,84.7,413,0,No,20,7,325.43,0.26,241.09,6
MED0431,Propranolol 10ml Drops,Neuro/Psychiatric,Glenmark,No,2026-06,20,649,503,87.4,503,0,No,166,7,325.43,0.26,241.09,6
MED0431,Propranolol 10ml Drops,Neuro/Psychiatric,Glenmark,No,2026-07,166,473,450,143.8,450,0,No,189,7,325.43,0.26,241.09,6
MED0432,Iron Sucrose 10ml Drops,Vaccine,Lupin,No,2025-08,491,1470,1514,482.9,1514,0,No,447,7,541.28,0.17,97.05,18
MED0432,Iron Sucrose 10ml Drops,Vaccine,Lupin,No,2025-09,447,1297,1361,281.3,1361,0,No,383,7,541.28,0.17,97.05,18
MED0432,Iron Sucrose 10ml Drops,Vaccine,Lupin,No,2025-10,383,1147,1370,370.9,1370,0,No,160,7,541.28,0.17,97.05,18
MED0432,Iron Sucrose 10ml Drops,Vaccine,Lupin,No,2025-11,160,1060,1448,335.7,1220,228,Yes,0,7,541.28,0.17,97.05,18
MED0432,Iron Sucrose 10ml Drops,Vaccine,Lupin,No,2025-12,0,1218,1448,453.7,1218,230,Yes,0,7,541.28,0.17,97.05,18
MED0432,Iron Sucrose 10ml Drops,Vaccine,Lupin,No,2026-01,0,1867,1483,476.3,1483,0,No,384,7,541.28,0.17,97.05,18
MED0432,Iron Sucrose 10ml Drops,Vaccine,Lupin,No,2026-02,384,1304,1614,309.3,1614,0,No,74,7,541.28,0.17,97.05,18
MED0432,Iron Sucrose 10ml Drops,Vaccine,Lupin,No,2026-03,74,956,1308,433.7,1030,278,Yes,0,7,541.28,0.17,97.05,18
MED0432,Iron Sucrose 10ml Drops,Vaccine,Lupin,No,2026-04,0,1596,1480,389,1480,0,No,116,7,541.28,0.17,97.05,18
MED0432,Iron Sucrose 10ml Drops,Vaccine,Lupin,No,2026-05,116,0,1633,300.6,116,1517,Yes,0,7,541.28,0.17,97.05,18
MED0432,Iron Sucrose 10ml Drops,Vaccine,Lupin,No,2026-06,0,1186,1238,275.8,1186,52,Yes,0,7,541.28,0.17,97.05,18
MED0432,Iron Sucrose 10ml Drops,Vaccine,Lupin,No,2026-07,0,1294,1441,434.6,1294,147,Yes,0,7,541.28,0.17,97.05,18
MED0433,Dexamethasone 5mg Suspension,Vitamin/Supplement,Cadila,No,2025-08,1458,1227,1027,201.9,1027,0,No,1658,21,167.67,0.14,103.1,24
MED0433,Dexamethasone 5mg Suspension,Vitamin/Supplement,Cadila,No,2025-09,1658,659,812,174.7,812,0,No,1505,21,167.67,0.14,103.1,24
MED0433,Dexamethasone 5mg Suspension,Vitamin/Supplement,Cadila,No,2025-10,1505,1011,840,197.4,840,0,No,1676,21,167.67,0.14,103.1,24
MED0433,Dexamethasone 5mg Suspension,Vitamin/Supplement,Cadila,No,2025-11,1676,1226,1063,175.2,1063,0,No,1839,21,167.67,0.14,103.1,24
MED0433,Dexamethasone 5mg Suspension,Vitamin/Supplement,Cadila,No,2025-12,1839,817,941,202.8,941,0,No,1715,21,167.67,0.14,103.1,24
MED0433,Dexamethasone 5mg Suspension,Vitamin/Supplement,Cadila,No,2026-01,1715,695,910,168.7,910,0,No,1500,21,167.67,0.14,103.1,24
MED0433,Dexamethasone 5mg Suspension,Vitamin/Supplement,Cadila,No,2026-02,1500,1218,1065,339.1,1065,0,No,1653,21,167.67,0.14,103.1,24
MED0433,Dexamethasone 5mg Suspension,Vitamin/Supplement,Cadila,No,2026-03,1653,984,977,188.2,977,0,No,1660,21,167.67,0.14,103.1,24
MED0433,Dexamethasone 5mg Suspension,Vitamin/Supplement,Cadila,No,2026-04,1660,934,968,250.3,968,0,No,1626,21,167.67,0.14,103.1,24
MED0433,Dexamethasone 5mg Suspension,Vitamin/Supplement,Cadila,No,2026-05,1626,1145,929,220.1,929,0,No,1842,21,167.67,0.14,103.1,24
MED0433,Dexamethasone 5mg Suspension,Vitamin/Supplement,Cadila,No,2026-06,1842,1049,967,284.8,967,0,No,1924,21,167.67,0.14,103.1,24
MED0433,Dexamethasone 5mg Suspension,Vitamin/Supplement,Cadila,No,2026-07,1924,684,951,147.8,951,0,No,1657,21,167.67,0.14,103.1,24
MED0434,Ivermectin 10ml Capsule,Respiratory,Abbott,No,2025-08,12,161,169,28.6,169,0,No,4,2,404.54,0.18,236.71,24
MED0434,Ivermectin 10ml Capsule,Respiratory,Abbott,No,2025-09,4,155,183,37.4,159,24,Yes,0,2,404.54,0.18,236.71,24
MED0434,Ivermectin 10ml Capsule,Respiratory,Abbott,No,2025-10,0,102,111,34.7,102,9,Yes,0,2,404.54,0.18,236.71,24
MED0434,Ivermectin 10ml Capsule,Respiratory,Abbott,No,2025-11,0,89,95,16.5,89,6,Yes,0,2,404.54,0.18,236.71,24
MED0434,Ivermectin 10ml Capsule,Respiratory,Abbott,No,2025-12,0,0,63,12.8,0,63,Yes,0,2,404.54,0.18,236.71,24
MED0434,Ivermectin 10ml Capsule,Respiratory,Abbott,No,2026-01,0,81,80,21.7,80,0,No,1,2,404.54,0.18,236.71,24
MED0434,Ivermectin 10ml Capsule,Respiratory,Abbott,No,2026-02,1,55,74,21.5,56,18,Yes,0,2,404.54,0.18,236.71,24
MED0434,Ivermectin 10ml Capsule,Respiratory,Abbott,No,2026-03,0,101,79,23.1,79,0,No,22,2,404.54,0.18,236.71,24
MED0434,Ivermectin 10ml Capsule,Respiratory,Abbott,No,2026-04,22,0,99,18.7,22,77,Yes,0,2,404.54,0.18,236.71,24
MED0434,Ivermectin 10ml Capsule,Respiratory,Abbott,No,2026-05,0,171,136,32.2,136,0,No,35,2,404.54,0.18,236.71,24
MED0434,Ivermectin 10ml Capsule,Respiratory,Abbott,No,2026-06,35,118,158,46.8,153,5,Yes,0,2,404.54,0.18,236.71,24
MED0434,Ivermectin 10ml Capsule,Respiratory,Abbott,No,2026-07,0,191,194,34.9,191,3,Yes,0,2,404.54,0.18,236.71,24
MED0435,Nitroglycerin 20mg Suspension,Neuro/Psychiatric,Lupin,No,2025-08,414,2942,3530,776.3,3356,174,Yes,0,4,502.99,0.15,234.52,9
MED0435,Nitroglycerin 20mg Suspension,Neuro/Psychiatric,Lupin,No,2025-09,0,2615,2773,970.1,2615,158,Yes,0,4,502.99,0.15,234.52,9
MED0435,Nitroglycerin 20mg Suspension,Neuro/Psychiatric,Lupin,No,2025-10,0,4254,3434,955.9,3434,0,No,820,4,502.99,0.15,234.52,9
MED0435,Nitroglycerin 20mg Suspension,Neuro/Psychiatric,Lupin,No,2025-11,820,4162,3321,649.5,3321,0,No,1661,4,502.99,0.15,234.52,9
MED0435,Nitroglycerin 20mg Suspension,Neuro/Psychiatric,Lupin,No,2025-12,1661,3438,3086,915.7,3086,0,No,2013,4,502.99,0.15,234.52,9
MED0435,Nitroglycerin 20mg Suspension,Neuro/Psychiatric,Lupin,No,2026-01,2013,2354,2721,541.2,2721,0,No,1646,4,502.99,0.15,234.52,9
MED0435,Nitroglycerin 20mg Suspension,Neuro/Psychiatric,Lupin,No,2026-02,1646,3939,3514,812,3514,0,No,2071,4,502.99,0.15,234.52,9
MED0435,Nitroglycerin 20mg Suspension,Neuro/Psychiatric,Lupin,No,2026-03,2071,0,3112,704.6,2071,1041,Yes,0,4,502.99,0.15,234.52,9
MED0435,Nitroglycerin 20mg Suspension,Neuro/Psychiatric,Lupin,No,2026-04,0,2952,3179,1028.5,2952,227,Yes,0,4,502.99,0.15,234.52,9
MED0435,Nitroglycerin 20mg Suspension,Neuro/Psychiatric,Lupin,No,2026-05,0,2560,2744,859.6,2560,184,Yes,0,4,502.99,0.15,234.52,9
MED0435,Nitroglycerin 20mg Suspension,Neuro/Psychiatric,Lupin,No,2026-06,0,3967,3301,766.3,3301,0,No,666,4,502.99,0.15,234.52,9
MED0435,Nitroglycerin 20mg Suspension,Neuro/Psychiatric,Lupin,No,2026-07,666,2443,2703,692.1,2703,0,No,406,4,502.99,0.15,234.52,9
MED0436,Atenolol 5mg Inhaler,Antidiabetic,Zydus,No,2025-08,235,1133,1029,276.6,1029,0,No,339,3,763.67,0.27,54.57,18
MED0436,Atenolol 5mg Inhaler,Antidiabetic,Zydus,No,2025-09,339,1372,1070,318,1070,0,No,641,3,763.67,0.27,54.57,18
MED0436,Atenolol 5mg Inhaler,Antidiabetic,Zydus,No,2025-10,641,0,1348,278.6,641,707,Yes,0,3,763.67,0.27,54.57,18
MED0436,Atenolol 5mg Inhaler,Antidiabetic,Zydus,No,2025-11,0,0,1255,339.6,0,1255,Yes,0,3,763.67,0.27,54.57,18
MED0436,Atenolol 5mg Inhaler,Antidiabetic,Zydus,No,2025-12,0,1323,1064,284,1064,0,No,259,3,763.67,0.27,54.57,18
MED0436,Atenolol 5mg Inhaler,Antidiabetic,Zydus,No,2026-01,259,0,1074,243.7,259,815,Yes,0,3,763.67,0.27,54.57,18
MED0436,Atenolol 5mg Inhaler,Antidiabetic,Zydus,No,2026-02,0,1187,1188,357.1,1187,1,Yes,0,3,763.67,0.27,54.57,18
MED0436,Atenolol 5mg Inhaler,Antidiabetic,Zydus,No,2026-03,0,883,1054,238.5,883,171,Yes,0,3,763.67,0.27,54.57,18
MED0436,Atenolol 5mg Inhaler,Antidiabetic,Zydus,No,2026-04,0,1415,1135,339.8,1135,0,No,280,3,763.67,0.27,54.57,18
MED0436,Atenolol 5mg Inhaler,Antidiabetic,Zydus,No,2026-05,280,1456,1159,293.1,1159,0,No,577,3,763.67,0.27,54.57,18
MED0436,Atenolol 5mg Inhaler,Antidiabetic,Zydus,No,2026-06,577,0,1296,409.9,577,719,Yes,0,3,763.67,0.27,54.57,18
MED0436,Atenolol 5mg Inhaler,Antidiabetic,Zydus,No,2026-07,0,0,1305,308.8,0,1305,Yes,0,3,763.67,0.27,54.57,18
MED0437,Propranolol 5ml Injection,Respiratory,Glenmark,No,2025-08,100,828,726,162.9,726,0,No,202,4,486.76,0.19,270.13,18
MED0437,Propranolol 5ml Injection,Respiratory,Glenmark,No,2025-09,202,562,590,169.6,590,0,No,174,4,486.76,0.19,270.13,18
MED0437,Propranolol 5ml Injection,Respiratory,Glenmark,No,2025-10,174,847,715,232,715,0,No,306,4,486.76,0.19,270.13,18
MED0437,Propranolol 5ml Injection,Respiratory,Glenmark,No,2025-11,306,837,748,174.2,748,0,No,395,4,486.76,0.19,270.13,18
MED0437,Propranolol 5ml Injection,Respiratory,Glenmark,No,2025-12,395,502,592,194.3,592,0,No,305,4,486.76,0.19,270.13,18
MED0437,Propranolol 5ml Injection,Respiratory,Glenmark,No,2026-01,305,705,789,146.7,789,0,No,221,4,486.76,0.19,270.13,18
MED0437,Propranolol 5ml Injection,Respiratory,Glenmark,No,2026-02,221,590,744,179.5,744,0,No,67,4,486.76,0.19,270.13,18
MED0437,Propranolol 5ml Injection,Respiratory,Glenmark,No,2026-03,67,563,642,109.1,630,12,Yes,0,4,486.76,0.19,270.13,18
MED0437,Propranolol 5ml Injection,Respiratory,Glenmark,No,2026-04,0,557,730,229.3,557,173,Yes,0,4,486.76,0.19,270.13,18
MED0437,Propranolol 5ml Injection,Respiratory,Glenmark,No,2026-05,0,876,771,146.1,771,0,No,105,4,486.76,0.19,270.13,18
MED0437,Propranolol 5ml Injection,Respiratory,Glenmark,No,2026-06,105,559,588,114.1,588,0,No,76,4,486.76,0.19,270.13,18
MED0437,Propranolol 5ml Injection,Respiratory,Glenmark,No,2026-07,76,757,776,172.2,776,0,No,57,4,486.76,0.19,270.13,18
MED0438,Paracetamol 10ml Drops,Analgesic,Cipla,No,2025-08,73,0,482,152.2,73,409,Yes,0,2,466.85,0.26,87.04,36
MED0438,Paracetamol 10ml Drops,Analgesic,Cipla,No,2025-09,0,495,461,82.3,461,0,No,34,2,466.85,0.26,87.04,36
MED0438,Paracetamol 10ml Drops,Analgesic,Cipla,No,2025-10,34,498,480,75.8,480,0,No,52,2,466.85,0.26,87.04,36
MED0438,Paracetamol 10ml Drops,Analgesic,Cipla,No,2025-11,52,287,393,98.3,339,54,Yes,0,2,466.85,0.26,87.04,36
MED0438,Paracetamol 10ml Drops,Analgesic,Cipla,No,2025-12,0,402,485,128.7,402,83,Yes,0,2,466.85,0.26,87.04,36
MED0438,Paracetamol 10ml Drops,Analgesic,Cipla,No,2026-01,0,404,494,83.4,404,90,Yes,0,2,466.85,0.26,87.04,36
MED0438,Paracetamol 10ml Drops,Analgesic,Cipla,No,2026-02,0,0,500,145.5,0,500,Yes,0,2,466.85,0.26,87.04,36
MED0438,Paracetamol 10ml Drops,Analgesic,Cipla,No,2026-03,0,0,383,79.8,0,383,Yes,0,2,466.85,0.26,87.04,36
MED0438,Paracetamol 10ml Drops,Analgesic,Cipla,No,2026-04,0,593,467,132,467,0,No,126,2,466.85,0.26,87.04,36
MED0438,Paracetamol 10ml Drops,Analgesic,Cipla,No,2026-05,126,474,471,71.2,471,0,No,129,2,466.85,0.26,87.04,36
MED0438,Paracetamol 10ml Drops,Analgesic,Cipla,No,2026-06,129,552,449,121.5,449,0,No,232,2,466.85,0.26,87.04,36
MED0438,Paracetamol 10ml Drops,Analgesic,Cipla,No,2026-07,232,474,397,80.7,397,0,No,309,2,466.85,0.26,87.04,36
MED0439,Amitriptyline 500mg Tablet,Vitamin/Supplement,GSK,No,2025-08,445,1421,1732,492.6,1732,0,No,134,7,406.6,0.24,136.32,6
MED0439,Amitriptyline 500mg Tablet,Vitamin/Supplement,GSK,No,2025-09,134,1692,1507,430.4,1507,0,No,319,7,406.6,0.24,136.32,6
MED0439,Amitriptyline 500mg Tablet,Vitamin/Supplement,GSK,No,2025-10,319,1497,1158,379.1,1158,0,No,658,7,406.6,0.24,136.32,6
MED0439,Amitriptyline 500mg Tablet,Vitamin/Supplement,GSK,No,2025-11,658,804,846,228.5,846,0,No,616,7,406.6,0.24,136.32,6
MED0439,Amitriptyline 500mg Tablet,Vitamin/Supplement,GSK,No,2025-12,616,868,870,285.5,870,0,No,614,7,406.6,0.24,136.32,6
MED0439,Amitriptyline 500mg Tablet,Vitamin/Supplement,GSK,No,2026-01,614,0,719,108.9,614,105,Yes,0,7,406.6,0.24,136.32,6
MED0439,Amitriptyline 500mg Tablet,Vitamin/Supplement,GSK,No,2026-02,0,774,1074,325.2,774,300,Yes,0,7,406.6,0.24,136.32,6
MED0439,Amitriptyline 500mg Tablet,Vitamin/Supplement,GSK,No,2026-03,0,1188,1280,203.3,1188,92,Yes,0,7,406.6,0.24,136.32,6
MED0439,Amitriptyline 500mg Tablet,Vitamin/Supplement,GSK,No,2026-04,0,1689,1542,406.5,1542,0,No,147,7,406.6,0.24,136.32,6
MED0439,Amitriptyline 500mg Tablet,Vitamin/Supplement,GSK,No,2026-05,147,2239,2403,699.3,2386,17,Yes,0,7,406.6,0.24,136.32,6
MED0439,Amitriptyline 500mg Tablet,Vitamin/Supplement,GSK,No,2026-06,0,1543,2137,664.4,1543,594,Yes,0,7,406.6,0.24,136.32,6
MED0439,Amitriptyline 500mg Tablet,Vitamin/Supplement,GSK,No,2026-07,0,1473,1935,310.2,1473,462,Yes,0,7,406.6,0.24,136.32,6
MED0440,Cough Syrup 2.5mg Tablet,Cardiac,Sun Pharma,No,2025-08,174,854,1003,161.5,1003,0,No,25,4,380.63,0.24,253.63,18
MED0440,Cough Syrup 2.5mg Tablet,Cardiac,Sun Pharma,No,2025-09,25,738,1038,292.4,763,275,Yes,0,4,380.63,0.24,253.63,18
MED0440,Cough Syrup 2.5mg Tablet,Cardiac,Sun Pharma,No,2025-10,0,1103,1141,242,1103,38,Yes,0,4,380.63,0.24,253.63,18
MED0440,Cough Syrup 2.5mg Tablet,Cardiac,Sun Pharma,No,2025-11,0,1242,1229,335.9,1229,0,No,13,4,380.63,0.24,253.63,18
MED0440,Cough Syrup 2.5mg Tablet,Cardiac,Sun Pharma,No,2025-12,13,909,1160,223.5,922,238,Yes,0,4,380.63,0.24,253.63,18
MED0440,Cough Syrup 2.5mg Tablet,Cardiac,Sun Pharma,No,2026-01,0,1458,1166,273.2,1166,0,No,292,4,380.63,0.24,253.63,18
MED0440,Cough Syrup 2.5mg Tablet,Cardiac,Sun Pharma,No,2026-02,292,1573,1326,243.4,1326,0,No,539,4,380.63,0.24,253.63,18
MED0440,Cough Syrup 2.5mg Tablet,Cardiac,Sun Pharma,No,2026-03,539,1247,1176,283,1176,0,No,610,4,380.63,0.24,253.63,18
MED0440,Cough Syrup 2.5mg Tablet,Cardiac,Sun Pharma,No,2026-04,610,1369,1335,356.2,1335,0,No,644,4,380.63,0.24,253.63,18
MED0440,Cough Syrup 2.5mg Tablet,Cardiac,Sun Pharma,No,2026-05,644,1639,1278,348.3,1278,0,No,1005,4,380.63,0.24,253.63,18
MED0440,Cough Syrup 2.5mg Tablet,Cardiac,Sun Pharma,No,2026-06,1005,1326,1211,273.8,1211,0,No,1120,4,380.63,0.24,253.63,18
MED0440,Cough Syrup 2.5mg Tablet,Cardiac,Sun Pharma,No,2026-07,1120,998,999,243.2,999,0,No,1119,4,380.63,0.24,253.63,18
MED0441,Haloperidol 1g Suspension,Cardiac,Biocon,No,2025-08,368,1213,1607,557.1,1581,26,Yes,0,5,44.16,0.28,198.91,24
MED0441,Haloperidol 1g Suspension,Cardiac,Biocon,No,2025-09,0,1181,1398,361.2,1181,217,Yes,0,5,44.16,0.28,198.91,24
MED0441,Haloperidol 1g Suspension,Cardiac,Biocon,No,2025-10,0,1126,965,217.5,965,0,No,161,5,44.16,0.28,198.91,24
MED0441,Haloperidol 1g Suspension,Cardiac,Biocon,No,2025-11,161,745,769,173.1,769,0,No,137,5,44.16,0.28,198.91,24
MED0441,Haloperidol 1g Suspension,Cardiac,Biocon,No,2025-12,137,513,680,221.5,650,30,Yes,0,5,44.16,0.28,198.91,24
MED0441,Haloperidol 1g Suspension,Cardiac,Biocon,No,2026-01,0,601,550,122.9,550,0,No,51,5,44.16,0.28,198.91,24
MED0441,Haloperidol 1g Suspension,Cardiac,Biocon,No,2026-02,51,633,581,164.7,581,0,No,103,5,44.16,0.28,198.91,24
MED0441,Haloperidol 1g Suspension,Cardiac,Biocon,No,2026-03,103,782,640,170.2,640,0,No,245,5,44.16,0.28,198.91,24
MED0441,Haloperidol 1g Suspension,Cardiac,Biocon,No,2026-04,245,790,779,182.7,779,0,No,256,5,44.16,0.28,198.91,24
MED0441,Haloperidol 1g Suspension,Cardiac,Biocon,No,2026-05,256,840,1087,171.8,1087,0,No,9,5,44.16,0.28,198.91,24
MED0441,Haloperidol 1g Suspension,Cardiac,Biocon,No,2026-06,9,1279,1445,408,1288,157,Yes,0,5,44.16,0.28,198.91,24
MED0441,Haloperidol 1g Suspension,Cardiac,Biocon,No,2026-07,0,0,1839,515.2,0,1839,Yes,0,5,44.16,0.28,198.91,24
MED0442,Digoxin 100mg Suspension,Cardiac,Zydus,No,2025-08,679,1067,1394,279.4,1394,0,No,352,7,377.57,0.16,91.52,9
MED0442,Digoxin 100mg Suspension,Cardiac,Zydus,No,2025-09,352,2145,1791,327.9,1791,0,No,706,7,377.57,0.16,91.52,9
MED0442,Digoxin 100mg Suspension,Cardiac,Zydus,No,2025-10,706,2282,1791,422.2,1791,0,No,1197,7,377.57,0.16,91.52,9
MED0442,Digoxin 100mg Suspension,Cardiac,Zydus,No,2025-11,1197,0,1406,345.7,1197,209,Yes,0,7,377.57,0.16,91.52,9
MED0442,Digoxin 100mg Suspension,Cardiac,Zydus,No,2025-12,0,1904,1616,430.3,1616,0,No,288,7,377.57,0.16,91.52,9
MED0442,Digoxin 100mg Suspension,Cardiac,Zydus,No,2026-01,288,0,1343,418,288,1055,Yes,0,7,377.57,0.16,91.52,9
MED0442,Digoxin 100mg Suspension,Cardiac,Zydus,No,2026-02,0,1850,1633,270.7,1633,0,No,217,7,377.57,0.16,91.52,9
MED0442,Digoxin 100mg Suspension,Cardiac,Zydus,No,2026-03,217,1063,1457,367.5,1280,177,Yes,0,7,377.57,0.16,91.52,9
MED0442,Digoxin 100mg Suspension,Cardiac,Zydus,No,2026-04,0,0,1705,278,0,1705,Yes,0,7,377.57,0.16,91.52,9
MED0442,Digoxin 100mg Suspension,Cardiac,Zydus,No,2026-05,0,1709,1381,481.7,1381,0,No,328,7,377.57,0.16,91.52,9
MED0442,Digoxin 100mg Suspension,Cardiac,Zydus,No,2026-06,328,2088,1789,405.7,1789,0,No,627,7,377.57,0.16,91.52,9
MED0442,Digoxin 100mg Suspension,Cardiac,Zydus,No,2026-07,627,1755,1509,275.2,1509,0,No,873,7,377.57,0.16,91.52,9
MED0443,Pantoprazole 10ml Ointment,Anesthetic,Lupin,Yes,2025-08,134,744,1025,189.6,878,147,Yes,0,2,576.51,0.17,97.13,6
MED0443,Pantoprazole 10ml Ointment,Anesthetic,Lupin,Yes,2025-09,0,1237,995,158.5,995,0,No,242,2,576.51,0.17,97.13,6
MED0443,Pantoprazole 10ml Ointment,Anesthetic,Lupin,Yes,2025-10,242,613,698,115,698,0,No,157,2,576.51,0.17,97.13,6
MED0443,Pantoprazole 10ml Ointment,Anesthetic,Lupin,Yes,2025-11,157,579,634,179.4,634,0,No,102,2,576.51,0.17,97.13,6
MED0443,Pantoprazole 10ml Ointment,Anesthetic,Lupin,Yes,2025-12,102,719,655,182.6,655,0,No,166,2,576.51,0.17,97.13,6
MED0443,Pantoprazole 10ml Ointment,Anesthetic,Lupin,Yes,2026-01,166,421,602,161.6,587,15,Yes,0,2,576.51,0.17,97.13,6
MED0443,Pantoprazole 10ml Ointment,Anesthetic,Lupin,Yes,2026-02,0,529,710,223.3,529,181,Yes,0,2,576.51,0.17,97.13,6
MED0443,Pantoprazole 10ml Ointment,Anesthetic,Lupin,Yes,2026-03,0,702,858,269.6,702,156,Yes,0,2,576.51,0.17,97.13,6
MED0443,Pantoprazole 10ml Ointment,Anesthetic,Lupin,Yes,2026-04,0,0,1240,390.9,0,1240,Yes,0,2,576.51,0.17,97.13,6
MED0443,Pantoprazole 10ml Ointment,Anesthetic,Lupin,Yes,2026-05,0,1772,1626,453.1,1626,0,No,146,2,576.51,0.17,97.13,6
MED0443,Pantoprazole 10ml Ointment,Anesthetic,Lupin,Yes,2026-06,146,1656,1546,272.2,1546,0,No,256,2,576.51,0.17,97.13,6
MED0443,Pantoprazole 10ml Ointment,Anesthetic,Lupin,Yes,2026-07,256,872,1034,286.4,1034,0,No,94,2,576.51,0.17,97.13,6
MED0444,Sertraline 500mg Inhaler,Vaccine,Cipla,No,2025-08,110,1093,878,177.5,878,0,No,325,2,609.63,0.26,174.18,18
MED0444,Sertraline 500mg Inhaler,Vaccine,Cipla,No,2025-09,325,0,850,234.6,325,525,Yes,0,2,609.63,0.26,174.18,18
MED0444,Sertraline 500mg Inhaler,Vaccine,Cipla,No,2025-10,0,690,759,126.2,690,69,Yes,0,2,609.63,0.26,174.18,18
MED0444,Sertraline 500mg Inhaler,Vaccine,Cipla,No,2025-11,0,676,798,239,676,122,Yes,0,2,609.63,0.26,174.18,18
MED0444,Sertraline 500mg Inhaler,Vaccine,Cipla,No,2025-12,0,768,851,184.1,768,83,Yes,0,2,609.63,0.26,174.18,18
MED0444,Sertraline 500mg Inhaler,Vaccine,Cipla,No,2026-01,0,1007,842,271.6,842,0,No,165,2,609.63,0.26,174.18,18
MED0444,Sertraline 500mg Inhaler,Vaccine,Cipla,No,2026-02,165,998,965,254.7,965,0,No,198,2,609.63,0.26,174.18,18
MED0444,Sertraline 500mg Inhaler,Vaccine,Cipla,No,2026-03,198,0,944,245.6,198,746,Yes,0,2,609.63,0.26,174.18,18
MED0444,Sertraline 500mg Inhaler,Vaccine,Cipla,No,2026-04,0,773,950,287,773,177,Yes,0,2,609.63,0.26,174.18,18
MED0444,Sertraline 500mg Inhaler,Vaccine,Cipla,No,2026-05,0,632,810,169.4,632,178,Yes,0,2,609.63,0.26,174.18,18
MED0444,Sertraline 500mg Inhaler,Vaccine,Cipla,No,2026-06,0,944,840,156.6,840,0,No,104,2,609.63,0.26,174.18,18
MED0444,Sertraline 500mg Inhaler,Vaccine,Cipla,No,2026-07,104,694,962,148.7,798,164,Yes,0,2,609.63,0.26,174.18,18
MED0445,Ibuprofen 50mg Tablet,Vitamin/Supplement,Zydus,No,2025-08,219,1956,1987,590.4,1987,0,No,188,5,741.56,0.27,197.78,6
MED0445,Ibuprofen 50mg Tablet,Vitamin/Supplement,Zydus,No,2025-09,188,1416,1814,332.6,1604,210,Yes,0,5,741.56,0.27,197.78,6
MED0445,Ibuprofen 50mg Tablet,Vitamin/Supplement,Zydus,No,2025-10,0,1230,1146,224.3,1146,0,No,84,5,741.56,0.27,197.78,6
MED0445,Ibuprofen 50mg Tablet,Vitamin/Supplement,Zydus,No,2025-11,84,0,715,113.7,84,631,Yes,0,5,741.56,0.27,197.78,6
MED0445,Ibuprofen 50mg Tablet,Vitamin/Supplement,Zydus,No,2025-12,0,492,596,172.5,492,104,Yes,0,5,741.56,0.27,197.78,6
MED0445,Ibuprofen 50mg Tablet,Vitamin/Supplement,Zydus,No,2026-01,0,721,645,201.4,645,0,No,76,5,741.56,0.27,197.78,6
MED0445,Ibuprofen 50mg Tablet,Vitamin/Supplement,Zydus,No,2026-02,76,719,692,136.7,692,0,No,103,5,741.56,0.27,197.78,6
MED0445,Ibuprofen 50mg Tablet,Vitamin/Supplement,Zydus,No,2026-03,103,603,728,168.3,706,22,Yes,0,5,741.56,0.27,197.78,6
MED0445,Ibuprofen 50mg Tablet,Vitamin/Supplement,Zydus,No,2026-04,0,963,1057,344.8,963,94,Yes,0,5,741.56,0.27,197.78,6
MED0445,Ibuprofen 50mg Tablet,Vitamin/Supplement,Zydus,No,2026-05,0,1413,1262,241.9,1262,0,No,151,5,741.56,0.27,197.78,6
MED0445,Ibuprofen 50mg Tablet,Vitamin/Supplement,Zydus,No,2026-06,151,2348,1836,534.8,1836,0,No,663,5,741.56,0.27,197.78,6
MED0445,Ibuprofen 50mg Tablet,Vitamin/Supplement,Zydus,No,2026-07,663,0,1897,617.9,663,1234,Yes,0,5,741.56,0.27,197.78,6
MED0446,Atorvastatin 10mg Syrup,Anesthetic,Aurobindo,Yes,2025-08,57,0,207,58,57,150,Yes,0,5,66.52,0.14,176.26,18
MED0446,Atorvastatin 10mg Syrup,Anesthetic,Aurobindo,Yes,2025-09,0,0,264,73.7,0,264,Yes,0,5,66.52,0.14,176.26,18
MED0446,Atorvastatin 10mg Syrup,Anesthetic,Aurobindo,Yes,2025-10,0,183,255,82.2,183,72,Yes,0,5,66.52,0.14,176.26,18
MED0446,Atorvastatin 10mg Syrup,Anesthetic,Aurobindo,Yes,2025-11,0,237,265,78.6,237,28,Yes,0,5,66.52,0.14,176.26,18
MED0446,Atorvastatin 10mg Syrup,Anesthetic,Aurobindo,Yes,2025-12,0,181,238,77,181,57,Yes,0,5,66.52,0.14,176.26,18
MED0446,Atorvastatin 10mg Syrup,Anesthetic,Aurobindo,Yes,2026-01,0,234,266,41.3,234,32,Yes,0,5,66.52,0.14,176.26,18
MED0446,Atorvastatin 10mg Syrup,Anesthetic,Aurobindo,Yes,2026-02,0,275,240,42.4,240,0,No,35,5,66.52,0.14,176.26,18
MED0446,Atorvastatin 10mg Syrup,Anesthetic,Aurobindo,Yes,2026-03,35,238,270,77.4,270,0,No,3,5,66.52,0.14,176.26,18
MED0446,Atorvastatin 10mg Syrup,Anesthetic,Aurobindo,Yes,2026-04,3,222,239,64.9,225,14,Yes,0,5,66.52,0.14,176.26,18
MED0446,Atorvastatin 10mg Syrup,Anesthetic,Aurobindo,Yes,2026-05,0,309,254,86.9,254,0,No,55,5,66.52,0.14,176.26,18
MED0446,Atorvastatin 10mg Syrup,Anesthetic,Aurobindo,Yes,2026-06,55,210,234,69.4,234,0,No,31,5,66.52,0.14,176.26,18
MED0446,Atorvastatin 10mg Syrup,Anesthetic,Aurobindo,Yes,2026-07,31,155,205,70.6,186,19,Yes,0,5,66.52,0.14,176.26,18
MED0447,Haloperidol 20mg Ointment,Gastrointestinal,Biocon,No,2025-08,364,0,2259,724.6,364,1895,Yes,0,2,648.64,0.27,68.31,12
MED0447,Haloperidol 20mg Ointment,Gastrointestinal,Biocon,No,2025-09,0,0,2117,601.1,0,2117,Yes,0,2,648.64,0.27,68.31,12
MED0447,Haloperidol 20mg Ointment,Gastrointestinal,Biocon,No,2025-10,0,1920,2182,520.5,1920,262,Yes,0,2,648.64,0.27,68.31,12
MED0447,Haloperidol 20mg Ointment,Gastrointestinal,Biocon,No,2025-11,0,2550,2496,518.5,2496,0,No,54,2,648.64,0.27,68.31,12
MED0447,Haloperidol 20mg Ointment,Gastrointestinal,Biocon,No,2025-12,54,1662,2302,679.1,1716,586,Yes,0,2,648.64,0.27,68.31,12
MED0447,Haloperidol 20mg Ointment,Gastrointestinal,Biocon,No,2026-01,0,2249,2120,646.2,2120,0,No,129,2,648.64,0.27,68.31,12
MED0447,Haloperidol 20mg Ointment,Gastrointestinal,Biocon,No,2026-02,129,0,1895,434.6,129,1766,Yes,0,2,648.64,0.27,68.31,12
MED0447,Haloperidol 20mg Ointment,Gastrointestinal,Biocon,No,2026-03,0,2235,2353,382.8,2235,118,Yes,0,2,648.64,0.27,68.31,12
MED0447,Haloperidol 20mg Ointment,Gastrointestinal,Biocon,No,2026-04,0,2441,2165,500.8,2165,0,No,276,2,648.64,0.27,68.31,12
MED0447,Haloperidol 20mg Ointment,Gastrointestinal,Biocon,No,2026-05,276,1919,2104,546.1,2104,0,No,91,2,648.64,0.27,68.31,12
MED0447,Haloperidol 20mg Ointment,Gastrointestinal,Biocon,No,2026-06,91,2346,2264,561.7,2264,0,No,173,2,648.64,0.27,68.31,12
MED0447,Haloperidol 20mg Ointment,Gastrointestinal,Biocon,No,2026-07,173,2632,2389,570.2,2389,0,No,416,2,648.64,0.27,68.31,12
MED0448,Telmisartan 100mg Injection,Cardiac,Mankind,No,2025-08,19,0,144,39.6,19,125,Yes,0,3,693.81,0.27,113.38,24
MED0448,Telmisartan 100mg Injection,Cardiac,Mankind,No,2025-09,0,180,147,39.7,147,0,No,33,3,693.81,0.27,113.38,24
MED0448,Telmisartan 100mg Injection,Cardiac,Mankind,No,2025-10,33,0,140,35.2,33,107,Yes,0,3,693.81,0.27,113.38,24
MED0448,Telmisartan 100mg Injection,Cardiac,Mankind,No,2025-11,0,0,138,42.1,0,138,Yes,0,3,693.81,0.27,113.38,24
MED0448,Telmisartan 100mg Injection,Cardiac,Mankind,No,2025-12,0,162,139,47.1,139,0,No,23,3,693.81,0.27,113.38,24
MED0448,Telmisartan 100mg Injection,Cardiac,Mankind,No,2026-01,23,0,166,49.8,23,143,Yes,0,3,693.81,0.27,113.38,24
MED0448,Telmisartan 100mg Injection,Cardiac,Mankind,No,2026-02,0,180,150,35.8,150,0,No,30,3,693.81,0.27,113.38,24
MED0448,Telmisartan 100mg Injection,Cardiac,Mankind,No,2026-03,30,123,148,24,148,0,No,5,3,693.81,0.27,113.38,24
MED0448,Telmisartan 100mg Injection,Cardiac,Mankind,No,2026-04,5,167,167,46.7,167,0,No,5,3,693.81,0.27,113.38,24
MED0448,Telmisartan 100mg Injection,Cardiac,Mankind,No,2026-05,5,197,156,47,156,0,No,46,3,693.81,0.27,113.38,24
MED0448,Telmisartan 100mg Injection,Cardiac,Mankind,No,2026-06,46,215,171,59.7,171,0,No,90,3,693.81,0.27,113.38,24
MED0448,Telmisartan 100mg Injection,Cardiac,Mankind,No,2026-07,90,180,145,46.7,145,0,No,125,3,693.81,0.27,113.38,24
MED0449,Prednisolone 1mg Suspension,Cardiac,Cipla,No,2025-08,172,371,320,58.2,320,0,No,223,7,412.38,0.28,229.52,12
MED0449,Prednisolone 1mg Suspension,Cardiac,Cipla,No,2025-09,223,321,303,74.4,303,0,No,241,7,412.38,0.28,229.52,12
MED0449,Prednisolone 1mg Suspension,Cardiac,Cipla,No,2025-10,241,391,373,105.3,373,0,No,259,7,412.38,0.28,229.52,12
MED0449,Prednisolone 1mg Suspension,Cardiac,Cipla,No,2025-11,259,455,363,73.6,363,0,No,351,7,412.38,0.28,229.52,12
MED0449,Prednisolone 1mg Suspension,Cardiac,Cipla,No,2025-12,351,323,349,99.2,349,0,No,325,7,412.38,0.28,229.52,12
MED0449,Prednisolone 1mg Suspension,Cardiac,Cipla,No,2026-01,325,326,335,58.3,335,0,No,316,7,412.38,0.28,229.52,12
MED0449,Prednisolone 1mg Suspension,Cardiac,Cipla,No,2026-02,316,363,333,92.2,333,0,No,346,7,412.38,0.28,229.52,12
MED0449,Prednisolone 1mg Suspension,Cardiac,Cipla,No,2026-03,346,272,367,95.9,367,0,No,251,7,412.38,0.28,229.52,12
MED0449,Prednisolone 1mg Suspension,Cardiac,Cipla,No,2026-04,251,345,293,77.9,293,0,No,303,7,412.38,0.28,229.52,12
MED0449,Prednisolone 1mg Suspension,Cardiac,Cipla,No,2026-05,303,263,334,109,334,0,No,232,7,412.38,0.28,229.52,12
MED0449,Prednisolone 1mg Suspension,Cardiac,Cipla,No,2026-06,232,274,319,90.3,319,0,No,187,7,412.38,0.28,229.52,12
MED0449,Prednisolone 1mg Suspension,Cardiac,Cipla,No,2026-07,187,366,361,124.9,361,0,No,192,7,412.38,0.28,229.52,12
MED0450,Povidone Iodine 1mg Tablet,Anesthetic,Abbott,No,2025-08,499,1496,1821,441.7,1821,0,No,174,5,635.31,0.21,146.04,24
MED0450,Povidone Iodine 1mg Tablet,Anesthetic,Abbott,No,2025-09,174,2562,2018,607.2,2018,0,No,718,5,635.31,0.21,146.04,24
MED0450,Povidone Iodine 1mg Tablet,Anesthetic,Abbott,No,2025-10,718,2186,1683,279.8,1683,0,No,1221,5,635.31,0.21,146.04,24
MED0450,Povidone Iodine 1mg Tablet,Anesthetic,Abbott,No,2025-11,1221,1370,1842,298,1842,0,No,749,5,635.31,0.21,146.04,24
MED0450,Povidone Iodine 1mg Tablet,Anesthetic,Abbott,No,2025-12,749,1767,1821,374.2,1821,0,No,695,5,635.31,0.21,146.04,24
MED0450,Povidone Iodine 1mg Tablet,Anesthetic,Abbott,No,2026-01,695,2555,2015,422.8,2015,0,No,1235,5,635.31,0.21,146.04,24
MED0450,Povidone Iodine 1mg Tablet,Anesthetic,Abbott,No,2026-02,1235,1907,1638,435.2,1638,0,No,1504,5,635.31,0.21,146.04,24
MED0450,Povidone Iodine 1mg Tablet,Anesthetic,Abbott,No,2026-03,1504,1509,1599,379.7,1599,0,No,1414,5,635.31,0.21,146.04,24
MED0450,Povidone Iodine 1mg Tablet,Anesthetic,Abbott,No,2026-04,1414,1103,1561,454.3,1561,0,No,956,5,635.31,0.21,146.04,24
MED0450,Povidone Iodine 1mg Tablet,Anesthetic,Abbott,No,2026-05,956,0,1860,621.2,956,904,Yes,0,5,635.31,0.21,146.04,24
MED0450,Povidone Iodine 1mg Tablet,Anesthetic,Abbott,No,2026-06,0,0,1848,546.5,0,1848,Yes,0,5,635.31,0.21,146.04,24
MED0450,Povidone Iodine 1mg Tablet,Anesthetic,Abbott,No,2026-07,0,1228,1542,374.5,1228,314,Yes,0,5,635.31,0.21,146.04,24
MED0451,Paracetamol 2.5mg Syrup,Emergency/Critical Care,Cipla,No,2025-08,631,1124,879,190.2,879,0,No,876,10,64.14,0.23,242.85,18
MED0451,Paracetamol 2.5mg Syrup,Emergency/Critical Care,Cipla,No,2025-09,876,601,768,191.9,768,0,No,709,10,64.14,0.23,242.85,18
MED0451,Paracetamol 2.5mg Syrup,Emergency/Critical Care,Cipla,No,2025-10,709,538,724,110.5,724,0,No,523,10,64.14,0.23,242.85,18
MED0451,Paracetamol 2.5mg Syrup,Emergency/Critical Care,Cipla,No,2025-11,523,0,916,320.1,523,393,Yes,0,10,64.14,0.23,242.85,18
MED0451,Paracetamol 2.5mg Syrup,Emergency/Critical Care,Cipla,No,2025-12,0,0,823,127.7,0,823,Yes,0,10,64.14,0.23,242.85,18
MED0451,Paracetamol 2.5mg Syrup,Emergency/Critical Care,Cipla,No,2026-01,0,745,795,181.8,745,50,Yes,0,10,64.14,0.23,242.85,18
MED0451,Paracetamol 2.5mg Syrup,Emergency/Critical Care,Cipla,No,2026-02,0,0,839,167.1,0,839,Yes,0,10,64.14,0.23,242.85,18
MED0451,Paracetamol 2.5mg Syrup,Emergency/Critical Care,Cipla,No,2026-03,0,731,940,156.4,731,209,Yes,0,10,64.14,0.23,242.85,18
MED0451,Paracetamol 2.5mg Syrup,Emergency/Critical Care,Cipla,No,2026-04,0,0,866,303,0,866,Yes,0,10,64.14,0.23,242.85,18
MED0451,Paracetamol 2.5mg Syrup,Emergency/Critical Care,Cipla,No,2026-05,0,0,820,251,0,820,Yes,0,10,64.14,0.23,242.85,18
MED0451,Paracetamol 2.5mg Syrup,Emergency/Critical Care,Cipla,No,2026-06,0,706,887,147.3,706,181,Yes,0,10,64.14,0.23,242.85,18
MED0451,Paracetamol 2.5mg Syrup,Emergency/Critical Care,Cipla,No,2026-07,0,0,942,175.3,0,942,Yes,0,10,64.14,0.23,242.85,18
MED0452,Insulin Regular 100mg Inhaler,Vitamin/Supplement,Alkem,No,2025-08,158,0,640,147.9,158,482,Yes,0,3,210.36,0.21,262.63,12
MED0452,Insulin Regular 100mg Inhaler,Vitamin/Supplement,Alkem,No,2025-09,0,615,767,207.3,615,152,Yes,0,3,210.36,0.21,262.63,12
MED0452,Insulin Regular 100mg Inhaler,Vitamin/Supplement,Alkem,No,2025-10,0,617,863,263.8,617,246,Yes,0,3,210.36,0.21,262.63,12
MED0452,Insulin Regular 100mg Inhaler,Vitamin/Supplement,Alkem,No,2025-11,0,706,998,285.9,706,292,Yes,0,3,210.36,0.21,262.63,12
MED0452,Insulin Regular 100mg Inhaler,Vitamin/Supplement,Alkem,No,2025-12,0,1193,1265,205.4,1193,72,Yes,0,3,210.36,0.21,262.63,12
MED0452,Insulin Regular 100mg Inhaler,Vitamin/Supplement,Alkem,No,2026-01,0,1507,1608,267.1,1507,101,Yes,0,3,210.36,0.21,262.63,12
MED0452,Insulin Regular 100mg Inhaler,Vitamin/Supplement,Alkem,No,2026-02,0,0,1285,324.7,0,1285,Yes,0,3,210.36,0.21,262.63,12
MED0452,Insulin Regular 100mg Inhaler,Vitamin/Supplement,Alkem,No,2026-03,0,1167,952,158.6,952,0,No,215,3,210.36,0.21,262.63,12
MED0452,Insulin Regular 100mg Inhaler,Vitamin/Supplement,Alkem,No,2026-04,215,758,587,153.1,587,0,No,386,3,210.36,0.21,262.63,12
MED0452,Insulin Regular 100mg Inhaler,Vitamin/Supplement,Alkem,No,2026-05,386,704,627,129,627,0,No,463,3,210.36,0.21,262.63,12
MED0452,Insulin Regular 100mg Inhaler,Vitamin/Supplement,Alkem,No,2026-06,463,0,623,199.9,463,160,Yes,0,3,210.36,0.21,262.63,12
MED0452,Insulin Regular 100mg Inhaler,Vitamin/Supplement,Alkem,No,2026-07,0,543,555,154.4,543,12,Yes,0,3,210.36,0.21,262.63,12
MED0453,Amlodipine 500mg Capsule,Vitamin/Supplement,Aurobindo,Yes,2025-08,475,1639,1323,437.4,1323,0,No,791,5,550.37,0.16,268.31,6
MED0453,Amlodipine 500mg Capsule,Vitamin/Supplement,Aurobindo,Yes,2025-09,791,0,1282,370.5,791,491,Yes,0,5,550.37,0.16,268.31,6
MED0453,Amlodipine 500mg Capsule,Vitamin/Supplement,Aurobindo,Yes,2025-10,0,0,1040,183.9,0,1040,Yes,0,5,550.37,0.16,268.31,6
MED0453,Amlodipine 500mg Capsule,Vitamin/Supplement,Aurobindo,Yes,2025-11,0,918,1035,345.6,918,117,Yes,0,5,550.37,0.16,268.31,6
MED0453,Amlodipine 500mg Capsule,Vitamin/Supplement,Aurobindo,Yes,2025-12,0,0,1272,315,0,1272,Yes,0,5,550.37,0.16,268.31,6
MED0453,Amlodipine 500mg Capsule,Vitamin/Supplement,Aurobindo,Yes,2026-01,0,1140,1304,283.9,1140,164,Yes,0,5,550.37,0.16,268.31,6
MED0453,Amlodipine 500mg Capsule,Vitamin/Supplement,Aurobindo,Yes,2026-02,0,1505,1170,366.5,1170,0,No,335,5,550.37,0.16,268.31,6
MED0453,Amlodipine 500mg Capsule,Vitamin/Supplement,Aurobindo,Yes,2026-03,335,1291,1019,261.7,1019,0,No,607,5,550.37,0.16,268.31,6
MED0453,Amlodipine 500mg Capsule,Vitamin/Supplement,Aurobindo,Yes,2026-04,607,779,1075,192.2,1075,0,No,311,5,550.37,0.16,268.31,6
MED0453,Amlodipine 500mg Capsule,Vitamin/Supplement,Aurobindo,Yes,2026-05,311,946,1164,360,1164,0,No,93,5,550.37,0.16,268.31,6
MED0453,Amlodipine 500mg Capsule,Vitamin/Supplement,Aurobindo,Yes,2026-06,93,1319,1165,389.4,1165,0,No,247,5,550.37,0.16,268.31,6
MED0453,Amlodipine 500mg Capsule,Vitamin/Supplement,Aurobindo,Yes,2026-07,247,1134,1112,208.7,1112,0,No,269,5,550.37,0.16,268.31,6
MED0454,Sertraline 1mg Drops,Neuro/Psychiatric,Glenmark,No,2025-08,251,2290,2867,835.9,2541,326,Yes,0,3,247.92,0.28,167.45,18
MED0454,Sertraline 1mg Drops,Neuro/Psychiatric,Glenmark,No,2025-09,0,0,2664,758,0,2664,Yes,0,3,247.92,0.28,167.45,18
MED0454,Sertraline 1mg Drops,Neuro/Psychiatric,Glenmark,No,2025-10,0,1088,1382,385.9,1088,294,Yes,0,3,247.92,0.28,167.45,18
MED0454,Sertraline 1mg Drops,Neuro/Psychiatric,Glenmark,No,2025-11,0,1214,1069,194.4,1069,0,No,145,3,247.92,0.28,167.45,18
MED0454,Sertraline 1mg Drops,Neuro/Psychiatric,Glenmark,No,2025-12,145,1214,1070,362,1070,0,No,289,3,247.92,0.28,167.45,18
MED0454,Sertraline 1mg Drops,Neuro/Psychiatric,Glenmark,No,2026-01,289,0,992,265.7,289,703,Yes,0,3,247.92,0.28,167.45,18
MED0454,Sertraline 1mg Drops,Neuro/Psychiatric,Glenmark,No,2026-02,0,768,1031,161.5,768,263,Yes,0,3,247.92,0.28,167.45,18
MED0454,Sertraline 1mg Drops,Neuro/Psychiatric,Glenmark,No,2026-03,0,1435,1197,381.4,1197,0,No,238,3,247.92,0.28,167.45,18
MED0454,Sertraline 1mg Drops,Neuro/Psychiatric,Glenmark,No,2026-04,238,1857,1482,373.3,1482,0,No,613,3,247.92,0.28,167.45,18
MED0454,Sertraline 1mg Drops,Neuro/Psychiatric,Glenmark,No,2026-05,613,1478,1533,441.2,1533,0,No,558,3,247.92,0.28,167.45,18
MED0454,Sertraline 1mg Drops,Neuro/Psychiatric,Glenmark,No,2026-06,558,2942,2448,578.1,2448,0,No,1052,3,247.92,0.28,167.45,18
MED0454,Sertraline 1mg Drops,Neuro/Psychiatric,Glenmark,No,2026-07,1052,2423,3407,720.8,3407,0,No,68,3,247.92,0.28,167.45,18
MED0455,Bupivacaine 5ml Drops,Antidiabetic,Abbott,No,2025-08,101,728,717,165.5,717,0,No,112,2,477.12,0.24,105.4,36
MED0455,Bupivacaine 5ml Drops,Antidiabetic,Abbott,No,2025-09,112,803,642,118.9,642,0,No,273,2,477.12,0.24,105.4,36
MED0455,Bupivacaine 5ml Drops,Antidiabetic,Abbott,No,2025-10,273,0,512,102.9,273,239,Yes,0,2,477.12,0.24,105.4,36
MED0455,Bupivacaine 5ml Drops,Antidiabetic,Abbott,No,2025-11,0,0,419,110.8,0,419,Yes,0,2,477.12,0.24,105.4,36
MED0455,Bupivacaine 5ml Drops,Antidiabetic,Abbott,No,2025-12,0,302,422,107.5,302,120,Yes,0,2,477.12,0.24,105.4,36
MED0455,Bupivacaine 5ml Drops,Antidiabetic,Abbott,No,2026-01,0,523,409,104,409,0,No,114,2,477.12,0.24,105.4,36
MED0455,Bupivacaine 5ml Drops,Antidiabetic,Abbott,No,2026-02,114,402,396,102.3,396,0,No,120,2,477.12,0.24,105.4,36
MED0455,Bupivacaine 5ml Drops,Antidiabetic,Abbott,No,2026-03,120,621,575,96.5,575,0,No,166,2,477.12,0.24,105.4,36
MED0455,Bupivacaine 5ml Drops,Antidiabetic,Abbott,No,2026-04,166,964,885,148.8,885,0,No,245,2,477.12,0.24,105.4,36
MED0455,Bupivacaine 5ml Drops,Antidiabetic,Abbott,No,2026-05,245,0,954,272.4,245,709,Yes,0,2,477.12,0.24,105.4,36
MED0455,Bupivacaine 5ml Drops,Antidiabetic,Abbott,No,2026-06,0,1041,958,305.9,958,0,No,83,2,477.12,0.24,105.4,36
MED0455,Bupivacaine 5ml Drops,Antidiabetic,Abbott,No,2026-07,83,1171,910,265.6,910,0,No,344,2,477.12,0.24,105.4,36
MED0456,Heparin 250mg Injection,Gastrointestinal,Cadila,No,2025-08,294,1301,1483,343.7,1483,0,No,112,3,55.61,0.2,108.23,18
MED0456,Heparin 250mg Injection,Gastrointestinal,Cadila,No,2025-09,112,0,1227,232.3,112,1115,Yes,0,3,55.61,0.2,108.23,18
MED0456,Heparin 250mg Injection,Gastrointestinal,Cadila,No,2025-10,0,1090,1361,429,1090,271,Yes,0,3,55.61,0.2,108.23,18
MED0456,Heparin 250mg Injection,Gastrointestinal,Cadila,No,2025-11,0,1434,1564,392.3,1434,130,Yes,0,3,55.61,0.2,108.23,18
MED0456,Heparin 250mg Injection,Gastrointestinal,Cadila,No,2025-12,0,0,1597,341.2,0,1597,Yes,0,3,55.61,0.2,108.23,18
MED0456,Heparin 250mg Injection,Gastrointestinal,Cadila,No,2026-01,0,1100,1354,396.8,1100,254,Yes,0,3,55.61,0.2,108.23,18
MED0456,Heparin 250mg Injection,Gastrointestinal,Cadila,No,2026-02,0,1169,1272,358.9,1169,103,Yes,0,3,55.61,0.2,108.23,18
MED0456,Heparin 250mg Injection,Gastrointestinal,Cadila,No,2026-03,0,1661,1588,548.9,1588,0,No,73,3,55.61,0.2,108.23,18
MED0456,Heparin 250mg Injection,Gastrointestinal,Cadila,No,2026-04,73,1000,1226,358.7,1073,153,Yes,0,3,55.61,0.2,108.23,18
MED0456,Heparin 250mg Injection,Gastrointestinal,Cadila,No,2026-05,0,0,1548,483.2,0,1548,Yes,0,3,55.61,0.2,108.23,18
MED0456,Heparin 250mg Injection,Gastrointestinal,Cadila,No,2026-06,0,1459,1241,269.1,1241,0,No,218,3,55.61,0.2,108.23,18
MED0456,Heparin 250mg Injection,Gastrointestinal,Cadila,No,2026-07,218,1484,1459,388.3,1459,0,No,243,3,55.61,0.2,108.23,18
MED0457,Tetanus Toxoid 500mg Tablet,Gastrointestinal,Dr Reddy's,No,2025-08,699,1888,2200,717.4,2200,0,No,387,5,111.89,0.26,310.19,6
MED0457,Tetanus Toxoid 500mg Tablet,Gastrointestinal,Dr Reddy's,No,2025-09,387,1767,1945,610.5,1945,0,No,209,5,111.89,0.26,310.19,6
MED0457,Tetanus Toxoid 500mg Tablet,Gastrointestinal,Dr Reddy's,No,2025-10,209,1968,2506,840.4,2177,329,Yes,0,5,111.89,0.26,310.19,6
MED0457,Tetanus Toxoid 500mg Tablet,Gastrointestinal,Dr Reddy's,No,2025-11,0,0,2447,527.9,0,2447,Yes,0,5,111.89,0.26,310.19,6
MED0457,Tetanus Toxoid 500mg Tablet,Gastrointestinal,Dr Reddy's,No,2025-12,0,0,2118,533.4,0,2118,Yes,0,5,111.89,0.26,310.19,6
MED0457,Tetanus Toxoid 500mg Tablet,Gastrointestinal,Dr Reddy's,No,2026-01,0,2018,2214,695,2018,196,Yes,0,5,111.89,0.26,310.19,6
MED0457,Tetanus Toxoid 500mg Tablet,Gastrointestinal,Dr Reddy's,No,2026-02,0,0,2084,697.3,0,2084,Yes,0,5,111.89,0.26,310.19,6
MED0457,Tetanus Toxoid 500mg Tablet,Gastrointestinal,Dr Reddy's,No,2026-03,0,1631,2153,436.9,1631,522,Yes,0,5,111.89,0.26,310.19,6
MED0457,Tetanus Toxoid 500mg Tablet,Gastrointestinal,Dr Reddy's,No,2026-04,0,1767,2131,493,1767,364,Yes,0,5,111.89,0.26,310.19,6
MED0457,Tetanus Toxoid 500mg Tablet,Gastrointestinal,Dr Reddy's,No,2026-05,0,2412,2285,404.2,2285,0,No,127,5,111.89,0.26,310.19,6
MED0457,Tetanus Toxoid 500mg Tablet,Gastrointestinal,Dr Reddy's,No,2026-06,127,1880,2272,537.9,2007,265,Yes,0,5,111.89,0.26,310.19,6
MED0457,Tetanus Toxoid 500mg Tablet,Gastrointestinal,Dr Reddy's,No,2026-07,0,2777,2258,769.8,2258,0,No,519,5,111.89,0.26,310.19,6
MED0458,Vitamin B Complex 250mg Inhaler,Vaccine,Cipla,Yes,2025-08,676,2620,2680,589.9,2680,0,No,616,7,686.73,0.26,151.5,6
MED0458,Vitamin B Complex 250mg Inhaler,Vaccine,Cipla,Yes,2025-09,616,2560,2525,742.2,2525,0,No,651,7,686.73,0.26,151.5,6
MED0458,Vitamin B Complex 250mg Inhaler,Vaccine,Cipla,Yes,2025-10,651,2106,2035,429.1,2035,0,No,722,7,686.73,0.26,151.5,6
MED0458,Vitamin B Complex 250mg Inhaler,Vaccine,Cipla,Yes,2025-11,722,2027,2411,704,2411,0,No,338,7,686.73,0.26,151.5,6
MED0458,Vitamin B Complex 250mg Inhaler,Vaccine,Cipla,Yes,2025-12,338,1950,2562,394.3,2288,274,Yes,0,7,686.73,0.26,151.5,6
MED0458,Vitamin B Complex 250mg Inhaler,Vaccine,Cipla,Yes,2026-01,0,2822,2533,647,2533,0,No,289,7,686.73,0.26,151.5,6
MED0458,Vitamin B Complex 250mg Inhaler,Vaccine,Cipla,Yes,2026-02,289,2464,2040,397.2,2040,0,No,713,7,686.73,0.26,151.5,6
MED0458,Vitamin B Complex 250mg Inhaler,Vaccine,Cipla,Yes,2026-03,713,2452,2285,461,2285,0,No,880,7,686.73,0.26,151.5,6
MED0458,Vitamin B Complex 250mg Inhaler,Vaccine,Cipla,Yes,2026-04,880,1668,2313,752.5,2313,0,No,235,7,686.73,0.26,151.5,6
MED0458,Vitamin B Complex 250mg Inhaler,Vaccine,Cipla,Yes,2026-05,235,1807,2173,521.8,2042,131,Yes,0,7,686.73,0.26,151.5,6
MED0458,Vitamin B Complex 250mg Inhaler,Vaccine,Cipla,Yes,2026-06,0,1926,2708,578.7,1926,782,Yes,0,7,686.73,0.26,151.5,6
MED0458,Vitamin B Complex 250mg Inhaler,Vaccine,Cipla,Yes,2026-07,0,3330,2643,813.4,2643,0,No,687,7,686.73,0.26,151.5,6
MED0459,Mannitol 5ml Syrup,Cardiac,Abbott,No,2025-08,141,1523,1218,382.2,1218,0,No,446,4,110.07,0.26,292.99,18
MED0459,Mannitol 5ml Syrup,Cardiac,Abbott,No,2025-09,446,987,1118,390.1,1118,0,No,315,4,110.07,0.26,292.99,18
MED0459,Mannitol 5ml Syrup,Cardiac,Abbott,No,2025-10,315,501,674,199.9,674,0,No,142,4,110.07,0.26,292.99,18
MED0459,Mannitol 5ml Syrup,Cardiac,Abbott,No,2025-11,142,463,555,189.9,555,0,No,50,4,110.07,0.26,292.99,18
MED0459,Mannitol 5ml Syrup,Cardiac,Abbott,No,2025-12,50,460,369,72.9,369,0,No,141,4,110.07,0.26,292.99,18
MED0459,Mannitol 5ml Syrup,Cardiac,Abbott,No,2026-01,141,328,379,98.8,379,0,No,90,4,110.07,0.26,292.99,18
MED0459,Mannitol 5ml Syrup,Cardiac,Abbott,No,2026-02,90,428,441,129.2,441,0,No,77,4,110.07,0.26,292.99,18
MED0459,Mannitol 5ml Syrup,Cardiac,Abbott,No,2026-03,77,439,541,113.8,516,25,Yes,0,4,110.07,0.26,292.99,18
MED0459,Mannitol 5ml Syrup,Cardiac,Abbott,No,2026-04,0,601,551,86.6,551,0,No,50,4,110.07,0.26,292.99,18
MED0459,Mannitol 5ml Syrup,Cardiac,Abbott,No,2026-05,50,782,751,123.7,751,0,No,81,4,110.07,0.26,292.99,18
MED0459,Mannitol 5ml Syrup,Cardiac,Abbott,No,2026-06,81,720,1021,238.5,801,220,Yes,0,4,110.07,0.26,292.99,18
MED0459,Mannitol 5ml Syrup,Cardiac,Abbott,No,2026-07,0,0,1141,203.6,0,1141,Yes,0,4,110.07,0.26,292.99,18
MED0460,Chlorpheniramine 5ml Tablet,Respiratory,Cadila,Yes,2025-08,317,547,751,191.8,751,0,No,113,5,366.64,0.18,173.68,24
MED0460,Chlorpheniramine 5ml Tablet,Respiratory,Cadila,Yes,2025-09,113,664,719,227.5,719,0,No,58,5,366.64,0.18,173.68,24
MED0460,Chlorpheniramine 5ml Tablet,Respiratory,Cadila,Yes,2025-10,58,577,750,226,635,115,Yes,0,5,366.64,0.18,173.68,24
MED0460,Chlorpheniramine 5ml Tablet,Respiratory,Cadila,Yes,2025-11,0,0,723,164.5,0,723,Yes,0,5,366.64,0.18,173.68,24
MED0460,Chlorpheniramine 5ml Tablet,Respiratory,Cadila,Yes,2025-12,0,575,775,231,575,200,Yes,0,5,366.64,0.18,173.68,24
MED0460,Chlorpheniramine 5ml Tablet,Respiratory,Cadila,Yes,2026-01,0,0,765,223.2,0,765,Yes,0,5,366.64,0.18,173.68,24
MED0460,Chlorpheniramine 5ml Tablet,Respiratory,Cadila,Yes,2026-02,0,853,677,151.7,677,0,No,176,5,366.64,0.18,173.68,24
MED0460,Chlorpheniramine 5ml Tablet,Respiratory,Cadila,Yes,2026-03,176,739,799,165.8,799,0,No,116,5,366.64,0.18,173.68,24
MED0460,Chlorpheniramine 5ml Tablet,Respiratory,Cadila,Yes,2026-04,116,506,693,136.8,622,71,Yes,0,5,366.64,0.18,173.68,24
MED0460,Chlorpheniramine 5ml Tablet,Respiratory,Cadila,Yes,2026-05,0,805,726,139.1,726,0,No,79,5,366.64,0.18,173.68,24
MED0460,Chlorpheniramine 5ml Tablet,Respiratory,Cadila,Yes,2026-06,79,1069,856,251,856,0,No,292,5,366.64,0.18,173.68,24
MED0460,Chlorpheniramine 5ml Tablet,Respiratory,Cadila,Yes,2026-07,292,624,676,124,676,0,No,240,5,366.64,0.18,173.68,24
MED0461,Oxytocin 1g Suspension,Neuro/Psychiatric,Zydus,No,2025-08,258,1821,1449,260.7,1449,0,No,630,3,393.86,0.17,96.35,9
MED0461,Oxytocin 1g Suspension,Neuro/Psychiatric,Zydus,No,2025-09,630,1345,1538,244,1538,0,No,437,3,393.86,0.17,96.35,9
MED0461,Oxytocin 1g Suspension,Neuro/Psychiatric,Zydus,No,2025-10,437,1748,1468,315.4,1468,0,No,717,3,393.86,0.17,96.35,9
MED0461,Oxytocin 1g Suspension,Neuro/Psychiatric,Zydus,No,2025-11,717,1264,1632,350.1,1632,0,No,349,3,393.86,0.17,96.35,9
MED0461,Oxytocin 1g Suspension,Neuro/Psychiatric,Zydus,No,2025-12,349,0,1796,498.6,349,1447,Yes,0,3,393.86,0.17,96.35,9
MED0461,Oxytocin 1g Suspension,Neuro/Psychiatric,Zydus,No,2026-01,0,1986,1667,399.1,1667,0,No,319,3,393.86,0.17,96.35,9
MED0461,Oxytocin 1g Suspension,Neuro/Psychiatric,Zydus,No,2026-02,319,1163,1433,421.3,1433,0,No,49,3,393.86,0.17,96.35,9
MED0461,Oxytocin 1g Suspension,Neuro/Psychiatric,Zydus,No,2026-03,49,0,1684,437,49,1635,Yes,0,3,393.86,0.17,96.35,9
MED0461,Oxytocin 1g Suspension,Neuro/Psychiatric,Zydus,No,2026-04,0,0,1659,459.5,0,1659,Yes,0,3,393.86,0.17,96.35,9
MED0461,Oxytocin 1g Suspension,Neuro/Psychiatric,Zydus,No,2026-05,0,0,1517,405.3,0,1517,Yes,0,3,393.86,0.17,96.35,9
MED0461,Oxytocin 1g Suspension,Neuro/Psychiatric,Zydus,No,2026-06,0,0,1758,273.4,0,1758,Yes,0,3,393.86,0.17,96.35,9
MED0461,Oxytocin 1g Suspension,Neuro/Psychiatric,Zydus,No,2026-07,0,1324,1406,359.4,1324,82,Yes,0,3,393.86,0.17,96.35,9
MED0462,Cetirizine 20mg Drops,Analgesic,Aurobindo,No,2025-08,713,3937,5442,890.6,4650,792,Yes,0,3,243.65,0.22,133.56,18
MED0462,Cetirizine 20mg Drops,Analgesic,Aurobindo,No,2025-09,0,3661,4253,938.5,3661,592,Yes,0,3,243.65,0.22,133.56,18
MED0462,Cetirizine 20mg Drops,Analgesic,Aurobindo,No,2025-10,0,6032,5459,996.8,5459,0,No,573,3,243.65,0.22,133.56,18
MED0462,Cetirizine 20mg Drops,Analgesic,Aurobindo,No,2025-11,573,3667,4720,1223.9,4240,480,Yes,0,3,243.65,0.22,133.56,18
MED0462,Cetirizine 20mg Drops,Analgesic,Aurobindo,No,2025-12,0,6673,5588,1474.8,5588,0,No,1085,3,243.65,0.22,133.56,18
MED0462,Cetirizine 20mg Drops,Analgesic,Aurobindo,No,2026-01,1085,0,4352,833.2,1085,3267,Yes,0,3,243.65,0.22,133.56,18
MED0462,Cetirizine 20mg Drops,Analgesic,Aurobindo,No,2026-02,0,4173,5474,1765.3,4173,1301,Yes,0,3,243.65,0.22,133.56,18
MED0462,Cetirizine 20mg Drops,Analgesic,Aurobindo,No,2026-03,0,3635,4435,1386.9,3635,800,Yes,0,3,243.65,0.22,133.56,18
MED0462,Cetirizine 20mg Drops,Analgesic,Aurobindo,No,2026-04,0,0,4249,918.6,0,4249,Yes,0,3,243.65,0.22,133.56,18
MED0462,Cetirizine 20mg Drops,Analgesic,Aurobindo,No,2026-05,0,5178,5469,1358,5178,291,Yes,0,3,243.65,0.22,133.56,18
MED0462,Cetirizine 20mg Drops,Analgesic,Aurobindo,No,2026-06,0,5306,4749,923.4,4749,0,No,557,3,243.65,0.22,133.56,18
MED0462,Cetirizine 20mg Drops,Analgesic,Aurobindo,No,2026-07,557,0,4771,1022.1,557,4214,Yes,0,3,243.65,0.22,133.56,18
MED0463,Misoprostol 50mg Suspension,Cardiac,Glenmark,No,2025-08,799,2172,1816,459.3,1816,0,No,1155,10,68.67,0.26,194.75,12
MED0463,Misoprostol 50mg Suspension,Cardiac,Glenmark,No,2025-09,1155,2221,1863,422.7,1863,0,No,1513,10,68.67,0.26,194.75,12
MED0463,Misoprostol 50mg Suspension,Cardiac,Glenmark,No,2025-10,1513,2139,2240,377.4,2240,0,No,1412,10,68.67,0.26,194.75,12
MED0463,Misoprostol 50mg Suspension,Cardiac,Glenmark,No,2025-11,1412,3544,3112,1038.7,3112,0,No,1844,10,68.67,0.26,194.75,12
MED0463,Misoprostol 50mg Suspension,Cardiac,Glenmark,No,2025-12,1844,3031,3037,795.8,3037,0,No,1838,10,68.67,0.26,194.75,12
MED0463,Misoprostol 50mg Suspension,Cardiac,Glenmark,No,2026-01,1838,2904,3827,1262.1,3827,0,No,915,10,68.67,0.26,194.75,12
MED0463,Misoprostol 50mg Suspension,Cardiac,Glenmark,No,2026-02,915,3516,3241,1019.5,3241,0,No,1190,10,68.67,0.26,194.75,12
MED0463,Misoprostol 50mg Suspension,Cardiac,Glenmark,No,2026-03,1190,0,2408,698.6,1190,1218,Yes,0,10,68.67,0.26,194.75,12
MED0463,Misoprostol 50mg Suspension,Cardiac,Glenmark,No,2026-04,0,1769,1889,351.1,1769,120,Yes,0,10,68.67,0.26,194.75,12
MED0463,Misoprostol 50mg Suspension,Cardiac,Glenmark,No,2026-05,0,1268,1447,310.1,1268,179,Yes,0,10,68.67,0.26,194.75,12
MED0463,Misoprostol 50mg Suspension,Cardiac,Glenmark,No,2026-06,0,1597,1312,320.9,1312,0,No,285,10,68.67,0.26,194.75,12
MED0463,Misoprostol 50mg Suspension,Cardiac,Glenmark,No,2026-07,285,1570,1800,419.9,1800,0,No,55,10,68.67,0.26,194.75,12
MED0464,Chlorhexidine 50mg Drops,Gastrointestinal,Lupin,No,2025-08,130,810,758,212.1,758,0,No,182,5,419.59,0.23,122.81,24
MED0464,Chlorhexidine 50mg Drops,Gastrointestinal,Lupin,No,2025-09,182,764,645,206.8,645,0,No,301,5,419.59,0.23,122.81,24
MED0464,Chlorhexidine 50mg Drops,Gastrointestinal,Lupin,No,2025-10,301,0,779,163.3,301,478,Yes,0,5,419.59,0.23,122.81,24
MED0464,Chlorhexidine 50mg Drops,Gastrointestinal,Lupin,No,2025-11,0,634,650,109.6,634,16,Yes,0,5,419.59,0.23,122.81,24
MED0464,Chlorhexidine 50mg Drops,Gastrointestinal,Lupin,No,2025-12,0,576,807,261.8,576,231,Yes,0,5,419.59,0.23,122.81,24
MED0464,Chlorhexidine 50mg Drops,Gastrointestinal,Lupin,No,2026-01,0,0,685,196.2,0,685,Yes,0,5,419.59,0.23,122.81,24
MED0464,Chlorhexidine 50mg Drops,Gastrointestinal,Lupin,No,2026-02,0,881,785,261.3,785,0,No,96,5,419.59,0.23,122.81,24
MED0464,Chlorhexidine 50mg Drops,Gastrointestinal,Lupin,No,2026-03,96,0,644,185.6,96,548,Yes,0,5,419.59,0.23,122.81,24
MED0464,Chlorhexidine 50mg Drops,Gastrointestinal,Lupin,No,2026-04,0,698,644,188,644,0,No,54,5,419.59,0.23,122.81,24
MED0464,Chlorhexidine 50mg Drops,Gastrointestinal,Lupin,No,2026-05,54,915,715,203.8,715,0,No,254,5,419.59,0.23,122.81,24
MED0464,Chlorhexidine 50mg Drops,Gastrointestinal,Lupin,No,2026-06,254,838,803,248.1,803,0,No,289,5,419.59,0.23,122.81,24
MED0464,Chlorhexidine 50mg Drops,Gastrointestinal,Lupin,No,2026-07,289,754,638,116.8,638,0,No,405,5,419.59,0.23,122.81,24
MED0465,Insulin 2.5mg Ointment,Neuro/Psychiatric,Lupin,No,2025-08,230,336,353,54.8,353,0,No,213,10,107.26,0.18,294.55,9
MED0465,Insulin 2.5mg Ointment,Neuro/Psychiatric,Lupin,No,2025-09,213,0,358,120.2,213,145,Yes,0,10,107.26,0.18,294.55,9
MED0465,Insulin 2.5mg Ointment,Neuro/Psychiatric,Lupin,No,2025-10,0,440,362,80.9,362,0,No,78,10,107.26,0.18,294.55,9
MED0465,Insulin 2.5mg Ointment,Neuro/Psychiatric,Lupin,No,2025-11,78,282,353,123.5,353,0,No,7,10,107.26,0.18,294.55,9
MED0465,Insulin 2.5mg Ointment,Neuro/Psychiatric,Lupin,No,2025-12,7,462,366,71.5,366,0,No,103,10,107.26,0.18,294.55,9
MED0465,Insulin 2.5mg Ointment,Neuro/Psychiatric,Lupin,No,2026-01,103,289,390,79.8,390,0,No,2,10,107.26,0.18,294.55,9
MED0465,Insulin 2.5mg Ointment,Neuro/Psychiatric,Lupin,No,2026-02,2,378,336,56.6,336,0,No,44,10,107.26,0.18,294.55,9
MED0465,Insulin 2.5mg Ointment,Neuro/Psychiatric,Lupin,No,2026-03,44,337,387,62.7,381,6,Yes,0,10,107.26,0.18,294.55,9
MED0465,Insulin 2.5mg Ointment,Neuro/Psychiatric,Lupin,No,2026-04,0,342,317,70.5,317,0,No,25,10,107.26,0.18,294.55,9
MED0465,Insulin 2.5mg Ointment,Neuro/Psychiatric,Lupin,No,2026-05,25,315,401,96.6,340,61,Yes,0,10,107.26,0.18,294.55,9
MED0465,Insulin 2.5mg Ointment,Neuro/Psychiatric,Lupin,No,2026-06,0,307,402,72.6,307,95,Yes,0,10,107.26,0.18,294.55,9
MED0465,Insulin 2.5mg Ointment,Neuro/Psychiatric,Lupin,No,2026-07,0,398,339,88.3,339,0,No,59,10,107.26,0.18,294.55,9
MED0466,Glimepiride 10mg Tablet,Neuro/Psychiatric,Cipla,No,2025-08,2044,2605,2282,626.8,2282,0,No,2367,21,211.21,0.16,328.51,12
MED0466,Glimepiride 10mg Tablet,Neuro/Psychiatric,Cipla,No,2025-09,2367,1480,1898,538.7,1898,0,No,1949,21,211.21,0.16,328.51,12
MED0466,Glimepiride 10mg Tablet,Neuro/Psychiatric,Cipla,No,2025-10,1949,1280,1354,389.6,1354,0,No,1875,21,211.21,0.16,328.51,12
MED0466,Glimepiride 10mg Tablet,Neuro/Psychiatric,Cipla,No,2025-11,1875,1380,1489,287.7,1489,0,No,1766,21,211.21,0.16,328.51,12
MED0466,Glimepiride 10mg Tablet,Neuro/Psychiatric,Cipla,No,2025-12,1766,1108,1365,282.7,1365,0,No,1509,21,211.21,0.16,328.51,12
MED0466,Glimepiride 10mg Tablet,Neuro/Psychiatric,Cipla,No,2026-01,1509,1332,1123,361,1123,0,No,1718,21,211.21,0.16,328.51,12
MED0466,Glimepiride 10mg Tablet,Neuro/Psychiatric,Cipla,No,2026-02,1718,1247,1462,240.6,1462,0,No,1503,21,211.21,0.16,328.51,12
MED0466,Glimepiride 10mg Tablet,Neuro/Psychiatric,Cipla,No,2026-03,1503,1414,1510,408,1510,0,No,1407,21,211.21,0.16,328.51,12
MED0466,Glimepiride 10mg Tablet,Neuro/Psychiatric,Cipla,No,2026-04,1407,1797,2083,691,2083,0,No,1121,21,211.21,0.16,328.51,12
MED0466,Glimepiride 10mg Tablet,Neuro/Psychiatric,Cipla,No,2026-05,1121,3201,3159,491.4,3159,0,No,1163,21,211.21,0.16,328.51,12
MED0466,Glimepiride 10mg Tablet,Neuro/Psychiatric,Cipla,No,2026-06,1163,2630,2991,573.2,2991,0,No,802,21,211.21,0.16,328.51,12
MED0466,Glimepiride 10mg Tablet,Neuro/Psychiatric,Cipla,No,2026-07,802,2041,2476,505.9,2476,0,No,367,21,211.21,0.16,328.51,12
MED0467,Atorvastatin 10mg Drops,Antibiotic,Dr Reddy's,Yes,2025-08,1378,0,3554,544.6,1378,2176,Yes,0,7,785.99,0.27,176.13,9
MED0467,Atorvastatin 10mg Drops,Antibiotic,Dr Reddy's,Yes,2025-09,0,2837,3003,560.5,2837,166,Yes,0,7,785.99,0.27,176.13,9
MED0467,Atorvastatin 10mg Drops,Antibiotic,Dr Reddy's,Yes,2025-10,0,2973,2536,863.5,2536,0,No,437,7,785.99,0.27,176.13,9
MED0467,Atorvastatin 10mg Drops,Antibiotic,Dr Reddy's,Yes,2025-11,437,2730,2282,763,2282,0,No,885,7,785.99,0.27,176.13,9
MED0467,Atorvastatin 10mg Drops,Antibiotic,Dr Reddy's,Yes,2025-12,885,2808,2209,504.9,2209,0,No,1484,7,785.99,0.27,176.13,9
MED0467,Atorvastatin 10mg Drops,Antibiotic,Dr Reddy's,Yes,2026-01,1484,1665,1887,426.7,1887,0,No,1262,7,785.99,0.27,176.13,9
MED0467,Atorvastatin 10mg Drops,Antibiotic,Dr Reddy's,Yes,2026-02,1262,2289,1915,495.6,1915,0,No,1636,7,785.99,0.27,176.13,9
MED0467,Atorvastatin 10mg Drops,Antibiotic,Dr Reddy's,Yes,2026-03,1636,2812,2691,842.1,2691,0,No,1757,7,785.99,0.27,176.13,9
MED0467,Atorvastatin 10mg Drops,Antibiotic,Dr Reddy's,Yes,2026-04,1757,2981,3594,816.2,3594,0,No,1144,7,785.99,0.27,176.13,9
MED0467,Atorvastatin 10mg Drops,Antibiotic,Dr Reddy's,Yes,2026-05,1144,0,5630,1163,1144,4486,Yes,0,7,785.99,0.27,176.13,9
MED0467,Atorvastatin 10mg Drops,Antibiotic,Dr Reddy's,Yes,2026-06,0,4675,4280,1280.5,4280,0,No,395,7,785.99,0.27,176.13,9
MED0467,Atorvastatin 10mg Drops,Antibiotic,Dr Reddy's,Yes,2026-07,395,3932,4174,914.2,4174,0,No,153,7,785.99,0.27,176.13,9
MED0468,Morphine 5mg Syrup,Anesthetic,Aurobindo,No,2025-08,1210,5001,4540,847.5,4540,0,No,1671,5,742.88,0.22,136.61,36
MED0468,Morphine 5mg Syrup,Anesthetic,Aurobindo,No,2025-09,1671,3883,4448,1489.2,4448,0,No,1106,5,742.88,0.22,136.61,36
MED0468,Morphine 5mg Syrup,Anesthetic,Aurobindo,No,2025-10,1106,2402,2663,797.4,2663,0,No,845,5,742.88,0.22,136.61,36
MED0468,Morphine 5mg Syrup,Anesthetic,Aurobindo,No,2025-11,845,2039,2064,680.9,2064,0,No,820,5,742.88,0.22,136.61,36
MED0468,Morphine 5mg Syrup,Anesthetic,Aurobindo,No,2025-12,820,1805,2018,626.5,2018,0,No,607,5,742.88,0.22,136.61,36
MED0468,Morphine 5mg Syrup,Anesthetic,Aurobindo,No,2026-01,607,2002,1720,572,1720,0,No,889,5,742.88,0.22,136.61,36
MED0468,Morphine 5mg Syrup,Anesthetic,Aurobindo,No,2026-02,889,1672,1791,272.3,1791,0,No,770,5,742.88,0.22,136.61,36
MED0468,Morphine 5mg Syrup,Anesthetic,Aurobindo,No,2026-03,770,2765,2183,592.3,2183,0,No,1352,5,742.88,0.22,136.61,36
MED0468,Morphine 5mg Syrup,Anesthetic,Aurobindo,No,2026-04,1352,2319,2056,601.2,2056,0,No,1615,5,742.88,0.22,136.61,36
MED0468,Morphine 5mg Syrup,Anesthetic,Aurobindo,No,2026-05,1615,2568,3157,480,3157,0,No,1026,5,742.88,0.22,136.61,36
MED0468,Morphine 5mg Syrup,Anesthetic,Aurobindo,No,2026-06,1026,3988,4050,1197.6,4050,0,No,964,5,742.88,0.22,136.61,36
MED0468,Morphine 5mg Syrup,Anesthetic,Aurobindo,No,2026-07,964,4234,4712,1253.6,4712,0,No,486,5,742.88,0.22,136.61,36
MED0469,Azithromycin 5mg Syrup,Neuro/Psychiatric,Cipla,Yes,2025-08,678,4190,4688,791.5,4688,0,No,180,4,252.88,0.14,243.21,12
MED0469,Azithromycin 5mg Syrup,Neuro/Psychiatric,Cipla,Yes,2025-09,180,3952,3314,858.8,3314,0,No,818,4,252.88,0.14,243.21,12
MED0469,Azithromycin 5mg Syrup,Neuro/Psychiatric,Cipla,Yes,2025-10,818,2183,2073,351.9,2073,0,No,928,4,252.88,0.14,243.21,12
MED0469,Azithromycin 5mg Syrup,Neuro/Psychiatric,Cipla,Yes,2025-11,928,2539,1997,403.1,1997,0,No,1470,4,252.88,0.14,243.21,12
MED0469,Azithromycin 5mg Syrup,Neuro/Psychiatric,Cipla,Yes,2025-12,1470,1187,1601,483.7,1601,0,No,1056,4,252.88,0.14,243.21,12
MED0469,Azithromycin 5mg Syrup,Neuro/Psychiatric,Cipla,Yes,2026-01,1056,1271,1518,254.3,1518,0,No,809,4,252.88,0.14,243.21,12
MED0469,Azithromycin 5mg Syrup,Neuro/Psychiatric,Cipla,Yes,2026-02,809,1377,1667,344.9,1667,0,No,519,4,252.88,0.14,243.21,12
MED0469,Azithromycin 5mg Syrup,Neuro/Psychiatric,Cipla,Yes,2026-03,519,2442,2028,349.1,2028,0,No,933,4,252.88,0.14,243.21,12
MED0469,Azithromycin 5mg Syrup,Neuro/Psychiatric,Cipla,Yes,2026-04,933,2735,2250,367.8,2250,0,No,1418,4,252.88,0.14,243.21,12
MED0469,Azithromycin 5mg Syrup,Neuro/Psychiatric,Cipla,Yes,2026-05,1418,2046,2367,428.9,2367,0,No,1097,4,252.88,0.14,243.21,12
MED0469,Azithromycin 5mg Syrup,Neuro/Psychiatric,Cipla,Yes,2026-06,1097,2879,3671,973.4,3671,0,No,305,4,252.88,0.14,243.21,12
MED0469,Azithromycin 5mg Syrup,Neuro/Psychiatric,Cipla,Yes,2026-07,305,3492,4586,1042.9,3797,789,Yes,0,4,252.88,0.14,243.21,12
MED0470,Insulin Regular 1g Suspension,Vitamin/Supplement,Aurobindo,No,2025-08,1872,2049,2854,659.9,2854,0,No,1067,10,589.59,0.2,217.56,12
MED0470,Insulin Regular 1g Suspension,Vitamin/Supplement,Aurobindo,No,2025-09,1067,4075,3213,691.7,3213,0,No,1929,10,589.59,0.2,217.56,12
MED0470,Insulin Regular 1g Suspension,Vitamin/Supplement,Aurobindo,No,2025-10,1929,3738,2966,680.5,2966,0,No,2701,10,589.59,0.2,217.56,12
MED0470,Insulin Regular 1g Suspension,Vitamin/Supplement,Aurobindo,No,2025-11,2701,3703,3068,868.4,3068,0,No,3336,10,589.59,0.2,217.56,12
MED0470,Insulin Regular 1g Suspension,Vitamin/Supplement,Aurobindo,No,2025-12,3336,2966,3096,639.7,3096,0,No,3206,10,589.59,0.2,217.56,12
MED0470,Insulin Regular 1g Suspension,Vitamin/Supplement,Aurobindo,No,2026-01,3206,0,2479,772.3,2479,0,No,727,10,589.59,0.2,217.56,12
MED0470,Insulin Regular 1g Suspension,Vitamin/Supplement,Aurobindo,No,2026-02,727,2878,2918,633.9,2918,0,No,687,10,589.59,0.2,217.56,12
MED0470,Insulin Regular 1g Suspension,Vitamin/Supplement,Aurobindo,No,2026-03,687,3570,3343,774.5,3343,0,No,914,10,589.59,0.2,217.56,12
MED0470,Insulin Regular 1g Suspension,Vitamin/Supplement,Aurobindo,No,2026-04,914,0,2679,458.4,914,1765,Yes,0,10,589.59,0.2,217.56,12
MED0470,Insulin Regular 1g Suspension,Vitamin/Supplement,Aurobindo,No,2026-05,0,2022,2493,588.9,2022,471,Yes,0,10,589.59,0.2,217.56,12
MED0470,Insulin Regular 1g Suspension,Vitamin/Supplement,Aurobindo,No,2026-06,0,3322,3157,555.2,3157,0,No,165,10,589.59,0.2,217.56,12
MED0470,Insulin Regular 1g Suspension,Vitamin/Supplement,Aurobindo,No,2026-07,165,2422,2497,855.5,2497,0,No,90,10,589.59,0.2,217.56,12
MED0471,Streptokinase 20mg Suspension,Gastrointestinal,Biocon,No,2025-08,884,0,1589,392.7,884,705,Yes,0,10,350.72,0.17,209.41,9
MED0471,Streptokinase 20mg Suspension,Gastrointestinal,Biocon,No,2025-09,0,1090,1393,411,1090,303,Yes,0,10,350.72,0.17,209.41,9
MED0471,Streptokinase 20mg Suspension,Gastrointestinal,Biocon,No,2025-10,0,1609,1859,577.3,1609,250,Yes,0,10,350.72,0.17,209.41,9
MED0471,Streptokinase 20mg Suspension,Gastrointestinal,Biocon,No,2025-11,0,3386,2660,477.6,2660,0,No,726,10,350.72,0.17,209.41,9
MED0471,Streptokinase 20mg Suspension,Gastrointestinal,Biocon,No,2025-12,726,2576,3280,532.6,3280,0,No,22,10,350.72,0.17,209.41,9
MED0471,Streptokinase 20mg Suspension,Gastrointestinal,Biocon,No,2026-01,22,3953,3588,1245.7,3588,0,No,387,10,350.72,0.17,209.41,9
MED0471,Streptokinase 20mg Suspension,Gastrointestinal,Biocon,No,2026-02,387,2028,2870,564.6,2415,455,Yes,0,10,350.72,0.17,209.41,9
MED0471,Streptokinase 20mg Suspension,Gastrointestinal,Biocon,No,2026-03,0,1405,1810,597.1,1405,405,Yes,0,10,350.72,0.17,209.41,9
MED0471,Streptokinase 20mg Suspension,Gastrointestinal,Biocon,No,2026-04,0,1447,1356,314.1,1356,0,No,91,10,350.72,0.17,209.41,9
MED0471,Streptokinase 20mg Suspension,Gastrointestinal,Biocon,No,2026-05,91,0,1307,350.8,91,1216,Yes,0,10,350.72,0.17,209.41,9
MED0471,Streptokinase 20mg Suspension,Gastrointestinal,Biocon,No,2026-06,0,0,1293,450.5,0,1293,Yes,0,10,350.72,0.17,209.41,9
MED0471,Streptokinase 20mg Suspension,Gastrointestinal,Biocon,No,2026-07,0,1465,1403,293.4,1403,0,No,62,10,350.72,0.17,209.41,9
MED0472,Ampicillin 20mg Inhaler,Vitamin/Supplement,Lupin,No,2025-08,375,1569,2222,506.5,1944,278,Yes,0,3,420.59,0.14,102.88,6
MED0472,Ampicillin 20mg Inhaler,Vitamin/Supplement,Lupin,No,2025-09,0,1876,2184,440.9,1876,308,Yes,0,3,420.59,0.14,102.88,6
MED0472,Ampicillin 20mg Inhaler,Vitamin/Supplement,Lupin,No,2025-10,0,1529,1715,310.4,1529,186,Yes,0,3,420.59,0.14,102.88,6
MED0472,Ampicillin 20mg Inhaler,Vitamin/Supplement,Lupin,No,2025-11,0,1281,1774,308.2,1281,493,Yes,0,3,420.59,0.14,102.88,6
MED0472,Ampicillin 20mg Inhaler,Vitamin/Supplement,Lupin,No,2025-12,0,1581,2016,388.6,1581,435,Yes,0,3,420.59,0.14,102.88,6
MED0472,Ampicillin 20mg Inhaler,Vitamin/Supplement,Lupin,No,2026-01,0,0,1967,530.3,0,1967,Yes,0,3,420.59,0.14,102.88,6
MED0472,Ampicillin 20mg Inhaler,Vitamin/Supplement,Lupin,No,2026-02,0,2070,1948,410.1,1948,0,No,122,3,420.59,0.14,102.88,6
MED0472,Ampicillin 20mg Inhaler,Vitamin/Supplement,Lupin,No,2026-03,122,1797,2063,569.7,1919,144,Yes,0,3,420.59,0.14,102.88,6
MED0472,Ampicillin 20mg Inhaler,Vitamin/Supplement,Lupin,No,2026-04,0,1647,1834,473.4,1647,187,Yes,0,3,420.59,0.14,102.88,6
MED0472,Ampicillin 20mg Inhaler,Vitamin/Supplement,Lupin,No,2026-05,0,1679,2182,368.3,1679,503,Yes,0,3,420.59,0.14,102.88,6
MED0472,Ampicillin 20mg Inhaler,Vitamin/Supplement,Lupin,No,2026-06,0,1618,2174,486.2,1618,556,Yes,0,3,420.59,0.14,102.88,6
MED0472,Ampicillin 20mg Inhaler,Vitamin/Supplement,Lupin,No,2026-07,0,2497,1934,419.8,1934,0,No,563,3,420.59,0.14,102.88,6
MED0473,Measles Vaccine 10ml Ointment,Antidiabetic,Glenmark,Yes,2025-08,611,2036,2543,653.8,2543,0,No,104,7,714.54,0.23,127.98,6
MED0473,Measles Vaccine 10ml Ointment,Antidiabetic,Glenmark,Yes,2025-09,104,0,2339,562.6,104,2235,Yes,0,7,714.54,0.23,127.98,6
MED0473,Measles Vaccine 10ml Ointment,Antidiabetic,Glenmark,Yes,2025-10,0,1344,1492,303.9,1344,148,Yes,0,7,714.54,0.23,127.98,6
MED0473,Measles Vaccine 10ml Ointment,Antidiabetic,Glenmark,Yes,2025-11,0,1045,1408,258.1,1045,363,Yes,0,7,714.54,0.23,127.98,6
MED0473,Measles Vaccine 10ml Ointment,Antidiabetic,Glenmark,Yes,2025-12,0,1347,1481,281,1347,134,Yes,0,7,714.54,0.23,127.98,6
MED0473,Measles Vaccine 10ml Ointment,Antidiabetic,Glenmark,Yes,2026-01,0,1464,1214,252.8,1214,0,No,250,7,714.54,0.23,127.98,6
MED0473,Measles Vaccine 10ml Ointment,Antidiabetic,Glenmark,Yes,2026-02,250,1091,1336,265.1,1336,0,No,5,7,714.54,0.23,127.98,6
MED0473,Measles Vaccine 10ml Ointment,Antidiabetic,Glenmark,Yes,2026-03,5,1928,1913,323.1,1913,0,No,20,7,714.54,0.23,127.98,6
MED0473,Measles Vaccine 10ml Ointment,Antidiabetic,Glenmark,Yes,2026-04,20,1946,2344,655.9,1966,378,Yes,0,7,714.54,0.23,127.98,6
MED0473,Measles Vaccine 10ml Ointment,Antidiabetic,Glenmark,Yes,2026-05,0,0,3315,823.5,0,3315,Yes,0,7,714.54,0.23,127.98,6
MED0473,Measles Vaccine 10ml Ointment,Antidiabetic,Glenmark,Yes,2026-06,0,0,3712,1050.9,0,3712,Yes,0,7,714.54,0.23,127.98,6
MED0473,Measles Vaccine 10ml Ointment,Antidiabetic,Glenmark,Yes,2026-07,0,2519,2908,623.8,2519,389,Yes,0,7,714.54,0.23,127.98,6
MED0474,Hydrocortisone 20mg Tablet,Neuro/Psychiatric,Lupin,No,2025-08,226,588,691,179.9,691,0,No,123,4,263.19,0.22,139.92,9
MED0474,Hydrocortisone 20mg Tablet,Neuro/Psychiatric,Lupin,No,2025-09,123,737,664,118.9,664,0,No,196,4,263.19,0.22,139.92,9
MED0474,Hydrocortisone 20mg Tablet,Neuro/Psychiatric,Lupin,No,2025-10,196,1067,890,192.7,890,0,No,373,4,263.19,0.22,139.92,9
MED0474,Hydrocortisone 20mg Tablet,Neuro/Psychiatric,Lupin,No,2025-11,373,0,1176,272.8,373,803,Yes,0,4,263.19,0.22,139.92,9
MED0474,Hydrocortisone 20mg Tablet,Neuro/Psychiatric,Lupin,No,2025-12,0,0,1371,420.6,0,1371,Yes,0,4,263.19,0.22,139.92,9
MED0474,Hydrocortisone 20mg Tablet,Neuro/Psychiatric,Lupin,No,2026-01,0,1628,1416,379,1416,0,No,212,4,263.19,0.22,139.92,9
MED0474,Hydrocortisone 20mg Tablet,Neuro/Psychiatric,Lupin,No,2026-02,212,941,1109,316.5,1109,0,No,44,4,263.19,0.22,139.92,9
MED0474,Hydrocortisone 20mg Tablet,Neuro/Psychiatric,Lupin,No,2026-03,44,774,835,248.3,818,17,Yes,0,4,263.19,0.22,139.92,9
MED0474,Hydrocortisone 20mg Tablet,Neuro/Psychiatric,Lupin,No,2026-04,0,713,563,195.7,563,0,No,150,4,263.19,0.22,139.92,9
MED0474,Hydrocortisone 20mg Tablet,Neuro/Psychiatric,Lupin,No,2026-05,150,0,499,109,150,349,Yes,0,4,263.19,0.22,139.92,9
MED0474,Hydrocortisone 20mg Tablet,Neuro/Psychiatric,Lupin,No,2026-06,0,506,624,203.5,506,118,Yes,0,4,263.19,0.22,139.92,9
MED0474,Hydrocortisone 20mg Tablet,Neuro/Psychiatric,Lupin,No,2026-07,0,601,539,144.3,539,0,No,62,4,263.19,0.22,139.92,9
MED0475,Amoxicillin 10mg Capsule,Respiratory,Torrent,Yes,2025-08,192,2199,2306,355.8,2306,0,No,85,2,345.88,0.13,335.72,36
MED0475,Amoxicillin 10mg Capsule,Respiratory,Torrent,Yes,2025-09,85,1912,2229,620.5,1997,232,Yes,0,2,345.88,0.13,335.72,36
MED0475,Amoxicillin 10mg Capsule,Respiratory,Torrent,Yes,2025-10,0,2248,1776,272.2,1776,0,No,472,2,345.88,0.13,335.72,36
MED0475,Amoxicillin 10mg Capsule,Respiratory,Torrent,Yes,2025-11,472,1740,1450,372,1450,0,No,762,2,345.88,0.13,335.72,36
MED0475,Amoxicillin 10mg Capsule,Respiratory,Torrent,Yes,2025-12,762,931,1172,234,1172,0,No,521,2,345.88,0.13,335.72,36
MED0475,Amoxicillin 10mg Capsule,Respiratory,Torrent,Yes,2026-01,521,1716,1349,364.8,1349,0,No,888,2,345.88,0.13,335.72,36
MED0475,Amoxicillin 10mg Capsule,Respiratory,Torrent,Yes,2026-02,888,1278,1273,192.5,1273,0,No,893,2,345.88,0.13,335.72,36
MED0475,Amoxicillin 10mg Capsule,Respiratory,Torrent,Yes,2026-03,893,1544,1770,287.4,1770,0,No,667,2,345.88,0.13,335.72,36
MED0475,Amoxicillin 10mg Capsule,Respiratory,Torrent,Yes,2026-04,667,2187,2399,466.5,2399,0,No,455,2,345.88,0.13,335.72,36
MED0475,Amoxicillin 10mg Capsule,Respiratory,Torrent,Yes,2026-05,455,3313,3172,1096.7,3172,0,No,596,2,345.88,0.13,335.72,36
MED0475,Amoxicillin 10mg Capsule,Respiratory,Torrent,Yes,2026-06,596,3505,3625,1262.4,3625,0,No,476,2,345.88,0.13,335.72,36
MED0475,Amoxicillin 10mg Capsule,Respiratory,Torrent,Yes,2026-07,476,3260,2928,795.6,2928,0,No,808,2,345.88,0.13,335.72,36
MED0476,Tetanus Toxoid 1mg Inhaler,Neuro/Psychiatric,Alkem,Yes,2025-08,107,822,1170,228.7,929,241,Yes,0,2,736.95,0.28,108.91,6
MED0476,Tetanus Toxoid 1mg Inhaler,Neuro/Psychiatric,Alkem,Yes,2025-09,0,0,1370,286.6,0,1370,Yes,0,2,736.95,0.28,108.91,6
MED0476,Tetanus Toxoid 1mg Inhaler,Neuro/Psychiatric,Alkem,Yes,2025-10,0,847,1077,281.3,847,230,Yes,0,2,736.95,0.28,108.91,6
MED0476,Tetanus Toxoid 1mg Inhaler,Neuro/Psychiatric,Alkem,Yes,2025-11,0,948,1082,257.1,948,134,Yes,0,2,736.95,0.28,108.91,6
MED0476,Tetanus Toxoid 1mg Inhaler,Neuro/Psychiatric,Alkem,Yes,2025-12,0,1445,1157,271.8,1157,0,No,288,2,736.95,0.28,108.91,6
MED0476,Tetanus Toxoid 1mg Inhaler,Neuro/Psychiatric,Alkem,Yes,2026-01,288,1272,1060,208.7,1060,0,No,500,2,736.95,0.28,108.91,6
MED0476,Tetanus Toxoid 1mg Inhaler,Neuro/Psychiatric,Alkem,Yes,2026-02,500,937,1086,374.4,1086,0,No,351,2,736.95,0.28,108.91,6
MED0476,Tetanus Toxoid 1mg Inhaler,Neuro/Psychiatric,Alkem,Yes,2026-03,351,1061,1213,254,1213,0,No,199,2,736.95,0.28,108.91,6
MED0476,Tetanus Toxoid 1mg Inhaler,Neuro/Psychiatric,Alkem,Yes,2026-04,199,1144,1259,396.8,1259,0,No,84,2,736.95,0.28,108.91,6
MED0476,Tetanus Toxoid 1mg Inhaler,Neuro/Psychiatric,Alkem,Yes,2026-05,84,1091,1218,339.7,1175,43,Yes,0,2,736.95,0.28,108.91,6
MED0476,Tetanus Toxoid 1mg Inhaler,Neuro/Psychiatric,Alkem,Yes,2026-06,0,1007,1261,287.3,1007,254,Yes,0,2,736.95,0.28,108.91,6
MED0476,Tetanus Toxoid 1mg Inhaler,Neuro/Psychiatric,Alkem,Yes,2026-07,0,1190,1140,268.1,1140,0,No,50,2,736.95,0.28,108.91,6
MED0477,Ranitidine Syrup 5ml Ointment,Antibiotic,Mankind,No,2025-08,1067,2442,2304,557.6,2304,0,No,1205,4,324.67,0.28,130.6,9
MED0477,Ranitidine Syrup 5ml Ointment,Antibiotic,Mankind,No,2025-09,1205,3297,3039,967.3,3039,0,No,1463,4,324.67,0.28,130.6,9
MED0477,Ranitidine Syrup 5ml Ointment,Antibiotic,Mankind,No,2025-10,1463,4648,3710,841.2,3710,0,No,2401,4,324.67,0.28,130.6,9
MED0477,Ranitidine Syrup 5ml Ointment,Antibiotic,Mankind,No,2025-11,2401,3372,4240,1254.3,4240,0,No,1533,4,324.67,0.28,130.6,9
MED0477,Ranitidine Syrup 5ml Ointment,Antibiotic,Mankind,No,2025-12,1533,6567,5367,1015.9,5367,0,No,2733,4,324.67,0.28,130.6,9
MED0477,Ranitidine Syrup 5ml Ointment,Antibiotic,Mankind,No,2026-01,2733,4374,4868,759.8,4868,0,No,2239,4,324.67,0.28,130.6,9
MED0477,Ranitidine Syrup 5ml Ointment,Antibiotic,Mankind,No,2026-02,2239,0,4465,1032,2239,2226,Yes,0,4,324.67,0.28,130.6,9
MED0477,Ranitidine Syrup 5ml Ointment,Antibiotic,Mankind,No,2026-03,0,2658,2782,917.2,2658,124,Yes,0,4,324.67,0.28,130.6,9
MED0477,Ranitidine Syrup 5ml Ointment,Antibiotic,Mankind,No,2026-04,0,0,2986,941.6,0,2986,Yes,0,4,324.67,0.28,130.6,9
MED0477,Ranitidine Syrup 5ml Ointment,Antibiotic,Mankind,No,2026-05,0,2653,2294,679.1,2294,0,No,359,4,324.67,0.28,130.6,9
MED0477,Ranitidine Syrup 5ml Ointment,Antibiotic,Mankind,No,2026-06,359,2459,2259,418.3,2259,0,No,559,4,324.67,0.28,130.6,9
MED0477,Ranitidine Syrup 5ml Ointment,Antibiotic,Mankind,No,2026-07,559,0,2532,415.5,559,1973,Yes,0,4,324.67,0.28,130.6,9
MED0478,Amitriptyline 250mg Drops,Dermatological,Mankind,Yes,2025-08,1493,1549,1638,342.2,1638,0,No,1404,10,83.23,0.23,321.17,18
MED0478,Amitriptyline 250mg Drops,Dermatological,Mankind,Yes,2025-09,1404,1608,1655,402.9,1655,0,No,1357,10,83.23,0.23,321.17,18
MED0478,Amitriptyline 250mg Drops,Dermatological,Mankind,Yes,2025-10,1357,1580,2060,426.3,2060,0,No,877,10,83.23,0.23,321.17,18
MED0478,Amitriptyline 250mg Drops,Dermatological,Mankind,Yes,2025-11,877,1865,1770,527.8,1770,0,No,972,10,83.23,0.23,321.17,18
MED0478,Amitriptyline 250mg Drops,Dermatological,Mankind,Yes,2025-12,972,1811,1639,279.5,1639,0,No,1144,10,83.23,0.23,321.17,18
MED0478,Amitriptyline 250mg Drops,Dermatological,Mankind,Yes,2026-01,1144,1248,1617,539.4,1617,0,No,775,10,83.23,0.23,321.17,18
MED0478,Amitriptyline 250mg Drops,Dermatological,Mankind,Yes,2026-02,775,0,1666,306.4,775,891,Yes,0,10,83.23,0.23,321.17,18
MED0478,Amitriptyline 250mg Drops,Dermatological,Mankind,Yes,2026-03,0,2531,1993,496.5,1993,0,No,538,10,83.23,0.23,321.17,18
MED0478,Amitriptyline 250mg Drops,Dermatological,Mankind,Yes,2026-04,538,1483,1759,322.6,1759,0,No,262,10,83.23,0.23,321.17,18
MED0478,Amitriptyline 250mg Drops,Dermatological,Mankind,Yes,2026-05,262,2014,1829,381,1829,0,No,447,10,83.23,0.23,321.17,18
MED0478,Amitriptyline 250mg Drops,Dermatological,Mankind,Yes,2026-06,447,1525,1982,578.8,1972,10,Yes,0,10,83.23,0.23,321.17,18
MED0478,Amitriptyline 250mg Drops,Dermatological,Mankind,Yes,2026-07,0,0,1853,351.7,0,1853,Yes,0,10,83.23,0.23,321.17,18
MED0479,Doxycycline 1mg Ointment,Analgesic,Lupin,Yes,2025-08,150,768,597,179.8,597,0,No,321,4,459.88,0.2,199.11,36
MED0479,Doxycycline 1mg Ointment,Analgesic,Lupin,Yes,2025-09,321,703,678,109.5,678,0,No,346,4,459.88,0.2,199.11,36
MED0479,Doxycycline 1mg Ointment,Analgesic,Lupin,Yes,2025-10,346,613,666,166.2,666,0,No,293,4,459.88,0.2,199.11,36
MED0479,Doxycycline 1mg Ointment,Analgesic,Lupin,Yes,2025-11,293,432,586,198.8,586,0,No,139,4,459.88,0.2,199.11,36
MED0479,Doxycycline 1mg Ointment,Analgesic,Lupin,Yes,2025-12,139,661,567,182.3,567,0,No,233,4,459.88,0.2,199.11,36
MED0479,Doxycycline 1mg Ointment,Analgesic,Lupin,Yes,2026-01,233,554,688,216.5,688,0,No,99,4,459.88,0.2,199.11,36
MED0479,Doxycycline 1mg Ointment,Analgesic,Lupin,Yes,2026-02,99,582,563,149.1,563,0,No,118,4,459.88,0.2,199.11,36
MED0479,Doxycycline 1mg Ointment,Analgesic,Lupin,Yes,2026-03,118,0,629,170.1,118,511,Yes,0,4,459.88,0.2,199.11,36
MED0479,Doxycycline 1mg Ointment,Analgesic,Lupin,Yes,2026-04,0,590,541,159.2,541,0,No,49,4,459.88,0.2,199.11,36
MED0479,Doxycycline 1mg Ointment,Analgesic,Lupin,Yes,2026-05,49,604,638,221,638,0,No,15,4,459.88,0.2,199.11,36
MED0479,Doxycycline 1mg Ointment,Analgesic,Lupin,Yes,2026-06,15,743,652,113.1,652,0,No,106,4,459.88,0.2,199.11,36
MED0479,Doxycycline 1mg Ointment,Analgesic,Lupin,Yes,2026-07,106,771,653,161.2,653,0,No,224,4,459.88,0.2,199.11,36
MED0480,Propranolol 500mg Suspension,Cardiac,Sun Pharma,No,2025-08,164,742,1025,279.1,906,119,Yes,0,3,132.36,0.14,153.43,18
MED0480,Propranolol 500mg Suspension,Cardiac,Sun Pharma,No,2025-09,0,955,914,299.6,914,0,No,41,3,132.36,0.14,153.43,18
MED0480,Propranolol 500mg Suspension,Cardiac,Sun Pharma,No,2025-10,41,1258,1158,323.6,1158,0,No,141,3,132.36,0.14,153.43,18
MED0480,Propranolol 500mg Suspension,Cardiac,Sun Pharma,No,2025-11,141,1286,1433,455.3,1427,6,Yes,0,3,132.36,0.14,153.43,18
MED0480,Propranolol 500mg Suspension,Cardiac,Sun Pharma,No,2025-12,0,1535,2057,509,1535,522,Yes,0,3,132.36,0.14,153.43,18
MED0480,Propranolol 500mg Suspension,Cardiac,Sun Pharma,No,2026-01,0,2304,2108,680.9,2108,0,No,196,3,132.36,0.14,153.43,18
MED0480,Propranolol 500mg Suspension,Cardiac,Sun Pharma,No,2026-02,196,1772,1461,246.6,1461,0,No,507,3,132.36,0.14,153.43,18
MED0480,Propranolol 500mg Suspension,Cardiac,Sun Pharma,No,2026-03,507,1391,1332,264.1,1332,0,No,566,3,132.36,0.14,153.43,18
MED0480,Propranolol 500mg Suspension,Cardiac,Sun Pharma,No,2026-04,566,696,804,207.9,804,0,No,458,3,132.36,0.14,153.43,18
MED0480,Propranolol 500mg Suspension,Cardiac,Sun Pharma,No,2026-05,458,0,916,180.7,458,458,Yes,0,3,132.36,0.14,153.43,18
MED0480,Propranolol 500mg Suspension,Cardiac,Sun Pharma,No,2026-06,0,865,735,233.3,735,0,No,130,3,132.36,0.14,153.43,18
MED0480,Propranolol 500mg Suspension,Cardiac,Sun Pharma,No,2026-07,130,844,885,217.8,885,0,No,89,3,132.36,0.14,153.43,18
MED0481,Gentamicin 10mg Suspension,Neuro/Psychiatric,Intas,No,2025-08,1784,4241,3422,948.8,3422,0,No,2603,10,793.3,0.15,254.45,6
MED0481,Gentamicin 10mg Suspension,Neuro/Psychiatric,Intas,No,2025-09,2603,2900,3120,845,3120,0,No,2383,10,793.3,0.15,254.45,6
MED0481,Gentamicin 10mg Suspension,Neuro/Psychiatric,Intas,No,2025-10,2383,2216,1928,341,1928,0,No,2671,10,793.3,0.15,254.45,6
MED0481,Gentamicin 10mg Suspension,Neuro/Psychiatric,Intas,No,2025-11,2671,0,1640,517.7,1640,0,No,1031,10,793.3,0.15,254.45,6
MED0481,Gentamicin 10mg Suspension,Neuro/Psychiatric,Intas,No,2025-12,1031,1396,1512,489.3,1512,0,No,915,10,793.3,0.15,254.45,6
MED0481,Gentamicin 10mg Suspension,Neuro/Psychiatric,Intas,No,2026-01,915,1593,1565,368.5,1565,0,No,943,10,793.3,0.15,254.45,6
MED0481,Gentamicin 10mg Suspension,Neuro/Psychiatric,Intas,No,2026-02,943,1620,1573,260.7,1573,0,No,990,10,793.3,0.15,254.45,6
MED0481,Gentamicin 10mg Suspension,Neuro/Psychiatric,Intas,No,2026-03,990,2058,1757,508,1757,0,No,1291,10,793.3,0.15,254.45,6
MED0481,Gentamicin 10mg Suspension,Neuro/Psychiatric,Intas,No,2026-04,1291,0,1780,561,1291,489,Yes,0,10,793.3,0.15,254.45,6
MED0481,Gentamicin 10mg Suspension,Neuro/Psychiatric,Intas,No,2026-05,0,0,2519,822.6,0,2519,Yes,0,10,793.3,0.15,254.45,6
MED0481,Gentamicin 10mg Suspension,Neuro/Psychiatric,Intas,No,2026-06,0,3565,4027,1247.3,3565,462,Yes,0,10,793.3,0.15,254.45,6
MED0481,Gentamicin 10mg Suspension,Neuro/Psychiatric,Intas,No,2026-07,0,4204,4013,1379.4,4013,0,No,191,10,793.3,0.15,254.45,6
MED0482,Nifedipine 250mg Syrup,Cardiac,Cadila,No,2025-08,128,1346,1043,315.7,1043,0,No,431,3,685.75,0.25,178.99,18
MED0482,Nifedipine 250mg Syrup,Cardiac,Cadila,No,2025-09,431,0,1140,288.8,431,709,Yes,0,3,685.75,0.25,178.99,18
MED0482,Nifedipine 250mg Syrup,Cardiac,Cadila,No,2025-10,0,1214,1296,239.6,1214,82,Yes,0,3,685.75,0.25,178.99,18
MED0482,Nifedipine 250mg Syrup,Cardiac,Cadila,No,2025-11,0,880,1111,309.6,880,231,Yes,0,3,685.75,0.25,178.99,18
MED0482,Nifedipine 250mg Syrup,Cardiac,Cadila,No,2025-12,0,910,1139,350.9,910,229,Yes,0,3,685.75,0.25,178.99,18
MED0482,Nifedipine 250mg Syrup,Cardiac,Cadila,No,2026-01,0,0,1076,207.1,0,1076,Yes,0,3,685.75,0.25,178.99,18
MED0482,Nifedipine 250mg Syrup,Cardiac,Cadila,No,2026-02,0,0,1098,283.5,0,1098,Yes,0,3,685.75,0.25,178.99,18
MED0482,Nifedipine 250mg Syrup,Cardiac,Cadila,No,2026-03,0,1407,1175,409.6,1175,0,No,232,3,685.75,0.25,178.99,18
MED0482,Nifedipine 250mg Syrup,Cardiac,Cadila,No,2026-04,232,777,1060,163.8,1009,51,Yes,0,3,685.75,0.25,178.99,18
MED0482,Nifedipine 250mg Syrup,Cardiac,Cadila,No,2026-05,0,1247,1039,269,1039,0,No,208,3,685.75,0.25,178.99,18
MED0482,Nifedipine 250mg Syrup,Cardiac,Cadila,No,2026-06,208,1026,1234,371.6,1234,0,No,0,3,685.75,0.25,178.99,18
MED0482,Nifedipine 250mg Syrup,Cardiac,Cadila,No,2026-07,0,941,1218,269.2,941,277,Yes,0,3,685.75,0.25,178.99,18
MED0483,Povidone Iodine 10ml Syrup,Neuro/Psychiatric,Torrent,No,2025-08,1337,0,2226,353.3,1337,889,Yes,0,10,217.51,0.12,90.39,9
MED0483,Povidone Iodine 10ml Syrup,Neuro/Psychiatric,Torrent,No,2025-09,0,2047,1729,408.2,1729,0,No,318,10,217.51,0.12,90.39,9
MED0483,Povidone Iodine 10ml Syrup,Neuro/Psychiatric,Torrent,No,2025-10,318,1773,1934,477.5,1934,0,No,157,10,217.51,0.12,90.39,9
MED0483,Povidone Iodine 10ml Syrup,Neuro/Psychiatric,Torrent,No,2025-11,157,1320,1864,561.8,1477,387,Yes,0,10,217.51,0.12,90.39,9
MED0483,Povidone Iodine 10ml Syrup,Neuro/Psychiatric,Torrent,No,2025-12,0,1523,1741,335.4,1523,218,Yes,0,10,217.51,0.12,90.39,9
MED0483,Povidone Iodine 10ml Syrup,Neuro/Psychiatric,Torrent,No,2026-01,0,2125,2048,646.4,2048,0,No,77,10,217.51,0.12,90.39,9
MED0483,Povidone Iodine 10ml Syrup,Neuro/Psychiatric,Torrent,No,2026-02,77,2314,1872,470.2,1872,0,No,519,10,217.51,0.12,90.39,9
MED0483,Povidone Iodine 10ml Syrup,Neuro/Psychiatric,Torrent,No,2026-03,519,1656,1769,296.1,1769,0,No,406,10,217.51,0.12,90.39,9
MED0483,Povidone Iodine 10ml Syrup,Neuro/Psychiatric,Torrent,No,2026-04,406,1542,1752,303.8,1752,0,No,196,10,217.51,0.12,90.39,9
MED0483,Povidone Iodine 10ml Syrup,Neuro/Psychiatric,Torrent,No,2026-05,196,2413,2240,517.8,2240,0,No,369,10,217.51,0.12,90.39,9
MED0483,Povidone Iodine 10ml Syrup,Neuro/Psychiatric,Torrent,No,2026-06,369,1749,1800,447.9,1800,0,No,318,10,217.51,0.12,90.39,9
MED0483,Povidone Iodine 10ml Syrup,Neuro/Psychiatric,Torrent,No,2026-07,318,2494,2123,410.4,2123,0,No,689,10,217.51,0.12,90.39,9
MED0484,Snake Antivenom 100mg Capsule,Antibiotic,Intas,Yes,2025-08,164,308,298,61.4,298,0,No,174,10,188.41,0.22,165.61,36
MED0484,Snake Antivenom 100mg Capsule,Antibiotic,Intas,Yes,2025-09,174,0,285,94.9,174,111,Yes,0,10,188.41,0.22,165.61,36
MED0484,Snake Antivenom 100mg Capsule,Antibiotic,Intas,Yes,2025-10,0,370,308,52.9,308,0,No,62,10,188.41,0.22,165.61,36
MED0484,Snake Antivenom 100mg Capsule,Antibiotic,Intas,Yes,2025-11,62,402,341,66.7,341,0,No,123,10,188.41,0.22,165.61,36
MED0484,Snake Antivenom 100mg Capsule,Antibiotic,Intas,Yes,2025-12,123,355,355,113.4,355,0,No,123,10,188.41,0.22,165.61,36
MED0484,Snake Antivenom 100mg Capsule,Antibiotic,Intas,Yes,2026-01,123,391,317,61.7,317,0,No,197,10,188.41,0.22,165.61,36
MED0484,Snake Antivenom 100mg Capsule,Antibiotic,Intas,Yes,2026-02,197,378,339,113.2,339,0,No,236,10,188.41,0.22,165.61,36
MED0484,Snake Antivenom 100mg Capsule,Antibiotic,Intas,Yes,2026-03,236,286,344,97.7,344,0,No,178,10,188.41,0.22,165.61,36
MED0484,Snake Antivenom 100mg Capsule,Antibiotic,Intas,Yes,2026-04,178,0,294,101.6,178,116,Yes,0,10,188.41,0.22,165.61,36
MED0484,Snake Antivenom 100mg Capsule,Antibiotic,Intas,Yes,2026-05,0,381,326,76.6,326,0,No,55,10,188.41,0.22,165.61,36
MED0484,Snake Antivenom 100mg Capsule,Antibiotic,Intas,Yes,2026-06,55,367,354,117.2,354,0,No,68,10,188.41,0.22,165.61,36
MED0484,Snake Antivenom 100mg Capsule,Antibiotic,Intas,Yes,2026-07,68,416,368,128.3,368,0,No,116,10,188.41,0.22,165.61,36
MED0485,Chlorhexidine 500mg Syrup,Neuro/Psychiatric,Lupin,No,2025-08,131,1061,925,291.4,925,0,No,267,3,67.63,0.24,235.35,6
MED0485,Chlorhexidine 500mg Syrup,Neuro/Psychiatric,Lupin,No,2025-09,267,978,1008,280.2,1008,0,No,237,3,67.63,0.24,235.35,6
MED0485,Chlorhexidine 500mg Syrup,Neuro/Psychiatric,Lupin,No,2025-10,237,1089,1041,346.4,1041,0,No,285,3,67.63,0.24,235.35,6
MED0485,Chlorhexidine 500mg Syrup,Neuro/Psychiatric,Lupin,No,2025-11,285,1297,1034,292.2,1034,0,No,548,3,67.63,0.24,235.35,6
MED0485,Chlorhexidine 500mg Syrup,Neuro/Psychiatric,Lupin,No,2025-12,548,875,950,184.4,950,0,No,473,3,67.63,0.24,235.35,6
MED0485,Chlorhexidine 500mg Syrup,Neuro/Psychiatric,Lupin,No,2026-01,473,705,971,243.4,971,0,No,207,3,67.63,0.24,235.35,6
MED0485,Chlorhexidine 500mg Syrup,Neuro/Psychiatric,Lupin,No,2026-02,207,729,1012,315.6,936,76,Yes,0,3,67.63,0.24,235.35,6
MED0485,Chlorhexidine 500mg Syrup,Neuro/Psychiatric,Lupin,No,2026-03,0,1207,1009,280.3,1009,0,No,198,3,67.63,0.24,235.35,6
MED0485,Chlorhexidine 500mg Syrup,Neuro/Psychiatric,Lupin,No,2026-04,198,1063,1137,277.7,1137,0,No,124,3,67.63,0.24,235.35,6
MED0485,Chlorhexidine 500mg Syrup,Neuro/Psychiatric,Lupin,No,2026-05,124,895,994,280.6,994,0,No,25,3,67.63,0.24,235.35,6
MED0485,Chlorhexidine 500mg Syrup,Neuro/Psychiatric,Lupin,No,2026-06,25,1158,1029,236.3,1029,0,No,154,3,67.63,0.24,235.35,6
MED0485,Chlorhexidine 500mg Syrup,Neuro/Psychiatric,Lupin,No,2026-07,154,1037,1129,268.9,1129,0,No,62,3,67.63,0.24,235.35,6
MED0486,Clopidogrel 250mg Inhaler,Antibiotic,Intas,No,2025-08,299,566,551,112.2,551,0,No,314,10,302.96,0.13,146.09,18
MED0486,Clopidogrel 250mg Inhaler,Antibiotic,Intas,No,2025-09,314,814,681,156,681,0,No,447,10,302.96,0.13,146.09,18
MED0486,Clopidogrel 250mg Inhaler,Antibiotic,Intas,No,2025-10,447,763,721,234.5,721,0,No,489,10,302.96,0.13,146.09,18
MED0486,Clopidogrel 250mg Inhaler,Antibiotic,Intas,No,2025-11,489,561,559,164.6,559,0,No,491,10,302.96,0.13,146.09,18
MED0486,Clopidogrel 250mg Inhaler,Antibiotic,Intas,No,2025-12,491,625,666,159,666,0,No,450,10,302.96,0.13,146.09,18
MED0486,Clopidogrel 250mg Inhaler,Antibiotic,Intas,No,2026-01,450,786,671,218.3,671,0,No,565,10,302.96,0.13,146.09,18
MED0486,Clopidogrel 250mg Inhaler,Antibiotic,Intas,No,2026-02,565,663,538,178.8,538,0,No,690,10,302.96,0.13,146.09,18
MED0486,Clopidogrel 250mg Inhaler,Antibiotic,Intas,No,2026-03,690,620,572,136.1,572,0,No,738,10,302.96,0.13,146.09,18
MED0486,Clopidogrel 250mg Inhaler,Antibiotic,Intas,No,2026-04,738,531,614,175.4,614,0,No,655,10,302.96,0.13,146.09,18
MED0486,Clopidogrel 250mg Inhaler,Antibiotic,Intas,No,2026-05,655,461,657,125.4,657,0,No,459,10,302.96,0.13,146.09,18
MED0486,Clopidogrel 250mg Inhaler,Antibiotic,Intas,No,2026-06,459,645,639,147.1,639,0,No,465,10,302.96,0.13,146.09,18
MED0486,Clopidogrel 250mg Inhaler,Antibiotic,Intas,No,2026-07,465,742,657,225.4,657,0,No,550,10,302.96,0.13,146.09,18
MED0487,Chlorpheniramine 1mg Drops,Antidiabetic,Sun Pharma,No,2025-08,85,876,725,113.5,725,0,No,236,2,96.74,0.21,327.92,24
MED0487,Chlorpheniramine 1mg Drops,Antidiabetic,Sun Pharma,No,2025-09,236,625,723,175.2,723,0,No,138,2,96.74,0.21,327.92,24
MED0487,Chlorpheniramine 1mg Drops,Antidiabetic,Sun Pharma,No,2025-10,138,692,651,177.6,651,0,No,179,2,96.74,0.21,327.92,24
MED0487,Chlorpheniramine 1mg Drops,Antidiabetic,Sun Pharma,No,2025-11,179,883,760,235.4,760,0,No,302,2,96.74,0.21,327.92,24
MED0487,Chlorpheniramine 1mg Drops,Antidiabetic,Sun Pharma,No,2025-12,302,548,749,165.4,749,0,No,101,2,96.74,0.21,327.92,24
MED0487,Chlorpheniramine 1mg Drops,Antidiabetic,Sun Pharma,No,2026-01,101,473,671,157,574,97,Yes,0,2,96.74,0.21,327.92,24
MED0487,Chlorpheniramine 1mg Drops,Antidiabetic,Sun Pharma,No,2026-02,0,762,799,209.1,762,37,Yes,0,2,96.74,0.21,327.92,24
MED0487,Chlorpheniramine 1mg Drops,Antidiabetic,Sun Pharma,No,2026-03,0,0,754,137.5,0,754,Yes,0,2,96.74,0.21,327.92,24
MED0487,Chlorpheniramine 1mg Drops,Antidiabetic,Sun Pharma,No,2026-04,0,693,702,204.9,693,9,Yes,0,2,96.74,0.21,327.92,24
MED0487,Chlorpheniramine 1mg Drops,Antidiabetic,Sun Pharma,No,2026-05,0,580,766,200.6,580,186,Yes,0,2,96.74,0.21,327.92,24
MED0487,Chlorpheniramine 1mg Drops,Antidiabetic,Sun Pharma,No,2026-06,0,820,839,226.5,820,19,Yes,0,2,96.74,0.21,327.92,24
MED0487,Chlorpheniramine 1mg Drops,Antidiabetic,Sun Pharma,No,2026-07,0,0,807,215.4,0,807,Yes,0,2,96.74,0.21,327.92,24
MED0488,Ivermectin 1g Syrup,Emergency/Critical Care,Dr Reddy's,No,2025-08,1209,0,1672,296.9,1209,463,Yes,0,7,400.28,0.14,220.49,9
MED0488,Ivermectin 1g Syrup,Emergency/Critical Care,Dr Reddy's,No,2025-09,0,2512,2011,584.8,2011,0,No,501,7,400.28,0.14,220.49,9
MED0488,Ivermectin 1g Syrup,Emergency/Critical Care,Dr Reddy's,No,2025-10,501,2728,2119,555.7,2119,0,No,1110,7,400.28,0.14,220.49,9
MED0488,Ivermectin 1g Syrup,Emergency/Critical Care,Dr Reddy's,No,2025-11,1110,0,2723,929.3,1110,1613,Yes,0,7,400.28,0.14,220.49,9
MED0488,Ivermectin 1g Syrup,Emergency/Critical Care,Dr Reddy's,No,2025-12,0,2749,3833,1060.1,2749,1084,Yes,0,7,400.28,0.14,220.49,9
MED0488,Ivermectin 1g Syrup,Emergency/Critical Care,Dr Reddy's,No,2026-01,0,3499,3296,540.3,3296,0,No,203,7,400.28,0.14,220.49,9
MED0488,Ivermectin 1g Syrup,Emergency/Critical Care,Dr Reddy's,No,2026-02,203,0,3486,848.9,203,3283,Yes,0,7,400.28,0.14,220.49,9
MED0488,Ivermectin 1g Syrup,Emergency/Critical Care,Dr Reddy's,No,2026-03,0,2409,2026,307.2,2026,0,No,383,7,400.28,0.14,220.49,9
MED0488,Ivermectin 1g Syrup,Emergency/Critical Care,Dr Reddy's,No,2026-04,383,0,2041,474.4,383,1658,Yes,0,7,400.28,0.14,220.49,9
MED0488,Ivermectin 1g Syrup,Emergency/Critical Care,Dr Reddy's,No,2026-05,0,1089,1430,382.6,1089,341,Yes,0,7,400.28,0.14,220.49,9
MED0488,Ivermectin 1g Syrup,Emergency/Critical Care,Dr Reddy's,No,2026-06,0,1170,1377,399.8,1170,207,Yes,0,7,400.28,0.14,220.49,9
MED0488,Ivermectin 1g Syrup,Emergency/Critical Care,Dr Reddy's,No,2026-07,0,1494,1821,320.1,1494,327,Yes,0,7,400.28,0.14,220.49,9
MED0489,Budesonide 10mg Suspension,Emergency/Critical Care,Zydus,Yes,2025-08,596,1930,1736,325.6,1736,0,No,790,7,199.41,0.27,87.87,36
MED0489,Budesonide 10mg Suspension,Emergency/Critical Care,Zydus,Yes,2025-09,790,1384,1932,545.1,1932,0,No,242,7,199.41,0.27,87.87,36
MED0489,Budesonide 10mg Suspension,Emergency/Critical Care,Zydus,Yes,2025-10,242,0,2604,817.4,242,2362,Yes,0,7,199.41,0.27,87.87,36
MED0489,Budesonide 10mg Suspension,Emergency/Critical Care,Zydus,Yes,2025-11,0,3054,2918,808.3,2918,0,No,136,7,199.41,0.27,87.87,36
MED0489,Budesonide 10mg Suspension,Emergency/Critical Care,Zydus,Yes,2025-12,136,0,3684,706,136,3548,Yes,0,7,199.41,0.27,87.87,36
MED0489,Budesonide 10mg Suspension,Emergency/Critical Care,Zydus,Yes,2026-01,0,4773,4177,896,4177,0,No,596,7,199.41,0.27,87.87,36
MED0489,Budesonide 10mg Suspension,Emergency/Critical Care,Zydus,Yes,2026-02,596,3804,3418,701.6,3418,0,No,982,7,199.41,0.27,87.87,36
MED0489,Budesonide 10mg Suspension,Emergency/Critical Care,Zydus,Yes,2026-03,982,1797,2174,512,2174,0,No,605,7,199.41,0.27,87.87,36
MED0489,Budesonide 10mg Suspension,Emergency/Critical Care,Zydus,Yes,2026-04,605,1923,1806,507,1806,0,No,722,7,199.41,0.27,87.87,36
MED0489,Budesonide 10mg Suspension,Emergency/Critical Care,Zydus,Yes,2026-05,722,1649,1618,307.2,1618,0,No,753,7,199.41,0.27,87.87,36
MED0489,Budesonide 10mg Suspension,Emergency/Critical Care,Zydus,Yes,2026-06,753,2222,1730,485.8,1730,0,No,1245,7,199.41,0.27,87.87,36
MED0489,Budesonide 10mg Suspension,Emergency/Critical Care,Zydus,Yes,2026-07,1245,1262,1508,288.6,1508,0,No,999,7,199.41,0.27,87.87,36
MED0490,Diazepam 100mg Injection,Emergency/Critical Care,Zydus,No,2025-08,263,975,879,163,879,0,No,359,4,405.08,0.15,337.52,12
MED0490,Diazepam 100mg Injection,Emergency/Critical Care,Zydus,No,2025-09,359,1179,1135,351.5,1135,0,No,403,4,405.08,0.15,337.52,12
MED0490,Diazepam 100mg Injection,Emergency/Critical Care,Zydus,No,2025-10,403,853,876,185.8,876,0,No,380,4,405.08,0.15,337.52,12
MED0490,Diazepam 100mg Injection,Emergency/Critical Care,Zydus,No,2025-11,380,853,912,216.8,912,0,No,321,4,405.08,0.15,337.52,12
MED0490,Diazepam 100mg Injection,Emergency/Critical Care,Zydus,No,2025-12,321,1054,1016,223.4,1016,0,No,359,4,405.08,0.15,337.52,12
MED0490,Diazepam 100mg Injection,Emergency/Critical Care,Zydus,No,2026-01,359,1121,1124,339.6,1124,0,No,356,4,405.08,0.15,337.52,12
MED0490,Diazepam 100mg Injection,Emergency/Critical Care,Zydus,No,2026-02,356,668,867,236.4,867,0,No,157,4,405.08,0.15,337.52,12
MED0490,Diazepam 100mg Injection,Emergency/Critical Care,Zydus,No,2026-03,157,927,1003,298,1003,0,No,81,4,405.08,0.15,337.52,12
MED0490,Diazepam 100mg Injection,Emergency/Critical Care,Zydus,No,2026-04,81,811,1033,330.8,892,141,Yes,0,4,405.08,0.15,337.52,12
MED0490,Diazepam 100mg Injection,Emergency/Critical Care,Zydus,No,2026-05,0,855,953,314.3,855,98,Yes,0,4,405.08,0.15,337.52,12
MED0490,Diazepam 100mg Injection,Emergency/Critical Care,Zydus,No,2026-06,0,964,1009,322.3,964,45,Yes,0,4,405.08,0.15,337.52,12
MED0490,Diazepam 100mg Injection,Emergency/Critical Care,Zydus,No,2026-07,0,1462,1152,210,1152,0,No,310,4,405.08,0.15,337.52,12
MED0491,Ranitidine Syrup 1g Ointment,Antidiabetic,Dr Reddy's,No,2025-08,49,454,380,94.1,380,0,No,123,2,338.44,0.23,177.24,9
MED0491,Ranitidine Syrup 1g Ointment,Antidiabetic,Dr Reddy's,No,2025-09,123,467,465,122.7,465,0,No,125,2,338.44,0.23,177.24,9
MED0491,Ranitidine Syrup 1g Ointment,Antidiabetic,Dr Reddy's,No,2025-10,125,322,433,130.7,433,0,No,14,2,338.44,0.23,177.24,9
MED0491,Ranitidine Syrup 1g Ointment,Antidiabetic,Dr Reddy's,No,2025-11,14,316,401,110.2,330,71,Yes,0,2,338.44,0.23,177.24,9
MED0491,Ranitidine Syrup 1g Ointment,Antidiabetic,Dr Reddy's,No,2025-12,0,336,393,61.5,336,57,Yes,0,2,338.44,0.23,177.24,9
MED0491,Ranitidine Syrup 1g Ointment,Antidiabetic,Dr Reddy's,No,2026-01,0,264,372,107.8,264,108,Yes,0,2,338.44,0.23,177.24,9
MED0491,Ranitidine Syrup 1g Ointment,Antidiabetic,Dr Reddy's,No,2026-02,0,487,386,130.9,386,0,No,101,2,338.44,0.23,177.24,9
MED0491,Ranitidine Syrup 1g Ointment,Antidiabetic,Dr Reddy's,No,2026-03,101,293,391,75.7,391,0,No,3,2,338.44,0.23,177.24,9
MED0491,Ranitidine Syrup 1g Ointment,Antidiabetic,Dr Reddy's,No,2026-04,3,568,469,162.3,469,0,No,102,2,338.44,0.23,177.24,9
MED0491,Ranitidine Syrup 1g Ointment,Antidiabetic,Dr Reddy's,No,2026-05,102,381,463,130.7,463,0,No,20,2,338.44,0.23,177.24,9
MED0491,Ranitidine Syrup 1g Ointment,Antidiabetic,Dr Reddy's,No,2026-06,20,443,405,112.7,405,0,No,58,2,338.44,0.23,177.24,9
MED0491,Ranitidine Syrup 1g Ointment,Antidiabetic,Dr Reddy's,No,2026-07,58,595,462,113.1,462,0,No,191,2,338.44,0.23,177.24,9
MED0492,Misoprostol 10ml Suspension,Dermatological,GSK,No,2025-08,1021,8269,6741,1715.4,6741,0,No,2549,5,478.31,0.24,49.04,12
MED0492,Misoprostol 10ml Suspension,Dermatological,GSK,No,2025-09,2549,3447,4845,1132.5,4845,0,No,1151,5,478.31,0.24,49.04,12
MED0492,Misoprostol 10ml Suspension,Dermatological,GSK,No,2025-10,1151,2995,3980,828.7,3980,0,No,166,5,478.31,0.24,49.04,12
MED0492,Misoprostol 10ml Suspension,Dermatological,GSK,No,2025-11,166,3858,3443,1168.9,3443,0,No,581,5,478.31,0.24,49.04,12
MED0492,Misoprostol 10ml Suspension,Dermatological,GSK,No,2025-12,581,2505,3323,685,3086,237,Yes,0,5,478.31,0.24,49.04,12
MED0492,Misoprostol 10ml Suspension,Dermatological,GSK,No,2026-01,0,2966,3244,696.7,2966,278,Yes,0,5,478.31,0.24,49.04,12
MED0492,Misoprostol 10ml Suspension,Dermatological,GSK,No,2026-02,0,2850,3448,899.9,2850,598,Yes,0,5,478.31,0.24,49.04,12
MED0492,Misoprostol 10ml Suspension,Dermatological,GSK,No,2026-03,0,0,4345,764.8,0,4345,Yes,0,5,478.31,0.24,49.04,12
MED0492,Misoprostol 10ml Suspension,Dermatological,GSK,No,2026-04,0,0,6677,1254.1,0,6677,Yes,0,5,478.31,0.24,49.04,12
MED0492,Misoprostol 10ml Suspension,Dermatological,GSK,No,2026-05,0,0,9474,2433.5,0,9474,Yes,0,5,478.31,0.24,49.04,12
MED0492,Misoprostol 10ml Suspension,Dermatological,GSK,No,2026-06,0,7597,6900,1200.4,6900,0,No,697,5,478.31,0.24,49.04,12
MED0492,Misoprostol 10ml Suspension,Dermatological,GSK,No,2026-07,697,6362,6748,1207.1,6748,0,No,311,5,478.31,0.24,49.04,12
MED0493,Digoxin 20mg Syrup,Analgesic,GSK,No,2025-08,95,0,130,28.1,95,35,Yes,0,14,640.75,0.19,262.8,18
MED0493,Digoxin 20mg Syrup,Analgesic,GSK,No,2025-09,0,149,133,25.6,133,0,No,16,14,640.75,0.19,262.8,18
MED0493,Digoxin 20mg Syrup,Analgesic,GSK,No,2025-10,16,114,126,39.1,126,0,No,4,14,640.75,0.19,262.8,18
MED0493,Digoxin 20mg Syrup,Analgesic,GSK,No,2025-11,4,118,106,27.4,106,0,No,16,14,640.75,0.19,262.8,18
MED0493,Digoxin 20mg Syrup,Analgesic,GSK,No,2025-12,16,130,102,16.5,102,0,No,44,14,640.75,0.19,262.8,18
MED0493,Digoxin 20mg Syrup,Analgesic,GSK,No,2026-01,44,97,134,46.7,134,0,No,7,14,640.75,0.19,262.8,18
MED0493,Digoxin 20mg Syrup,Analgesic,GSK,No,2026-02,7,0,113,32.2,7,106,Yes,0,14,640.75,0.19,262.8,18
MED0493,Digoxin 20mg Syrup,Analgesic,GSK,No,2026-03,0,92,112,18.1,92,20,Yes,0,14,640.75,0.19,262.8,18
MED0493,Digoxin 20mg Syrup,Analgesic,GSK,No,2026-04,0,107,105,24.4,105,0,No,2,14,640.75,0.19,262.8,18
MED0493,Digoxin 20mg Syrup,Analgesic,GSK,No,2026-05,2,91,128,22.1,93,35,Yes,0,14,640.75,0.19,262.8,18
MED0493,Digoxin 20mg Syrup,Analgesic,GSK,No,2026-06,0,122,117,31.3,117,0,No,5,14,640.75,0.19,262.8,18
MED0493,Digoxin 20mg Syrup,Analgesic,GSK,No,2026-07,5,105,107,27.1,107,0,No,3,14,640.75,0.19,262.8,18
MED0494,Carbamazepine 10ml Suspension,Gastrointestinal,Torrent,No,2025-08,97,475,450,81,450,0,No,122,5,718.98,0.19,86.33,6
MED0494,Carbamazepine 10ml Suspension,Gastrointestinal,Torrent,No,2025-09,122,349,393,128.9,393,0,No,78,5,718.98,0.19,86.33,6
MED0494,Carbamazepine 10ml Suspension,Gastrointestinal,Torrent,No,2025-10,78,482,388,107.3,388,0,No,172,5,718.98,0.19,86.33,6
MED0494,Carbamazepine 10ml Suspension,Gastrointestinal,Torrent,No,2025-11,172,494,387,61.1,387,0,No,279,5,718.98,0.19,86.33,6
MED0494,Carbamazepine 10ml Suspension,Gastrointestinal,Torrent,No,2025-12,279,432,386,113.2,386,0,No,325,5,718.98,0.19,86.33,6
MED0494,Carbamazepine 10ml Suspension,Gastrointestinal,Torrent,No,2026-01,325,356,499,84.9,499,0,No,182,5,718.98,0.19,86.33,6
MED0494,Carbamazepine 10ml Suspension,Gastrointestinal,Torrent,No,2026-02,182,341,388,60.5,388,0,No,135,5,718.98,0.19,86.33,6
MED0494,Carbamazepine 10ml Suspension,Gastrointestinal,Torrent,No,2026-03,135,429,449,138.1,449,0,No,115,5,718.98,0.19,86.33,6
MED0494,Carbamazepine 10ml Suspension,Gastrointestinal,Torrent,No,2026-04,115,0,384,101.2,115,269,Yes,0,5,718.98,0.19,86.33,6
MED0494,Carbamazepine 10ml Suspension,Gastrointestinal,Torrent,No,2026-05,0,527,485,97.8,485,0,No,42,5,718.98,0.19,86.33,6
MED0494,Carbamazepine 10ml Suspension,Gastrointestinal,Torrent,No,2026-06,42,566,465,94.6,465,0,No,143,5,718.98,0.19,86.33,6
MED0494,Carbamazepine 10ml Suspension,Gastrointestinal,Torrent,No,2026-07,143,457,384,71.5,384,0,No,216,5,718.98,0.19,86.33,6
MED0495,Haloperidol 5ml Injection,Cardiac,Cipla,No,2025-08,369,0,2410,630,369,2041,Yes,0,5,67.83,0.28,246.59,9
MED0495,Haloperidol 5ml Injection,Cardiac,Cipla,No,2025-09,0,1499,2089,653.4,1499,590,Yes,0,5,67.83,0.28,246.59,9
MED0495,Haloperidol 5ml Injection,Cardiac,Cipla,No,2025-10,0,0,1358,316.3,0,1358,Yes,0,5,67.83,0.28,246.59,9
MED0495,Haloperidol 5ml Injection,Cardiac,Cipla,No,2025-11,0,892,1042,181.8,892,150,Yes,0,5,67.83,0.28,246.59,9
MED0495,Haloperidol 5ml Injection,Cardiac,Cipla,No,2025-12,0,854,828,205.8,828,0,No,26,5,67.83,0.28,246.59,9
MED0495,Haloperidol 5ml Injection,Cardiac,Cipla,No,2026-01,26,664,796,220.5,690,106,Yes,0,5,67.83,0.28,246.59,9
MED0495,Haloperidol 5ml Injection,Cardiac,Cipla,No,2026-02,0,796,866,242.3,796,70,Yes,0,5,67.83,0.28,246.59,9
MED0495,Haloperidol 5ml Injection,Cardiac,Cipla,No,2026-03,0,1071,1051,163.6,1051,0,No,20,5,67.83,0.28,246.59,9
MED0495,Haloperidol 5ml Injection,Cardiac,Cipla,No,2026-04,20,1139,986,248,986,0,No,173,5,67.83,0.28,246.59,9
MED0495,Haloperidol 5ml Injection,Cardiac,Cipla,No,2026-05,173,1167,1272,442.8,1272,0,No,68,5,67.83,0.28,246.59,9
MED0495,Haloperidol 5ml Injection,Cardiac,Cipla,No,2026-06,68,2021,1997,528.4,1997,0,No,92,5,67.83,0.28,246.59,9
MED0495,Haloperidol 5ml Injection,Cardiac,Cipla,No,2026-07,92,2236,2566,568.5,2328,238,Yes,0,5,67.83,0.28,246.59,9
MED0496,Loperamide 250mg Suspension,Emergency/Critical Care,Abbott,Yes,2025-08,566,1915,1580,297.3,1580,0,No,901,5,778.29,0.12,167.93,9
MED0496,Loperamide 250mg Suspension,Emergency/Critical Care,Abbott,Yes,2025-09,901,1316,1767,383.3,1767,0,No,450,5,778.29,0.12,167.93,9
MED0496,Loperamide 250mg Suspension,Emergency/Critical Care,Abbott,Yes,2025-10,450,0,1427,250.4,450,977,Yes,0,5,778.29,0.12,167.93,9
MED0496,Loperamide 250mg Suspension,Emergency/Critical Care,Abbott,Yes,2025-11,0,1572,1445,407.9,1445,0,No,127,5,778.29,0.12,167.93,9
MED0496,Loperamide 250mg Suspension,Emergency/Critical Care,Abbott,Yes,2025-12,127,1870,1743,525.3,1743,0,No,254,5,778.29,0.12,167.93,9
MED0496,Loperamide 250mg Suspension,Emergency/Critical Care,Abbott,Yes,2026-01,254,1241,1689,572.1,1495,194,Yes,0,5,778.29,0.12,167.93,9
MED0496,Loperamide 250mg Suspension,Emergency/Critical Care,Abbott,Yes,2026-02,0,1798,1725,514.1,1725,0,No,73,5,778.29,0.12,167.93,9
MED0496,Loperamide 250mg Suspension,Emergency/Critical Care,Abbott,Yes,2026-03,73,0,1431,489.4,73,1358,Yes,0,5,778.29,0.12,167.93,9
MED0496,Loperamide 250mg Suspension,Emergency/Critical Care,Abbott,Yes,2026-04,0,1088,1435,227.9,1088,347,Yes,0,5,778.29,0.12,167.93,9
MED0496,Loperamide 250mg Suspension,Emergency/Critical Care,Abbott,Yes,2026-05,0,1907,1771,584,1771,0,No,136,5,778.29,0.12,167.93,9
MED0496,Loperamide 250mg Suspension,Emergency/Critical Care,Abbott,Yes,2026-06,136,1191,1423,323.5,1327,96,Yes,0,5,778.29,0.12,167.93,9
MED0496,Loperamide 250mg Suspension,Emergency/Critical Care,Abbott,Yes,2026-07,0,1891,1721,303,1721,0,No,170,5,778.29,0.12,167.93,9
MED0497,Cough Syrup 1g Ointment,Antidiabetic,Torrent,Yes,2025-08,950,1555,1560,528,1560,0,No,945,10,508.39,0.13,104.11,9
MED0497,Cough Syrup 1g Ointment,Antidiabetic,Torrent,Yes,2025-09,945,1651,1311,384.3,1311,0,No,1285,10,508.39,0.13,104.11,9
MED0497,Cough Syrup 1g Ointment,Antidiabetic,Torrent,Yes,2025-10,1285,1504,1271,269.5,1271,0,No,1518,10,508.39,0.13,104.11,9
MED0497,Cough Syrup 1g Ointment,Antidiabetic,Torrent,Yes,2025-11,1518,903,1214,292.7,1214,0,No,1207,10,508.39,0.13,104.11,9
MED0497,Cough Syrup 1g Ointment,Antidiabetic,Torrent,Yes,2025-12,1207,0,1343,339.3,1207,136,Yes,0,10,508.39,0.13,104.11,9
MED0497,Cough Syrup 1g Ointment,Antidiabetic,Torrent,Yes,2026-01,0,1410,1384,473.1,1384,0,No,26,10,508.39,0.13,104.11,9
MED0497,Cough Syrup 1g Ointment,Antidiabetic,Torrent,Yes,2026-02,26,1198,1386,287,1224,162,Yes,0,10,508.39,0.13,104.11,9
MED0497,Cough Syrup 1g Ointment,Antidiabetic,Torrent,Yes,2026-03,0,1010,1360,204.8,1010,350,Yes,0,10,508.39,0.13,104.11,9
MED0497,Cough Syrup 1g Ointment,Antidiabetic,Torrent,Yes,2026-04,0,1290,1480,388.1,1290,190,Yes,0,10,508.39,0.13,104.11,9
MED0497,Cough Syrup 1g Ointment,Antidiabetic,Torrent,Yes,2026-05,0,1654,1510,227.5,1510,0,No,144,10,508.39,0.13,104.11,9
MED0497,Cough Syrup 1g Ointment,Antidiabetic,Torrent,Yes,2026-06,144,1583,1548,304.8,1548,0,No,179,10,508.39,0.13,104.11,9
MED0497,Cough Syrup 1g Ointment,Antidiabetic,Torrent,Yes,2026-07,179,1241,1534,245.6,1420,114,Yes,0,10,508.39,0.13,104.11,9
MED0498,Heparin 250mg Ointment,Antibiotic,Glenmark,No,2025-08,888,1385,1099,379.5,1099,0,No,1174,21,686.58,0.19,343.88,6
MED0498,Heparin 250mg Ointment,Antibiotic,Glenmark,No,2025-09,1174,860,1121,376.9,1121,0,No,913,21,686.58,0.19,343.88,6
MED0498,Heparin 250mg Ointment,Antibiotic,Glenmark,No,2025-10,913,1214,1260,269.3,1260,0,No,867,21,686.58,0.19,343.88,6
MED0498,Heparin 250mg Ointment,Antibiotic,Glenmark,No,2025-11,867,1077,1201,339.7,1201,0,No,743,21,686.58,0.19,343.88,6
MED0498,Heparin 250mg Ointment,Antibiotic,Glenmark,No,2025-12,743,0,1386,468,743,643,Yes,0,21,686.58,0.19,343.88,6
MED0498,Heparin 250mg Ointment,Antibiotic,Glenmark,No,2026-01,0,910,1051,247,910,141,Yes,0,21,686.58,0.19,343.88,6
MED0498,Heparin 250mg Ointment,Antibiotic,Glenmark,No,2026-02,0,913,1141,325.9,913,228,Yes,0,21,686.58,0.19,343.88,6
MED0498,Heparin 250mg Ointment,Antibiotic,Glenmark,No,2026-03,0,1522,1371,392.1,1371,0,No,151,21,686.58,0.19,343.88,6
MED0498,Heparin 250mg Ointment,Antibiotic,Glenmark,No,2026-04,151,787,1087,264.8,938,149,Yes,0,21,686.58,0.19,343.88,6
MED0498,Heparin 250mg Ointment,Antibiotic,Glenmark,No,2026-05,0,1292,1170,210.8,1170,0,No,122,21,686.58,0.19,343.88,6
MED0498,Heparin 250mg Ointment,Antibiotic,Glenmark,No,2026-06,122,771,1100,170.4,893,207,Yes,0,21,686.58,0.19,343.88,6
MED0498,Heparin 250mg Ointment,Antibiotic,Glenmark,No,2026-07,0,1410,1172,291.7,1172,0,No,238,21,686.58,0.19,343.88,6
MED0499,Diazepam 10mg Injection,Neuro/Psychiatric,Abbott,No,2025-08,313,918,1108,325.8,1108,0,No,123,3,675.43,0.14,201.27,24
MED0499,Diazepam 10mg Injection,Neuro/Psychiatric,Abbott,No,2025-09,123,0,1293,369.5,123,1170,Yes,0,3,675.43,0.14,201.27,24
MED0499,Diazepam 10mg Injection,Neuro/Psychiatric,Abbott,No,2025-10,0,1383,1302,399.5,1302,0,No,81,3,675.43,0.14,201.27,24
MED0499,Diazepam 10mg Injection,Neuro/Psychiatric,Abbott,No,2025-11,81,1999,1908,608.8,1908,0,No,172,3,675.43,0.14,201.27,24
MED0499,Diazepam 10mg Injection,Neuro/Psychiatric,Abbott,No,2025-12,172,1979,2270,430.4,2151,119,Yes,0,3,675.43,0.14,201.27,24
MED0499,Diazepam 10mg Injection,Neuro/Psychiatric,Abbott,No,2026-01,0,2872,2427,614.3,2427,0,No,445,3,675.43,0.14,201.27,24
MED0499,Diazepam 10mg Injection,Neuro/Psychiatric,Abbott,No,2026-02,445,1859,1876,461.9,1876,0,No,428,3,675.43,0.14,201.27,24
MED0499,Diazepam 10mg Injection,Neuro/Psychiatric,Abbott,No,2026-03,428,1859,1437,352,1437,0,No,850,3,675.43,0.14,201.27,24
MED0499,Diazepam 10mg Injection,Neuro/Psychiatric,Abbott,No,2026-04,850,0,1247,384.9,850,397,Yes,0,3,675.43,0.14,201.27,24
MED0499,Diazepam 10mg Injection,Neuro/Psychiatric,Abbott,No,2026-05,0,1347,1169,398.4,1169,0,No,178,3,675.43,0.14,201.27,24
MED0499,Diazepam 10mg Injection,Neuro/Psychiatric,Abbott,No,2026-06,178,1115,1054,218.4,1054,0,No,239,3,675.43,0.14,201.27,24
MED0499,Diazepam 10mg Injection,Neuro/Psychiatric,Abbott,No,2026-07,239,1311,1151,324.4,1151,0,No,399,3,675.43,0.14,201.27,24
MED0500,Vancomycin 500mg Syrup,Antidiabetic,Torrent,No,2025-08,672,2738,2168,750.3,2168,0,No,1242,7,161.13,0.25,303.54,24
MED0500,Vancomycin 500mg Syrup,Antidiabetic,Torrent,No,2025-09,1242,2113,2395,678.3,2395,0,No,960,7,161.13,0.25,303.54,24
MED0500,Vancomycin 500mg Syrup,Antidiabetic,Torrent,No,2025-10,960,2640,2284,540.2,2284,0,No,1316,7,161.13,0.25,303.54,24
MED0500,Vancomycin 500mg Syrup,Antidiabetic,Torrent,No,2025-11,1316,1846,2066,600.3,2066,0,No,1096,7,161.13,0.25,303.54,24
MED0500,Vancomycin 500mg Syrup,Antidiabetic,Torrent,No,2025-12,1096,1860,2132,701.6,2132,0,No,824,7,161.13,0.25,303.54,24
MED0500,Vancomycin 500mg Syrup,Antidiabetic,Torrent,No,2026-01,824,1649,2092,403.6,2092,0,No,381,7,161.13,0.25,303.54,24
MED0500,Vancomycin 500mg Syrup,Antidiabetic,Torrent,No,2026-02,381,1858,2398,467.9,2239,159,Yes,0,7,161.13,0.25,303.54,24
MED0500,Vancomycin 500mg Syrup,Antidiabetic,Torrent,No,2026-03,0,2907,2504,603.3,2504,0,No,403,7,161.13,0.25,303.54,24
MED0500,Vancomycin 500mg Syrup,Antidiabetic,Torrent,No,2026-04,403,0,2330,735.1,403,1927,Yes,0,7,161.13,0.25,303.54,24
MED0500,Vancomycin 500mg Syrup,Antidiabetic,Torrent,No,2026-05,0,2939,2307,468.7,2307,0,No,632,7,161.13,0.25,303.54,24
MED0500,Vancomycin 500mg Syrup,Antidiabetic,Torrent,No,2026-06,632,2253,2453,424.3,2453,0,No,432,7,161.13,0.25,303.54,24
MED0500,Vancomycin 500mg Syrup,Antidiabetic,Torrent,No,2026-07,432,2514,1941,329.2,1941,0,No,1005,7,161.13,0.25,303.54,24
