Medicine_ID,Medicine_Name,Category,Manufacturer,Is_Critical,Month,Opening_Stock,Restock_Qty,Monthly_Demand,Fulfilled_Demand,Stockout_Units,Stockout_Flag,Closing_Stock,Lead_Time_Days,Unit_Cost_INR,Holding_Cost_Percent,Ordering_Cost_INR,Shelf_Life_Months
MED0001,Nifedipine 2.5mg Capsule,Vaccine,Aurobindo,Yes,2025-08,36,517,728,553,175,Yes,0,2,693.01,0.22,259.5,18
MED0001,Nifedipine 2.5mg Capsule,Vaccine,Aurobindo,Yes,2025-09,0,0,717,0,717,Yes,0,2,693.01,0.22,257.45,18
MED0001,Nifedipine 2.5mg Capsule,Vaccine,Aurobindo,Yes,2025-10,0,379,345,345,0,No,34,2,693.01,0.22,264.82,18
MED0001,Nifedipine 2.5mg Capsule,Vaccine,Aurobindo,Yes,2025-11,34,336,345,345,0,No,25,2,693.01,0.22,268.61,18
MED0001,Nifedipine 2.5mg Capsule,Vaccine,Aurobindo,Yes,2025-12,25,269,269,269,0,No,25,2,693.01,0.22,270.22,18
MED0001,Nifedipine 2.5mg Capsule,Vaccine,Aurobindo,Yes,2026-01,25,0,291,25,266,Yes,0,2,693.01,0.22,264.6,18
MED0001,Nifedipine 2.5mg Capsule,Vaccine,Aurobindo,Yes,2026-02,0,301,282,282,0,No,19,2,693.01,0.22,258.98,18
MED0001,Nifedipine 2.5mg Capsule,Vaccine,Aurobindo,Yes,2026-03,19,209,282,228,54,Yes,0,2,693.01,0.22,251.76,18
MED0001,Nifedipine 2.5mg Capsule,Vaccine,Aurobindo,Yes,2026-04,0,444,373,373,0,No,71,2,732.09,0.22,257.75,18
MED0001,Nifedipine 2.5mg Capsule,Vaccine,Aurobindo,Yes,2026-05,71,592,514,514,0,No,149,2,732.09,0.22,259.4,18
MED0001,Nifedipine 2.5mg Capsule,Vaccine,Aurobindo,Yes,2026-06,149,452,600,600,0,No,1,2,732.09,0.22,262.8,18
MED0001,Nifedipine 2.5mg Capsule,Vaccine,Aurobindo,Yes,2026-07,1,566,746,567,179,Yes,0,2,732.09,0.22,254.96,18
MED0002,Amoxicillin 1mg Ointment,Respiratory,Biocon,Yes,2025-08,295,0,2318,295,2023,Yes,0,5,6.15,0.12,202.68,18
MED0002,Amoxicillin 1mg Ointment,Respiratory,Biocon,Yes,2025-09,0,2126,2328,2126,202,Yes,0,5,6.15,0.12,206.92,18
MED0002,Amoxicillin 1mg Ointment,Respiratory,Biocon,Yes,2025-10,0,1283,1525,1283,242,Yes,0,5,6.15,0.12,203.25,18
MED0002,Amoxicillin 1mg Ointment,Respiratory,Biocon,Yes,2025-11,0,0,1161,0,1161,Yes,0,5,6.15,0.12,199.19,18
MED0002,Amoxicillin 1mg Ointment,Respiratory,Biocon,Yes,2025-12,0,0,1038,0,1038,Yes,0,5,6.15,0.12,195.15,18
MED0002,Amoxicillin 1mg Ointment,Respiratory,Biocon,Yes,2026-01,0,1057,915,915,0,No,142,5,6.15,0.12,192.65,18
MED0002,Amoxicillin 1mg Ointment,Respiratory,Biocon,Yes,2026-02,142,1040,825,825,0,No,357,5,6.15,0.12,192.97,18
MED0002,Amoxicillin 1mg Ointment,Respiratory,Biocon,Yes,2026-03,357,1026,1096,1096,0,No,287,5,6.15,0.12,192.1,18
MED0002,Amoxicillin 1mg Ointment,Respiratory,Biocon,Yes,2026-04,287,1369,1378,1378,0,No,278,5,6.05,0.12,189.43,18
MED0002,Amoxicillin 1mg Ointment,Respiratory,Biocon,Yes,2026-05,278,1549,1722,1722,0,No,105,5,6.05,0.12,190.86,18
MED0002,Amoxicillin 1mg Ointment,Respiratory,Biocon,Yes,2026-06,105,2745,2334,2334,0,No,516,5,6.05,0.12,186.26,18
MED0002,Amoxicillin 1mg Ointment,Respiratory,Biocon,Yes,2026-07,516,0,2641,516,2125,Yes,0,5,6.05,0.12,184.44,18
MED0003,Atenolol 250mg Inhaler,Dermatological,Abbott,No,2025-08,1290,6315,6468,6468,0,No,1137,5,136.83,0.13,334.15,9
MED0003,Atenolol 250mg Inhaler,Dermatological,Abbott,No,2025-09,1137,5512,5370,5370,0,No,1279,5,136.83,0.13,333.23,9
MED0003,Atenolol 250mg Inhaler,Dermatological,Abbott,No,2025-10,1279,7404,5788,5788,0,No,2895,5,136.83,0.13,339.23,9
MED0003,Atenolol 250mg Inhaler,Dermatological,Abbott,No,2025-11,2895,5350,5490,5490,0,No,2755,5,136.83,0.13,332.91,9
MED0003,Atenolol 250mg Inhaler,Dermatological,Abbott,No,2025-12,2755,4378,6143,6143,0,No,990,5,136.83,0.13,333.21,9
MED0003,Atenolol 250mg Inhaler,Dermatological,Abbott,No,2026-01,990,5773,5561,5561,0,No,1202,5,136.83,0.13,335.16,9
MED0003,Atenolol 250mg Inhaler,Dermatological,Abbott,No,2026-02,1202,0,5195,1202,3993,Yes,0,5,136.83,0.13,325.61,9
MED0003,Atenolol 250mg Inhaler,Dermatological,Abbott,No,2026-03,0,5744,6302,5744,558,Yes,0,5,136.83,0.13,327.87,9
MED0003,Atenolol 250mg Inhaler,Dermatological,Abbott,No,2026-04,0,4717,6080,4717,1363,Yes,0,5,136.83,0.13,320.93,9
MED0003,Atenolol 250mg Inhaler,Dermatological,Abbott,No,2026-05,0,0,5150,0,5150,Yes,0,5,136.83,0.13,311.77,9
MED0003,Atenolol 250mg Inhaler,Dermatological,Abbott,No,2026-06,0,4795,5180,4795,385,Yes,0,5,136.83,0.13,321.22,9
MED0003,Atenolol 250mg Inhaler,Dermatological,Abbott,No,2026-07,0,7203,6423,6423,0,No,780,5,136.83,0.13,331.02,9
MED0004,Diazepam 500mg Syrup,Dermatological,Zydus,Yes,2025-08,328,1383,1892,1711,181,Yes,0,3,396.39,0.13,321.89,18
MED0004,Diazepam 500mg Syrup,Dermatological,Zydus,Yes,2025-09,0,1722,1458,1458,0,No,264,3,396.39,0.13,328.14,18
MED0004,Diazepam 500mg Syrup,Dermatological,Zydus,Yes,2025-10,264,1416,1791,1680,111,Yes,0,3,396.39,0.13,324.18,18
MED0004,Diazepam 500mg Syrup,Dermatological,Zydus,Yes,2025-11,0,1579,1543,1543,0,No,36,3,396.39,0.13,316.02,18
MED0004,Diazepam 500mg Syrup,Dermatological,Zydus,Yes,2025-12,36,0,1440,36,1404,Yes,0,3,396.39,0.13,319.76,18
MED0004,Diazepam 500mg Syrup,Dermatological,Zydus,Yes,2026-01,0,1895,1605,1605,0,No,290,3,396.39,0.13,318.55,18
MED0004,Diazepam 500mg Syrup,Dermatological,Zydus,Yes,2026-02,290,0,1633,290,1343,Yes,0,3,396.39,0.13,310.89,18
MED0004,Diazepam 500mg Syrup,Dermatological,Zydus,Yes,2026-03,0,1849,1836,1836,0,No,13,3,396.39,0.13,310.79,18
MED0004,Diazepam 500mg Syrup,Dermatological,Zydus,Yes,2026-04,13,1721,1643,1643,0,No,91,3,387.43,0.13,301.35,18
MED0004,Diazepam 500mg Syrup,Dermatological,Zydus,Yes,2026-05,91,0,1669,91,1578,Yes,0,3,387.43,0.13,309.65,18
MED0004,Diazepam 500mg Syrup,Dermatological,Zydus,Yes,2026-06,0,1695,1495,1495,0,No,200,3,387.43,0.13,304.76,18
MED0004,Diazepam 500mg Syrup,Dermatological,Zydus,Yes,2026-07,200,1293,1469,1469,0,No,24,3,387.43,0.13,308.06,18
MED0005,Ibuprofen 10ml Inhaler,Cardiac,Cadila,No,2025-08,134,1067,1130,1130,0,No,71,2,157.19,0.13,140.85,24
MED0005,Ibuprofen 10ml Inhaler,Cardiac,Cadila,No,2025-09,71,0,1431,71,1360,Yes,0,2,157.19,0.13,141.03,24
MED0005,Ibuprofen 10ml Inhaler,Cardiac,Cadila,No,2025-10,0,0,1272,0,1272,Yes,0,2,157.19,0.13,141.44,24
MED0005,Ibuprofen 10ml Inhaler,Cardiac,Cadila,No,2025-11,0,2180,2103,2103,0,No,77,2,157.19,0.13,138.64,24
MED0005,Ibuprofen 10ml Inhaler,Cardiac,Cadila,No,2025-12,77,2237,2119,2119,0,No,195,2,157.19,0.13,142.81,24
MED0005,Ibuprofen 10ml Inhaler,Cardiac,Cadila,No,2026-01,195,1626,2281,1821,460,Yes,0,2,157.19,0.13,145.25,24
MED0005,Ibuprofen 10ml Inhaler,Cardiac,Cadila,No,2026-02,0,1753,2244,1753,491,Yes,0,2,157.19,0.13,149.15,24
MED0005,Ibuprofen 10ml Inhaler,Cardiac,Cadila,No,2026-03,0,1535,1313,1313,0,No,222,2,157.19,0.13,152.65,24
MED0005,Ibuprofen 10ml Inhaler,Cardiac,Cadila,No,2026-04,222,1125,1330,1330,0,No,17,2,157.19,0.13,153.52,24
MED0005,Ibuprofen 10ml Inhaler,Cardiac,Cadila,No,2026-05,17,0,1134,17,1117,Yes,0,2,157.19,0.13,153.53,24
MED0005,Ibuprofen 10ml Inhaler,Cardiac,Cadila,No,2026-06,0,1189,1091,1091,0,No,98,2,157.19,0.13,149.88,24
MED0005,Ibuprofen 10ml Inhaler,Cardiac,Cadila,No,2026-07,98,872,967,967,0,No,3,2,157.19,0.13,147.18,24
MED0006,Hepatitis B Vaccine 1mg Capsule,Dermatological,Cipla,Yes,2025-08,493,0,1998,493,1505,Yes,0,4,132.63,0.12,171.25,12
MED0006,Hepatitis B Vaccine 1mg Capsule,Dermatological,Cipla,Yes,2025-09,0,2648,2241,2241,0,No,407,4,132.63,0.12,166.34,12
MED0006,Hepatitis B Vaccine 1mg Capsule,Dermatological,Cipla,Yes,2025-10,407,1636,2069,2043,26,Yes,0,4,132.63,0.12,164.46,12
MED0006,Hepatitis B Vaccine 1mg Capsule,Dermatological,Cipla,Yes,2025-11,0,2314,2516,2314,202,Yes,0,4,132.63,0.12,163.26,12
MED0006,Hepatitis B Vaccine 1mg Capsule,Dermatological,Cipla,Yes,2025-12,0,0,2036,0,2036,Yes,0,4,132.63,0.12,160.79,12
MED0006,Hepatitis B Vaccine 1mg Capsule,Dermatological,Cipla,Yes,2026-01,0,2770,2646,2646,0,No,124,4,132.63,0.12,164.34,12
MED0006,Hepatitis B Vaccine 1mg Capsule,Dermatological,Cipla,Yes,2026-02,124,2406,2595,2530,65,Yes,0,4,132.63,0.12,162.79,12
MED0006,Hepatitis B Vaccine 1mg Capsule,Dermatological,Cipla,Yes,2026-03,0,3107,2547,2547,0,No,560,4,132.63,0.12,160.43,12
MED0006,Hepatitis B Vaccine 1mg Capsule,Dermatological,Cipla,Yes,2026-04,560,0,2583,560,2023,Yes,0,4,140.38,0.12,160.89,12
MED0006,Hepatitis B Vaccine 1mg Capsule,Dermatological,Cipla,Yes,2026-05,0,2489,2340,2340,0,No,149,4,140.38,0.12,157.02,12
MED0006,Hepatitis B Vaccine 1mg Capsule,Dermatological,Cipla,Yes,2026-06,149,1562,2079,1711,368,Yes,0,4,140.38,0.12,160.28,12
MED0006,Hepatitis B Vaccine 1mg Capsule,Dermatological,Cipla,Yes,2026-07,0,1623,2284,1623,661,Yes,0,4,140.38,0.12,155.84,12
MED0007,Aspirin 250mg Injection,Analgesic,Mankind,No,2025-08,1523,2985,2484,2484,0,No,2024,14,680.11,0.19,69.58,24
MED0007,Aspirin 250mg Injection,Analgesic,Mankind,No,2025-09,2024,1480,1865,1865,0,No,1639,14,680.11,0.19,70.77,24
MED0007,Aspirin 250mg Injection,Analgesic,Mankind,No,2025-10,1639,2402,1864,1864,0,No,2177,14,680.11,0.19,69.45,24
MED0007,Aspirin 250mg Injection,Analgesic,Mankind,No,2025-11,2177,1142,1255,1255,0,No,2064,14,680.11,0.19,67.28,24
MED0007,Aspirin 250mg Injection,Analgesic,Mankind,No,2025-12,2064,1577,1496,1496,0,No,2145,14,680.11,0.19,68.66,24
MED0007,Aspirin 250mg Injection,Analgesic,Mankind,No,2026-01,2145,1543,1280,1280,0,No,2408,14,680.11,0.19,69.57,24
MED0007,Aspirin 250mg Injection,Analgesic,Mankind,No,2026-02,2408,1501,1297,1297,0,No,2612,14,680.11,0.19,70.57,24
MED0007,Aspirin 250mg Injection,Analgesic,Mankind,No,2026-03,2612,2383,1953,1953,0,No,3042,14,680.11,0.19,71.76,24
MED0007,Aspirin 250mg Injection,Analgesic,Mankind,No,2026-04,3042,2040,2597,2597,0,No,2485,14,680.11,0.19,69.89,24
MED0007,Aspirin 250mg Injection,Analgesic,Mankind,No,2026-05,2485,4092,3352,3352,0,No,3225,14,680.11,0.19,69.27,24
MED0007,Aspirin 250mg Injection,Analgesic,Mankind,No,2026-06,3225,0,3637,3225,412,Yes,0,14,680.11,0.19,67.59,24
MED0007,Aspirin 250mg Injection,Analgesic,Mankind,No,2026-07,0,2732,2830,2732,98,Yes,0,14,680.11,0.19,69.18,24
MED0008,Hydrochlorothiazide 2.5mg Inhaler,Antidiabetic,Biocon,No,2025-08,243,1413,1527,1527,0,No,129,3,570.74,0.24,214,12
MED0008,Hydrochlorothiazide 2.5mg Inhaler,Antidiabetic,Biocon,No,2025-09,129,1240,1353,1353,0,No,16,3,570.74,0.24,215.66,12
MED0008,Hydrochlorothiazide 2.5mg Inhaler,Antidiabetic,Biocon,No,2025-10,16,1230,1420,1246,174,Yes,0,3,570.74,0.24,213.38,12
MED0008,Hydrochlorothiazide 2.5mg Inhaler,Antidiabetic,Biocon,No,2025-11,0,1734,1593,1593,0,No,141,3,570.74,0.24,207.5,12
MED0008,Hydrochlorothiazide 2.5mg Inhaler,Antidiabetic,Biocon,No,2025-12,141,1243,1210,1210,0,No,174,3,570.74,0.24,204.95,12
MED0008,Hydrochlorothiazide 2.5mg Inhaler,Antidiabetic,Biocon,No,2026-01,174,1715,1350,1350,0,No,539,3,570.74,0.24,202.59,12
MED0008,Hydrochlorothiazide 2.5mg Inhaler,Antidiabetic,Biocon,No,2026-02,539,0,1371,539,832,Yes,0,3,570.74,0.24,205.69,12
MED0008,Hydrochlorothiazide 2.5mg Inhaler,Antidiabetic,Biocon,No,2026-03,0,1220,1214,1214,0,No,6,3,570.74,0.24,207.54,12
MED0008,Hydrochlorothiazide 2.5mg Inhaler,Antidiabetic,Biocon,No,2026-04,6,1058,1301,1064,237,Yes,0,3,570.74,0.24,212.76,12
MED0008,Hydrochlorothiazide 2.5mg Inhaler,Antidiabetic,Biocon,No,2026-05,0,1514,1393,1393,0,No,121,3,570.74,0.24,212.39,12
MED0008,Hydrochlorothiazide 2.5mg Inhaler,Antidiabetic,Biocon,No,2026-06,121,1095,1473,1216,257,Yes,0,3,570.74,0.24,207.26,12
MED0008,Hydrochlorothiazide 2.5mg Inhaler,Antidiabetic,Biocon,No,2026-07,0,1479,1314,1314,0,No,165,3,570.74,0.24,210.13,12
MED0009,Atenolol 10ml Syrup,Dermatological,Zydus,No,2025-08,141,301,241,241,0,No,201,14,199.81,0.19,274.22,12
MED0009,Atenolol 10ml Syrup,Dermatological,Zydus,No,2025-09,201,367,290,290,0,No,278,14,199.81,0.19,278.73,12
MED0009,Atenolol 10ml Syrup,Dermatological,Zydus,No,2025-10,278,265,315,315,0,No,228,14,199.81,0.19,279.79,12
MED0009,Atenolol 10ml Syrup,Dermatological,Zydus,No,2025-11,228,352,386,386,0,No,194,14,199.81,0.19,284.47,12
MED0009,Atenolol 10ml Syrup,Dermatological,Zydus,No,2025-12,194,473,431,431,0,No,236,14,199.81,0.19,284.36,12
MED0009,Atenolol 10ml Syrup,Dermatological,Zydus,No,2026-01,236,400,485,485,0,No,151,14,199.81,0.19,284.75,12
MED0009,Atenolol 10ml Syrup,Dermatological,Zydus,No,2026-02,151,462,361,361,0,No,252,14,199.81,0.19,283.5,12
MED0009,Atenolol 10ml Syrup,Dermatological,Zydus,No,2026-03,252,240,335,335,0,No,157,14,199.81,0.19,275.3,12
MED0009,Atenolol 10ml Syrup,Dermatological,Zydus,No,2026-04,157,228,221,221,0,No,164,14,199.81,0.19,268.53,12
MED0009,Atenolol 10ml Syrup,Dermatological,Zydus,No,2026-05,164,169,225,225,0,No,108,14,199.81,0.19,260.44,12
MED0009,Atenolol 10ml Syrup,Dermatological,Zydus,No,2026-06,108,264,204,204,0,No,168,14,199.81,0.19,262.8,12
MED0009,Atenolol 10ml Syrup,Dermatological,Zydus,No,2026-07,168,202,210,210,0,No,160,14,199.81,0.19,259.59,12
MED0010,Furosemide 10ml Syrup,Anesthetic,Glenmark,Yes,2025-08,971,3292,2690,2690,0,No,1573,5,175.14,0.19,313.82,6
MED0010,Furosemide 10ml Syrup,Anesthetic,Glenmark,Yes,2025-09,1573,1966,2213,2213,0,No,1326,5,175.14,0.19,313.99,6
MED0010,Furosemide 10ml Syrup,Anesthetic,Glenmark,Yes,2025-10,1326,0,2559,1326,1233,Yes,0,5,175.14,0.19,322.05,6
MED0010,Furosemide 10ml Syrup,Anesthetic,Glenmark,Yes,2025-11,0,1996,2436,1996,440,Yes,0,5,175.14,0.19,317.09,6
MED0010,Furosemide 10ml Syrup,Anesthetic,Glenmark,Yes,2025-12,0,2883,2492,2492,0,No,391,5,175.14,0.19,315.32,6
MED0010,Furosemide 10ml Syrup,Anesthetic,Glenmark,Yes,2026-01,391,1876,2553,2267,286,Yes,0,5,175.14,0.19,320.37,6
MED0010,Furosemide 10ml Syrup,Anesthetic,Glenmark,Yes,2026-02,0,3003,2368,2368,0,No,635,5,175.14,0.19,315.01,6
MED0010,Furosemide 10ml Syrup,Anesthetic,Glenmark,Yes,2026-03,635,3119,2754,2754,0,No,1000,5,175.14,0.19,306.65,6
MED0010,Furosemide 10ml Syrup,Anesthetic,Glenmark,Yes,2026-04,1000,3362,2887,2887,0,No,1475,5,177.94,0.19,302.49,6
MED0010,Furosemide 10ml Syrup,Anesthetic,Glenmark,Yes,2026-05,1475,0,2597,1475,1122,Yes,0,5,177.94,0.19,295.79,6
MED0010,Furosemide 10ml Syrup,Anesthetic,Glenmark,Yes,2026-06,0,1612,2263,1612,651,Yes,0,5,177.94,0.19,304.29,6
MED0010,Furosemide 10ml Syrup,Anesthetic,Glenmark,Yes,2026-07,0,2783,2720,2720,0,No,63,5,177.94,0.19,310.38,6
MED0011,Streptokinase 5ml Tablet,Emergency/Critical Care,Dr Reddy's,No,2025-08,475,3488,2896,2896,0,No,1067,2,408.84,0.19,108.85,12
MED0011,Streptokinase 5ml Tablet,Emergency/Critical Care,Dr Reddy's,No,2025-09,1067,4158,3343,3343,0,No,1882,2,408.84,0.19,111.4,12
MED0011,Streptokinase 5ml Tablet,Emergency/Critical Care,Dr Reddy's,No,2025-10,1882,1913,2640,2640,0,No,1155,2,408.84,0.19,113.48,12
MED0011,Streptokinase 5ml Tablet,Emergency/Critical Care,Dr Reddy's,No,2025-11,1155,3523,2776,2776,0,No,1902,2,408.84,0.19,111.33,12
MED0011,Streptokinase 5ml Tablet,Emergency/Critical Care,Dr Reddy's,No,2025-12,1902,0,2707,1902,805,Yes,0,2,408.84,0.19,114.02,12
MED0011,Streptokinase 5ml Tablet,Emergency/Critical Care,Dr Reddy's,No,2026-01,0,3413,2943,2943,0,No,470,2,408.84,0.19,114.29,12
MED0011,Streptokinase 5ml Tablet,Emergency/Critical Care,Dr Reddy's,No,2026-02,470,3904,3047,3047,0,No,1327,2,408.84,0.19,116.4,12
MED0011,Streptokinase 5ml Tablet,Emergency/Critical Care,Dr Reddy's,No,2026-03,1327,2384,3096,3096,0,No,615,2,408.84,0.19,118.65,12
MED0011,Streptokinase 5ml Tablet,Emergency/Critical Care,Dr Reddy's,No,2026-04,615,2903,2934,2934,0,No,584,2,408.84,0.19,117.4,12
MED0011,Streptokinase 5ml Tablet,Emergency/Critical Care,Dr Reddy's,No,2026-05,584,3001,3017,3017,0,No,568,2,408.84,0.19,114.73,12
MED0011,Streptokinase 5ml Tablet,Emergency/Critical Care,Dr Reddy's,No,2026-06,568,3728,3303,3303,0,No,993,2,408.84,0.19,112.86,12
MED0011,Streptokinase 5ml Tablet,Emergency/Critical Care,Dr Reddy's,No,2026-07,993,2491,3000,3000,0,No,484,2,408.84,0.19,112.36,12
MED0012,Enoxaparin 5ml Ointment,Cardiac,Cipla,Yes,2025-08,1645,0,853,853,0,No,792,21,769.98,0.16,194.15,6
MED0012,Enoxaparin 5ml Ointment,Cardiac,Cipla,Yes,2025-09,792,657,879,879,0,No,570,21,769.98,0.16,198.04,6
MED0012,Enoxaparin 5ml Ointment,Cardiac,Cipla,Yes,2025-10,570,0,952,570,382,Yes,0,21,769.98,0.16,202.45,6
MED0012,Enoxaparin 5ml Ointment,Cardiac,Cipla,Yes,2025-11,0,1270,1048,1048,0,No,222,21,769.98,0.16,196.42,6
MED0012,Enoxaparin 5ml Ointment,Cardiac,Cipla,Yes,2025-12,222,1221,1012,1012,0,No,431,21,769.98,0.16,196.55,6
MED0012,Enoxaparin 5ml Ointment,Cardiac,Cipla,Yes,2026-01,431,1262,1046,1046,0,No,647,21,769.98,0.16,195.54,6
MED0012,Enoxaparin 5ml Ointment,Cardiac,Cipla,Yes,2026-02,647,856,1025,1025,0,No,478,21,769.98,0.16,192.14,6
MED0012,Enoxaparin 5ml Ointment,Cardiac,Cipla,Yes,2026-03,478,648,876,876,0,No,250,21,769.98,0.16,187.49,6
MED0012,Enoxaparin 5ml Ointment,Cardiac,Cipla,Yes,2026-04,250,1013,1103,1103,0,No,160,21,788.74,0.16,185.5,6
MED0012,Enoxaparin 5ml Ointment,Cardiac,Cipla,Yes,2026-05,160,1328,1058,1058,0,No,430,21,788.74,0.16,190.92,6
MED0012,Enoxaparin 5ml Ointment,Cardiac,Cipla,Yes,2026-06,430,901,818,818,0,No,513,21,788.74,0.16,188.76,6
MED0012,Enoxaparin 5ml Ointment,Cardiac,Cipla,Yes,2026-07,513,870,1071,1071,0,No,312,21,788.74,0.16,188.99,6
MED0013,Amoxicillin 1mg Syrup,Gastrointestinal,Mankind,No,2025-08,602,1002,1334,1334,0,No,270,7,424.98,0.19,211.4,12
MED0013,Amoxicillin 1mg Syrup,Gastrointestinal,Mankind,No,2025-09,270,0,1190,270,920,Yes,0,7,424.98,0.19,209.58,12
MED0013,Amoxicillin 1mg Syrup,Gastrointestinal,Mankind,No,2025-10,0,1208,1149,1149,0,No,59,7,424.98,0.19,215.86,12
MED0013,Amoxicillin 1mg Syrup,Gastrointestinal,Mankind,No,2025-11,59,917,997,976,21,Yes,0,7,424.98,0.19,222.02,12
MED0013,Amoxicillin 1mg Syrup,Gastrointestinal,Mankind,No,2025-12,0,855,1013,855,158,Yes,0,7,424.98,0.19,218.71,12
MED0013,Amoxicillin 1mg Syrup,Gastrointestinal,Mankind,No,2026-01,0,878,1108,878,230,Yes,0,7,424.98,0.19,218.67,12
MED0013,Amoxicillin 1mg Syrup,Gastrointestinal,Mankind,No,2026-02,0,1042,1119,1042,77,Yes,0,7,424.98,0.19,216.02,12
MED0013,Amoxicillin 1mg Syrup,Gastrointestinal,Mankind,No,2026-03,0,0,1142,0,1142,Yes,0,7,424.98,0.19,213.15,12
MED0013,Amoxicillin 1mg Syrup,Gastrointestinal,Mankind,No,2026-04,0,0,1022,0,1022,Yes,0,7,424.98,0.19,206.98,12
MED0013,Amoxicillin 1mg Syrup,Gastrointestinal,Mankind,No,2026-05,0,1145,1242,1145,97,Yes,0,7,424.98,0.19,208.44,12
MED0013,Amoxicillin 1mg Syrup,Gastrointestinal,Mankind,No,2026-06,0,1365,1194,1194,0,No,171,7,424.98,0.19,208.48,12
MED0013,Amoxicillin 1mg Syrup,Gastrointestinal,Mankind,No,2026-07,171,1005,1024,1024,0,No,152,7,424.98,0.19,202.51,12
MED0014,Telmisartan 10mg Drops,Vaccine,Torrent,No,2025-08,766,651,740,740,0,No,677,21,319.36,0.25,287.49,36
MED0014,Telmisartan 10mg Drops,Vaccine,Torrent,No,2025-09,677,721,836,836,0,No,562,21,319.36,0.25,283.48,36
MED0014,Telmisartan 10mg Drops,Vaccine,Torrent,No,2025-10,562,946,902,902,0,No,606,21,319.36,0.25,290.87,36
MED0014,Telmisartan 10mg Drops,Vaccine,Torrent,No,2025-11,606,1585,1339,1339,0,No,852,21,319.36,0.25,286.15,36
MED0014,Telmisartan 10mg Drops,Vaccine,Torrent,No,2025-12,852,0,1643,852,791,Yes,0,21,319.36,0.25,279.72,36
MED0014,Telmisartan 10mg Drops,Vaccine,Torrent,No,2026-01,0,2141,1753,1753,0,No,388,21,319.36,0.25,279.53,36
MED0014,Telmisartan 10mg Drops,Vaccine,Torrent,No,2026-02,388,0,1541,388,1153,Yes,0,21,319.36,0.25,288.33,36
MED0014,Telmisartan 10mg Drops,Vaccine,Torrent,No,2026-03,0,828,898,828,70,Yes,0,21,319.36,0.25,283.66,36
MED0014,Telmisartan 10mg Drops,Vaccine,Torrent,No,2026-04,0,0,816,0,816,Yes,0,21,319.36,0.25,286.78,36
MED0014,Telmisartan 10mg Drops,Vaccine,Torrent,No,2026-05,0,825,693,693,0,No,132,21,319.36,0.25,291.52,36
MED0014,Telmisartan 10mg Drops,Vaccine,Torrent,No,2026-06,132,664,643,643,0,No,153,21,319.36,0.25,286.77,36
MED0014,Telmisartan 10mg Drops,Vaccine,Torrent,No,2026-07,153,0,810,153,657,Yes,0,21,319.36,0.25,290.9,36
MED0015,Azithromycin 1mg Capsule,Emergency/Critical Care,Mankind,No,2025-08,551,2075,1668,1668,0,No,958,4,77.39,0.27,163.25,6
MED0015,Azithromycin 1mg Capsule,Emergency/Critical Care,Mankind,No,2025-09,958,2082,1805,1805,0,No,1235,4,77.39,0.27,161.89,6
MED0015,Azithromycin 1mg Capsule,Emergency/Critical Care,Mankind,No,2025-10,1235,1938,2252,2252,0,No,921,4,77.39,0.27,163.25,6
MED0015,Azithromycin 1mg Capsule,Emergency/Critical Care,Mankind,No,2025-11,921,2909,2618,2618,0,No,1212,4,77.39,0.27,164.62,6
MED0015,Azithromycin 1mg Capsule,Emergency/Critical Care,Mankind,No,2025-12,1212,3273,3668,3668,0,No,817,4,77.39,0.27,164.99,6
MED0015,Azithromycin 1mg Capsule,Emergency/Critical Care,Mankind,No,2026-01,817,2704,3179,3179,0,No,342,4,77.39,0.27,160.78,6
MED0015,Azithromycin 1mg Capsule,Emergency/Critical Care,Mankind,No,2026-02,342,2860,2742,2742,0,No,460,4,77.39,0.27,164.23,6
MED0015,Azithromycin 1mg Capsule,Emergency/Critical Care,Mankind,No,2026-03,460,2513,2033,2033,0,No,940,4,77.39,0.27,162.39,6
MED0015,Azithromycin 1mg Capsule,Emergency/Critical Care,Mankind,No,2026-04,940,1410,1783,1783,0,No,567,4,77.39,0.27,159.17,6
MED0015,Azithromycin 1mg Capsule,Emergency/Critical Care,Mankind,No,2026-05,567,1091,1288,1288,0,No,370,4,77.39,0.27,154.45,6
MED0015,Azithromycin 1mg Capsule,Emergency/Critical Care,Mankind,No,2026-06,370,1360,1259,1259,0,No,471,4,77.39,0.27,155.38,6
MED0015,Azithromycin 1mg Capsule,Emergency/Critical Care,Mankind,No,2026-07,471,1571,1437,1437,0,No,605,4,77.39,0.27,157.21,6
MED0016,Sertraline 100mg Tablet,Vitamin/Supplement,Zydus,No,2025-08,160,642,905,802,103,Yes,0,7,183.23,0.15,344.47,9
MED0016,Sertraline 100mg Tablet,Vitamin/Supplement,Zydus,No,2025-09,0,510,686,510,176,Yes,0,7,183.23,0.15,333.98,9
MED0016,Sertraline 100mg Tablet,Vitamin/Supplement,Zydus,No,2025-10,0,588,498,498,0,No,90,7,183.23,0.15,334.24,9
MED0016,Sertraline 100mg Tablet,Vitamin/Supplement,Zydus,No,2025-11,90,331,363,363,0,No,58,7,183.23,0.15,328.3,9
MED0016,Sertraline 100mg Tablet,Vitamin/Supplement,Zydus,No,2025-12,58,383,334,334,0,No,107,7,183.23,0.15,331.45,9
MED0016,Sertraline 100mg Tablet,Vitamin/Supplement,Zydus,No,2026-01,107,350,294,294,0,No,163,7,183.23,0.15,324.38,9
MED0016,Sertraline 100mg Tablet,Vitamin/Supplement,Zydus,No,2026-02,163,428,345,345,0,No,246,7,183.23,0.15,328.52,9
MED0016,Sertraline 100mg Tablet,Vitamin/Supplement,Zydus,No,2026-03,246,374,314,314,0,No,306,7,183.23,0.15,326.06,9
MED0016,Sertraline 100mg Tablet,Vitamin/Supplement,Zydus,No,2026-04,306,0,451,306,145,Yes,0,7,183.23,0.15,335.54,9
MED0016,Sertraline 100mg Tablet,Vitamin/Supplement,Zydus,No,2026-05,0,581,500,500,0,No,81,7,183.23,0.15,327.67,9
MED0016,Sertraline 100mg Tablet,Vitamin/Supplement,Zydus,No,2026-06,81,705,667,667,0,No,119,7,183.23,0.15,324.22,9
MED0016,Sertraline 100mg Tablet,Vitamin/Supplement,Zydus,No,2026-07,119,0,760,119,641,Yes,0,7,183.23,0.15,315.83,9
MED0017,Cetirizine 5mg Suspension,Emergency/Critical Care,Zydus,Yes,2025-08,610,1650,1310,1310,0,No,950,10,685.13,0.18,315.21,18
MED0017,Cetirizine 5mg Suspension,Emergency/Critical Care,Zydus,Yes,2025-09,950,1267,1001,1001,0,No,1216,10,685.13,0.18,323.64,18
MED0017,Cetirizine 5mg Suspension,Emergency/Critical Care,Zydus,Yes,2025-10,1216,460,574,574,0,No,1102,10,685.13,0.18,331.13,18
MED0017,Cetirizine 5mg Suspension,Emergency/Critical Care,Zydus,Yes,2025-11,1102,457,464,464,0,No,1095,10,685.13,0.18,326.32,18
MED0017,Cetirizine 5mg Suspension,Emergency/Critical Care,Zydus,Yes,2025-12,1095,0,516,516,0,No,579,10,685.13,0.18,329.5,18
MED0017,Cetirizine 5mg Suspension,Emergency/Critical Care,Zydus,Yes,2026-01,579,533,516,516,0,No,596,10,685.13,0.18,335.8,18
MED0017,Cetirizine 5mg Suspension,Emergency/Critical Care,Zydus,Yes,2026-02,596,0,423,423,0,No,173,10,685.13,0.18,336.9,18
MED0017,Cetirizine 5mg Suspension,Emergency/Critical Care,Zydus,Yes,2026-03,173,671,517,517,0,No,327,10,685.13,0.18,337.49,18
MED0017,Cetirizine 5mg Suspension,Emergency/Critical Care,Zydus,Yes,2026-04,327,447,561,561,0,No,213,10,696.07,0.18,332.36,18
MED0017,Cetirizine 5mg Suspension,Emergency/Critical Care,Zydus,Yes,2026-05,213,900,701,701,0,No,412,10,696.07,0.18,324.28,18
MED0017,Cetirizine 5mg Suspension,Emergency/Critical Care,Zydus,Yes,2026-06,412,793,1034,1034,0,No,171,10,696.07,0.18,332.17,18
MED0017,Cetirizine 5mg Suspension,Emergency/Critical Care,Zydus,Yes,2026-07,171,1356,1416,1416,0,No,111,10,696.07,0.18,340.12,18
MED0018,Normal Saline 250mg Inhaler,Anesthetic,Cadila,Yes,2025-08,54,447,610,501,109,Yes,0,2,129.07,0.21,254.49,6
MED0018,Normal Saline 250mg Inhaler,Anesthetic,Cadila,Yes,2025-09,0,484,545,484,61,Yes,0,2,129.07,0.21,251.91,6
MED0018,Normal Saline 250mg Inhaler,Anesthetic,Cadila,Yes,2025-10,0,720,609,609,0,No,111,2,129.07,0.21,249.49,6
MED0018,Normal Saline 250mg Inhaler,Anesthetic,Cadila,Yes,2025-11,111,554,629,629,0,No,36,2,129.07,0.21,253.11,6
MED0018,Normal Saline 250mg Inhaler,Anesthetic,Cadila,Yes,2025-12,36,480,552,516,36,Yes,0,2,129.07,0.21,259.48,6
MED0018,Normal Saline 250mg Inhaler,Anesthetic,Cadila,Yes,2026-01,0,0,648,0,648,Yes,0,2,129.07,0.21,265.69,6
MED0018,Normal Saline 250mg Inhaler,Anesthetic,Cadila,Yes,2026-02,0,0,574,0,574,Yes,0,2,129.07,0.21,270.18,6
MED0018,Normal Saline 250mg Inhaler,Anesthetic,Cadila,Yes,2026-03,0,615,522,522,0,No,93,2,129.07,0.21,272.46,6
MED0018,Normal Saline 250mg Inhaler,Anesthetic,Cadila,Yes,2026-04,93,542,610,610,0,No,25,2,121.47,0.21,265.79,6
MED0018,Normal Saline 250mg Inhaler,Anesthetic,Cadila,Yes,2026-05,25,0,616,25,591,Yes,0,2,121.47,0.21,260.36,6
MED0018,Normal Saline 250mg Inhaler,Anesthetic,Cadila,Yes,2026-06,0,0,620,0,620,Yes,0,2,121.47,0.21,266.75,6
MED0018,Normal Saline 250mg Inhaler,Anesthetic,Cadila,Yes,2026-07,0,589,524,524,0,No,65,2,121.47,0.21,268.46,6
MED0019,Amlodipine 500mg Suspension,Vaccine,Intas,No,2025-08,697,2026,2444,2444,0,No,279,5,75.39,0.18,122.21,36
MED0019,Amlodipine 500mg Suspension,Vaccine,Intas,No,2025-09,279,2936,2656,2656,0,No,559,5,75.39,0.18,119.14,36
MED0019,Amlodipine 500mg Suspension,Vaccine,Intas,No,2025-10,559,0,2360,559,1801,Yes,0,5,75.39,0.18,120.4,36
MED0019,Amlodipine 500mg Suspension,Vaccine,Intas,No,2025-11,0,1935,2438,1935,503,Yes,0,5,75.39,0.18,116.59,36
MED0019,Amlodipine 500mg Suspension,Vaccine,Intas,No,2025-12,0,2986,2332,2332,0,No,654,5,75.39,0.18,113.98,36
MED0019,Amlodipine 500mg Suspension,Vaccine,Intas,No,2026-01,654,0,2732,654,2078,Yes,0,5,75.39,0.18,114.36,36
MED0019,Amlodipine 500mg Suspension,Vaccine,Intas,No,2026-02,0,2020,2127,2020,107,Yes,0,5,75.39,0.18,115.84,36
MED0019,Amlodipine 500mg Suspension,Vaccine,Intas,No,2026-03,0,0,2392,0,2392,Yes,0,5,75.39,0.18,117.01,36
MED0019,Amlodipine 500mg Suspension,Vaccine,Intas,No,2026-04,0,2606,2230,2230,0,No,376,5,75.39,0.18,114.89,36
MED0019,Amlodipine 500mg Suspension,Vaccine,Intas,No,2026-05,376,1798,2079,2079,0,No,95,5,75.39,0.18,116.52,36
MED0019,Amlodipine 500mg Suspension,Vaccine,Intas,No,2026-06,95,0,2728,95,2633,Yes,0,5,75.39,0.18,114.5,36
MED0019,Amlodipine 500mg Suspension,Vaccine,Intas,No,2026-07,0,0,2728,0,2728,Yes,0,5,75.39,0.18,113.16,36
MED0020,Lorazepam 2.5mg Ointment,Emergency/Critical Care,Cadila,No,2025-08,503,1654,1580,1580,0,No,577,5,461.73,0.2,100.53,18
MED0020,Lorazepam 2.5mg Ointment,Emergency/Critical Care,Cadila,No,2025-09,577,0,1910,577,1333,Yes,0,5,461.73,0.2,102.09,18
MED0020,Lorazepam 2.5mg Ointment,Emergency/Critical Care,Cadila,No,2025-10,0,1671,1740,1671,69,Yes,0,5,461.73,0.2,103.04,18
MED0020,Lorazepam 2.5mg Ointment,Emergency/Critical Care,Cadila,No,2025-11,0,1310,1525,1310,215,Yes,0,5,461.73,0.2,105.25,18
MED0020,Lorazepam 2.5mg Ointment,Emergency/Critical Care,Cadila,No,2025-12,0,1776,1814,1776,38,Yes,0,5,461.73,0.2,106.25,18
MED0020,Lorazepam 2.5mg Ointment,Emergency/Critical Care,Cadila,No,2026-01,0,1741,1903,1741,162,Yes,0,5,461.73,0.2,106.68,18
MED0020,Lorazepam 2.5mg Ointment,Emergency/Critical Care,Cadila,No,2026-02,0,1864,1503,1503,0,No,361,5,461.73,0.2,104.11,18
MED0020,Lorazepam 2.5mg Ointment,Emergency/Critical Care,Cadila,No,2026-03,361,2346,1896,1896,0,No,811,5,461.73,0.2,103.27,18
MED0020,Lorazepam 2.5mg Ointment,Emergency/Critical Care,Cadila,No,2026-04,811,1747,1834,1834,0,No,724,5,461.73,0.2,101.78,18
MED0020,Lorazepam 2.5mg Ointment,Emergency/Critical Care,Cadila,No,2026-05,724,0,1543,724,819,Yes,0,5,461.73,0.2,100.16,18
MED0020,Lorazepam 2.5mg Ointment,Emergency/Critical Care,Cadila,No,2026-06,0,0,1752,0,1752,Yes,0,5,461.73,0.2,103.16,18
MED0020,Lorazepam 2.5mg Ointment,Emergency/Critical Care,Cadila,No,2026-07,0,1528,1544,1528,16,Yes,0,5,461.73,0.2,102.48,18
MED0021,Folic Acid 50mg Ointment,Dermatological,Cipla,Yes,2025-08,773,1020,1166,1166,0,No,627,14,342.83,0.27,338.72,24
MED0021,Folic Acid 50mg Ointment,Dermatological,Cipla,Yes,2025-09,627,982,919,919,0,No,690,14,342.83,0.27,347.09,24
MED0021,Folic Acid 50mg Ointment,Dermatological,Cipla,Yes,2025-10,690,0,993,690,303,Yes,0,14,342.83,0.27,349.89,24
MED0021,Folic Acid 50mg Ointment,Dermatological,Cipla,Yes,2025-11,0,673,931,673,258,Yes,0,14,342.83,0.27,356.18,24
MED0021,Folic Acid 50mg Ointment,Dermatological,Cipla,Yes,2025-12,0,1072,990,990,0,No,82,14,342.83,0.27,356.24,24
MED0021,Folic Acid 50mg Ointment,Dermatological,Cipla,Yes,2026-01,82,750,965,832,133,Yes,0,14,342.83,0.27,357.88,24
MED0021,Folic Acid 50mg Ointment,Dermatological,Cipla,Yes,2026-02,0,1340,1156,1156,0,No,184,14,342.83,0.27,357.72,24
MED0021,Folic Acid 50mg Ointment,Dermatological,Cipla,Yes,2026-03,184,1243,1019,1019,0,No,408,14,342.83,0.27,351.22,24
MED0021,Folic Acid 50mg Ointment,Dermatological,Cipla,Yes,2026-04,408,1241,1072,1072,0,No,577,14,329.55,0.27,355.97,24
MED0021,Folic Acid 50mg Ointment,Dermatological,Cipla,Yes,2026-05,577,646,908,908,0,No,315,14,329.55,0.27,351.29,24
MED0021,Folic Acid 50mg Ointment,Dermatological,Cipla,Yes,2026-06,315,772,1097,1087,10,Yes,0,14,329.55,0.27,341.14,24
MED0021,Folic Acid 50mg Ointment,Dermatological,Cipla,Yes,2026-07,0,1235,1117,1117,0,No,118,14,329.55,0.27,344.24,24
MED0022,Human Albumin 250mg Tablet,Antibiotic,Biocon,No,2025-08,1984,2993,2353,2353,0,No,2624,14,556.98,0.21,70.12,9
MED0022,Human Albumin 250mg Tablet,Antibiotic,Biocon,No,2025-09,2624,0,2158,2158,0,No,466,14,556.98,0.21,72.07,9
MED0022,Human Albumin 250mg Tablet,Antibiotic,Biocon,No,2025-10,466,2242,2282,2282,0,No,426,14,556.98,0.21,74.08,9
MED0022,Human Albumin 250mg Tablet,Antibiotic,Biocon,No,2025-11,426,0,1883,426,1457,Yes,0,14,556.98,0.21,75.91,9
MED0022,Human Albumin 250mg Tablet,Antibiotic,Biocon,No,2025-12,0,2316,2016,2016,0,No,300,14,556.98,0.21,75.34,9
MED0022,Human Albumin 250mg Tablet,Antibiotic,Biocon,No,2026-01,300,0,2273,300,1973,Yes,0,14,556.98,0.21,73.2,9
MED0022,Human Albumin 250mg Tablet,Antibiotic,Biocon,No,2026-02,0,2257,1880,1880,0,No,377,14,556.98,0.21,75.09,9
MED0022,Human Albumin 250mg Tablet,Antibiotic,Biocon,No,2026-03,377,2241,2282,2282,0,No,336,14,556.98,0.21,74.77,9
MED0022,Human Albumin 250mg Tablet,Antibiotic,Biocon,No,2026-04,336,1568,1857,1857,0,No,47,14,556.98,0.21,76.43,9
MED0022,Human Albumin 250mg Tablet,Antibiotic,Biocon,No,2026-05,47,1999,1908,1908,0,No,138,14,556.98,0.21,76.43,9
MED0022,Human Albumin 250mg Tablet,Antibiotic,Biocon,No,2026-06,138,2331,2173,2173,0,No,296,14,556.98,0.21,76.43,9
MED0022,Human Albumin 250mg Tablet,Antibiotic,Biocon,No,2026-07,296,2068,1783,1783,0,No,581,14,556.98,0.21,75.52,9
MED0023,Amoxicillin 50mg Syrup,Vaccine,Cadila,Yes,2025-08,531,0,2010,531,1479,Yes,0,4,647.58,0.25,308.79,6
MED0023,Amoxicillin 50mg Syrup,Vaccine,Cadila,Yes,2025-09,0,2421,2046,2046,0,No,375,4,647.58,0.25,306.55,6
MED0023,Amoxicillin 50mg Syrup,Vaccine,Cadila,Yes,2025-10,375,2971,2437,2437,0,No,909,4,647.58,0.25,313.38,6
MED0023,Amoxicillin 50mg Syrup,Vaccine,Cadila,Yes,2025-11,909,3593,3129,3129,0,No,1373,4,647.58,0.25,309.82,6
MED0023,Amoxicillin 50mg Syrup,Vaccine,Cadila,Yes,2025-12,1373,4983,4239,4239,0,No,2117,4,647.58,0.25,303.39,6
MED0023,Amoxicillin 50mg Syrup,Vaccine,Cadila,Yes,2026-01,2117,0,4575,2117,2458,Yes,0,4,647.58,0.25,304.49,6
MED0023,Amoxicillin 50mg Syrup,Vaccine,Cadila,Yes,2026-02,0,4602,4184,4184,0,No,418,4,647.58,0.25,312.97,6
MED0023,Amoxicillin 50mg Syrup,Vaccine,Cadila,Yes,2026-03,418,2361,2441,2441,0,No,338,4,647.58,0.25,316.78,6
MED0023,Amoxicillin 50mg Syrup,Vaccine,Cadila,Yes,2026-04,338,2349,2298,2298,0,No,389,4,619.61,0.25,318.14,6
MED0023,Amoxicillin 50mg Syrup,Vaccine,Cadila,Yes,2026-05,389,2083,1916,1916,0,No,556,4,619.61,0.25,310.3,6
MED0023,Amoxicillin 50mg Syrup,Vaccine,Cadila,Yes,2026-06,556,1860,1635,1635,0,No,781,4,619.61,0.25,312.54,6
MED0023,Amoxicillin 50mg Syrup,Vaccine,Cadila,Yes,2026-07,781,2055,1675,1675,0,No,1161,4,619.61,0.25,322.07,6
MED0024,Insulin 1g Tablet,Dermatological,Dr Reddy's,No,2025-08,304,2221,2878,2525,353,Yes,0,2,463.3,0.19,248.33,36
MED0024,Insulin 1g Tablet,Dermatological,Dr Reddy's,No,2025-09,0,3466,2781,2781,0,No,685,2,463.3,0.19,248.62,36
MED0024,Insulin 1g Tablet,Dermatological,Dr Reddy's,No,2025-10,685,3371,2889,2889,0,No,1167,2,463.3,0.19,254.52,36
MED0024,Insulin 1g Tablet,Dermatological,Dr Reddy's,No,2025-11,1167,0,2267,1167,1100,Yes,0,2,463.3,0.19,258.29,36
MED0024,Insulin 1g Tablet,Dermatological,Dr Reddy's,No,2025-12,0,2341,2548,2341,207,Yes,0,2,463.3,0.19,261.37,36
MED0024,Insulin 1g Tablet,Dermatological,Dr Reddy's,No,2026-01,0,0,2498,0,2498,Yes,0,2,463.3,0.19,264.54,36
MED0024,Insulin 1g Tablet,Dermatological,Dr Reddy's,No,2026-02,0,2762,2552,2552,0,No,210,2,463.3,0.19,262.34,36
MED0024,Insulin 1g Tablet,Dermatological,Dr Reddy's,No,2026-03,210,3005,2593,2593,0,No,622,2,463.3,0.19,259.11,36
MED0024,Insulin 1g Tablet,Dermatological,Dr Reddy's,No,2026-04,622,1776,2498,2398,100,Yes,0,2,463.3,0.19,263.95,36
MED0024,Insulin 1g Tablet,Dermatological,Dr Reddy's,No,2026-05,0,2004,2667,2004,663,Yes,0,2,463.3,0.19,268.8,36
MED0024,Insulin 1g Tablet,Dermatological,Dr Reddy's,No,2026-06,0,1736,2237,1736,501,Yes,0,2,463.3,0.19,270.68,36
MED0024,Insulin 1g Tablet,Dermatological,Dr Reddy's,No,2026-07,0,1771,2440,1771,669,Yes,0,2,463.3,0.19,270.68,36
MED0025,Fluoxetine 10mg Syrup,Analgesic,Cadila,Yes,2025-08,170,769,603,603,0,No,336,7,173.05,0.22,66.46,36
MED0025,Fluoxetine 10mg Syrup,Analgesic,Cadila,Yes,2025-09,336,0,558,336,222,Yes,0,7,173.05,0.22,66.51,36
MED0025,Fluoxetine 10mg Syrup,Analgesic,Cadila,Yes,2025-10,0,439,463,439,24,Yes,0,7,173.05,0.22,66.52,36
MED0025,Fluoxetine 10mg Syrup,Analgesic,Cadila,Yes,2025-11,0,468,575,468,107,Yes,0,7,173.05,0.22,67.77,36
MED0025,Fluoxetine 10mg Syrup,Analgesic,Cadila,Yes,2025-12,0,400,542,400,142,Yes,0,7,173.05,0.22,68.4,36
MED0025,Fluoxetine 10mg Syrup,Analgesic,Cadila,Yes,2026-01,0,441,571,441,130,Yes,0,7,173.05,0.22,69.25,36
MED0025,Fluoxetine 10mg Syrup,Analgesic,Cadila,Yes,2026-02,0,539,545,539,6,Yes,0,7,173.05,0.22,70.49,36
MED0025,Fluoxetine 10mg Syrup,Analgesic,Cadila,Yes,2026-03,0,595,470,470,0,No,125,7,173.05,0.22,72.12,36
MED0025,Fluoxetine 10mg Syrup,Analgesic,Cadila,Yes,2026-04,125,401,504,504,0,No,22,7,163.41,0.22,71.44,36
MED0025,Fluoxetine 10mg Syrup,Analgesic,Cadila,Yes,2026-05,22,577,537,537,0,No,62,7,163.41,0.22,70.92,36
MED0025,Fluoxetine 10mg Syrup,Analgesic,Cadila,Yes,2026-06,62,442,567,504,63,Yes,0,7,163.41,0.22,69.22,36
MED0025,Fluoxetine 10mg Syrup,Analgesic,Cadila,Yes,2026-07,0,661,584,584,0,No,77,7,163.41,0.22,69.55,36
MED0026,Haloperidol 500mg Ointment,Antibiotic,Mankind,No,2025-08,264,1582,1362,1362,0,No,484,4,636.25,0.16,176.08,9
MED0026,Haloperidol 500mg Ointment,Antibiotic,Mankind,No,2025-09,484,988,1147,1147,0,No,325,4,636.25,0.16,175.7,9
MED0026,Haloperidol 500mg Ointment,Antibiotic,Mankind,No,2025-10,325,815,918,918,0,No,222,4,636.25,0.16,176.17,9
MED0026,Haloperidol 500mg Ointment,Antibiotic,Mankind,No,2025-11,222,717,666,666,0,No,273,4,636.25,0.16,173.8,9
MED0026,Haloperidol 500mg Ointment,Antibiotic,Mankind,No,2025-12,273,0,591,273,318,Yes,0,4,636.25,0.16,174.81,9
MED0026,Haloperidol 500mg Ointment,Antibiotic,Mankind,No,2026-01,0,522,618,522,96,Yes,0,4,636.25,0.16,169.6,9
MED0026,Haloperidol 500mg Ointment,Antibiotic,Mankind,No,2026-02,0,638,555,555,0,No,83,4,636.25,0.16,164.47,9
MED0026,Haloperidol 500mg Ointment,Antibiotic,Mankind,No,2026-03,83,664,572,572,0,No,175,4,636.25,0.16,168.05,9
MED0026,Haloperidol 500mg Ointment,Antibiotic,Mankind,No,2026-04,175,642,679,679,0,No,138,4,636.25,0.16,166.5,9
MED0026,Haloperidol 500mg Ointment,Antibiotic,Mankind,No,2026-05,138,1263,1008,1008,0,No,393,4,636.25,0.16,162.36,9
MED0026,Haloperidol 500mg Ointment,Antibiotic,Mankind,No,2026-06,393,1523,1433,1433,0,No,483,4,636.25,0.16,162.61,9
MED0026,Haloperidol 500mg Ointment,Antibiotic,Mankind,No,2026-07,483,1296,1609,1609,0,No,170,4,636.25,0.16,165.61,9
MED0027,Salbutamol 5ml Drops,Dermatological,Lupin,No,2025-08,115,595,473,473,0,No,237,4,439.61,0.23,244.66,24
MED0027,Salbutamol 5ml Drops,Dermatological,Lupin,No,2025-09,237,0,442,237,205,Yes,0,4,439.61,0.23,240.28,24
MED0027,Salbutamol 5ml Drops,Dermatological,Lupin,No,2025-10,0,253,313,253,60,Yes,0,4,439.61,0.23,242.17,24
MED0027,Salbutamol 5ml Drops,Dermatological,Lupin,No,2025-11,0,296,252,252,0,No,44,4,439.61,0.23,235.78,24
MED0027,Salbutamol 5ml Drops,Dermatological,Lupin,No,2025-12,44,251,250,250,0,No,45,4,439.61,0.23,228.87,24
MED0027,Salbutamol 5ml Drops,Dermatological,Lupin,No,2026-01,45,235,209,209,0,No,71,4,439.61,0.23,229.35,24
MED0027,Salbutamol 5ml Drops,Dermatological,Lupin,No,2026-02,71,260,308,308,0,No,23,4,439.61,0.23,229.98,24
MED0027,Salbutamol 5ml Drops,Dermatological,Lupin,No,2026-03,23,400,312,312,0,No,111,4,439.61,0.23,232.1,24
MED0027,Salbutamol 5ml Drops,Dermatological,Lupin,No,2026-04,111,535,561,561,0,No,85,4,439.61,0.23,235.58,24
MED0027,Salbutamol 5ml Drops,Dermatological,Lupin,No,2026-05,85,0,565,85,480,Yes,0,4,439.61,0.23,242.91,24
MED0027,Salbutamol 5ml Drops,Dermatological,Lupin,No,2026-06,0,674,632,632,0,No,42,4,439.61,0.23,243.16,24
MED0027,Salbutamol 5ml Drops,Dermatological,Lupin,No,2026-07,42,670,563,563,0,No,149,4,439.61,0.23,240.43,24
MED0028,Levetiracetam 10mg Suspension,Vitamin/Supplement,Abbott,Yes,2025-08,365,599,823,823,0,No,141,5,127.34,0.14,145.98,6
MED0028,Levetiracetam 10mg Suspension,Vitamin/Supplement,Abbott,Yes,2025-09,141,1160,977,977,0,No,324,5,127.34,0.14,148.69,6
MED0028,Levetiracetam 10mg Suspension,Vitamin/Supplement,Abbott,Yes,2025-10,324,1277,1028,1028,0,No,573,5,127.34,0.14,146.58,6
MED0028,Levetiracetam 10mg Suspension,Vitamin/Supplement,Abbott,Yes,2025-11,573,0,879,573,306,Yes,0,5,127.34,0.14,146.02,6
MED0028,Levetiracetam 10mg Suspension,Vitamin/Supplement,Abbott,Yes,2025-12,0,684,802,684,118,Yes,0,5,127.34,0.14,142.14,6
MED0028,Levetiracetam 10mg Suspension,Vitamin/Supplement,Abbott,Yes,2026-01,0,0,843,0,843,Yes,0,5,127.34,0.14,137.77,6
MED0028,Levetiracetam 10mg Suspension,Vitamin/Supplement,Abbott,Yes,2026-02,0,945,1015,945,70,Yes,0,5,127.34,0.14,142.02,6
MED0028,Levetiracetam 10mg Suspension,Vitamin/Supplement,Abbott,Yes,2026-03,0,1182,925,925,0,No,257,5,127.34,0.14,145.11,6
MED0028,Levetiracetam 10mg Suspension,Vitamin/Supplement,Abbott,Yes,2026-04,257,1187,969,969,0,No,475,5,123.52,0.14,146.91,6
MED0028,Levetiracetam 10mg Suspension,Vitamin/Supplement,Abbott,Yes,2026-05,475,929,874,874,0,No,530,5,123.52,0.14,146.07,6
MED0028,Levetiracetam 10mg Suspension,Vitamin/Supplement,Abbott,Yes,2026-06,530,0,949,530,419,Yes,0,5,123.52,0.14,143.07,6
MED0028,Levetiracetam 10mg Suspension,Vitamin/Supplement,Abbott,Yes,2026-07,0,989,964,964,0,No,25,5,123.52,0.14,139.91,6
MED0029,Carbamazepine 5mg Capsule,Dermatological,Zydus,No,2025-08,185,1056,1415,1241,174,Yes,0,5,38.92,0.27,314.87,9
MED0029,Carbamazepine 5mg Capsule,Dermatological,Zydus,No,2025-09,0,1238,962,962,0,No,276,5,38.92,0.27,315.85,9
MED0029,Carbamazepine 5mg Capsule,Dermatological,Zydus,No,2025-10,276,682,630,630,0,No,328,5,38.92,0.27,320.11,9
MED0029,Carbamazepine 5mg Capsule,Dermatological,Zydus,No,2025-11,328,597,485,485,0,No,440,5,38.92,0.27,323.29,9
MED0029,Carbamazepine 5mg Capsule,Dermatological,Zydus,No,2025-12,440,354,403,403,0,No,391,5,38.92,0.27,318.92,9
MED0029,Carbamazepine 5mg Capsule,Dermatological,Zydus,No,2026-01,391,516,508,508,0,No,399,5,38.92,0.27,327.94,9
MED0029,Carbamazepine 5mg Capsule,Dermatological,Zydus,No,2026-02,399,0,440,399,41,Yes,0,5,38.92,0.27,332.66,9
MED0029,Carbamazepine 5mg Capsule,Dermatological,Zydus,No,2026-03,0,604,626,604,22,Yes,0,5,38.92,0.27,333.74,9
MED0029,Carbamazepine 5mg Capsule,Dermatological,Zydus,No,2026-04,0,700,708,700,8,Yes,0,5,38.92,0.27,335.96,9
MED0029,Carbamazepine 5mg Capsule,Dermatological,Zydus,No,2026-05,0,685,827,685,142,Yes,0,5,38.92,0.27,334.37,9
MED0029,Carbamazepine 5mg Capsule,Dermatological,Zydus,No,2026-06,0,1038,1253,1038,215,Yes,0,5,38.92,0.27,329.37,9
MED0029,Carbamazepine 5mg Capsule,Dermatological,Zydus,No,2026-07,0,1338,1469,1338,131,Yes,0,5,38.92,0.27,326.51,9
MED0030,Enoxaparin 1g Tablet,Respiratory,GSK,No,2025-08,594,2329,2283,2283,0,No,640,5,755.14,0.27,308.83,18
MED0030,Enoxaparin 1g Tablet,Respiratory,GSK,No,2025-09,640,2971,2991,2991,0,No,620,5,755.14,0.27,313.85,18
MED0030,Enoxaparin 1g Tablet,Respiratory,GSK,No,2025-10,620,2602,2649,2649,0,No,573,5,755.14,0.27,304.4,18
MED0030,Enoxaparin 1g Tablet,Respiratory,GSK,No,2025-11,573,2033,2803,2606,197,Yes,0,5,755.14,0.27,296.93,18
MED0030,Enoxaparin 1g Tablet,Respiratory,GSK,No,2025-12,0,3049,2637,2637,0,No,412,5,755.14,0.27,288.1,18
MED0030,Enoxaparin 1g Tablet,Respiratory,GSK,No,2026-01,412,3705,3024,3024,0,No,1093,5,755.14,0.27,281.04,18
MED0030,Enoxaparin 1g Tablet,Respiratory,GSK,No,2026-02,1093,3388,2801,2801,0,No,1680,5,755.14,0.27,287.96,18
MED0030,Enoxaparin 1g Tablet,Respiratory,GSK,No,2026-03,1680,2748,2624,2624,0,No,1804,5,755.14,0.27,291.92,18
MED0030,Enoxaparin 1g Tablet,Respiratory,GSK,No,2026-04,1804,2584,2393,2393,0,No,1995,5,755.14,0.27,291.42,18
MED0030,Enoxaparin 1g Tablet,Respiratory,GSK,No,2026-05,1995,0,2322,1995,327,Yes,0,5,755.14,0.27,283.6,18
MED0030,Enoxaparin 1g Tablet,Respiratory,GSK,No,2026-06,0,2428,2306,2306,0,No,122,5,755.14,0.27,283.44,18
MED0030,Enoxaparin 1g Tablet,Respiratory,GSK,No,2026-07,122,2990,2314,2314,0,No,798,5,755.14,0.27,282.92,18
MED0031,Clopidogrel 250mg Tablet,Emergency/Critical Care,Sun Pharma,Yes,2025-08,928,0,912,912,0,No,16,14,157.04,0.13,71.24,9
MED0031,Clopidogrel 250mg Tablet,Emergency/Critical Care,Sun Pharma,Yes,2025-09,16,1143,1049,1049,0,No,110,14,157.04,0.13,69.77,9
MED0031,Clopidogrel 250mg Tablet,Emergency/Critical Care,Sun Pharma,Yes,2025-10,110,802,926,912,14,Yes,0,14,157.04,0.13,69.47,9
MED0031,Clopidogrel 250mg Tablet,Emergency/Critical Care,Sun Pharma,Yes,2025-11,0,1355,1219,1219,0,No,136,14,157.04,0.13,69.01,9
MED0031,Clopidogrel 250mg Tablet,Emergency/Critical Care,Sun Pharma,Yes,2025-12,136,1667,1598,1598,0,No,205,14,157.04,0.13,69.53,9
MED0031,Clopidogrel 250mg Tablet,Emergency/Critical Care,Sun Pharma,Yes,2026-01,205,1964,1783,1783,0,No,386,14,157.04,0.13,70.14,9
MED0031,Clopidogrel 250mg Tablet,Emergency/Critical Care,Sun Pharma,Yes,2026-02,386,1646,1725,1725,0,No,307,14,157.04,0.13,68.1,9
MED0031,Clopidogrel 250mg Tablet,Emergency/Critical Care,Sun Pharma,Yes,2026-03,307,1052,1062,1062,0,No,297,14,157.04,0.13,67.54,9
MED0031,Clopidogrel 250mg Tablet,Emergency/Critical Care,Sun Pharma,Yes,2026-04,297,657,875,875,0,No,79,14,150.69,0.13,68.1,9
MED0031,Clopidogrel 250mg Tablet,Emergency/Critical Care,Sun Pharma,Yes,2026-05,79,751,804,804,0,No,26,14,150.69,0.13,68.11,9
MED0031,Clopidogrel 250mg Tablet,Emergency/Critical Care,Sun Pharma,Yes,2026-06,26,559,736,585,151,Yes,0,14,150.69,0.13,69.71,9
MED0031,Clopidogrel 250mg Tablet,Emergency/Critical Care,Sun Pharma,Yes,2026-07,0,665,763,665,98,Yes,0,14,150.69,0.13,70.42,9
MED0032,Povidone Iodine 1g Syrup,Neuro/Psychiatric,Sun Pharma,No,2025-08,425,0,1716,425,1291,Yes,0,4,208.93,0.2,254.8,24
MED0032,Povidone Iodine 1g Syrup,Neuro/Psychiatric,Sun Pharma,No,2025-09,0,1834,2114,1834,280,Yes,0,4,208.93,0.2,247.91,24
MED0032,Povidone Iodine 1g Syrup,Neuro/Psychiatric,Sun Pharma,No,2025-10,0,0,1678,0,1678,Yes,0,4,208.93,0.2,250.2,24
MED0032,Povidone Iodine 1g Syrup,Neuro/Psychiatric,Sun Pharma,No,2025-11,0,1891,1682,1682,0,No,209,4,208.93,0.2,242.6,24
MED0032,Povidone Iodine 1g Syrup,Neuro/Psychiatric,Sun Pharma,No,2025-12,209,1479,1922,1688,234,Yes,0,4,208.93,0.2,243.98,24
MED0032,Povidone Iodine 1g Syrup,Neuro/Psychiatric,Sun Pharma,No,2026-01,0,2029,1910,1910,0,No,119,4,208.93,0.2,251.05,24
MED0032,Povidone Iodine 1g Syrup,Neuro/Psychiatric,Sun Pharma,No,2026-02,119,1979,2100,2098,2,Yes,0,4,208.93,0.2,252.26,24
MED0032,Povidone Iodine 1g Syrup,Neuro/Psychiatric,Sun Pharma,No,2026-03,0,1595,1734,1595,139,Yes,0,4,208.93,0.2,250.46,24
MED0032,Povidone Iodine 1g Syrup,Neuro/Psychiatric,Sun Pharma,No,2026-04,0,1975,2124,1975,149,Yes,0,4,208.93,0.2,252.76,24
MED0032,Povidone Iodine 1g Syrup,Neuro/Psychiatric,Sun Pharma,No,2026-05,0,1873,2080,1873,207,Yes,0,4,208.93,0.2,252.09,24
MED0032,Povidone Iodine 1g Syrup,Neuro/Psychiatric,Sun Pharma,No,2026-06,0,2085,2070,2070,0,No,15,4,208.93,0.2,252.82,24
MED0032,Povidone Iodine 1g Syrup,Neuro/Psychiatric,Sun Pharma,No,2026-07,15,1296,1832,1311,521,Yes,0,4,208.93,0.2,259.91,24
MED0033,Hepatitis B Vaccine 5ml Suspension,Cardiac,Alkem,No,2025-08,3004,0,1830,1830,0,No,1174,21,330.39,0.18,280.69,24
MED0033,Hepatitis B Vaccine 5ml Suspension,Cardiac,Alkem,No,2025-09,1174,2021,1826,1826,0,No,1369,21,330.39,0.18,278.68,24
MED0033,Hepatitis B Vaccine 5ml Suspension,Cardiac,Alkem,No,2025-10,1369,2149,1815,1815,0,No,1703,21,330.39,0.18,286.84,24
MED0033,Hepatitis B Vaccine 5ml Suspension,Cardiac,Alkem,No,2025-11,1703,1710,1642,1642,0,No,1771,21,330.39,0.18,294.01,24
MED0033,Hepatitis B Vaccine 5ml Suspension,Cardiac,Alkem,No,2025-12,1771,0,2061,1771,290,Yes,0,21,330.39,0.18,288.63,24
MED0033,Hepatitis B Vaccine 5ml Suspension,Cardiac,Alkem,No,2026-01,0,2107,2055,2055,0,No,52,21,330.39,0.18,281.01,24
MED0033,Hepatitis B Vaccine 5ml Suspension,Cardiac,Alkem,No,2026-02,52,0,2045,52,1993,Yes,0,21,330.39,0.18,273.95,24
MED0033,Hepatitis B Vaccine 5ml Suspension,Cardiac,Alkem,No,2026-03,0,1694,1891,1694,197,Yes,0,21,330.39,0.18,265.43,24
MED0033,Hepatitis B Vaccine 5ml Suspension,Cardiac,Alkem,No,2026-04,0,2489,1919,1919,0,No,570,21,330.39,0.18,258.26,24
MED0033,Hepatitis B Vaccine 5ml Suspension,Cardiac,Alkem,No,2026-05,570,1899,1593,1593,0,No,876,21,330.39,0.18,261.5,24
MED0033,Hepatitis B Vaccine 5ml Suspension,Cardiac,Alkem,No,2026-06,876,1276,1740,1740,0,No,412,21,330.39,0.18,255.43,24
MED0033,Hepatitis B Vaccine 5ml Suspension,Cardiac,Alkem,No,2026-07,412,2032,1787,1787,0,No,657,21,330.39,0.18,255.43,24
MED0034,Haloperidol 20mg Suspension,Anesthetic,Cadila,No,2025-08,134,739,682,682,0,No,191,4,427.69,0.2,160.78,6
MED0034,Haloperidol 20mg Suspension,Anesthetic,Cadila,No,2025-09,191,0,612,191,421,Yes,0,4,427.69,0.2,164.27,6
MED0034,Haloperidol 20mg Suspension,Anesthetic,Cadila,No,2025-10,0,678,605,605,0,No,73,4,427.69,0.2,159.44,6
MED0034,Haloperidol 20mg Suspension,Anesthetic,Cadila,No,2025-11,73,671,717,717,0,No,27,4,427.69,0.2,162.63,6
MED0034,Haloperidol 20mg Suspension,Anesthetic,Cadila,No,2025-12,27,773,598,598,0,No,202,4,427.69,0.2,160.42,6
MED0034,Haloperidol 20mg Suspension,Anesthetic,Cadila,No,2026-01,202,505,594,594,0,No,113,4,427.69,0.2,156.55,6
MED0034,Haloperidol 20mg Suspension,Anesthetic,Cadila,No,2026-02,113,685,725,725,0,No,73,4,427.69,0.2,158.54,6
MED0034,Haloperidol 20mg Suspension,Anesthetic,Cadila,No,2026-03,73,671,692,692,0,No,52,4,427.69,0.2,159.85,6
MED0034,Haloperidol 20mg Suspension,Anesthetic,Cadila,No,2026-04,52,709,598,598,0,No,163,4,427.69,0.2,163.67,6
MED0034,Haloperidol 20mg Suspension,Anesthetic,Cadila,No,2026-05,163,0,706,163,543,Yes,0,4,427.69,0.2,166.05,6
MED0034,Haloperidol 20mg Suspension,Anesthetic,Cadila,No,2026-06,0,880,703,703,0,No,177,4,427.69,0.2,169.12,6
MED0034,Haloperidol 20mg Suspension,Anesthetic,Cadila,No,2026-07,177,0,571,177,394,Yes,0,4,427.69,0.2,166.91,6
MED0035,Sodium Valproate 250mg Tablet,Dermatological,Abbott,No,2025-08,426,1177,1670,1603,67,Yes,0,5,394.67,0.13,68.43,12
MED0035,Sodium Valproate 250mg Tablet,Dermatological,Abbott,No,2025-09,0,1856,1485,1485,0,No,371,5,394.67,0.13,67.04,12
MED0035,Sodium Valproate 250mg Tablet,Dermatological,Abbott,No,2025-10,371,1227,1751,1598,153,Yes,0,5,394.67,0.13,68.12,12
MED0035,Sodium Valproate 250mg Tablet,Dermatological,Abbott,No,2025-11,0,1388,1461,1388,73,Yes,0,5,394.67,0.13,69.44,12
MED0035,Sodium Valproate 250mg Tablet,Dermatological,Abbott,No,2025-12,0,0,1764,0,1764,Yes,0,5,394.67,0.13,71.55,12
MED0035,Sodium Valproate 250mg Tablet,Dermatological,Abbott,No,2026-01,0,1851,1497,1497,0,No,354,5,394.67,0.13,71.17,12
MED0035,Sodium Valproate 250mg Tablet,Dermatological,Abbott,No,2026-02,354,1032,1460,1386,74,Yes,0,5,394.67,0.13,70.62,12
MED0035,Sodium Valproate 250mg Tablet,Dermatological,Abbott,No,2026-03,0,1528,1896,1528,368,Yes,0,5,394.67,0.13,71.81,12
MED0035,Sodium Valproate 250mg Tablet,Dermatological,Abbott,No,2026-04,0,1861,1689,1689,0,No,172,5,394.67,0.13,71.12,12
MED0035,Sodium Valproate 250mg Tablet,Dermatological,Abbott,No,2026-05,172,1235,1495,1407,88,Yes,0,5,394.67,0.13,72.98,12
MED0035,Sodium Valproate 250mg Tablet,Dermatological,Abbott,No,2026-06,0,1460,1557,1460,97,Yes,0,5,394.67,0.13,74.53,12
MED0035,Sodium Valproate 250mg Tablet,Dermatological,Abbott,No,2026-07,0,1746,1523,1523,0,No,223,5,394.67,0.13,74.22,12
MED0036,Diazepam 5ml Drops,Vitamin/Supplement,Mankind,No,2025-08,454,865,1089,1089,0,No,230,5,46.52,0.21,176.87,12
MED0036,Diazepam 5ml Drops,Vitamin/Supplement,Mankind,No,2025-09,230,1447,1173,1173,0,No,504,5,46.52,0.21,179.67,12
MED0036,Diazepam 5ml Drops,Vitamin/Supplement,Mankind,No,2025-10,504,1082,1090,1090,0,No,496,5,46.52,0.21,182.51,12
MED0036,Diazepam 5ml Drops,Vitamin/Supplement,Mankind,No,2025-11,496,1258,1144,1144,0,No,610,5,46.52,0.21,178.09,12
MED0036,Diazepam 5ml Drops,Vitamin/Supplement,Mankind,No,2025-12,610,702,958,958,0,No,354,5,46.52,0.21,182.58,12
MED0036,Diazepam 5ml Drops,Vitamin/Supplement,Mankind,No,2026-01,354,915,951,951,0,No,318,5,46.52,0.21,182.64,12
MED0036,Diazepam 5ml Drops,Vitamin/Supplement,Mankind,No,2026-02,318,1039,1030,1030,0,No,327,5,46.52,0.21,186.28,12
MED0036,Diazepam 5ml Drops,Vitamin/Supplement,Mankind,No,2026-03,327,750,1010,1010,0,No,67,5,46.52,0.21,184.27,12
MED0036,Diazepam 5ml Drops,Vitamin/Supplement,Mankind,No,2026-04,67,1142,992,992,0,No,217,5,46.52,0.21,188.68,12
MED0036,Diazepam 5ml Drops,Vitamin/Supplement,Mankind,No,2026-05,217,1177,1194,1194,0,No,200,5,46.52,0.21,187.45,12
MED0036,Diazepam 5ml Drops,Vitamin/Supplement,Mankind,No,2026-06,200,1349,1157,1157,0,No,392,5,46.52,0.21,182,12
MED0036,Diazepam 5ml Drops,Vitamin/Supplement,Mankind,No,2026-07,392,1205,1110,1110,0,No,487,5,46.52,0.21,186.52,12
MED0037,Loperamide 10ml Tablet,Neuro/Psychiatric,Lupin,No,2025-08,285,1105,1066,1066,0,No,324,7,58.67,0.25,258.94,36
MED0037,Loperamide 10ml Tablet,Neuro/Psychiatric,Lupin,No,2025-09,324,979,936,936,0,No,367,7,58.67,0.25,252.27,36
MED0037,Loperamide 10ml Tablet,Neuro/Psychiatric,Lupin,No,2025-10,367,0,580,367,213,Yes,0,7,58.67,0.25,249.32,36
MED0037,Loperamide 10ml Tablet,Neuro/Psychiatric,Lupin,No,2025-11,0,388,363,363,0,No,25,7,58.67,0.25,256.66,36
MED0037,Loperamide 10ml Tablet,Neuro/Psychiatric,Lupin,No,2025-12,25,411,358,358,0,No,78,7,58.67,0.25,264.01,36
MED0037,Loperamide 10ml Tablet,Neuro/Psychiatric,Lupin,No,2026-01,78,252,339,330,9,Yes,0,7,58.67,0.25,265.21,36
MED0037,Loperamide 10ml Tablet,Neuro/Psychiatric,Lupin,No,2026-02,0,505,401,401,0,No,104,7,58.67,0.25,267.36,36
MED0037,Loperamide 10ml Tablet,Neuro/Psychiatric,Lupin,No,2026-03,104,400,442,442,0,No,62,7,58.67,0.25,266.52,36
MED0037,Loperamide 10ml Tablet,Neuro/Psychiatric,Lupin,No,2026-04,62,485,447,447,0,No,100,7,58.67,0.25,263.15,36
MED0037,Loperamide 10ml Tablet,Neuro/Psychiatric,Lupin,No,2026-05,100,0,573,100,473,Yes,0,7,58.67,0.25,260.35,36
MED0037,Loperamide 10ml Tablet,Neuro/Psychiatric,Lupin,No,2026-06,0,1100,914,914,0,No,186,7,58.67,0.25,263.16,36
MED0037,Loperamide 10ml Tablet,Neuro/Psychiatric,Lupin,No,2026-07,186,849,877,877,0,No,158,7,58.67,0.25,267.28,36
MED0038,Tramadol 500mg Inhaler,Analgesic,Cadila,No,2025-08,1163,1628,1704,1704,0,No,1087,21,602.83,0.18,65.89,12
MED0038,Tramadol 500mg Inhaler,Analgesic,Cadila,No,2025-09,1087,1208,1718,1718,0,No,577,21,602.83,0.18,67.1,12
MED0038,Tramadol 500mg Inhaler,Analgesic,Cadila,No,2025-10,577,0,1611,577,1034,Yes,0,21,602.83,0.18,68.3,12
MED0038,Tramadol 500mg Inhaler,Analgesic,Cadila,No,2025-11,0,1351,1318,1318,0,No,33,21,602.83,0.18,66.6,12
MED0038,Tramadol 500mg Inhaler,Analgesic,Cadila,No,2025-12,33,0,1512,33,1479,Yes,0,21,602.83,0.18,66.58,12
MED0038,Tramadol 500mg Inhaler,Analgesic,Cadila,No,2026-01,0,2046,1639,1639,0,No,407,21,602.83,0.18,64.74,12
MED0038,Tramadol 500mg Inhaler,Analgesic,Cadila,No,2026-02,407,0,1368,407,961,Yes,0,21,602.83,0.18,64.95,12
MED0038,Tramadol 500mg Inhaler,Analgesic,Cadila,No,2026-03,0,1361,1546,1361,185,Yes,0,21,602.83,0.18,64.71,12
MED0038,Tramadol 500mg Inhaler,Analgesic,Cadila,No,2026-04,0,1698,1483,1483,0,No,215,21,602.83,0.18,66.32,12
MED0038,Tramadol 500mg Inhaler,Analgesic,Cadila,No,2026-05,215,1570,1411,1411,0,No,374,21,602.83,0.18,65.7,12
MED0038,Tramadol 500mg Inhaler,Analgesic,Cadila,No,2026-06,374,1530,1332,1332,0,No,572,21,602.83,0.18,64.11,12
MED0038,Tramadol 500mg Inhaler,Analgesic,Cadila,No,2026-07,572,1138,1392,1392,0,No,318,21,602.83,0.18,62.63,12
MED0039,Glimepiride 250mg Drops,Antibiotic,Intas,No,2025-08,132,661,604,604,0,No,189,3,519.54,0.24,220.84,18
MED0039,Glimepiride 250mg Drops,Antibiotic,Intas,No,2025-09,189,544,715,715,0,No,18,3,519.54,0.24,224.48,18
MED0039,Glimepiride 250mg Drops,Antibiotic,Intas,No,2025-10,18,624,735,642,93,Yes,0,3,519.54,0.24,226.12,18
MED0039,Glimepiride 250mg Drops,Antibiotic,Intas,No,2025-11,0,0,653,0,653,Yes,0,3,519.54,0.24,220.57,18
MED0039,Glimepiride 250mg Drops,Antibiotic,Intas,No,2025-12,0,664,657,657,0,No,7,3,519.54,0.24,214.78,18
MED0039,Glimepiride 250mg Drops,Antibiotic,Intas,No,2026-01,7,481,680,488,192,Yes,0,3,519.54,0.24,217.58,18
MED0039,Glimepiride 250mg Drops,Antibiotic,Intas,No,2026-02,0,981,782,782,0,No,199,3,519.54,0.24,211.64,18
MED0039,Glimepiride 250mg Drops,Antibiotic,Intas,No,2026-03,199,491,591,591,0,No,99,3,519.54,0.24,216.12,18
MED0039,Glimepiride 250mg Drops,Antibiotic,Intas,No,2026-04,99,472,675,571,104,Yes,0,3,519.54,0.24,218.99,18
MED0039,Glimepiride 250mg Drops,Antibiotic,Intas,No,2026-05,0,669,780,669,111,Yes,0,3,519.54,0.24,213.17,18
MED0039,Glimepiride 250mg Drops,Antibiotic,Intas,No,2026-06,0,528,594,528,66,Yes,0,3,519.54,0.24,207.39,18
MED0039,Glimepiride 250mg Drops,Antibiotic,Intas,No,2026-07,0,739,610,610,0,No,129,3,519.54,0.24,214.16,18
MED0040,Risperidone 10mg Tablet,Respiratory,Aurobindo,No,2025-08,110,0,1027,110,917,Yes,0,2,775.92,0.13,316.25,18
MED0040,Risperidone 10mg Tablet,Respiratory,Aurobindo,No,2025-09,0,1067,1057,1057,0,No,10,2,775.92,0.13,313.75,18
MED0040,Risperidone 10mg Tablet,Respiratory,Aurobindo,No,2025-10,10,1155,1111,1111,0,No,54,2,775.92,0.13,311.17,18
MED0040,Risperidone 10mg Tablet,Respiratory,Aurobindo,No,2025-11,54,1303,1147,1147,0,No,210,2,775.92,0.13,317.4,18
MED0040,Risperidone 10mg Tablet,Respiratory,Aurobindo,No,2025-12,210,1065,1182,1182,0,No,93,2,775.92,0.13,326.31,18
MED0040,Risperidone 10mg Tablet,Respiratory,Aurobindo,No,2026-01,93,1157,1221,1221,0,No,29,2,775.92,0.13,335.99,18
MED0040,Risperidone 10mg Tablet,Respiratory,Aurobindo,No,2026-02,29,1064,1094,1093,1,Yes,0,2,775.92,0.13,341.04,18
MED0040,Risperidone 10mg Tablet,Respiratory,Aurobindo,No,2026-03,0,1512,1238,1238,0,No,274,2,775.92,0.13,338.57,18
MED0040,Risperidone 10mg Tablet,Respiratory,Aurobindo,No,2026-04,274,0,1224,274,950,Yes,0,2,775.92,0.13,330.27,18
MED0040,Risperidone 10mg Tablet,Respiratory,Aurobindo,No,2026-05,0,1423,1187,1187,0,No,236,2,775.92,0.13,335.79,18
MED0040,Risperidone 10mg Tablet,Respiratory,Aurobindo,No,2026-06,236,0,1197,236,961,Yes,0,2,775.92,0.13,336.95,18
MED0040,Risperidone 10mg Tablet,Respiratory,Aurobindo,No,2026-07,0,990,1129,990,139,Yes,0,2,775.92,0.13,335.44,18
MED0041,Isosorbide Dinitrate 500mg Injection,Anesthetic,Torrent,No,2025-08,1447,6081,7779,7528,251,Yes,0,5,502.23,0.21,319.36,9
MED0041,Isosorbide Dinitrate 500mg Injection,Anesthetic,Torrent,No,2025-09,0,4470,6337,4470,1867,Yes,0,5,502.23,0.21,327.54,9
MED0041,Isosorbide Dinitrate 500mg Injection,Anesthetic,Torrent,No,2025-10,0,3797,4653,3797,856,Yes,0,5,502.23,0.21,319.72,9
MED0041,Isosorbide Dinitrate 500mg Injection,Anesthetic,Torrent,No,2025-11,0,0,3324,0,3324,Yes,0,5,502.23,0.21,319.57,9
MED0041,Isosorbide Dinitrate 500mg Injection,Anesthetic,Torrent,No,2025-12,0,4066,3292,3292,0,No,774,5,502.23,0.21,309.74,9
MED0041,Isosorbide Dinitrate 500mg Injection,Anesthetic,Torrent,No,2026-01,774,2814,3019,3019,0,No,569,5,502.23,0.21,309.11,9
MED0041,Isosorbide Dinitrate 500mg Injection,Anesthetic,Torrent,No,2026-02,569,0,3119,569,2550,Yes,0,5,502.23,0.21,300.18,9
MED0041,Isosorbide Dinitrate 500mg Injection,Anesthetic,Torrent,No,2026-03,0,2624,3441,2624,817,Yes,0,5,502.23,0.21,292.51,9
MED0041,Isosorbide Dinitrate 500mg Injection,Anesthetic,Torrent,No,2026-04,0,3888,4369,3888,481,Yes,0,5,502.23,0.21,290.62,9
MED0041,Isosorbide Dinitrate 500mg Injection,Anesthetic,Torrent,No,2026-05,0,5704,4830,4830,0,No,874,5,502.23,0.21,293.62,9
MED0041,Isosorbide Dinitrate 500mg Injection,Anesthetic,Torrent,No,2026-06,874,8245,7338,7338,0,No,1781,5,502.23,0.21,298.57,9
MED0041,Isosorbide Dinitrate 500mg Injection,Anesthetic,Torrent,No,2026-07,1781,8831,8441,8441,0,No,2171,5,502.23,0.21,300.25,9
MED0042,Misoprostol 1mg Inhaler,Vaccine,Sun Pharma,No,2025-08,298,0,2501,298,2203,Yes,0,4,150.9,0.19,149.54,24
MED0042,Misoprostol 1mg Inhaler,Vaccine,Sun Pharma,No,2025-09,0,2528,2699,2528,171,Yes,0,4,150.9,0.19,153.89,24
MED0042,Misoprostol 1mg Inhaler,Vaccine,Sun Pharma,No,2025-10,0,1541,1508,1508,0,No,33,4,150.9,0.19,152.71,24
MED0042,Misoprostol 1mg Inhaler,Vaccine,Sun Pharma,No,2025-11,33,1126,1016,1016,0,No,143,4,150.9,0.19,150.69,24
MED0042,Misoprostol 1mg Inhaler,Vaccine,Sun Pharma,No,2025-12,143,972,893,893,0,No,222,4,150.9,0.19,154.16,24
MED0042,Misoprostol 1mg Inhaler,Vaccine,Sun Pharma,No,2026-01,222,0,1072,222,850,Yes,0,4,150.9,0.19,151.56,24
MED0042,Misoprostol 1mg Inhaler,Vaccine,Sun Pharma,No,2026-02,0,1389,1141,1141,0,No,248,4,150.9,0.19,155.92,24
MED0042,Misoprostol 1mg Inhaler,Vaccine,Sun Pharma,No,2026-03,248,1477,1272,1272,0,No,453,4,150.9,0.19,151.32,24
MED0042,Misoprostol 1mg Inhaler,Vaccine,Sun Pharma,No,2026-04,453,1068,1382,1382,0,No,139,4,150.9,0.19,155.75,24
MED0042,Misoprostol 1mg Inhaler,Vaccine,Sun Pharma,No,2026-05,139,1659,1684,1684,0,No,114,4,150.9,0.19,151.45,24
MED0042,Misoprostol 1mg Inhaler,Vaccine,Sun Pharma,No,2026-06,114,1928,2416,2042,374,Yes,0,4,150.9,0.19,155.13,24
MED0042,Misoprostol 1mg Inhaler,Vaccine,Sun Pharma,No,2026-07,0,3132,2754,2754,0,No,378,4,150.9,0.19,155.39,24
MED0043,Morphine 10mg Injection,Analgesic,Dr Reddy's,No,2025-08,230,0,672,230,442,Yes,0,4,106.98,0.13,331.56,6
MED0043,Morphine 10mg Injection,Analgesic,Dr Reddy's,No,2025-09,0,755,742,742,0,No,13,4,106.98,0.13,341.86,6
MED0043,Morphine 10mg Injection,Analgesic,Dr Reddy's,No,2025-10,13,546,756,559,197,Yes,0,4,106.98,0.13,332.96,6
MED0043,Morphine 10mg Injection,Analgesic,Dr Reddy's,No,2025-11,0,0,801,0,801,Yes,0,4,106.98,0.13,334.08,6
MED0043,Morphine 10mg Injection,Analgesic,Dr Reddy's,No,2025-12,0,0,713,0,713,Yes,0,4,106.98,0.13,343.88,6
MED0043,Morphine 10mg Injection,Analgesic,Dr Reddy's,No,2026-01,0,830,671,671,0,No,159,4,106.98,0.13,344.36,6
MED0043,Morphine 10mg Injection,Analgesic,Dr Reddy's,No,2026-02,159,1024,824,824,0,No,359,4,106.98,0.13,347.06,6
MED0043,Morphine 10mg Injection,Analgesic,Dr Reddy's,No,2026-03,359,834,723,723,0,No,470,4,106.98,0.13,351.15,6
MED0043,Morphine 10mg Injection,Analgesic,Dr Reddy's,No,2026-04,470,636,770,770,0,No,336,4,106.98,0.13,350.2,6
MED0043,Morphine 10mg Injection,Analgesic,Dr Reddy's,No,2026-05,336,888,760,760,0,No,464,4,106.98,0.13,352.86,6
MED0043,Morphine 10mg Injection,Analgesic,Dr Reddy's,No,2026-06,464,939,781,781,0,No,622,4,106.98,0.13,354.62,6
MED0043,Morphine 10mg Injection,Analgesic,Dr Reddy's,No,2026-07,622,669,753,753,0,No,538,4,106.98,0.13,361.4,6
MED0044,Risperidone 100mg Inhaler,Emergency/Critical Care,Cipla,No,2025-08,18,277,223,223,0,No,72,2,301.48,0.25,346.06,9
MED0044,Risperidone 100mg Inhaler,Emergency/Critical Care,Cipla,No,2025-09,72,159,211,211,0,No,20,2,301.48,0.25,336.15,9
MED0044,Risperidone 100mg Inhaler,Emergency/Critical Care,Cipla,No,2025-10,20,311,270,270,0,No,61,2,301.48,0.25,331.37,9
MED0044,Risperidone 100mg Inhaler,Emergency/Critical Care,Cipla,No,2025-11,61,0,222,61,161,Yes,0,2,301.48,0.25,341.19,9
MED0044,Risperidone 100mg Inhaler,Emergency/Critical Care,Cipla,No,2025-12,0,219,264,219,45,Yes,0,2,301.48,0.25,349.7,9
MED0044,Risperidone 100mg Inhaler,Emergency/Critical Care,Cipla,No,2026-01,0,269,252,252,0,No,17,2,301.48,0.25,348.73,9
MED0044,Risperidone 100mg Inhaler,Emergency/Critical Care,Cipla,No,2026-02,17,284,236,236,0,No,65,2,301.48,0.25,351.35,9
MED0044,Risperidone 100mg Inhaler,Emergency/Critical Care,Cipla,No,2026-03,65,246,261,261,0,No,50,2,301.48,0.25,346.5,9
MED0044,Risperidone 100mg Inhaler,Emergency/Critical Care,Cipla,No,2026-04,50,311,263,263,0,No,98,2,301.48,0.25,339.7,9
MED0044,Risperidone 100mg Inhaler,Emergency/Critical Care,Cipla,No,2026-05,98,175,229,229,0,No,44,2,301.48,0.25,338.91,9
MED0044,Risperidone 100mg Inhaler,Emergency/Critical Care,Cipla,No,2026-06,44,316,261,261,0,No,99,2,301.48,0.25,335.71,9
MED0044,Risperidone 100mg Inhaler,Emergency/Critical Care,Cipla,No,2026-07,99,196,228,228,0,No,67,2,301.48,0.25,337.53,9
MED0045,Dextrose 5% 2.5mg Injection,Analgesic,Biocon,No,2025-08,161,0,968,161,807,Yes,0,4,45.57,0.26,292,12
MED0045,Dextrose 5% 2.5mg Injection,Analgesic,Biocon,No,2025-09,0,805,1029,805,224,Yes,0,4,45.57,0.26,284.23,12
MED0045,Dextrose 5% 2.5mg Injection,Analgesic,Biocon,No,2025-10,0,1129,1012,1012,0,No,117,4,45.57,0.26,292.96,12
MED0045,Dextrose 5% 2.5mg Injection,Analgesic,Biocon,No,2025-11,117,1357,1615,1474,141,Yes,0,4,45.57,0.26,301.9,12
MED0045,Dextrose 5% 2.5mg Injection,Analgesic,Biocon,No,2025-12,0,1548,1813,1548,265,Yes,0,4,45.57,0.26,305.55,12
MED0045,Dextrose 5% 2.5mg Injection,Analgesic,Biocon,No,2026-01,0,1558,2198,1558,640,Yes,0,4,45.57,0.26,306.21,12
MED0045,Dextrose 5% 2.5mg Injection,Analgesic,Biocon,No,2026-02,0,1653,1586,1586,0,No,67,4,45.57,0.26,302.71,12
MED0045,Dextrose 5% 2.5mg Injection,Analgesic,Biocon,No,2026-03,67,1241,1117,1117,0,No,191,4,45.57,0.26,308.48,12
MED0045,Dextrose 5% 2.5mg Injection,Analgesic,Biocon,No,2026-04,191,1054,1003,1003,0,No,242,4,45.57,0.26,311.88,12
MED0045,Dextrose 5% 2.5mg Injection,Analgesic,Biocon,No,2026-05,242,601,766,766,0,No,77,4,45.57,0.26,305.67,12
MED0045,Dextrose 5% 2.5mg Injection,Analgesic,Biocon,No,2026-06,77,799,729,729,0,No,147,4,45.57,0.26,313.23,12
MED0045,Dextrose 5% 2.5mg Injection,Analgesic,Biocon,No,2026-07,147,0,970,147,823,Yes,0,4,45.57,0.26,318.28,12
MED0046,Propranolol 5mg Suspension,Neuro/Psychiatric,Cadila,Yes,2025-08,663,3250,2528,2528,0,No,1385,3,360.71,0.14,335.76,6
MED0046,Propranolol 5mg Suspension,Neuro/Psychiatric,Cadila,Yes,2025-09,1385,0,2445,1385,1060,Yes,0,3,360.71,0.14,345.27,6
MED0046,Propranolol 5mg Suspension,Neuro/Psychiatric,Cadila,Yes,2025-10,0,3075,2585,2585,0,No,490,3,360.71,0.14,350.04,6
MED0046,Propranolol 5mg Suspension,Neuro/Psychiatric,Cadila,Yes,2025-11,490,0,4247,490,3757,Yes,0,3,360.71,0.14,352.44,6
MED0046,Propranolol 5mg Suspension,Neuro/Psychiatric,Cadila,Yes,2025-12,0,4956,4972,4956,16,Yes,0,3,360.71,0.14,350.71,6
MED0046,Propranolol 5mg Suspension,Neuro/Psychiatric,Cadila,Yes,2026-01,0,4589,5197,4589,608,Yes,0,3,360.71,0.14,359.86,6
MED0046,Propranolol 5mg Suspension,Neuro/Psychiatric,Cadila,Yes,2026-02,0,3956,4557,3956,601,Yes,0,3,360.71,0.14,365.98,6
MED0046,Propranolol 5mg Suspension,Neuro/Psychiatric,Cadila,Yes,2026-03,0,3101,3047,3047,0,No,54,3,360.71,0.14,356.36,6
MED0046,Propranolol 5mg Suspension,Neuro/Psychiatric,Cadila,Yes,2026-04,54,0,2136,54,2082,Yes,0,3,345.58,0.14,346.34,6
MED0046,Propranolol 5mg Suspension,Neuro/Psychiatric,Cadila,Yes,2026-05,0,0,2087,0,2087,Yes,0,3,345.58,0.14,343.73,6
MED0046,Propranolol 5mg Suspension,Neuro/Psychiatric,Cadila,Yes,2026-06,0,1487,1771,1487,284,Yes,0,3,345.58,0.14,350.3,6
MED0046,Propranolol 5mg Suspension,Neuro/Psychiatric,Cadila,Yes,2026-07,0,2140,2316,2140,176,Yes,0,3,345.58,0.14,360.61,6
MED0047,Heparin 1mg Syrup,Vaccine,Intas,No,2025-08,829,874,855,855,0,No,848,10,246.57,0.25,340.07,6
MED0047,Heparin 1mg Syrup,Vaccine,Intas,No,2025-09,848,1063,978,978,0,No,933,10,246.57,0.25,342.09,6
MED0047,Heparin 1mg Syrup,Vaccine,Intas,No,2025-10,933,0,1183,933,250,Yes,0,10,246.57,0.25,339.54,6
MED0047,Heparin 1mg Syrup,Vaccine,Intas,No,2025-11,0,1280,1504,1280,224,Yes,0,10,246.57,0.25,349.61,6
MED0047,Heparin 1mg Syrup,Vaccine,Intas,No,2025-12,0,0,1988,0,1988,Yes,0,10,246.57,0.25,356.94,6
MED0047,Heparin 1mg Syrup,Vaccine,Intas,No,2026-01,0,2669,2368,2368,0,No,301,10,246.57,0.25,364.19,6
MED0047,Heparin 1mg Syrup,Vaccine,Intas,No,2026-02,301,2123,1662,1662,0,No,762,10,246.57,0.25,363.52,6
MED0047,Heparin 1mg Syrup,Vaccine,Intas,No,2026-03,762,1010,1092,1092,0,No,680,10,246.57,0.25,361.7,6
MED0047,Heparin 1mg Syrup,Vaccine,Intas,No,2026-04,680,906,943,943,0,No,643,10,246.57,0.25,356.85,6
MED0047,Heparin 1mg Syrup,Vaccine,Intas,No,2026-05,643,775,782,782,0,No,636,10,246.57,0.25,347.35,6
MED0047,Heparin 1mg Syrup,Vaccine,Intas,No,2026-06,636,680,808,808,0,No,508,10,246.57,0.25,355.16,6
MED0047,Heparin 1mg Syrup,Vaccine,Intas,No,2026-07,508,0,986,508,478,Yes,0,10,246.57,0.25,361.86,6
MED0048,Vitamin D3 5mg Drops,Respiratory,Sun Pharma,No,2025-08,292,544,623,623,0,No,213,10,722.57,0.22,343.94,36
MED0048,Vitamin D3 5mg Drops,Respiratory,Sun Pharma,No,2025-09,213,668,661,661,0,No,220,10,722.57,0.22,354.77,36
MED0048,Vitamin D3 5mg Drops,Respiratory,Sun Pharma,No,2025-10,220,751,834,834,0,No,137,10,722.57,0.22,365.53,36
MED0048,Vitamin D3 5mg Drops,Respiratory,Sun Pharma,No,2025-11,137,1140,1031,1031,0,No,246,10,722.57,0.22,366.73,36
MED0048,Vitamin D3 5mg Drops,Respiratory,Sun Pharma,No,2025-12,246,0,1304,246,1058,Yes,0,10,722.57,0.22,372.56,36
MED0048,Vitamin D3 5mg Drops,Respiratory,Sun Pharma,No,2026-01,0,1243,1342,1243,99,Yes,0,10,722.57,0.22,374.89,36
MED0048,Vitamin D3 5mg Drops,Respiratory,Sun Pharma,No,2026-02,0,0,1277,0,1277,Yes,0,10,722.57,0.22,374.89,36
MED0048,Vitamin D3 5mg Drops,Respiratory,Sun Pharma,No,2026-03,0,606,754,606,148,Yes,0,10,722.57,0.22,369.42,36
MED0048,Vitamin D3 5mg Drops,Respiratory,Sun Pharma,No,2026-04,0,695,750,695,55,Yes,0,10,722.57,0.22,368.35,36
MED0048,Vitamin D3 5mg Drops,Respiratory,Sun Pharma,No,2026-05,0,535,610,535,75,Yes,0,10,722.57,0.22,360.31,36
MED0048,Vitamin D3 5mg Drops,Respiratory,Sun Pharma,No,2026-06,0,493,651,493,158,Yes,0,10,722.57,0.22,370.15,36
MED0048,Vitamin D3 5mg Drops,Respiratory,Sun Pharma,No,2026-07,0,668,730,668,62,Yes,0,10,722.57,0.22,372.45,36
MED0049,Calcium Carbonate 100mg Drops,Cardiac,Cipla,No,2025-08,843,4247,4374,4374,0,No,716,5,558.26,0.25,182.4,18
MED0049,Calcium Carbonate 100mg Drops,Cardiac,Cipla,No,2025-09,716,0,4639,716,3923,Yes,0,5,558.26,0.25,179.28,18
MED0049,Calcium Carbonate 100mg Drops,Cardiac,Cipla,No,2025-10,0,4655,4321,4321,0,No,334,5,558.26,0.25,181.25,18
MED0049,Calcium Carbonate 100mg Drops,Cardiac,Cipla,No,2025-11,334,2727,3816,3061,755,Yes,0,5,558.26,0.25,182.61,18
MED0049,Calcium Carbonate 100mg Drops,Cardiac,Cipla,No,2025-12,0,3440,4147,3440,707,Yes,0,5,558.26,0.25,180.98,18
MED0049,Calcium Carbonate 100mg Drops,Cardiac,Cipla,No,2026-01,0,5482,4376,4376,0,No,1106,5,558.26,0.25,176.54,18
MED0049,Calcium Carbonate 100mg Drops,Cardiac,Cipla,No,2026-02,1106,4616,4871,4871,0,No,851,5,558.26,0.25,178.51,18
MED0049,Calcium Carbonate 100mg Drops,Cardiac,Cipla,No,2026-03,851,5040,4719,4719,0,No,1172,5,558.26,0.25,178.74,18
MED0049,Calcium Carbonate 100mg Drops,Cardiac,Cipla,No,2026-04,1172,5353,4635,4635,0,No,1890,5,558.26,0.25,181.87,18
MED0049,Calcium Carbonate 100mg Drops,Cardiac,Cipla,No,2026-05,1890,0,3649,1890,1759,Yes,0,5,558.26,0.25,182.1,18
MED0049,Calcium Carbonate 100mg Drops,Cardiac,Cipla,No,2026-06,0,4984,4460,4460,0,No,524,5,558.26,0.25,186.15,18
MED0049,Calcium Carbonate 100mg Drops,Cardiac,Cipla,No,2026-07,524,0,4058,524,3534,Yes,0,5,558.26,0.25,186.75,18
MED0050,Atropine 10mg Syrup,Respiratory,GSK,Yes,2025-08,105,402,422,422,0,No,85,4,430.04,0.19,221.28,18
MED0050,Atropine 10mg Syrup,Respiratory,GSK,Yes,2025-09,85,523,407,407,0,No,201,4,430.04,0.19,222.13,18
MED0050,Atropine 10mg Syrup,Respiratory,GSK,Yes,2025-10,201,564,467,467,0,No,298,4,430.04,0.19,227.38,18
MED0050,Atropine 10mg Syrup,Respiratory,GSK,Yes,2025-11,298,0,412,298,114,Yes,0,4,430.04,0.19,226.03,18
MED0050,Atropine 10mg Syrup,Respiratory,GSK,Yes,2025-12,0,312,421,312,109,Yes,0,4,430.04,0.19,220.93,18
MED0050,Atropine 10mg Syrup,Respiratory,GSK,Yes,2026-01,0,406,380,380,0,No,26,4,430.04,0.19,214.36,18
MED0050,Atropine 10mg Syrup,Respiratory,GSK,Yes,2026-02,26,513,438,438,0,No,101,4,430.04,0.19,217.92,18
MED0050,Atropine 10mg Syrup,Respiratory,GSK,Yes,2026-03,101,281,389,382,7,Yes,0,4,430.04,0.19,219.6,18
MED0050,Atropine 10mg Syrup,Respiratory,GSK,Yes,2026-04,0,363,382,363,19,Yes,0,4,422.33,0.19,222.45,18
MED0050,Atropine 10mg Syrup,Respiratory,GSK,Yes,2026-05,0,302,421,302,119,Yes,0,4,422.33,0.19,218.45,18
MED0050,Atropine 10mg Syrup,Respiratory,GSK,Yes,2026-06,0,528,433,433,0,No,95,4,422.33,0.19,213.38,18
MED0050,Atropine 10mg Syrup,Respiratory,GSK,Yes,2026-07,95,351,451,446,5,Yes,0,4,422.33,0.19,206.61,18
MED0051,Risperidone 250mg Tablet,Antidiabetic,Sun Pharma,No,2025-08,1073,0,683,683,0,No,390,21,481.75,0.16,294.76,24
MED0051,Risperidone 250mg Tablet,Antidiabetic,Sun Pharma,No,2025-09,390,1002,823,823,0,No,569,21,481.75,0.16,296.43,24
MED0051,Risperidone 250mg Tablet,Antidiabetic,Sun Pharma,No,2025-10,569,876,742,742,0,No,703,21,481.75,0.16,294.43,24
MED0051,Risperidone 250mg Tablet,Antidiabetic,Sun Pharma,No,2025-11,703,928,734,734,0,No,897,21,481.75,0.16,293.27,24
MED0051,Risperidone 250mg Tablet,Antidiabetic,Sun Pharma,No,2025-12,897,889,746,746,0,No,1040,21,481.75,0.16,300.78,24
MED0051,Risperidone 250mg Tablet,Antidiabetic,Sun Pharma,No,2026-01,1040,976,762,762,0,No,1254,21,481.75,0.16,297.96,24
MED0051,Risperidone 250mg Tablet,Antidiabetic,Sun Pharma,No,2026-02,1254,0,806,806,0,No,448,21,481.75,0.16,298.22,24
MED0051,Risperidone 250mg Tablet,Antidiabetic,Sun Pharma,No,2026-03,448,541,742,742,0,No,247,21,481.75,0.16,303.49,24
MED0051,Risperidone 250mg Tablet,Antidiabetic,Sun Pharma,No,2026-04,247,738,829,829,0,No,156,21,481.75,0.16,301.57,24
MED0051,Risperidone 250mg Tablet,Antidiabetic,Sun Pharma,No,2026-05,156,0,700,156,544,Yes,0,21,481.75,0.16,303.84,24
MED0051,Risperidone 250mg Tablet,Antidiabetic,Sun Pharma,No,2026-06,0,0,673,0,673,Yes,0,21,481.75,0.16,310.57,24
MED0051,Risperidone 250mg Tablet,Antidiabetic,Sun Pharma,No,2026-07,0,799,690,690,0,No,109,21,481.75,0.16,318.92,24
MED0052,Adrenaline 5mg Tablet,Anesthetic,Aurobindo,Yes,2025-08,481,0,2347,481,1866,Yes,0,4,257.61,0.13,189.16,36
MED0052,Adrenaline 5mg Tablet,Anesthetic,Aurobindo,Yes,2025-09,0,2220,1937,1937,0,No,283,4,257.61,0.13,184.95,36
MED0052,Adrenaline 5mg Tablet,Anesthetic,Aurobindo,Yes,2025-10,283,1849,2212,2132,80,Yes,0,4,257.61,0.13,190.03,36
MED0052,Adrenaline 5mg Tablet,Anesthetic,Aurobindo,Yes,2025-11,0,1771,2208,1771,437,Yes,0,4,257.61,0.13,189.94,36
MED0052,Adrenaline 5mg Tablet,Anesthetic,Aurobindo,Yes,2025-12,0,2253,2265,2253,12,Yes,0,4,257.61,0.13,187.06,36
MED0052,Adrenaline 5mg Tablet,Anesthetic,Aurobindo,Yes,2026-01,0,1861,2468,1861,607,Yes,0,4,257.61,0.13,186.57,36
MED0052,Adrenaline 5mg Tablet,Anesthetic,Aurobindo,Yes,2026-02,0,2516,2228,2228,0,No,288,4,257.61,0.13,192.29,36
MED0052,Adrenaline 5mg Tablet,Anesthetic,Aurobindo,Yes,2026-03,288,2275,2346,2346,0,No,217,4,257.61,0.13,192.2,36
MED0052,Adrenaline 5mg Tablet,Anesthetic,Aurobindo,Yes,2026-04,217,3011,2392,2392,0,No,836,4,246.14,0.13,190.16,36
MED0052,Adrenaline 5mg Tablet,Anesthetic,Aurobindo,Yes,2026-05,836,1826,2213,2213,0,No,449,4,246.14,0.13,191.75,36
MED0052,Adrenaline 5mg Tablet,Anesthetic,Aurobindo,Yes,2026-06,449,1705,1838,1838,0,No,316,4,246.14,0.13,188.65,36
MED0052,Adrenaline 5mg Tablet,Anesthetic,Aurobindo,Yes,2026-07,316,2065,2126,2126,0,No,255,4,246.14,0.13,183.6,36
MED0053,Vitamin B Complex 50mg Suspension,Neuro/Psychiatric,Alkem,No,2025-08,79,1186,1026,1026,0,No,239,2,478.02,0.28,206.34,9
MED0053,Vitamin B Complex 50mg Suspension,Neuro/Psychiatric,Alkem,No,2025-09,239,741,886,886,0,No,94,2,478.02,0.28,201.5,9
MED0053,Vitamin B Complex 50mg Suspension,Neuro/Psychiatric,Alkem,No,2025-10,94,519,675,613,62,Yes,0,2,478.02,0.28,196.97,9
MED0053,Vitamin B Complex 50mg Suspension,Neuro/Psychiatric,Alkem,No,2025-11,0,0,794,0,794,Yes,0,2,478.02,0.28,192.27,9
MED0053,Vitamin B Complex 50mg Suspension,Neuro/Psychiatric,Alkem,No,2025-12,0,0,585,0,585,Yes,0,2,478.02,0.28,194.1,9
MED0053,Vitamin B Complex 50mg Suspension,Neuro/Psychiatric,Alkem,No,2026-01,0,638,658,638,20,Yes,0,2,478.02,0.28,189.96,9
MED0053,Vitamin B Complex 50mg Suspension,Neuro/Psychiatric,Alkem,No,2026-02,0,511,593,511,82,Yes,0,2,478.02,0.28,187.95,9
MED0053,Vitamin B Complex 50mg Suspension,Neuro/Psychiatric,Alkem,No,2026-03,0,655,812,655,157,Yes,0,2,478.02,0.28,193.11,9
MED0053,Vitamin B Complex 50mg Suspension,Neuro/Psychiatric,Alkem,No,2026-04,0,1047,1360,1047,313,Yes,0,2,478.02,0.28,192.77,9
MED0053,Vitamin B Complex 50mg Suspension,Neuro/Psychiatric,Alkem,No,2026-05,0,0,1827,0,1827,Yes,0,2,478.02,0.28,194.95,9
MED0053,Vitamin B Complex 50mg Suspension,Neuro/Psychiatric,Alkem,No,2026-06,0,1315,1676,1315,361,Yes,0,2,478.02,0.28,190.69,9
MED0053,Vitamin B Complex 50mg Suspension,Neuro/Psychiatric,Alkem,No,2026-07,0,1205,1342,1205,137,Yes,0,2,478.02,0.28,187.77,9
MED0054,Bisacodyl 100mg Ointment,Neuro/Psychiatric,Biocon,Yes,2025-08,769,2746,2117,2117,0,No,1398,5,86.18,0.19,205.11,24
MED0054,Bisacodyl 100mg Ointment,Neuro/Psychiatric,Biocon,Yes,2025-09,1398,1533,1749,1749,0,No,1182,5,86.18,0.19,199.18,24
MED0054,Bisacodyl 100mg Ointment,Neuro/Psychiatric,Biocon,Yes,2025-10,1182,1560,1615,1615,0,No,1127,5,86.18,0.19,194.9,24
MED0054,Bisacodyl 100mg Ointment,Neuro/Psychiatric,Biocon,Yes,2025-11,1127,1279,1703,1703,0,No,703,5,86.18,0.19,192.04,24
MED0054,Bisacodyl 100mg Ointment,Neuro/Psychiatric,Biocon,Yes,2025-12,703,1386,1975,1975,0,No,114,5,86.18,0.19,187.87,24
MED0054,Bisacodyl 100mg Ointment,Neuro/Psychiatric,Biocon,Yes,2026-01,114,1978,1747,1747,0,No,345,5,86.18,0.19,186.65,24
MED0054,Bisacodyl 100mg Ointment,Neuro/Psychiatric,Biocon,Yes,2026-02,345,1711,2040,2040,0,No,16,5,86.18,0.19,186.65,24
MED0054,Bisacodyl 100mg Ointment,Neuro/Psychiatric,Biocon,Yes,2026-03,16,0,1709,16,1693,Yes,0,5,86.18,0.19,186.65,24
MED0054,Bisacodyl 100mg Ointment,Neuro/Psychiatric,Biocon,Yes,2026-04,0,2408,1872,1872,0,No,536,5,81.42,0.19,186.65,24
MED0054,Bisacodyl 100mg Ointment,Neuro/Psychiatric,Biocon,Yes,2026-05,536,1930,2170,2170,0,No,296,5,81.42,0.19,186.65,24
MED0054,Bisacodyl 100mg Ointment,Neuro/Psychiatric,Biocon,Yes,2026-06,296,2370,1847,1847,0,No,819,5,81.42,0.19,186.69,24
MED0054,Bisacodyl 100mg Ointment,Neuro/Psychiatric,Biocon,Yes,2026-07,819,0,1693,819,874,Yes,0,5,81.42,0.19,189.15,24
MED0055,Gentamicin 50mg Tablet,Vitamin/Supplement,Glenmark,No,2025-08,492,1913,1754,1754,0,No,651,5,186.96,0.17,186.93,24
MED0055,Gentamicin 50mg Tablet,Vitamin/Supplement,Glenmark,No,2025-09,651,1412,1659,1659,0,No,404,5,186.96,0.17,190.46,24
MED0055,Gentamicin 50mg Tablet,Vitamin/Supplement,Glenmark,No,2025-10,404,2141,1773,1773,0,No,772,5,186.96,0.17,191.97,24
MED0055,Gentamicin 50mg Tablet,Vitamin/Supplement,Glenmark,No,2025-11,772,1469,1537,1537,0,No,704,5,186.96,0.17,187.04,24
MED0055,Gentamicin 50mg Tablet,Vitamin/Supplement,Glenmark,No,2025-12,704,1843,1577,1577,0,No,970,5,186.96,0.17,191.44,24
MED0055,Gentamicin 50mg Tablet,Vitamin/Supplement,Glenmark,No,2026-01,970,1168,1644,1644,0,No,494,5,186.96,0.17,196.4,24
MED0055,Gentamicin 50mg Tablet,Vitamin/Supplement,Glenmark,No,2026-02,494,1418,1586,1586,0,No,326,5,186.96,0.17,191.23,24
MED0055,Gentamicin 50mg Tablet,Vitamin/Supplement,Glenmark,No,2026-03,326,1704,1389,1389,0,No,641,5,186.96,0.17,188.6,24
MED0055,Gentamicin 50mg Tablet,Vitamin/Supplement,Glenmark,No,2026-04,641,1752,1600,1600,0,No,793,5,186.96,0.17,192.21,24
MED0055,Gentamicin 50mg Tablet,Vitamin/Supplement,Glenmark,No,2026-05,793,1397,1512,1512,0,No,678,5,186.96,0.17,195.13,24
MED0055,Gentamicin 50mg Tablet,Vitamin/Supplement,Glenmark,No,2026-06,678,1137,1507,1507,0,No,308,5,186.96,0.17,191.41,24
MED0055,Gentamicin 50mg Tablet,Vitamin/Supplement,Glenmark,No,2026-07,308,1804,1629,1629,0,No,483,5,186.96,0.17,187.99,24
MED0056,Verapamil 10mg Drops,Antibiotic,GSK,No,2025-08,664,3736,4657,4400,257,Yes,0,4,270.29,0.26,228.34,24
MED0056,Verapamil 10mg Drops,Antibiotic,GSK,No,2025-09,0,5025,5070,5025,45,Yes,0,4,270.29,0.26,226.48,24
MED0056,Verapamil 10mg Drops,Antibiotic,GSK,No,2025-10,0,4444,4587,4444,143,Yes,0,4,270.29,0.26,226.26,24
MED0056,Verapamil 10mg Drops,Antibiotic,GSK,No,2025-11,0,3682,4223,3682,541,Yes,0,4,270.29,0.26,227.96,24
MED0056,Verapamil 10mg Drops,Antibiotic,GSK,No,2025-12,0,0,4215,0,4215,Yes,0,4,270.29,0.26,226.07,24
MED0056,Verapamil 10mg Drops,Antibiotic,GSK,No,2026-01,0,3515,4771,3515,1256,Yes,0,4,270.29,0.26,225.53,24
MED0056,Verapamil 10mg Drops,Antibiotic,GSK,No,2026-02,0,3512,4217,3512,705,Yes,0,4,270.29,0.26,229.09,24
MED0056,Verapamil 10mg Drops,Antibiotic,GSK,No,2026-03,0,5186,4480,4480,0,No,706,4,270.29,0.26,222.42,24
MED0056,Verapamil 10mg Drops,Antibiotic,GSK,No,2026-04,706,3208,4547,3914,633,Yes,0,4,270.29,0.26,218.86,24
MED0056,Verapamil 10mg Drops,Antibiotic,GSK,No,2026-05,0,4511,4398,4398,0,No,113,4,270.29,0.26,221.93,24
MED0056,Verapamil 10mg Drops,Antibiotic,GSK,No,2026-06,113,4996,4570,4570,0,No,539,4,270.29,0.26,227.62,24
MED0056,Verapamil 10mg Drops,Antibiotic,GSK,No,2026-07,539,3503,4419,4042,377,Yes,0,4,270.29,0.26,227.79,24
MED0057,Clopidogrel 10mg Suspension,Respiratory,Biocon,Yes,2025-08,523,3288,3033,3033,0,No,778,3,128.96,0.15,128.38,6
MED0057,Clopidogrel 10mg Suspension,Respiratory,Biocon,Yes,2025-09,778,4500,3473,3473,0,No,1805,3,128.96,0.15,128.64,6
MED0057,Clopidogrel 10mg Suspension,Respiratory,Biocon,Yes,2025-10,1805,3507,2751,2751,0,No,2561,3,128.96,0.15,125.46,6
MED0057,Clopidogrel 10mg Suspension,Respiratory,Biocon,Yes,2025-11,2561,3559,2743,2743,0,No,3377,3,128.96,0.15,125.03,6
MED0057,Clopidogrel 10mg Suspension,Respiratory,Biocon,Yes,2025-12,3377,2008,2820,2820,0,No,2565,3,128.96,0.15,125.29,6
MED0057,Clopidogrel 10mg Suspension,Respiratory,Biocon,Yes,2026-01,2565,2799,3217,3217,0,No,2147,3,128.96,0.15,123.21,6
MED0057,Clopidogrel 10mg Suspension,Respiratory,Biocon,Yes,2026-02,2147,2374,3294,3294,0,No,1227,3,128.96,0.15,121.34,6
MED0057,Clopidogrel 10mg Suspension,Respiratory,Biocon,Yes,2026-03,1227,3581,3035,3035,0,No,1773,3,128.96,0.15,120.35,6
MED0057,Clopidogrel 10mg Suspension,Respiratory,Biocon,Yes,2026-04,1773,3683,3079,3079,0,No,2377,3,123.08,0.15,116.83,6
MED0057,Clopidogrel 10mg Suspension,Respiratory,Biocon,Yes,2026-05,2377,3115,3049,3049,0,No,2443,3,123.08,0.15,116.83,6
MED0057,Clopidogrel 10mg Suspension,Respiratory,Biocon,Yes,2026-06,2443,0,3072,2443,629,Yes,0,3,123.08,0.15,116.83,6
MED0057,Clopidogrel 10mg Suspension,Respiratory,Biocon,Yes,2026-07,0,3150,3324,3150,174,Yes,0,3,123.08,0.15,116.83,6
MED0058,Warfarin 5mg Ointment,Cardiac,Sun Pharma,No,2025-08,2056,2295,2245,2245,0,No,2106,21,392.85,0.24,294.47,9
MED0058,Warfarin 5mg Ointment,Cardiac,Sun Pharma,No,2025-09,2106,1915,1995,1995,0,No,2026,21,392.85,0.24,301.71,9
MED0058,Warfarin 5mg Ointment,Cardiac,Sun Pharma,No,2025-10,2026,2201,2132,2132,0,No,2095,21,392.85,0.24,303.45,9
MED0058,Warfarin 5mg Ointment,Cardiac,Sun Pharma,No,2025-11,2095,1896,2228,2228,0,No,1763,21,392.85,0.24,306.77,9
MED0058,Warfarin 5mg Ointment,Cardiac,Sun Pharma,No,2025-12,1763,0,2394,1763,631,Yes,0,21,392.85,0.24,312.13,9
MED0058,Warfarin 5mg Ointment,Cardiac,Sun Pharma,No,2026-01,0,0,2188,0,2188,Yes,0,21,392.85,0.24,312.1,9
MED0058,Warfarin 5mg Ointment,Cardiac,Sun Pharma,No,2026-02,0,2116,2075,2075,0,No,41,21,392.85,0.24,304.44,9
MED0058,Warfarin 5mg Ointment,Cardiac,Sun Pharma,No,2026-03,41,1575,1955,1616,339,Yes,0,21,392.85,0.24,305.13,9
MED0058,Warfarin 5mg Ointment,Cardiac,Sun Pharma,No,2026-04,0,2009,2259,2009,250,Yes,0,21,392.85,0.24,306.74,9
MED0058,Warfarin 5mg Ointment,Cardiac,Sun Pharma,No,2026-05,0,1835,1918,1835,83,Yes,0,21,392.85,0.24,311.29,9
MED0058,Warfarin 5mg Ointment,Cardiac,Sun Pharma,No,2026-06,0,0,2293,0,2293,Yes,0,21,392.85,0.24,310.02,9
MED0058,Warfarin 5mg Ointment,Cardiac,Sun Pharma,No,2026-07,0,2320,2202,2202,0,No,118,21,392.85,0.24,303.11,9
MED0059,Ivermectin 10mg Suspension,Neuro/Psychiatric,Glenmark,No,2025-08,314,1008,1128,1128,0,No,194,4,406.33,0.16,75.6,36
MED0059,Ivermectin 10mg Suspension,Neuro/Psychiatric,Glenmark,No,2025-09,194,1238,1080,1080,0,No,352,4,406.33,0.16,74.57,36
MED0059,Ivermectin 10mg Suspension,Neuro/Psychiatric,Glenmark,No,2025-10,352,1634,1381,1381,0,No,605,4,406.33,0.16,73.92,36
MED0059,Ivermectin 10mg Suspension,Neuro/Psychiatric,Glenmark,No,2025-11,605,2072,1680,1680,0,No,997,4,406.33,0.16,74.61,36
MED0059,Ivermectin 10mg Suspension,Neuro/Psychiatric,Glenmark,No,2025-12,997,2996,2436,2436,0,No,1557,4,406.33,0.16,74.95,36
MED0059,Ivermectin 10mg Suspension,Neuro/Psychiatric,Glenmark,No,2026-01,1557,1948,2342,2342,0,No,1163,4,406.33,0.16,74.26,36
MED0059,Ivermectin 10mg Suspension,Neuro/Psychiatric,Glenmark,No,2026-02,1163,1759,1867,1867,0,No,1055,4,406.33,0.16,76.58,36
MED0059,Ivermectin 10mg Suspension,Neuro/Psychiatric,Glenmark,No,2026-03,1055,1015,1261,1261,0,No,809,4,406.33,0.16,77.08,36
MED0059,Ivermectin 10mg Suspension,Neuro/Psychiatric,Glenmark,No,2026-04,809,1102,1184,1184,0,No,727,4,406.33,0.16,75.83,36
MED0059,Ivermectin 10mg Suspension,Neuro/Psychiatric,Glenmark,No,2026-05,727,0,1105,727,378,Yes,0,4,406.33,0.16,73.93,36
MED0059,Ivermectin 10mg Suspension,Neuro/Psychiatric,Glenmark,No,2026-06,0,805,847,805,42,Yes,0,4,406.33,0.16,72.28,36
MED0059,Ivermectin 10mg Suspension,Neuro/Psychiatric,Glenmark,No,2026-07,0,1015,1013,1013,0,No,2,4,406.33,0.16,71.07,36
MED0060,Ranitidine 500mg Drops,Emergency/Critical Care,Zydus,No,2025-08,42,0,185,42,143,Yes,0,5,439.36,0.15,252.22,24
MED0060,Ranitidine 500mg Drops,Emergency/Critical Care,Zydus,No,2025-09,0,173,216,173,43,Yes,0,5,439.36,0.15,246.83,24
MED0060,Ranitidine 500mg Drops,Emergency/Critical Care,Zydus,No,2025-10,0,213,238,213,25,Yes,0,5,439.36,0.15,241.85,24
MED0060,Ranitidine 500mg Drops,Emergency/Critical Care,Zydus,No,2025-11,0,0,191,0,191,Yes,0,5,439.36,0.15,238.44,24
MED0060,Ranitidine 500mg Drops,Emergency/Critical Care,Zydus,No,2025-12,0,175,220,175,45,Yes,0,5,439.36,0.15,233.25,24
MED0060,Ranitidine 500mg Drops,Emergency/Critical Care,Zydus,No,2026-01,0,0,229,0,229,Yes,0,5,439.36,0.15,239.55,24
MED0060,Ranitidine 500mg Drops,Emergency/Critical Care,Zydus,No,2026-02,0,174,203,174,29,Yes,0,5,439.36,0.15,232.88,24
MED0060,Ranitidine 500mg Drops,Emergency/Critical Care,Zydus,No,2026-03,0,165,213,165,48,Yes,0,5,439.36,0.15,233.27,24
MED0060,Ranitidine 500mg Drops,Emergency/Critical Care,Zydus,No,2026-04,0,215,239,215,24,Yes,0,5,439.36,0.15,231.85,24
MED0060,Ranitidine 500mg Drops,Emergency/Critical Care,Zydus,No,2026-05,0,204,187,187,0,No,17,5,439.36,0.15,239.51,24
MED0060,Ranitidine 500mg Drops,Emergency/Critical Care,Zydus,No,2026-06,17,243,214,214,0,No,46,5,439.36,0.15,233.35,24
MED0060,Ranitidine 500mg Drops,Emergency/Critical Care,Zydus,No,2026-07,46,135,184,181,3,Yes,0,5,439.36,0.15,231.73,24
MED0061,Omeprazole 1g Injection,Gastrointestinal,Intas,No,2025-08,460,3798,4856,4258,598,Yes,0,4,743.66,0.25,339.16,12
MED0061,Omeprazole 1g Injection,Gastrointestinal,Intas,No,2025-09,0,4630,3998,3998,0,No,632,4,743.66,0.25,349.19,12
MED0061,Omeprazole 1g Injection,Gastrointestinal,Intas,No,2025-10,632,2644,2378,2378,0,No,898,4,743.66,0.25,357,12
MED0061,Omeprazole 1g Injection,Gastrointestinal,Intas,No,2025-11,898,1592,2199,2199,0,No,291,4,743.66,0.25,363.77,12
MED0061,Omeprazole 1g Injection,Gastrointestinal,Intas,No,2025-12,291,1830,1516,1516,0,No,605,4,743.66,0.25,358.6,12
MED0061,Omeprazole 1g Injection,Gastrointestinal,Intas,No,2026-01,605,1715,1631,1631,0,No,689,4,743.66,0.25,351.57,12
MED0061,Omeprazole 1g Injection,Gastrointestinal,Intas,No,2026-02,689,1227,1636,1636,0,No,280,4,743.66,0.25,355.17,12
MED0061,Omeprazole 1g Injection,Gastrointestinal,Intas,No,2026-03,280,0,2289,280,2009,Yes,0,4,743.66,0.25,364.34,12
MED0061,Omeprazole 1g Injection,Gastrointestinal,Intas,No,2026-04,0,2277,2538,2277,261,Yes,0,4,743.66,0.25,365.55,12
MED0061,Omeprazole 1g Injection,Gastrointestinal,Intas,No,2026-05,0,2609,2757,2609,148,Yes,0,4,743.66,0.25,367.08,12
MED0061,Omeprazole 1g Injection,Gastrointestinal,Intas,No,2026-06,0,3304,4557,3304,1253,Yes,0,4,743.66,0.25,362.38,12
MED0061,Omeprazole 1g Injection,Gastrointestinal,Intas,No,2026-07,0,3537,4849,3537,1312,Yes,0,4,743.66,0.25,368.14,12
MED0062,Loperamide 250mg Injection,Analgesic,Lupin,Yes,2025-08,329,1114,1566,1443,123,Yes,0,3,636.32,0.15,90.73,12
MED0062,Loperamide 250mg Injection,Analgesic,Lupin,Yes,2025-09,0,1550,1609,1550,59,Yes,0,3,636.32,0.15,88.94,12
MED0062,Loperamide 250mg Injection,Analgesic,Lupin,Yes,2025-10,0,1096,1528,1096,432,Yes,0,3,636.32,0.15,87.93,12
MED0062,Loperamide 250mg Injection,Analgesic,Lupin,Yes,2025-11,0,0,2432,0,2432,Yes,0,3,636.32,0.15,87.5,12
MED0062,Loperamide 250mg Injection,Analgesic,Lupin,Yes,2025-12,0,2778,2589,2589,0,No,189,3,636.32,0.15,87.54,12
MED0062,Loperamide 250mg Injection,Analgesic,Lupin,Yes,2026-01,189,3223,3014,3014,0,No,398,3,636.32,0.15,86.07,12
MED0062,Loperamide 250mg Injection,Analgesic,Lupin,Yes,2026-02,398,2198,2115,2115,0,No,481,3,636.32,0.15,83.87,12
MED0062,Loperamide 250mg Injection,Analgesic,Lupin,Yes,2026-03,481,1442,1849,1849,0,No,74,3,636.32,0.15,84.5,12
MED0062,Loperamide 250mg Injection,Analgesic,Lupin,Yes,2026-04,74,1142,1488,1216,272,Yes,0,3,638.81,0.15,83.29,12
MED0062,Loperamide 250mg Injection,Analgesic,Lupin,Yes,2026-05,0,901,1088,901,187,Yes,0,3,638.81,0.15,83.75,12
MED0062,Loperamide 250mg Injection,Analgesic,Lupin,Yes,2026-06,0,0,1270,0,1270,Yes,0,3,638.81,0.15,82.56,12
MED0062,Loperamide 250mg Injection,Analgesic,Lupin,Yes,2026-07,0,1424,1255,1255,0,No,169,3,638.81,0.15,82.56,12
MED0063,Dexamethasone 500mg Inhaler,Anesthetic,Dr Reddy's,No,2025-08,949,4723,3939,3939,0,No,1733,4,653.37,0.19,156.85,6
MED0063,Dexamethasone 500mg Inhaler,Anesthetic,Dr Reddy's,No,2025-09,1733,0,3981,1733,2248,Yes,0,4,653.37,0.19,152.42,6
MED0063,Dexamethasone 500mg Inhaler,Anesthetic,Dr Reddy's,No,2025-10,0,1849,2483,1849,634,Yes,0,4,653.37,0.19,150.81,6
MED0063,Dexamethasone 500mg Inhaler,Anesthetic,Dr Reddy's,No,2025-11,0,3224,2760,2760,0,No,464,4,653.37,0.19,147.2,6
MED0063,Dexamethasone 500mg Inhaler,Anesthetic,Dr Reddy's,No,2025-12,464,2636,2435,2435,0,No,665,4,653.37,0.19,142.89,6
MED0063,Dexamethasone 500mg Inhaler,Anesthetic,Dr Reddy's,No,2026-01,665,2470,2168,2168,0,No,967,4,653.37,0.19,147.73,6
MED0063,Dexamethasone 500mg Inhaler,Anesthetic,Dr Reddy's,No,2026-02,967,1979,2638,2638,0,No,308,4,653.37,0.19,145.97,6
MED0063,Dexamethasone 500mg Inhaler,Anesthetic,Dr Reddy's,No,2026-03,308,3009,3115,3115,0,No,202,4,653.37,0.19,149.03,6
MED0063,Dexamethasone 500mg Inhaler,Anesthetic,Dr Reddy's,No,2026-04,202,0,4620,202,4418,Yes,0,4,653.37,0.19,146.61,6
MED0063,Dexamethasone 500mg Inhaler,Anesthetic,Dr Reddy's,No,2026-05,0,6466,6120,6120,0,No,346,4,653.37,0.19,148.4,6
MED0063,Dexamethasone 500mg Inhaler,Anesthetic,Dr Reddy's,No,2026-06,346,0,5724,346,5378,Yes,0,4,653.37,0.19,150.97,6
MED0063,Dexamethasone 500mg Inhaler,Anesthetic,Dr Reddy's,No,2026-07,0,4154,5175,4154,1021,Yes,0,4,653.37,0.19,151.92,6
MED0064,Atenolol 5ml Tablet,Analgesic,Mankind,No,2025-08,952,0,1053,952,101,Yes,0,14,499.58,0.14,331.35,9
MED0064,Atenolol 5ml Tablet,Analgesic,Mankind,No,2025-09,0,1114,1140,1114,26,Yes,0,14,499.58,0.14,330.76,9
MED0064,Atenolol 5ml Tablet,Analgesic,Mankind,No,2025-10,0,869,986,869,117,Yes,0,14,499.58,0.14,328.92,9
MED0064,Atenolol 5ml Tablet,Analgesic,Mankind,No,2025-11,0,958,1131,958,173,Yes,0,14,499.58,0.14,325.77,9
MED0064,Atenolol 5ml Tablet,Analgesic,Mankind,No,2025-12,0,733,1043,733,310,Yes,0,14,499.58,0.14,334.74,9
MED0064,Atenolol 5ml Tablet,Analgesic,Mankind,No,2026-01,0,1129,1039,1039,0,No,90,14,499.58,0.14,341.64,9
MED0064,Atenolol 5ml Tablet,Analgesic,Mankind,No,2026-02,90,967,1127,1057,70,Yes,0,14,499.58,0.14,351.35,9
MED0064,Atenolol 5ml Tablet,Analgesic,Mankind,No,2026-03,0,0,1025,0,1025,Yes,0,14,499.58,0.14,343.51,9
MED0064,Atenolol 5ml Tablet,Analgesic,Mankind,No,2026-04,0,1184,1037,1037,0,No,147,14,499.58,0.14,348.33,9
MED0064,Atenolol 5ml Tablet,Analgesic,Mankind,No,2026-05,147,0,1041,147,894,Yes,0,14,499.58,0.14,357.48,9
MED0064,Atenolol 5ml Tablet,Analgesic,Mankind,No,2026-06,0,0,1049,0,1049,Yes,0,14,499.58,0.14,350.83,9
MED0064,Atenolol 5ml Tablet,Analgesic,Mankind,No,2026-07,0,1129,998,998,0,No,131,14,499.58,0.14,341.78,9
MED0065,Atenolol 50mg Drops,Cardiac,GSK,No,2025-08,727,2281,2108,2108,0,No,900,5,798.16,0.24,259.16,36
MED0065,Atenolol 50mg Drops,Cardiac,GSK,No,2025-09,900,2087,2255,2255,0,No,732,5,798.16,0.24,263.1,36
MED0065,Atenolol 50mg Drops,Cardiac,GSK,No,2025-10,732,2140,2514,2514,0,No,358,5,798.16,0.24,264.32,36
MED0065,Atenolol 50mg Drops,Cardiac,GSK,No,2025-11,358,1774,2022,2022,0,No,110,5,798.16,0.24,269.9,36
MED0065,Atenolol 50mg Drops,Cardiac,GSK,No,2025-12,110,1704,2229,1814,415,Yes,0,5,798.16,0.24,264.02,36
MED0065,Atenolol 50mg Drops,Cardiac,GSK,No,2026-01,0,2845,2507,2507,0,No,338,5,798.16,0.24,268.84,36
MED0065,Atenolol 50mg Drops,Cardiac,GSK,No,2026-02,338,1917,2177,2177,0,No,78,5,798.16,0.24,263.97,36
MED0065,Atenolol 50mg Drops,Cardiac,GSK,No,2026-03,78,1981,2272,2059,213,Yes,0,5,798.16,0.24,258.48,36
MED0065,Atenolol 50mg Drops,Cardiac,GSK,No,2026-04,0,0,2131,0,2131,Yes,0,5,798.16,0.24,253,36
MED0065,Atenolol 50mg Drops,Cardiac,GSK,No,2026-05,0,0,2055,0,2055,Yes,0,5,798.16,0.24,258.14,36
MED0065,Atenolol 50mg Drops,Cardiac,GSK,No,2026-06,0,2096,2428,2096,332,Yes,0,5,798.16,0.24,260.84,36
MED0065,Atenolol 50mg Drops,Cardiac,GSK,No,2026-07,0,2493,2467,2467,0,No,26,5,798.16,0.24,261.22,36
MED0066,Fentanyl 5mg Syrup,Emergency/Critical Care,Alkem,Yes,2025-08,182,1016,1064,1064,0,No,134,4,365.87,0.22,195.71,18
MED0066,Fentanyl 5mg Syrup,Emergency/Critical Care,Alkem,Yes,2025-09,134,995,830,830,0,No,299,4,365.87,0.22,193.97,18
MED0066,Fentanyl 5mg Syrup,Emergency/Critical Care,Alkem,Yes,2025-10,299,0,686,299,387,Yes,0,4,365.87,0.22,198.62,18
MED0066,Fentanyl 5mg Syrup,Emergency/Critical Care,Alkem,Yes,2025-11,0,528,672,528,144,Yes,0,4,365.87,0.22,197.29,18
MED0066,Fentanyl 5mg Syrup,Emergency/Critical Care,Alkem,Yes,2025-12,0,519,534,519,15,Yes,0,4,365.87,0.22,201.19,18
MED0066,Fentanyl 5mg Syrup,Emergency/Critical Care,Alkem,Yes,2026-01,0,569,448,448,0,No,121,4,365.87,0.22,200.44,18
MED0066,Fentanyl 5mg Syrup,Emergency/Critical Care,Alkem,Yes,2026-02,121,443,612,564,48,Yes,0,4,365.87,0.22,198.92,18
MED0066,Fentanyl 5mg Syrup,Emergency/Critical Care,Alkem,Yes,2026-03,0,898,739,739,0,No,159,4,365.87,0.22,198.46,18
MED0066,Fentanyl 5mg Syrup,Emergency/Critical Care,Alkem,Yes,2026-04,159,1301,1038,1038,0,No,422,4,383.41,0.22,196.01,18
MED0066,Fentanyl 5mg Syrup,Emergency/Critical Care,Alkem,Yes,2026-05,422,1639,1635,1635,0,No,426,4,383.41,0.22,199.06,18
MED0066,Fentanyl 5mg Syrup,Emergency/Critical Care,Alkem,Yes,2026-06,426,989,1377,1377,0,No,38,4,383.41,0.22,199.09,18
MED0066,Fentanyl 5mg Syrup,Emergency/Critical Care,Alkem,Yes,2026-07,38,959,1006,997,9,Yes,0,4,383.41,0.22,195.79,18
MED0067,Amoxicillin 250mg Injection,Antidiabetic,Alkem,No,2025-08,621,2670,2306,2306,0,No,985,7,479.42,0.25,337.31,9
MED0067,Amoxicillin 250mg Injection,Antidiabetic,Alkem,No,2025-09,985,2199,2240,2240,0,No,944,7,479.42,0.25,334.84,9
MED0067,Amoxicillin 250mg Injection,Antidiabetic,Alkem,No,2025-10,944,1002,1281,1281,0,No,665,7,479.42,0.25,335.77,9
MED0067,Amoxicillin 250mg Injection,Antidiabetic,Alkem,No,2025-11,665,1086,1018,1018,0,No,733,7,479.42,0.25,344.41,9
MED0067,Amoxicillin 250mg Injection,Antidiabetic,Alkem,No,2025-12,733,987,881,881,0,No,839,7,479.42,0.25,347.05,9
MED0067,Amoxicillin 250mg Injection,Antidiabetic,Alkem,No,2026-01,839,678,903,903,0,No,614,7,479.42,0.25,338.91,9
MED0067,Amoxicillin 250mg Injection,Antidiabetic,Alkem,No,2026-02,614,1195,1017,1017,0,No,792,7,479.42,0.25,348.26,9
MED0067,Amoxicillin 250mg Injection,Antidiabetic,Alkem,No,2026-03,792,0,994,792,202,Yes,0,7,479.42,0.25,350.97,9
MED0067,Amoxicillin 250mg Injection,Antidiabetic,Alkem,No,2026-04,0,936,1124,936,188,Yes,0,7,479.42,0.25,347.46,9
MED0067,Amoxicillin 250mg Injection,Antidiabetic,Alkem,No,2026-05,0,1635,1597,1597,0,No,38,7,479.42,0.25,339.79,9
MED0067,Amoxicillin 250mg Injection,Antidiabetic,Alkem,No,2026-06,38,2360,2223,2223,0,No,175,7,479.42,0.25,346.04,9
MED0067,Amoxicillin 250mg Injection,Antidiabetic,Alkem,No,2026-07,175,3602,2921,2921,0,No,856,7,479.42,0.25,348.59,9
MED0068,Cetirizine 1g Syrup,Antibiotic,Alkem,No,2025-08,833,1122,879,879,0,No,1076,14,452.32,0.23,325.97,6
MED0068,Cetirizine 1g Syrup,Antibiotic,Alkem,No,2025-09,1076,1103,869,869,0,No,1310,14,452.32,0.23,326.66,6
MED0068,Cetirizine 1g Syrup,Antibiotic,Alkem,No,2025-10,1310,834,969,969,0,No,1175,14,452.32,0.23,334.75,6
MED0068,Cetirizine 1g Syrup,Antibiotic,Alkem,No,2025-11,1175,1320,1478,1478,0,No,1017,14,452.32,0.23,340.68,6
MED0068,Cetirizine 1g Syrup,Antibiotic,Alkem,No,2025-12,1017,1367,1670,1670,0,No,714,14,452.32,0.23,333.53,6
MED0068,Cetirizine 1g Syrup,Antibiotic,Alkem,No,2026-01,714,1923,2032,2032,0,No,605,14,452.32,0.23,329.66,6
MED0068,Cetirizine 1g Syrup,Antibiotic,Alkem,No,2026-02,605,1443,1406,1406,0,No,642,14,452.32,0.23,324.49,6
MED0068,Cetirizine 1g Syrup,Antibiotic,Alkem,No,2026-03,642,0,1063,642,421,Yes,0,14,452.32,0.23,329.5,6
MED0068,Cetirizine 1g Syrup,Antibiotic,Alkem,No,2026-04,0,0,839,0,839,Yes,0,14,452.32,0.23,319.92,6
MED0068,Cetirizine 1g Syrup,Antibiotic,Alkem,No,2026-05,0,781,830,781,49,Yes,0,14,452.32,0.23,321.36,6
MED0068,Cetirizine 1g Syrup,Antibiotic,Alkem,No,2026-06,0,759,825,759,66,Yes,0,14,452.32,0.23,326.75,6
MED0068,Cetirizine 1g Syrup,Antibiotic,Alkem,No,2026-07,0,719,896,719,177,Yes,0,14,452.32,0.23,334.49,6
MED0069,Omeprazole 250mg Inhaler,Vaccine,Zydus,Yes,2025-08,846,867,1207,1207,0,No,506,14,98.69,0.16,91.31,6
MED0069,Omeprazole 250mg Inhaler,Vaccine,Zydus,Yes,2025-09,506,944,1125,1125,0,No,325,14,98.69,0.16,90.4,6
MED0069,Omeprazole 250mg Inhaler,Vaccine,Zydus,Yes,2025-10,325,0,1405,325,1080,Yes,0,14,98.69,0.16,92.25,6
MED0069,Omeprazole 250mg Inhaler,Vaccine,Zydus,Yes,2025-11,0,0,1262,0,1262,Yes,0,14,98.69,0.16,90.01,6
MED0069,Omeprazole 250mg Inhaler,Vaccine,Zydus,Yes,2025-12,0,1544,1358,1358,0,No,186,14,98.69,0.16,92,6
MED0069,Omeprazole 250mg Inhaler,Vaccine,Zydus,Yes,2026-01,186,1361,1096,1096,0,No,451,14,98.69,0.16,89.86,6
MED0069,Omeprazole 250mg Inhaler,Vaccine,Zydus,Yes,2026-02,451,1324,1102,1102,0,No,673,14,98.69,0.16,89.27,6
MED0069,Omeprazole 250mg Inhaler,Vaccine,Zydus,Yes,2026-03,673,1253,1132,1132,0,No,794,14,98.69,0.16,90.98,6
MED0069,Omeprazole 250mg Inhaler,Vaccine,Zydus,Yes,2026-04,794,1395,1317,1317,0,No,872,14,100.36,0.16,88.97,6
MED0069,Omeprazole 250mg Inhaler,Vaccine,Zydus,Yes,2026-05,872,0,1280,872,408,Yes,0,14,100.36,0.16,87.41,6
MED0069,Omeprazole 250mg Inhaler,Vaccine,Zydus,Yes,2026-06,0,1354,1290,1290,0,No,64,14,100.36,0.16,88.69,6
MED0069,Omeprazole 250mg Inhaler,Vaccine,Zydus,Yes,2026-07,64,0,1448,64,1384,Yes,0,14,100.36,0.16,89.96,6
MED0070,Lorazepam 250mg Drops,Vaccine,Zydus,No,2025-08,38,410,329,329,0,No,119,3,630.34,0.22,75.42,12
MED0070,Lorazepam 250mg Drops,Vaccine,Zydus,No,2025-09,119,0,370,119,251,Yes,0,3,630.34,0.22,76.34,12
MED0070,Lorazepam 250mg Drops,Vaccine,Zydus,No,2025-10,0,273,221,221,0,No,52,3,630.34,0.22,76.54,12
MED0070,Lorazepam 250mg Drops,Vaccine,Zydus,No,2025-11,52,175,189,189,0,No,38,3,630.34,0.22,75.36,12
MED0070,Lorazepam 250mg Drops,Vaccine,Zydus,No,2025-12,38,0,154,38,116,Yes,0,3,630.34,0.22,74.63,12
MED0070,Lorazepam 250mg Drops,Vaccine,Zydus,No,2026-01,0,149,162,149,13,Yes,0,3,630.34,0.22,73.12,12
MED0070,Lorazepam 250mg Drops,Vaccine,Zydus,No,2026-02,0,137,123,123,0,No,14,3,630.34,0.22,75.06,12
MED0070,Lorazepam 250mg Drops,Vaccine,Zydus,No,2026-03,14,178,159,159,0,No,33,3,630.34,0.22,75.46,12
MED0070,Lorazepam 250mg Drops,Vaccine,Zydus,No,2026-04,33,185,191,191,0,No,27,3,630.34,0.22,74.99,12
MED0070,Lorazepam 250mg Drops,Vaccine,Zydus,No,2026-05,27,0,218,27,191,Yes,0,3,630.34,0.22,74.81,12
MED0070,Lorazepam 250mg Drops,Vaccine,Zydus,No,2026-06,0,434,374,374,0,No,60,3,630.34,0.22,76.94,12
MED0070,Lorazepam 250mg Drops,Vaccine,Zydus,No,2026-07,60,449,386,386,0,No,123,3,630.34,0.22,75.29,12
MED0071,Diclofenac 2.5mg Syrup,Antibiotic,Torrent,No,2025-08,633,3385,3135,3135,0,No,883,5,26.76,0.27,116.95,36
MED0071,Diclofenac 2.5mg Syrup,Antibiotic,Torrent,No,2025-09,883,3017,3476,3476,0,No,424,5,26.76,0.27,117.59,36
MED0071,Diclofenac 2.5mg Syrup,Antibiotic,Torrent,No,2025-10,424,2879,2842,2842,0,No,461,5,26.76,0.27,117.63,36
MED0071,Diclofenac 2.5mg Syrup,Antibiotic,Torrent,No,2025-11,461,3008,3336,3336,0,No,133,5,26.76,0.27,118.45,36
MED0071,Diclofenac 2.5mg Syrup,Antibiotic,Torrent,No,2025-12,133,0,2979,133,2846,Yes,0,5,26.76,0.27,114.9,36
MED0071,Diclofenac 2.5mg Syrup,Antibiotic,Torrent,No,2026-01,0,3148,2779,2779,0,No,369,5,26.76,0.27,117.64,36
MED0071,Diclofenac 2.5mg Syrup,Antibiotic,Torrent,No,2026-02,369,2972,2787,2787,0,No,554,5,26.76,0.27,120.82,36
MED0071,Diclofenac 2.5mg Syrup,Antibiotic,Torrent,No,2026-03,554,3510,3485,3485,0,No,579,5,26.76,0.27,121.3,36
MED0071,Diclofenac 2.5mg Syrup,Antibiotic,Torrent,No,2026-04,579,4094,3226,3226,0,No,1447,5,26.76,0.27,122.75,36
MED0071,Diclofenac 2.5mg Syrup,Antibiotic,Torrent,No,2026-05,1447,4510,3563,3563,0,No,2394,5,26.76,0.27,125.86,36
MED0071,Diclofenac 2.5mg Syrup,Antibiotic,Torrent,No,2026-06,2394,3377,2796,2796,0,No,2975,5,26.76,0.27,127.39,36
MED0071,Diclofenac 2.5mg Syrup,Antibiotic,Torrent,No,2026-07,2975,0,3184,2975,209,Yes,0,5,26.76,0.27,124.83,36
MED0072,Clopidogrel 2.5mg Tablet,Gastrointestinal,Biocon,No,2025-08,665,633,737,737,0,No,561,21,367.46,0.21,306.8,6
MED0072,Clopidogrel 2.5mg Tablet,Gastrointestinal,Biocon,No,2025-09,561,679,658,658,0,No,582,21,367.46,0.21,308.27,6
MED0072,Clopidogrel 2.5mg Tablet,Gastrointestinal,Biocon,No,2025-10,582,661,607,607,0,No,636,21,367.46,0.21,310.33,6
MED0072,Clopidogrel 2.5mg Tablet,Gastrointestinal,Biocon,No,2025-11,636,787,736,736,0,No,687,21,367.46,0.21,308.86,6
MED0072,Clopidogrel 2.5mg Tablet,Gastrointestinal,Biocon,No,2025-12,687,778,675,675,0,No,790,21,367.46,0.21,313.43,6
MED0072,Clopidogrel 2.5mg Tablet,Gastrointestinal,Biocon,No,2026-01,790,702,629,629,0,No,863,21,367.46,0.21,321.83,6
MED0072,Clopidogrel 2.5mg Tablet,Gastrointestinal,Biocon,No,2026-02,863,694,745,745,0,No,812,21,367.46,0.21,330.06,6
MED0072,Clopidogrel 2.5mg Tablet,Gastrointestinal,Biocon,No,2026-03,812,558,630,630,0,No,740,21,367.46,0.21,329.11,6
MED0072,Clopidogrel 2.5mg Tablet,Gastrointestinal,Biocon,No,2026-04,740,821,681,681,0,No,880,21,367.46,0.21,321.63,6
MED0072,Clopidogrel 2.5mg Tablet,Gastrointestinal,Biocon,No,2026-05,880,856,744,744,0,No,992,21,367.46,0.21,331,6
MED0072,Clopidogrel 2.5mg Tablet,Gastrointestinal,Biocon,No,2026-06,992,587,765,765,0,No,814,21,367.46,0.21,334.41,6
MED0072,Clopidogrel 2.5mg Tablet,Gastrointestinal,Biocon,No,2026-07,814,491,658,658,0,No,647,21,367.46,0.21,327.16,6
MED0073,Enoxaparin 20mg Suspension,Antidiabetic,Intas,No,2025-08,501,844,759,759,0,No,586,10,164.51,0.15,51.33,12
MED0073,Enoxaparin 20mg Suspension,Antidiabetic,Intas,No,2025-09,586,566,694,694,0,No,458,10,164.51,0.15,52.69,12
MED0073,Enoxaparin 20mg Suspension,Antidiabetic,Intas,No,2025-10,458,763,645,645,0,No,576,10,164.51,0.15,53.89,12
MED0073,Enoxaparin 20mg Suspension,Antidiabetic,Intas,No,2025-11,576,611,750,750,0,No,437,10,164.51,0.15,53.95,12
MED0073,Enoxaparin 20mg Suspension,Antidiabetic,Intas,No,2025-12,437,0,596,437,159,Yes,0,10,164.51,0.15,54.25,12
MED0073,Enoxaparin 20mg Suspension,Antidiabetic,Intas,No,2026-01,0,780,637,637,0,No,143,10,164.51,0.15,53.92,12
MED0073,Enoxaparin 20mg Suspension,Antidiabetic,Intas,No,2026-02,143,678,648,648,0,No,173,10,164.51,0.15,52.48,12
MED0073,Enoxaparin 20mg Suspension,Antidiabetic,Intas,No,2026-03,173,828,664,664,0,No,337,10,164.51,0.15,51.95,12
MED0073,Enoxaparin 20mg Suspension,Antidiabetic,Intas,No,2026-04,337,813,641,641,0,No,509,10,164.51,0.15,52.93,12
MED0073,Enoxaparin 20mg Suspension,Antidiabetic,Intas,No,2026-05,509,734,793,793,0,No,450,10,164.51,0.15,51.33,12
MED0073,Enoxaparin 20mg Suspension,Antidiabetic,Intas,No,2026-06,450,583,588,588,0,No,445,10,164.51,0.15,50.79,12
MED0073,Enoxaparin 20mg Suspension,Antidiabetic,Intas,No,2026-07,445,612,591,591,0,No,466,10,164.51,0.15,50.46,12
MED0074,Bisacodyl 100mg Injection,Antibiotic,Dr Reddy's,No,2025-08,91,396,388,388,0,No,99,7,82.83,0.17,63.41,9
MED0074,Bisacodyl 100mg Injection,Antibiotic,Dr Reddy's,No,2025-09,99,378,343,343,0,No,134,7,82.83,0.17,63.56,9
MED0074,Bisacodyl 100mg Injection,Antibiotic,Dr Reddy's,No,2025-10,134,193,261,261,0,No,66,7,82.83,0.17,65.24,9
MED0074,Bisacodyl 100mg Injection,Antibiotic,Dr Reddy's,No,2025-11,66,196,194,194,0,No,68,7,82.83,0.17,64.63,9
MED0074,Bisacodyl 100mg Injection,Antibiotic,Dr Reddy's,No,2025-12,68,171,182,182,0,No,57,7,82.83,0.17,64.02,9
MED0074,Bisacodyl 100mg Injection,Antibiotic,Dr Reddy's,No,2026-01,57,220,183,183,0,No,94,7,82.83,0.17,64.97,9
MED0074,Bisacodyl 100mg Injection,Antibiotic,Dr Reddy's,No,2026-02,94,128,158,158,0,No,64,7,82.83,0.17,64.78,9
MED0074,Bisacodyl 100mg Injection,Antibiotic,Dr Reddy's,No,2026-03,64,175,200,200,0,No,39,7,82.83,0.17,63.68,9
MED0074,Bisacodyl 100mg Injection,Antibiotic,Dr Reddy's,No,2026-04,39,0,230,39,191,Yes,0,7,82.83,0.17,63.49,9
MED0074,Bisacodyl 100mg Injection,Antibiotic,Dr Reddy's,No,2026-05,0,0,287,0,287,Yes,0,7,82.83,0.17,62.06,9
MED0074,Bisacodyl 100mg Injection,Antibiotic,Dr Reddy's,No,2026-06,0,271,373,271,102,Yes,0,7,82.83,0.17,60.77,9
MED0074,Bisacodyl 100mg Injection,Antibiotic,Dr Reddy's,No,2026-07,0,466,523,466,57,Yes,0,7,82.83,0.17,60.76,9
MED0075,Ceftriaxone 50mg Capsule,Vitamin/Supplement,Lupin,Yes,2025-08,471,2845,2341,2341,0,No,975,3,404.65,0.22,145.17,6
MED0075,Ceftriaxone 50mg Capsule,Vitamin/Supplement,Lupin,Yes,2025-09,975,2438,2221,2221,0,No,1192,3,404.65,0.22,144.43,6
MED0075,Ceftriaxone 50mg Capsule,Vitamin/Supplement,Lupin,Yes,2025-10,1192,0,2686,1192,1494,Yes,0,3,404.65,0.22,148.22,6
MED0075,Ceftriaxone 50mg Capsule,Vitamin/Supplement,Lupin,Yes,2025-11,0,4995,3925,3925,0,No,1070,3,404.65,0.22,146.96,6
MED0075,Ceftriaxone 50mg Capsule,Vitamin/Supplement,Lupin,Yes,2025-12,1070,4661,5088,5088,0,No,643,3,404.65,0.22,147.7,6
MED0075,Ceftriaxone 50mg Capsule,Vitamin/Supplement,Lupin,Yes,2026-01,643,3909,4743,4552,191,Yes,0,3,404.65,0.22,148.91,6
MED0075,Ceftriaxone 50mg Capsule,Vitamin/Supplement,Lupin,Yes,2026-02,0,5456,4443,4443,0,No,1013,3,404.65,0.22,144.46,6
MED0075,Ceftriaxone 50mg Capsule,Vitamin/Supplement,Lupin,Yes,2026-03,1013,0,2633,1013,1620,Yes,0,3,404.65,0.22,145.96,6
MED0075,Ceftriaxone 50mg Capsule,Vitamin/Supplement,Lupin,Yes,2026-04,0,2620,2114,2114,0,No,506,3,384.52,0.22,143.02,6
MED0075,Ceftriaxone 50mg Capsule,Vitamin/Supplement,Lupin,Yes,2026-05,506,1555,2047,2047,0,No,14,3,384.52,0.22,147.24,6
MED0075,Ceftriaxone 50mg Capsule,Vitamin/Supplement,Lupin,Yes,2026-06,14,0,1893,14,1879,Yes,0,3,384.52,0.22,144.03,6
MED0075,Ceftriaxone 50mg Capsule,Vitamin/Supplement,Lupin,Yes,2026-07,0,1974,2018,1974,44,Yes,0,3,384.52,0.22,143.25,6
MED0076,Aspirin 250mg Syrup,Vaccine,Lupin,No,2025-08,52,88,88,88,0,No,52,10,664.26,0.18,247.11,9
MED0076,Aspirin 250mg Syrup,Vaccine,Lupin,No,2025-09,52,88,96,96,0,No,44,10,664.26,0.18,254.85,9
MED0076,Aspirin 250mg Syrup,Vaccine,Lupin,No,2025-10,44,77,89,89,0,No,32,10,664.26,0.18,254.88,9
MED0076,Aspirin 250mg Syrup,Vaccine,Lupin,No,2025-11,32,59,80,80,0,No,11,10,664.26,0.18,256.36,9
MED0076,Aspirin 250mg Syrup,Vaccine,Lupin,No,2025-12,11,93,95,95,0,No,9,10,664.26,0.18,249.62,9
MED0076,Aspirin 250mg Syrup,Vaccine,Lupin,No,2026-01,9,84,95,93,2,Yes,0,10,664.26,0.18,253.51,9
MED0076,Aspirin 250mg Syrup,Vaccine,Lupin,No,2026-02,0,68,92,68,24,Yes,0,10,664.26,0.18,248.99,9
MED0076,Aspirin 250mg Syrup,Vaccine,Lupin,No,2026-03,0,0,88,0,88,Yes,0,10,664.26,0.18,255.19,9
MED0076,Aspirin 250mg Syrup,Vaccine,Lupin,No,2026-04,0,0,103,0,103,Yes,0,10,664.26,0.18,250.6,9
MED0076,Aspirin 250mg Syrup,Vaccine,Lupin,No,2026-05,0,96,101,96,5,Yes,0,10,664.26,0.18,245.78,9
MED0076,Aspirin 250mg Syrup,Vaccine,Lupin,No,2026-06,0,63,88,63,25,Yes,0,10,664.26,0.18,238.57,9
MED0076,Aspirin 250mg Syrup,Vaccine,Lupin,No,2026-07,0,83,92,83,9,Yes,0,10,664.26,0.18,238.14,9
MED0077,Diclofenac 20mg Tablet,Respiratory,Mankind,Yes,2025-08,119,0,159,119,40,Yes,0,10,273.78,0.16,157.7,18
MED0077,Diclofenac 20mg Tablet,Respiratory,Mankind,Yes,2025-09,0,117,153,117,36,Yes,0,10,273.78,0.16,158.34,18
MED0077,Diclofenac 20mg Tablet,Respiratory,Mankind,Yes,2025-10,0,258,238,238,0,No,20,10,273.78,0.16,154.03,18
MED0077,Diclofenac 20mg Tablet,Respiratory,Mankind,Yes,2025-11,20,334,299,299,0,No,55,10,273.78,0.16,156.77,18
MED0077,Diclofenac 20mg Tablet,Respiratory,Mankind,Yes,2025-12,55,0,344,55,289,Yes,0,10,273.78,0.16,156.31,18
MED0077,Diclofenac 20mg Tablet,Respiratory,Mankind,Yes,2026-01,0,340,377,340,37,Yes,0,10,273.78,0.16,156.55,18
MED0077,Diclofenac 20mg Tablet,Respiratory,Mankind,Yes,2026-02,0,363,304,304,0,No,59,10,273.78,0.16,155.96,18
MED0077,Diclofenac 20mg Tablet,Respiratory,Mankind,Yes,2026-03,59,0,203,59,144,Yes,0,10,273.78,0.16,154.97,18
MED0077,Diclofenac 20mg Tablet,Respiratory,Mankind,Yes,2026-04,0,163,145,145,0,No,18,10,288.44,0.16,155.56,18
MED0077,Diclofenac 20mg Tablet,Respiratory,Mankind,Yes,2026-05,18,135,157,153,4,Yes,0,10,288.44,0.16,152.13,18
MED0077,Diclofenac 20mg Tablet,Respiratory,Mankind,Yes,2026-06,0,0,149,0,149,Yes,0,10,288.44,0.16,148.97,18
MED0077,Diclofenac 20mg Tablet,Respiratory,Mankind,Yes,2026-07,0,168,178,168,10,Yes,0,10,288.44,0.16,152.56,18
MED0078,Cloxacillin 5ml Ointment,Antibiotic,Intas,No,2025-08,588,0,4175,588,3587,Yes,0,3,779.65,0.24,75.41,36
MED0078,Cloxacillin 5ml Ointment,Antibiotic,Intas,No,2025-09,0,3807,4115,3807,308,Yes,0,3,779.65,0.24,74.81,36
MED0078,Cloxacillin 5ml Ointment,Antibiotic,Intas,No,2025-10,0,3603,3837,3603,234,Yes,0,3,779.65,0.24,73.72,36
MED0078,Cloxacillin 5ml Ointment,Antibiotic,Intas,No,2025-11,0,2386,3286,2386,900,Yes,0,3,779.65,0.24,74.4,36
MED0078,Cloxacillin 5ml Ointment,Antibiotic,Intas,No,2025-12,0,4001,4017,4001,16,Yes,0,3,779.65,0.24,73.97,36
MED0078,Cloxacillin 5ml Ointment,Antibiotic,Intas,No,2026-01,0,2967,3500,2967,533,Yes,0,3,779.65,0.24,71.72,36
MED0078,Cloxacillin 5ml Ointment,Antibiotic,Intas,No,2026-02,0,5234,4304,4304,0,No,930,3,779.65,0.24,70.09,36
MED0078,Cloxacillin 5ml Ointment,Antibiotic,Intas,No,2026-03,930,3302,4056,4056,0,No,176,3,779.65,0.24,71.12,36
MED0078,Cloxacillin 5ml Ointment,Antibiotic,Intas,No,2026-04,176,4319,3773,3773,0,No,722,3,779.65,0.24,71.88,36
MED0078,Cloxacillin 5ml Ointment,Antibiotic,Intas,No,2026-05,722,4537,3709,3709,0,No,1550,3,779.65,0.24,69.63,36
MED0078,Cloxacillin 5ml Ointment,Antibiotic,Intas,No,2026-06,1550,3706,3318,3318,0,No,1938,3,779.65,0.24,68.62,36
MED0078,Cloxacillin 5ml Ointment,Antibiotic,Intas,No,2026-07,1938,2773,3385,3385,0,No,1326,3,779.65,0.24,68.62,36
MED0079,Enoxaparin 100mg Tablet,Antidiabetic,Glenmark,No,2025-08,1192,0,2546,1192,1354,Yes,0,4,174.81,0.22,170.73,24
MED0079,Enoxaparin 100mg Tablet,Antidiabetic,Glenmark,No,2025-09,0,2451,3146,2451,695,Yes,0,4,174.81,0.22,172.58,24
MED0079,Enoxaparin 100mg Tablet,Antidiabetic,Glenmark,No,2025-10,0,3648,3582,3582,0,No,66,4,174.81,0.22,167.41,24
MED0079,Enoxaparin 100mg Tablet,Antidiabetic,Glenmark,No,2025-11,66,3958,4966,4024,942,Yes,0,4,174.81,0.22,163.15,24
MED0079,Enoxaparin 100mg Tablet,Antidiabetic,Glenmark,No,2025-12,0,5711,5504,5504,0,No,207,4,174.81,0.22,166.38,24
MED0079,Enoxaparin 100mg Tablet,Antidiabetic,Glenmark,No,2026-01,207,8532,7168,7168,0,No,1571,4,174.81,0.22,162.92,24
MED0079,Enoxaparin 100mg Tablet,Antidiabetic,Glenmark,No,2026-02,1571,3836,5302,5302,0,No,105,4,174.81,0.22,164.56,24
MED0079,Enoxaparin 100mg Tablet,Antidiabetic,Glenmark,No,2026-03,105,0,3502,105,3397,Yes,0,4,174.81,0.22,161.74,24
MED0079,Enoxaparin 100mg Tablet,Antidiabetic,Glenmark,No,2026-04,0,2651,2725,2651,74,Yes,0,4,174.81,0.22,157.43,24
MED0079,Enoxaparin 100mg Tablet,Antidiabetic,Glenmark,No,2026-05,0,2589,2758,2589,169,Yes,0,4,174.81,0.22,155.36,24
MED0079,Enoxaparin 100mg Tablet,Antidiabetic,Glenmark,No,2026-06,0,0,2666,0,2666,Yes,0,4,174.81,0.22,157.75,24
MED0079,Enoxaparin 100mg Tablet,Antidiabetic,Glenmark,No,2026-07,0,1997,2796,1997,799,Yes,0,4,174.81,0.22,161.58,24
MED0080,Ampicillin 10mg Injection,Antibiotic,Aurobindo,No,2025-08,646,1259,1446,1446,0,No,459,10,398.72,0.13,165.63,24
MED0080,Ampicillin 10mg Injection,Antibiotic,Aurobindo,No,2025-09,459,1587,1240,1240,0,No,806,10,398.72,0.13,169.08,24
MED0080,Ampicillin 10mg Injection,Antibiotic,Aurobindo,No,2025-10,806,1238,1295,1295,0,No,749,10,398.72,0.13,168.01,24
MED0080,Ampicillin 10mg Injection,Antibiotic,Aurobindo,No,2025-11,749,1365,1340,1340,0,No,774,10,398.72,0.13,169.76,24
MED0080,Ampicillin 10mg Injection,Antibiotic,Aurobindo,No,2025-12,774,1628,1442,1442,0,No,960,10,398.72,0.13,166.68,24
MED0080,Ampicillin 10mg Injection,Antibiotic,Aurobindo,No,2026-01,960,1008,1438,1438,0,No,530,10,398.72,0.13,164.52,24
MED0080,Ampicillin 10mg Injection,Antibiotic,Aurobindo,No,2026-02,530,1056,1300,1300,0,No,286,10,398.72,0.13,168.66,24
MED0080,Ampicillin 10mg Injection,Antibiotic,Aurobindo,No,2026-03,286,1445,1462,1462,0,No,269,10,398.72,0.13,163.58,24
MED0080,Ampicillin 10mg Injection,Antibiotic,Aurobindo,No,2026-04,269,1057,1319,1319,0,No,7,10,398.72,0.13,159.25,24
MED0080,Ampicillin 10mg Injection,Antibiotic,Aurobindo,No,2026-05,7,1586,1406,1406,0,No,187,10,398.72,0.13,156.2,24
MED0080,Ampicillin 10mg Injection,Antibiotic,Aurobindo,No,2026-06,187,1685,1413,1413,0,No,459,10,398.72,0.13,151.26,24
MED0080,Ampicillin 10mg Injection,Antibiotic,Aurobindo,No,2026-07,459,0,1202,459,743,Yes,0,10,398.72,0.13,150.72,24
MED0081,Ringer Lactate 5ml Injection,Gastrointestinal,Intas,No,2025-08,108,665,580,580,0,No,193,5,458.85,0.25,165.36,9
MED0081,Ringer Lactate 5ml Injection,Gastrointestinal,Intas,No,2025-09,193,0,556,193,363,Yes,0,5,458.85,0.25,166.23,9
MED0081,Ringer Lactate 5ml Injection,Gastrointestinal,Intas,No,2025-10,0,0,509,0,509,Yes,0,5,458.85,0.25,165.41,9
MED0081,Ringer Lactate 5ml Injection,Gastrointestinal,Intas,No,2025-11,0,398,464,398,66,Yes,0,5,458.85,0.25,169.5,9
MED0081,Ringer Lactate 5ml Injection,Gastrointestinal,Intas,No,2025-12,0,411,570,411,159,Yes,0,5,458.85,0.25,172.81,9
MED0081,Ringer Lactate 5ml Injection,Gastrointestinal,Intas,No,2026-01,0,0,610,0,610,Yes,0,5,458.85,0.25,171.16,9
MED0081,Ringer Lactate 5ml Injection,Gastrointestinal,Intas,No,2026-02,0,463,538,463,75,Yes,0,5,458.85,0.25,168.65,9
MED0081,Ringer Lactate 5ml Injection,Gastrointestinal,Intas,No,2026-03,0,520,498,498,0,No,22,5,458.85,0.25,167.4,9
MED0081,Ringer Lactate 5ml Injection,Gastrointestinal,Intas,No,2026-04,22,771,608,608,0,No,185,5,458.85,0.25,168.34,9
MED0081,Ringer Lactate 5ml Injection,Gastrointestinal,Intas,No,2026-05,185,696,602,602,0,No,279,5,458.85,0.25,165.92,9
MED0081,Ringer Lactate 5ml Injection,Gastrointestinal,Intas,No,2026-06,279,558,618,618,0,No,219,5,458.85,0.25,167.21,9
MED0081,Ringer Lactate 5ml Injection,Gastrointestinal,Intas,No,2026-07,219,476,487,487,0,No,208,5,458.85,0.25,166.27,9
MED0082,Tramadol 5mg Injection,Cardiac,GSK,No,2025-08,270,3799,4134,4069,65,Yes,0,2,669.74,0.19,323.81,12
MED0082,Tramadol 5mg Injection,Cardiac,GSK,No,2025-09,0,3125,3048,3048,0,No,77,2,669.74,0.19,324.87,12
MED0082,Tramadol 5mg Injection,Cardiac,GSK,No,2025-10,77,2190,2188,2188,0,No,79,2,669.74,0.19,323.57,12
MED0082,Tramadol 5mg Injection,Cardiac,GSK,No,2025-11,79,955,1348,1034,314,Yes,0,2,669.74,0.19,319.38,12
MED0082,Tramadol 5mg Injection,Cardiac,GSK,No,2025-12,0,1574,1254,1254,0,No,320,2,669.74,0.19,328.53,12
MED0082,Tramadol 5mg Injection,Cardiac,GSK,No,2026-01,320,1648,1408,1408,0,No,560,2,669.74,0.19,333.91,12
MED0082,Tramadol 5mg Injection,Cardiac,GSK,No,2026-02,560,1272,1228,1228,0,No,604,2,669.74,0.19,326.57,12
MED0082,Tramadol 5mg Injection,Cardiac,GSK,No,2026-03,604,2210,1711,1711,0,No,1103,2,669.74,0.19,334.09,12
MED0082,Tramadol 5mg Injection,Cardiac,GSK,No,2026-04,1103,1547,1818,1818,0,No,832,2,669.74,0.19,333.83,12
MED0082,Tramadol 5mg Injection,Cardiac,GSK,No,2026-05,832,2577,2437,2437,0,No,972,2,669.74,0.19,341.88,12
MED0082,Tramadol 5mg Injection,Cardiac,GSK,No,2026-06,972,3606,3334,3334,0,No,1244,2,669.74,0.19,348,12
MED0082,Tramadol 5mg Injection,Cardiac,GSK,No,2026-07,1244,4098,4113,4113,0,No,1229,2,669.74,0.19,346.47,12
MED0083,Haloperidol 1g Drops,Gastrointestinal,GSK,No,2025-08,437,1045,953,953,0,No,529,5,130.03,0.25,302.39,9
MED0083,Haloperidol 1g Drops,Gastrointestinal,GSK,No,2025-09,529,1286,992,992,0,No,823,5,130.03,0.25,293.29,9
MED0083,Haloperidol 1g Drops,Gastrointestinal,GSK,No,2025-10,823,899,1062,1062,0,No,660,5,130.03,0.25,288.88,9
MED0083,Haloperidol 1g Drops,Gastrointestinal,GSK,No,2025-11,660,2158,1667,1667,0,No,1151,5,130.03,0.25,289.67,9
MED0083,Haloperidol 1g Drops,Gastrointestinal,GSK,No,2025-12,1151,0,1801,1151,650,Yes,0,5,130.03,0.25,292.21,9
MED0083,Haloperidol 1g Drops,Gastrointestinal,GSK,No,2026-01,0,2090,1982,1982,0,No,108,5,130.03,0.25,287.6,9
MED0083,Haloperidol 1g Drops,Gastrointestinal,GSK,No,2026-02,108,1232,1681,1340,341,Yes,0,5,130.03,0.25,280.73,9
MED0083,Haloperidol 1g Drops,Gastrointestinal,GSK,No,2026-03,0,915,1226,915,311,Yes,0,5,130.03,0.25,287.11,9
MED0083,Haloperidol 1g Drops,Gastrointestinal,GSK,No,2026-04,0,1181,977,977,0,No,204,5,130.03,0.25,296.34,9
MED0083,Haloperidol 1g Drops,Gastrointestinal,GSK,No,2026-05,204,942,845,845,0,No,301,5,130.03,0.25,296.83,9
MED0083,Haloperidol 1g Drops,Gastrointestinal,GSK,No,2026-06,301,891,715,715,0,No,477,5,130.03,0.25,290.58,9
MED0083,Haloperidol 1g Drops,Gastrointestinal,GSK,No,2026-07,477,696,812,812,0,No,361,5,130.03,0.25,286.24,9
MED0084,Fentanyl 5ml Suspension,Anesthetic,Dr Reddy's,No,2025-08,73,0,432,73,359,Yes,0,4,564.09,0.22,182.5,24
MED0084,Fentanyl 5ml Suspension,Anesthetic,Dr Reddy's,No,2025-09,0,384,403,384,19,Yes,0,4,564.09,0.22,176.96,24
MED0084,Fentanyl 5ml Suspension,Anesthetic,Dr Reddy's,No,2025-10,0,313,428,313,115,Yes,0,4,564.09,0.22,181.72,24
MED0084,Fentanyl 5ml Suspension,Anesthetic,Dr Reddy's,No,2025-11,0,357,441,357,84,Yes,0,4,564.09,0.22,177.33,24
MED0084,Fentanyl 5ml Suspension,Anesthetic,Dr Reddy's,No,2025-12,0,0,394,0,394,Yes,0,4,564.09,0.22,178.21,24
MED0084,Fentanyl 5ml Suspension,Anesthetic,Dr Reddy's,No,2026-01,0,348,459,348,111,Yes,0,4,564.09,0.22,175.61,24
MED0084,Fentanyl 5ml Suspension,Anesthetic,Dr Reddy's,No,2026-02,0,324,447,324,123,Yes,0,4,564.09,0.22,176.23,24
MED0084,Fentanyl 5ml Suspension,Anesthetic,Dr Reddy's,No,2026-03,0,0,359,0,359,Yes,0,4,564.09,0.22,177.97,24
MED0084,Fentanyl 5ml Suspension,Anesthetic,Dr Reddy's,No,2026-04,0,515,427,427,0,No,88,4,564.09,0.22,181.76,24
MED0084,Fentanyl 5ml Suspension,Anesthetic,Dr Reddy's,No,2026-05,88,0,357,88,269,Yes,0,4,564.09,0.22,178.38,24
MED0084,Fentanyl 5ml Suspension,Anesthetic,Dr Reddy's,No,2026-06,0,0,398,0,398,Yes,0,4,564.09,0.22,172.76,24
MED0084,Fentanyl 5ml Suspension,Anesthetic,Dr Reddy's,No,2026-07,0,334,433,334,99,Yes,0,4,564.09,0.22,168.59,24
MED0085,Calcium Carbonate 10mg Inhaler,Antibiotic,Abbott,No,2025-08,885,1208,989,989,0,No,1104,21,632.12,0.23,201.6,12
MED0085,Calcium Carbonate 10mg Inhaler,Antibiotic,Abbott,No,2025-09,1104,747,990,990,0,No,861,21,632.12,0.23,206.68,12
MED0085,Calcium Carbonate 10mg Inhaler,Antibiotic,Abbott,No,2025-10,861,933,755,755,0,No,1039,21,632.12,0.23,211.43,12
MED0085,Calcium Carbonate 10mg Inhaler,Antibiotic,Abbott,No,2025-11,1039,517,737,737,0,No,819,21,632.12,0.23,212.67,12
MED0085,Calcium Carbonate 10mg Inhaler,Antibiotic,Abbott,No,2025-12,819,649,587,587,0,No,881,21,632.12,0.23,213.95,12
MED0085,Calcium Carbonate 10mg Inhaler,Antibiotic,Abbott,No,2026-01,881,468,640,640,0,No,709,21,632.12,0.23,216.05,12
MED0085,Calcium Carbonate 10mg Inhaler,Antibiotic,Abbott,No,2026-02,709,488,573,573,0,No,624,21,632.12,0.23,211.93,12
MED0085,Calcium Carbonate 10mg Inhaler,Antibiotic,Abbott,No,2026-03,624,790,820,820,0,No,594,21,632.12,0.23,217.19,12
MED0085,Calcium Carbonate 10mg Inhaler,Antibiotic,Abbott,No,2026-04,594,1065,1252,1252,0,No,407,21,632.12,0.23,216.16,12
MED0085,Calcium Carbonate 10mg Inhaler,Antibiotic,Abbott,No,2026-05,407,1694,1468,1468,0,No,633,21,632.12,0.23,214.68,12
MED0085,Calcium Carbonate 10mg Inhaler,Antibiotic,Abbott,No,2026-06,633,1680,1612,1612,0,No,701,21,632.12,0.23,214.92,12
MED0085,Calcium Carbonate 10mg Inhaler,Antibiotic,Abbott,No,2026-07,701,1290,1242,1242,0,No,749,21,632.12,0.23,209.17,12
MED0086,Atorvastatin 20mg Tablet,Respiratory,Glenmark,Yes,2025-08,476,0,609,476,133,Yes,0,10,200.11,0.2,108.57,9
MED0086,Atorvastatin 20mg Tablet,Respiratory,Glenmark,Yes,2025-09,0,441,600,441,159,Yes,0,10,200.11,0.2,106.29,9
MED0086,Atorvastatin 20mg Tablet,Respiratory,Glenmark,Yes,2025-10,0,812,678,678,0,No,134,10,200.11,0.2,107.92,9
MED0086,Atorvastatin 20mg Tablet,Respiratory,Glenmark,Yes,2025-11,134,831,783,783,0,No,182,10,200.11,0.2,105.07,9
MED0086,Atorvastatin 20mg Tablet,Respiratory,Glenmark,Yes,2025-12,182,673,651,651,0,No,204,10,200.11,0.2,105.78,9
MED0086,Atorvastatin 20mg Tablet,Respiratory,Glenmark,Yes,2026-01,204,0,653,204,449,Yes,0,10,200.11,0.2,104.04,9
MED0086,Atorvastatin 20mg Tablet,Respiratory,Glenmark,Yes,2026-02,0,741,755,741,14,Yes,0,10,200.11,0.2,103.28,9
MED0086,Atorvastatin 20mg Tablet,Respiratory,Glenmark,Yes,2026-03,0,935,755,755,0,No,180,10,200.11,0.2,101.83,9
MED0086,Atorvastatin 20mg Tablet,Respiratory,Glenmark,Yes,2026-04,180,722,782,782,0,No,120,10,199.53,0.2,100.84,9
MED0086,Atorvastatin 20mg Tablet,Respiratory,Glenmark,Yes,2026-05,120,645,655,655,0,No,110,10,199.53,0.2,102.34,9
MED0086,Atorvastatin 20mg Tablet,Respiratory,Glenmark,Yes,2026-06,110,885,765,765,0,No,230,10,199.53,0.2,100.95,9
MED0086,Atorvastatin 20mg Tablet,Respiratory,Glenmark,Yes,2026-07,230,933,743,743,0,No,420,10,199.53,0.2,101.4,9
MED0087,Pantoprazole 20mg Ointment,Analgesic,Sun Pharma,No,2025-08,152,0,1531,152,1379,Yes,0,2,558.09,0.17,326.56,24
MED0087,Pantoprazole 20mg Ointment,Analgesic,Sun Pharma,No,2025-09,0,1136,1410,1136,274,Yes,0,2,558.09,0.17,329.93,24
MED0087,Pantoprazole 20mg Ointment,Analgesic,Sun Pharma,No,2025-10,0,0,1313,0,1313,Yes,0,2,558.09,0.17,338.92,24
MED0087,Pantoprazole 20mg Ointment,Analgesic,Sun Pharma,No,2025-11,0,2024,1638,1638,0,No,386,2,558.09,0.17,343.7,24
MED0087,Pantoprazole 20mg Ointment,Analgesic,Sun Pharma,No,2025-12,386,0,1600,386,1214,Yes,0,2,558.09,0.17,337.84,24
MED0087,Pantoprazole 20mg Ointment,Analgesic,Sun Pharma,No,2026-01,0,1919,1752,1752,0,No,167,2,558.09,0.17,328.19,24
MED0087,Pantoprazole 20mg Ointment,Analgesic,Sun Pharma,No,2026-02,167,1512,1458,1458,0,No,221,2,558.09,0.17,323.3,24
MED0087,Pantoprazole 20mg Ointment,Analgesic,Sun Pharma,No,2026-03,221,0,1346,221,1125,Yes,0,2,558.09,0.17,325.26,24
MED0087,Pantoprazole 20mg Ointment,Analgesic,Sun Pharma,No,2026-04,0,1503,1403,1403,0,No,100,2,558.09,0.17,316.03,24
MED0087,Pantoprazole 20mg Ointment,Analgesic,Sun Pharma,No,2026-05,100,1816,1407,1407,0,No,509,2,558.09,0.17,315.96,24
MED0087,Pantoprazole 20mg Ointment,Analgesic,Sun Pharma,No,2026-06,509,1581,1672,1672,0,No,418,2,558.09,0.17,317.95,24
MED0087,Pantoprazole 20mg Ointment,Analgesic,Sun Pharma,No,2026-07,418,1795,1541,1541,0,No,672,2,558.09,0.17,314.54,24
MED0088,Insulin Glargine 20mg Capsule,Antidiabetic,Abbott,No,2025-08,214,0,272,214,58,Yes,0,10,30.09,0.22,111.3,12
MED0088,Insulin Glargine 20mg Capsule,Antidiabetic,Abbott,No,2025-09,0,0,313,0,313,Yes,0,10,30.09,0.22,113.2,12
MED0088,Insulin Glargine 20mg Capsule,Antidiabetic,Abbott,No,2025-10,0,376,376,376,0,No,0,10,30.09,0.22,110.44,12
MED0088,Insulin Glargine 20mg Capsule,Antidiabetic,Abbott,No,2025-11,0,565,523,523,0,No,42,10,30.09,0.22,107.46,12
MED0088,Insulin Glargine 20mg Capsule,Antidiabetic,Abbott,No,2025-12,42,445,542,487,55,Yes,0,10,30.09,0.22,109.06,12
MED0088,Insulin Glargine 20mg Capsule,Antidiabetic,Abbott,No,2026-01,0,632,601,601,0,No,31,10,30.09,0.22,109.03,12
MED0088,Insulin Glargine 20mg Capsule,Antidiabetic,Abbott,No,2026-02,31,368,512,399,113,Yes,0,10,30.09,0.22,110.35,12
MED0088,Insulin Glargine 20mg Capsule,Antidiabetic,Abbott,No,2026-03,0,429,372,372,0,No,57,10,30.09,0.22,109.89,12
MED0088,Insulin Glargine 20mg Capsule,Antidiabetic,Abbott,No,2026-04,57,243,264,264,0,No,36,10,30.09,0.22,108.11,12
MED0088,Insulin Glargine 20mg Capsule,Antidiabetic,Abbott,No,2026-05,36,292,278,278,0,No,50,10,30.09,0.22,110.35,12
MED0088,Insulin Glargine 20mg Capsule,Antidiabetic,Abbott,No,2026-06,50,343,268,268,0,No,125,10,30.09,0.22,112.45,12
MED0088,Insulin Glargine 20mg Capsule,Antidiabetic,Abbott,No,2026-07,125,312,279,279,0,No,158,10,30.09,0.22,113.82,12
MED0089,Vancomycin 20mg Syrup,Vitamin/Supplement,Glenmark,No,2025-08,326,779,974,974,0,No,131,7,255.34,0.22,314.65,9
MED0089,Vancomycin 20mg Syrup,Vitamin/Supplement,Glenmark,No,2025-09,131,970,975,975,0,No,126,7,255.34,0.22,310.13,9
MED0089,Vancomycin 20mg Syrup,Vitamin/Supplement,Glenmark,No,2025-10,126,0,922,126,796,Yes,0,7,255.34,0.22,311.92,9
MED0089,Vancomycin 20mg Syrup,Vitamin/Supplement,Glenmark,No,2025-11,0,772,1085,772,313,Yes,0,7,255.34,0.22,309.16,9
MED0089,Vancomycin 20mg Syrup,Vitamin/Supplement,Glenmark,No,2025-12,0,722,971,722,249,Yes,0,7,255.34,0.22,301.06,9
MED0089,Vancomycin 20mg Syrup,Vitamin/Supplement,Glenmark,No,2026-01,0,1220,1151,1151,0,No,69,7,255.34,0.22,309.33,9
MED0089,Vancomycin 20mg Syrup,Vitamin/Supplement,Glenmark,No,2026-02,69,1189,1107,1107,0,No,151,7,255.34,0.22,302.13,9
MED0089,Vancomycin 20mg Syrup,Vitamin/Supplement,Glenmark,No,2026-03,151,0,1037,151,886,Yes,0,7,255.34,0.22,311.06,9
MED0089,Vancomycin 20mg Syrup,Vitamin/Supplement,Glenmark,No,2026-04,0,959,930,930,0,No,29,7,255.34,0.22,309.99,9
MED0089,Vancomycin 20mg Syrup,Vitamin/Supplement,Glenmark,No,2026-05,29,846,902,875,27,Yes,0,7,255.34,0.22,303.75,9
MED0089,Vancomycin 20mg Syrup,Vitamin/Supplement,Glenmark,No,2026-06,0,1101,1089,1089,0,No,12,7,255.34,0.22,304.58,9
MED0089,Vancomycin 20mg Syrup,Vitamin/Supplement,Glenmark,No,2026-07,12,980,1162,992,170,Yes,0,7,255.34,0.22,311.97,9
MED0090,Albendazole 2.5mg Syrup,Vitamin/Supplement,Cadila,No,2025-08,164,630,753,753,0,No,41,4,746.11,0.13,42.94,24
MED0090,Albendazole 2.5mg Syrup,Vitamin/Supplement,Cadila,No,2025-09,41,824,799,799,0,No,66,4,746.11,0.13,43.57,24
MED0090,Albendazole 2.5mg Syrup,Vitamin/Supplement,Cadila,No,2025-10,66,1124,900,900,0,No,290,4,746.11,0.13,44.4,24
MED0090,Albendazole 2.5mg Syrup,Vitamin/Supplement,Cadila,No,2025-11,290,771,772,772,0,No,289,4,746.11,0.13,44.83,24
MED0090,Albendazole 2.5mg Syrup,Vitamin/Supplement,Cadila,No,2025-12,289,0,858,289,569,Yes,0,4,746.11,0.13,45.35,24
MED0090,Albendazole 2.5mg Syrup,Vitamin/Supplement,Cadila,No,2026-01,0,645,873,645,228,Yes,0,4,746.11,0.13,46.29,24
MED0090,Albendazole 2.5mg Syrup,Vitamin/Supplement,Cadila,No,2026-02,0,1066,938,938,0,No,128,4,746.11,0.13,45.61,24
MED0090,Albendazole 2.5mg Syrup,Vitamin/Supplement,Cadila,No,2026-03,128,847,916,916,0,No,59,4,746.11,0.13,45.58,24
MED0090,Albendazole 2.5mg Syrup,Vitamin/Supplement,Cadila,No,2026-04,59,1109,906,906,0,No,262,4,746.11,0.13,44.83,24
MED0090,Albendazole 2.5mg Syrup,Vitamin/Supplement,Cadila,No,2026-05,262,690,784,784,0,No,168,4,746.11,0.13,46.15,24
MED0090,Albendazole 2.5mg Syrup,Vitamin/Supplement,Cadila,No,2026-06,168,935,744,744,0,No,359,4,746.11,0.13,46.8,24
MED0090,Albendazole 2.5mg Syrup,Vitamin/Supplement,Cadila,No,2026-07,359,778,926,926,0,No,211,4,746.11,0.13,45.55,24
MED0091,Sertraline 1g Ointment,Dermatological,Zydus,No,2025-08,37,150,189,187,2,Yes,0,3,88.82,0.18,129.04,24
MED0091,Sertraline 1g Ointment,Dermatological,Zydus,No,2025-09,0,136,191,136,55,Yes,0,3,88.82,0.18,130.71,24
MED0091,Sertraline 1g Ointment,Dermatological,Zydus,No,2025-10,0,168,218,168,50,Yes,0,3,88.82,0.18,134.17,24
MED0091,Sertraline 1g Ointment,Dermatological,Zydus,No,2025-11,0,229,214,214,0,No,15,3,88.82,0.18,131.57,24
MED0091,Sertraline 1g Ointment,Dermatological,Zydus,No,2025-12,15,0,198,15,183,Yes,0,3,88.82,0.18,132.12,24
MED0091,Sertraline 1g Ointment,Dermatological,Zydus,No,2026-01,0,189,221,189,32,Yes,0,3,88.82,0.18,135.5,24
MED0091,Sertraline 1g Ointment,Dermatological,Zydus,No,2026-02,0,210,179,179,0,No,31,3,88.82,0.18,131.71,24
MED0091,Sertraline 1g Ointment,Dermatological,Zydus,No,2026-03,31,170,190,190,0,No,11,3,88.82,0.18,133.31,24
MED0091,Sertraline 1g Ointment,Dermatological,Zydus,No,2026-04,11,243,232,232,0,No,22,3,88.82,0.18,131.66,24
MED0091,Sertraline 1g Ointment,Dermatological,Zydus,No,2026-05,22,196,227,218,9,Yes,0,3,88.82,0.18,135.11,24
MED0091,Sertraline 1g Ointment,Dermatological,Zydus,No,2026-06,0,188,212,188,24,Yes,0,3,88.82,0.18,138.94,24
MED0091,Sertraline 1g Ointment,Dermatological,Zydus,No,2026-07,0,228,195,195,0,No,33,3,88.82,0.18,140.65,24
MED0092,Tramadol 5ml Suspension,Analgesic,Abbott,No,2025-08,44,89,123,123,0,No,10,3,765.15,0.25,120.28,36
MED0092,Tramadol 5ml Suspension,Analgesic,Abbott,No,2025-09,10,0,148,10,138,Yes,0,3,765.15,0.25,120.08,36
MED0092,Tramadol 5ml Suspension,Analgesic,Abbott,No,2025-10,0,138,184,138,46,Yes,0,3,765.15,0.25,122.82,36
MED0092,Tramadol 5ml Suspension,Analgesic,Abbott,No,2025-11,0,311,246,246,0,No,65,3,765.15,0.25,125.43,36
MED0092,Tramadol 5ml Suspension,Analgesic,Abbott,No,2025-12,65,295,315,315,0,No,45,3,765.15,0.25,124.06,36
MED0092,Tramadol 5ml Suspension,Analgesic,Abbott,No,2026-01,45,276,288,288,0,No,33,3,765.15,0.25,126.55,36
MED0092,Tramadol 5ml Suspension,Analgesic,Abbott,No,2026-02,33,284,288,288,0,No,29,3,765.15,0.25,123.04,36
MED0092,Tramadol 5ml Suspension,Analgesic,Abbott,No,2026-03,29,178,186,186,0,No,21,3,765.15,0.25,123.77,36
MED0092,Tramadol 5ml Suspension,Analgesic,Abbott,No,2026-04,21,167,140,140,0,No,48,3,765.15,0.25,121.72,36
MED0092,Tramadol 5ml Suspension,Analgesic,Abbott,No,2026-05,48,84,111,111,0,No,21,3,765.15,0.25,118.84,36
MED0092,Tramadol 5ml Suspension,Analgesic,Abbott,No,2026-06,21,91,130,112,18,Yes,0,3,765.15,0.25,115.63,36
MED0092,Tramadol 5ml Suspension,Analgesic,Abbott,No,2026-07,0,163,127,127,0,No,36,3,765.15,0.25,117.12,36
MED0093,Carbamazepine 100mg Suspension,Anesthetic,GSK,Yes,2025-08,878,1360,1091,1091,0,No,1147,10,184.84,0.25,77.31,9
MED0093,Carbamazepine 100mg Suspension,Anesthetic,GSK,Yes,2025-09,1147,1068,1249,1249,0,No,966,10,184.84,0.25,76.53,9
MED0093,Carbamazepine 100mg Suspension,Anesthetic,GSK,Yes,2025-10,966,1513,1216,1216,0,No,1263,10,184.84,0.25,77.62,9
MED0093,Carbamazepine 100mg Suspension,Anesthetic,GSK,Yes,2025-11,1263,1366,1074,1074,0,No,1555,10,184.84,0.25,75.5,9
MED0093,Carbamazepine 100mg Suspension,Anesthetic,GSK,Yes,2025-12,1555,973,987,987,0,No,1541,10,184.84,0.25,74.6,9
MED0093,Carbamazepine 100mg Suspension,Anesthetic,GSK,Yes,2026-01,1541,1078,1045,1045,0,No,1574,10,184.84,0.25,74.79,9
MED0093,Carbamazepine 100mg Suspension,Anesthetic,GSK,Yes,2026-02,1574,0,1055,1055,0,No,519,10,184.84,0.25,76.21,9
MED0093,Carbamazepine 100mg Suspension,Anesthetic,GSK,Yes,2026-03,519,870,1037,1037,0,No,352,10,184.84,0.25,75.33,9
MED0093,Carbamazepine 100mg Suspension,Anesthetic,GSK,Yes,2026-04,352,1191,1137,1137,0,No,406,10,174.29,0.25,75.94,9
MED0093,Carbamazepine 100mg Suspension,Anesthetic,GSK,Yes,2026-05,406,1170,999,999,0,No,577,10,174.29,0.25,77.82,9
MED0093,Carbamazepine 100mg Suspension,Anesthetic,GSK,Yes,2026-06,577,1280,1054,1054,0,No,803,10,174.29,0.25,78.38,9
MED0093,Carbamazepine 100mg Suspension,Anesthetic,GSK,Yes,2026-07,803,0,1012,803,209,Yes,0,10,174.29,0.25,77.08,9
MED0094,Azithromycin 10mg Ointment,Respiratory,Cadila,No,2025-08,1857,2181,1736,1736,0,No,2302,21,707.09,0.27,348.42,12
MED0094,Azithromycin 10mg Ointment,Respiratory,Cadila,No,2025-09,2302,1445,1298,1298,0,No,2449,21,707.09,0.27,356.54,12
MED0094,Azithromycin 10mg Ointment,Respiratory,Cadila,No,2025-10,2449,676,910,910,0,No,2215,21,707.09,0.27,346.03,12
MED0094,Azithromycin 10mg Ointment,Respiratory,Cadila,No,2025-11,2215,0,980,980,0,No,1235,21,707.09,0.27,354.25,12
MED0094,Azithromycin 10mg Ointment,Respiratory,Cadila,No,2025-12,1235,1111,872,872,0,No,1474,21,707.09,0.27,354.89,12
MED0094,Azithromycin 10mg Ointment,Respiratory,Cadila,No,2026-01,1474,1023,859,859,0,No,1638,21,707.09,0.27,364.53,12
MED0094,Azithromycin 10mg Ointment,Respiratory,Cadila,No,2026-02,1638,795,866,866,0,No,1567,21,707.09,0.27,371.09,12
MED0094,Azithromycin 10mg Ointment,Respiratory,Cadila,No,2026-03,1567,1689,1301,1301,0,No,1955,21,707.09,0.27,379.78,12
MED0094,Azithromycin 10mg Ointment,Respiratory,Cadila,No,2026-04,1955,1988,1673,1673,0,No,2270,21,707.09,0.27,376.5,12
MED0094,Azithromycin 10mg Ointment,Respiratory,Cadila,No,2026-05,2270,2024,2375,2375,0,No,1919,21,707.09,0.27,379.78,12
MED0094,Azithromycin 10mg Ointment,Respiratory,Cadila,No,2026-06,1919,1780,2288,2288,0,No,1411,21,707.09,0.27,377.63,12
MED0094,Azithromycin 10mg Ointment,Respiratory,Cadila,No,2026-07,1411,2360,1916,1916,0,No,1855,21,707.09,0.27,377.19,12
MED0095,Carbamazepine 1g Tablet,Antidiabetic,Torrent,No,2025-08,235,0,814,235,579,Yes,0,5,474.56,0.21,68.36,12
MED0095,Carbamazepine 1g Tablet,Antidiabetic,Torrent,No,2025-09,0,838,837,837,0,No,1,5,474.56,0.21,68.91,12
MED0095,Carbamazepine 1g Tablet,Antidiabetic,Torrent,No,2025-10,1,618,778,619,159,Yes,0,5,474.56,0.21,70.52,12
MED0095,Carbamazepine 1g Tablet,Antidiabetic,Torrent,No,2025-11,0,609,708,609,99,Yes,0,5,474.56,0.21,72.6,12
MED0095,Carbamazepine 1g Tablet,Antidiabetic,Torrent,No,2025-12,0,942,801,801,0,No,141,5,474.56,0.21,73.76,12
MED0095,Carbamazepine 1g Tablet,Antidiabetic,Torrent,No,2026-01,141,1068,846,846,0,No,363,5,474.56,0.21,73.41,12
MED0095,Carbamazepine 1g Tablet,Antidiabetic,Torrent,No,2026-02,363,0,856,363,493,Yes,0,5,474.56,0.21,73.07,12
MED0095,Carbamazepine 1g Tablet,Antidiabetic,Torrent,No,2026-03,0,736,760,736,24,Yes,0,5,474.56,0.21,74.09,12
MED0095,Carbamazepine 1g Tablet,Antidiabetic,Torrent,No,2026-04,0,967,803,803,0,No,164,5,474.56,0.21,72.96,12
MED0095,Carbamazepine 1g Tablet,Antidiabetic,Torrent,No,2026-05,164,0,738,164,574,Yes,0,5,474.56,0.21,71.28,12
MED0095,Carbamazepine 1g Tablet,Antidiabetic,Torrent,No,2026-06,0,0,859,0,859,Yes,0,5,474.56,0.21,70.65,12
MED0095,Carbamazepine 1g Tablet,Antidiabetic,Torrent,No,2026-07,0,746,813,746,67,Yes,0,5,474.56,0.21,69.73,12
MED0096,Omeprazole 5ml Injection,Antibiotic,Alkem,No,2025-08,929,2176,1950,1950,0,No,1155,10,524.37,0.21,66.97,36
MED0096,Omeprazole 5ml Injection,Antibiotic,Alkem,No,2025-09,1155,1806,2101,2101,0,No,860,10,524.37,0.21,66.11,36
MED0096,Omeprazole 5ml Injection,Antibiotic,Alkem,No,2025-10,860,2046,2076,2076,0,No,830,10,524.37,0.21,64.99,36
MED0096,Omeprazole 5ml Injection,Antibiotic,Alkem,No,2025-11,830,2687,2238,2238,0,No,1279,10,524.37,0.21,63.06,36
MED0096,Omeprazole 5ml Injection,Antibiotic,Alkem,No,2025-12,1279,1859,2185,2185,0,No,953,10,524.37,0.21,61.03,36
MED0096,Omeprazole 5ml Injection,Antibiotic,Alkem,No,2026-01,953,1879,1874,1874,0,No,958,10,524.37,0.21,63.09,36
MED0096,Omeprazole 5ml Injection,Antibiotic,Alkem,No,2026-02,958,1565,1964,1964,0,No,559,10,524.37,0.21,62.79,36
MED0096,Omeprazole 5ml Injection,Antibiotic,Alkem,No,2026-03,559,2208,1873,1873,0,No,894,10,524.37,0.21,62.3,36
MED0096,Omeprazole 5ml Injection,Antibiotic,Alkem,No,2026-04,894,2324,1964,1964,0,No,1254,10,524.37,0.21,63.06,36
MED0096,Omeprazole 5ml Injection,Antibiotic,Alkem,No,2026-05,1254,1520,1734,1734,0,No,1040,10,524.37,0.21,61.87,36
MED0096,Omeprazole 5ml Injection,Antibiotic,Alkem,No,2026-06,1040,1434,1686,1686,0,No,788,10,524.37,0.21,63.77,36
MED0096,Omeprazole 5ml Injection,Antibiotic,Alkem,No,2026-07,788,1505,2063,2063,0,No,230,10,524.37,0.21,64.98,36
MED0097,Metronidazole 10ml Ointment,Antibiotic,Alkem,No,2025-08,306,986,1105,1105,0,No,187,5,384.73,0.21,295.65,12
MED0097,Metronidazole 10ml Ointment,Antibiotic,Alkem,No,2025-09,187,819,1047,1006,41,Yes,0,5,384.73,0.21,288,12
MED0097,Metronidazole 10ml Ointment,Antibiotic,Alkem,No,2025-10,0,793,753,753,0,No,40,5,384.73,0.21,286.46,12
MED0097,Metronidazole 10ml Ointment,Antibiotic,Alkem,No,2025-11,40,0,532,40,492,Yes,0,5,384.73,0.21,293.52,12
MED0097,Metronidazole 10ml Ointment,Antibiotic,Alkem,No,2025-12,0,489,416,416,0,No,73,5,384.73,0.21,301.8,12
MED0097,Metronidazole 10ml Ointment,Antibiotic,Alkem,No,2026-01,73,536,476,476,0,No,133,5,384.73,0.21,301.19,12
MED0097,Metronidazole 10ml Ointment,Antibiotic,Alkem,No,2026-02,133,405,452,452,0,No,86,5,384.73,0.21,303.3,12
MED0097,Metronidazole 10ml Ointment,Antibiotic,Alkem,No,2026-03,86,597,557,557,0,No,126,5,384.73,0.21,297.1,12
MED0097,Metronidazole 10ml Ointment,Antibiotic,Alkem,No,2026-04,126,669,656,656,0,No,139,5,384.73,0.21,306.25,12
MED0097,Metronidazole 10ml Ointment,Antibiotic,Alkem,No,2026-05,139,808,853,853,0,No,94,5,384.73,0.21,301.25,12
MED0097,Metronidazole 10ml Ointment,Antibiotic,Alkem,No,2026-06,94,0,1311,94,1217,Yes,0,5,384.73,0.21,309.5,12
MED0097,Metronidazole 10ml Ointment,Antibiotic,Alkem,No,2026-07,0,1776,1538,1538,0,No,238,5,384.73,0.21,312.29,12
MED0098,Clopidogrel 1g Inhaler,Antidiabetic,Cadila,No,2025-08,357,1143,1273,1273,0,No,227,3,126.29,0.15,143.54,9
MED0098,Clopidogrel 1g Inhaler,Antidiabetic,Cadila,No,2025-09,227,983,1289,1210,79,Yes,0,3,126.29,0.15,144.51,9
MED0098,Clopidogrel 1g Inhaler,Antidiabetic,Cadila,No,2025-10,0,1888,1519,1519,0,No,369,3,126.29,0.15,144.62,9
MED0098,Clopidogrel 1g Inhaler,Antidiabetic,Cadila,No,2025-11,369,1255,1430,1430,0,No,194,3,126.29,0.15,142.18,9
MED0098,Clopidogrel 1g Inhaler,Antidiabetic,Cadila,No,2025-12,194,1378,1319,1319,0,No,253,3,126.29,0.15,139.25,9
MED0098,Clopidogrel 1g Inhaler,Antidiabetic,Cadila,No,2026-01,253,1148,1506,1401,105,Yes,0,3,126.29,0.15,136.72,9
MED0098,Clopidogrel 1g Inhaler,Antidiabetic,Cadila,No,2026-02,0,1254,1628,1254,374,Yes,0,3,126.29,0.15,133.88,9
MED0098,Clopidogrel 1g Inhaler,Antidiabetic,Cadila,No,2026-03,0,1217,1672,1217,455,Yes,0,3,126.29,0.15,136.41,9
MED0098,Clopidogrel 1g Inhaler,Antidiabetic,Cadila,No,2026-04,0,1961,1560,1560,0,No,401,3,126.29,0.15,135.05,9
MED0098,Clopidogrel 1g Inhaler,Antidiabetic,Cadila,No,2026-05,401,1325,1509,1509,0,No,217,3,126.29,0.15,131.05,9
MED0098,Clopidogrel 1g Inhaler,Antidiabetic,Cadila,No,2026-06,217,1806,1405,1405,0,No,618,3,126.29,0.15,135.29,9
MED0098,Clopidogrel 1g Inhaler,Antidiabetic,Cadila,No,2026-07,618,1557,1647,1647,0,No,528,3,126.29,0.15,138.76,9
MED0099,Hydrocortisone 1mg Inhaler,Vitamin/Supplement,Sun Pharma,No,2025-08,2113,2257,2528,2528,0,No,1842,10,183.29,0.27,40.35,24
MED0099,Hydrocortisone 1mg Inhaler,Vitamin/Supplement,Sun Pharma,No,2025-09,1842,1742,2224,2224,0,No,1360,10,183.29,0.27,41.44,24
MED0099,Hydrocortisone 1mg Inhaler,Vitamin/Supplement,Sun Pharma,No,2025-10,1360,2353,2761,2761,0,No,952,10,183.29,0.27,42.7,24
MED0099,Hydrocortisone 1mg Inhaler,Vitamin/Supplement,Sun Pharma,No,2025-11,952,3010,2825,2825,0,No,1137,10,183.29,0.27,41.87,24
MED0099,Hydrocortisone 1mg Inhaler,Vitamin/Supplement,Sun Pharma,No,2025-12,1137,1845,2237,2237,0,No,745,10,183.29,0.27,41.61,24
MED0099,Hydrocortisone 1mg Inhaler,Vitamin/Supplement,Sun Pharma,No,2026-01,745,2204,2673,2673,0,No,276,10,183.29,0.27,42.27,24
MED0099,Hydrocortisone 1mg Inhaler,Vitamin/Supplement,Sun Pharma,No,2026-02,276,3252,2663,2663,0,No,865,10,183.29,0.27,42.77,24
MED0099,Hydrocortisone 1mg Inhaler,Vitamin/Supplement,Sun Pharma,No,2026-03,865,0,2577,865,1712,Yes,0,10,183.29,0.27,41.89,24
MED0099,Hydrocortisone 1mg Inhaler,Vitamin/Supplement,Sun Pharma,No,2026-04,0,3059,2433,2433,0,No,626,10,183.29,0.27,42.69,24
MED0099,Hydrocortisone 1mg Inhaler,Vitamin/Supplement,Sun Pharma,No,2026-05,626,2593,2836,2836,0,No,383,10,183.29,0.27,41.99,24
MED0099,Hydrocortisone 1mg Inhaler,Vitamin/Supplement,Sun Pharma,No,2026-06,383,3051,2389,2389,0,No,1045,10,183.29,0.27,41.29,24
MED0099,Hydrocortisone 1mg Inhaler,Vitamin/Supplement,Sun Pharma,No,2026-07,1045,2200,2667,2667,0,No,578,10,183.29,0.27,41.38,24
MED0100,Fentanyl 2.5mg Ointment,Analgesic,Aurobindo,No,2025-08,203,1066,1158,1158,0,No,111,3,301.67,0.12,293.79,9
MED0100,Fentanyl 2.5mg Ointment,Analgesic,Aurobindo,No,2025-09,111,1260,1093,1093,0,No,278,3,301.67,0.12,295.51,9
MED0100,Fentanyl 2.5mg Ointment,Analgesic,Aurobindo,No,2025-10,278,1514,1225,1225,0,No,567,3,301.67,0.12,296.99,9
MED0100,Fentanyl 2.5mg Ointment,Analgesic,Aurobindo,No,2025-11,567,842,1131,1131,0,No,278,3,301.67,0.12,289.43,9
MED0100,Fentanyl 2.5mg Ointment,Analgesic,Aurobindo,No,2025-12,278,1410,1273,1273,0,No,415,3,301.67,0.12,296.42,9
MED0100,Fentanyl 2.5mg Ointment,Analgesic,Aurobindo,No,2026-01,415,1342,1289,1289,0,No,468,3,301.67,0.12,292.08,9
MED0100,Fentanyl 2.5mg Ointment,Analgesic,Aurobindo,No,2026-02,468,1124,1099,1099,0,No,493,3,301.67,0.12,285.22,9
MED0100,Fentanyl 2.5mg Ointment,Analgesic,Aurobindo,No,2026-03,493,816,1121,1121,0,No,188,3,301.67,0.12,292.42,9
MED0100,Fentanyl 2.5mg Ointment,Analgesic,Aurobindo,No,2026-04,188,995,1270,1183,87,Yes,0,3,301.67,0.12,300.85,9
MED0100,Fentanyl 2.5mg Ointment,Analgesic,Aurobindo,No,2026-05,0,736,970,736,234,Yes,0,3,301.67,0.12,307.55,9
MED0100,Fentanyl 2.5mg Ointment,Analgesic,Aurobindo,No,2026-06,0,1034,1279,1034,245,Yes,0,3,301.67,0.12,313.28,9
MED0100,Fentanyl 2.5mg Ointment,Analgesic,Aurobindo,No,2026-07,0,1039,973,973,0,No,66,3,301.67,0.12,316.15,9
MED0101,Nitroglycerin 1mg Drops,Dermatological,Abbott,Yes,2025-08,238,1476,1740,1714,26,Yes,0,3,616.8,0.27,91.58,9
MED0101,Nitroglycerin 1mg Drops,Dermatological,Abbott,Yes,2025-09,0,1936,1989,1936,53,Yes,0,3,616.8,0.27,91.87,9
MED0101,Nitroglycerin 1mg Drops,Dermatological,Abbott,Yes,2025-10,0,1839,1620,1620,0,No,219,3,616.8,0.27,89.49,9
MED0101,Nitroglycerin 1mg Drops,Dermatological,Abbott,Yes,2025-11,219,1990,1619,1619,0,No,590,3,616.8,0.27,88.96,9
MED0101,Nitroglycerin 1mg Drops,Dermatological,Abbott,Yes,2025-12,590,2309,2032,2032,0,No,867,3,616.8,0.27,88.23,9
MED0101,Nitroglycerin 1mg Drops,Dermatological,Abbott,Yes,2026-01,867,1428,1787,1787,0,No,508,3,616.8,0.27,86.84,9
MED0101,Nitroglycerin 1mg Drops,Dermatological,Abbott,Yes,2026-02,508,2289,2128,2128,0,No,669,3,616.8,0.27,88.13,9
MED0101,Nitroglycerin 1mg Drops,Dermatological,Abbott,Yes,2026-03,669,0,1881,669,1212,Yes,0,3,616.8,0.27,88.11,9
MED0101,Nitroglycerin 1mg Drops,Dermatological,Abbott,Yes,2026-04,0,2187,1890,1890,0,No,297,3,642.79,0.27,85.69,9
MED0101,Nitroglycerin 1mg Drops,Dermatological,Abbott,Yes,2026-05,297,1735,2123,2032,91,Yes,0,3,642.79,0.27,84.08,9
MED0101,Nitroglycerin 1mg Drops,Dermatological,Abbott,Yes,2026-06,0,1330,1587,1330,257,Yes,0,3,642.79,0.27,85.14,9
MED0101,Nitroglycerin 1mg Drops,Dermatological,Abbott,Yes,2026-07,0,1747,1865,1747,118,Yes,0,3,642.79,0.27,83.34,9
MED0102,Rosuvastatin 1g Syrup,Emergency/Critical Care,Zydus,No,2025-08,720,597,651,651,0,No,666,21,541,0.19,240.75,24
MED0102,Rosuvastatin 1g Syrup,Emergency/Critical Care,Zydus,No,2025-09,666,669,729,729,0,No,606,21,541,0.19,240.68,24
MED0102,Rosuvastatin 1g Syrup,Emergency/Critical Care,Zydus,No,2025-10,606,502,602,602,0,No,506,21,541,0.19,240.39,24
MED0102,Rosuvastatin 1g Syrup,Emergency/Critical Care,Zydus,No,2025-11,506,501,599,599,0,No,408,21,541,0.19,241.79,24
MED0102,Rosuvastatin 1g Syrup,Emergency/Critical Care,Zydus,No,2025-12,408,815,665,665,0,No,558,21,541,0.19,246.71,24
MED0102,Rosuvastatin 1g Syrup,Emergency/Critical Care,Zydus,No,2026-01,558,0,732,558,174,Yes,0,21,541,0.19,244.4,24
MED0102,Rosuvastatin 1g Syrup,Emergency/Critical Care,Zydus,No,2026-02,0,703,645,645,0,No,58,21,541,0.19,247.1,24
MED0102,Rosuvastatin 1g Syrup,Emergency/Critical Care,Zydus,No,2026-03,58,679,591,591,0,No,146,21,541,0.19,248.1,24
MED0102,Rosuvastatin 1g Syrup,Emergency/Critical Care,Zydus,No,2026-04,146,0,628,146,482,Yes,0,21,541,0.19,244.57,24
MED0102,Rosuvastatin 1g Syrup,Emergency/Critical Care,Zydus,No,2026-05,0,754,641,641,0,No,113,21,541,0.19,250.31,24
MED0102,Rosuvastatin 1g Syrup,Emergency/Critical Care,Zydus,No,2026-06,113,677,685,685,0,No,105,21,541,0.19,254.82,24
MED0102,Rosuvastatin 1g Syrup,Emergency/Critical Care,Zydus,No,2026-07,105,651,679,679,0,No,77,21,541,0.19,257.22,24
MED0103,Ibuprofen 250mg Drops,Emergency/Critical Care,Mankind,No,2025-08,711,819,713,713,0,No,817,21,341.23,0.19,90.72,12
MED0103,Ibuprofen 250mg Drops,Emergency/Critical Care,Mankind,No,2025-09,817,849,848,848,0,No,818,21,341.23,0.19,92.72,12
MED0103,Ibuprofen 250mg Drops,Emergency/Critical Care,Mankind,No,2025-10,818,658,877,877,0,No,599,21,341.23,0.19,94.82,12
MED0103,Ibuprofen 250mg Drops,Emergency/Critical Care,Mankind,No,2025-11,599,647,714,714,0,No,532,21,341.23,0.19,96.01,12
MED0103,Ibuprofen 250mg Drops,Emergency/Critical Care,Mankind,No,2025-12,532,659,847,847,0,No,344,21,341.23,0.19,97.94,12
MED0103,Ibuprofen 250mg Drops,Emergency/Critical Care,Mankind,No,2026-01,344,639,703,703,0,No,280,21,341.23,0.19,98.88,12
MED0103,Ibuprofen 250mg Drops,Emergency/Critical Care,Mankind,No,2026-02,280,1011,841,841,0,No,450,21,341.23,0.19,98.88,12
MED0103,Ibuprofen 250mg Drops,Emergency/Critical Care,Mankind,No,2026-03,450,510,678,678,0,No,282,21,341.23,0.19,98.88,12
MED0103,Ibuprofen 250mg Drops,Emergency/Critical Care,Mankind,No,2026-04,282,773,731,731,0,No,324,21,341.23,0.19,98.88,12
MED0103,Ibuprofen 250mg Drops,Emergency/Critical Care,Mankind,No,2026-05,324,0,813,324,489,Yes,0,21,341.23,0.19,96.93,12
MED0103,Ibuprofen 250mg Drops,Emergency/Critical Care,Mankind,No,2026-06,0,1057,857,857,0,No,200,21,341.23,0.19,98.88,12
MED0103,Ibuprofen 250mg Drops,Emergency/Critical Care,Mankind,No,2026-07,200,823,826,826,0,No,197,21,341.23,0.19,98.88,12
MED0104,Amoxicillin 500mg Drops,Gastrointestinal,Biocon,No,2025-08,1472,7445,7418,7418,0,No,1499,10,770.61,0.13,266.69,12
MED0104,Amoxicillin 500mg Drops,Gastrointestinal,Biocon,No,2025-09,1499,4970,4899,4899,0,No,1570,10,770.61,0.13,258.78,12
MED0104,Amoxicillin 500mg Drops,Gastrointestinal,Biocon,No,2025-10,1570,2878,3373,3373,0,No,1075,10,770.61,0.13,264.25,12
MED0104,Amoxicillin 500mg Drops,Gastrointestinal,Biocon,No,2025-11,1075,3530,2861,2861,0,No,1744,10,770.61,0.13,258.01,12
MED0104,Amoxicillin 500mg Drops,Gastrointestinal,Biocon,No,2025-12,1744,2514,2558,2558,0,No,1700,10,770.61,0.13,255.24,12
MED0104,Amoxicillin 500mg Drops,Gastrointestinal,Biocon,No,2026-01,1700,0,2718,1700,1018,Yes,0,10,770.61,0.13,259.33,12
MED0104,Amoxicillin 500mg Drops,Gastrointestinal,Biocon,No,2026-02,0,3419,2708,2708,0,No,711,10,770.61,0.13,253.63,12
MED0104,Amoxicillin 500mg Drops,Gastrointestinal,Biocon,No,2026-03,711,2659,2473,2473,0,No,897,10,770.61,0.13,258.97,12
MED0104,Amoxicillin 500mg Drops,Gastrointestinal,Biocon,No,2026-04,897,3995,3551,3551,0,No,1341,10,770.61,0.13,264.55,12
MED0104,Amoxicillin 500mg Drops,Gastrointestinal,Biocon,No,2026-05,1341,4611,3632,3632,0,No,2320,10,770.61,0.13,264.68,12
MED0104,Amoxicillin 500mg Drops,Gastrointestinal,Biocon,No,2026-06,2320,4377,5825,5825,0,No,872,10,770.61,0.13,256.39,12
MED0104,Amoxicillin 500mg Drops,Gastrointestinal,Biocon,No,2026-07,872,8031,7912,7912,0,No,991,10,770.61,0.13,252.81,12
MED0105,Glimepiride 5mg Tablet,Antidiabetic,Sun Pharma,No,2025-08,163,543,626,626,0,No,80,7,160.69,0.26,261.63,12
MED0105,Glimepiride 5mg Tablet,Antidiabetic,Sun Pharma,No,2025-09,80,725,707,707,0,No,98,7,160.69,0.26,263.56,12
MED0105,Glimepiride 5mg Tablet,Antidiabetic,Sun Pharma,No,2025-10,98,266,356,356,0,No,8,7,160.69,0.26,271.49,12
MED0105,Glimepiride 5mg Tablet,Antidiabetic,Sun Pharma,No,2025-11,8,339,304,304,0,No,43,7,160.69,0.26,273.66,12
MED0105,Glimepiride 5mg Tablet,Antidiabetic,Sun Pharma,No,2025-12,43,174,233,217,16,Yes,0,7,160.69,0.26,269.7,12
MED0105,Glimepiride 5mg Tablet,Antidiabetic,Sun Pharma,No,2026-01,0,273,298,273,25,Yes,0,7,160.69,0.26,271.91,12
MED0105,Glimepiride 5mg Tablet,Antidiabetic,Sun Pharma,No,2026-02,0,0,279,0,279,Yes,0,7,160.69,0.26,272.57,12
MED0105,Glimepiride 5mg Tablet,Antidiabetic,Sun Pharma,No,2026-03,0,290,288,288,0,No,2,7,160.69,0.26,277.18,12
MED0105,Glimepiride 5mg Tablet,Antidiabetic,Sun Pharma,No,2026-04,2,393,369,369,0,No,26,7,160.69,0.26,270.7,12
MED0105,Glimepiride 5mg Tablet,Antidiabetic,Sun Pharma,No,2026-05,26,527,438,438,0,No,115,7,160.69,0.26,275,12
MED0105,Glimepiride 5mg Tablet,Antidiabetic,Sun Pharma,No,2026-06,115,509,620,620,0,No,4,7,160.69,0.26,275.68,12
MED0105,Glimepiride 5mg Tablet,Antidiabetic,Sun Pharma,No,2026-07,4,0,854,4,850,Yes,0,7,160.69,0.26,283.31,12
MED0106,Zinc Sulphate 50mg Tablet,Respiratory,Abbott,Yes,2025-08,81,758,671,671,0,No,168,5,424.52,0.12,287.01,18
MED0106,Zinc Sulphate 50mg Tablet,Respiratory,Abbott,Yes,2025-09,168,0,604,168,436,Yes,0,5,424.52,0.12,284.15,18
MED0106,Zinc Sulphate 50mg Tablet,Respiratory,Abbott,Yes,2025-10,0,386,406,386,20,Yes,0,5,424.52,0.12,286.55,18
MED0106,Zinc Sulphate 50mg Tablet,Respiratory,Abbott,Yes,2025-11,0,276,300,276,24,Yes,0,5,424.52,0.12,294.36,18
MED0106,Zinc Sulphate 50mg Tablet,Respiratory,Abbott,Yes,2025-12,0,186,229,186,43,Yes,0,5,424.52,0.12,287.17,18
MED0106,Zinc Sulphate 50mg Tablet,Respiratory,Abbott,Yes,2026-01,0,0,282,0,282,Yes,0,5,424.52,0.12,295.08,18
MED0106,Zinc Sulphate 50mg Tablet,Respiratory,Abbott,Yes,2026-02,0,190,215,190,25,Yes,0,5,424.52,0.12,298.48,18
MED0106,Zinc Sulphate 50mg Tablet,Respiratory,Abbott,Yes,2026-03,0,204,278,204,74,Yes,0,5,424.52,0.12,290.67,18
MED0106,Zinc Sulphate 50mg Tablet,Respiratory,Abbott,Yes,2026-04,0,304,379,304,75,Yes,0,5,416.67,0.12,287.07,18
MED0106,Zinc Sulphate 50mg Tablet,Respiratory,Abbott,Yes,2026-05,0,0,454,0,454,Yes,0,5,416.67,0.12,290.83,18
MED0106,Zinc Sulphate 50mg Tablet,Respiratory,Abbott,Yes,2026-06,0,785,700,700,0,No,85,5,416.67,0.12,283.01,18
MED0106,Zinc Sulphate 50mg Tablet,Respiratory,Abbott,Yes,2026-07,85,736,726,726,0,No,95,5,416.67,0.12,284.5,18
MED0107,Insulin 5ml Inhaler,Vitamin/Supplement,Lupin,No,2025-08,279,1956,2478,2235,243,Yes,0,3,393.53,0.13,220.41,12
MED0107,Insulin 5ml Inhaler,Vitamin/Supplement,Lupin,No,2025-09,0,2167,2320,2167,153,Yes,0,3,393.53,0.13,222.09,12
MED0107,Insulin 5ml Inhaler,Vitamin/Supplement,Lupin,No,2025-10,0,1891,1653,1653,0,No,238,3,393.53,0.13,215.78,12
MED0107,Insulin 5ml Inhaler,Vitamin/Supplement,Lupin,No,2025-11,238,1087,1116,1116,0,No,209,3,393.53,0.13,220.94,12
MED0107,Insulin 5ml Inhaler,Vitamin/Supplement,Lupin,No,2025-12,209,1217,992,992,0,No,434,3,393.53,0.13,227.51,12
MED0107,Insulin 5ml Inhaler,Vitamin/Supplement,Lupin,No,2026-01,434,672,930,930,0,No,176,3,393.53,0.13,234.02,12
MED0107,Insulin 5ml Inhaler,Vitamin/Supplement,Lupin,No,2026-02,176,918,838,838,0,No,256,3,393.53,0.13,237.49,12
MED0107,Insulin 5ml Inhaler,Vitamin/Supplement,Lupin,No,2026-03,256,1433,1173,1173,0,No,516,3,393.53,0.13,232.35,12
MED0107,Insulin 5ml Inhaler,Vitamin/Supplement,Lupin,No,2026-04,516,1060,1241,1241,0,No,335,3,393.53,0.13,235.94,12
MED0107,Insulin 5ml Inhaler,Vitamin/Supplement,Lupin,No,2026-05,335,0,1651,335,1316,Yes,0,3,393.53,0.13,229.34,12
MED0107,Insulin 5ml Inhaler,Vitamin/Supplement,Lupin,No,2026-06,0,0,2496,0,2496,Yes,0,3,393.53,0.13,222.7,12
MED0107,Insulin 5ml Inhaler,Vitamin/Supplement,Lupin,No,2026-07,0,3453,3124,3124,0,No,329,3,393.53,0.13,220.25,12
MED0108,Povidone Iodine 5mg Ointment,Antibiotic,Torrent,No,2025-08,128,861,1011,989,22,Yes,0,4,779.77,0.24,243.66,36
MED0108,Povidone Iodine 5mg Ointment,Antibiotic,Torrent,No,2025-09,0,1234,981,981,0,No,253,4,779.77,0.24,243.49,36
MED0108,Povidone Iodine 5mg Ointment,Antibiotic,Torrent,No,2025-10,253,398,549,549,0,No,102,4,779.77,0.24,247.64,36
MED0108,Povidone Iodine 5mg Ointment,Antibiotic,Torrent,No,2025-11,102,513,494,494,0,No,121,4,779.77,0.24,250.45,36
MED0108,Povidone Iodine 5mg Ointment,Antibiotic,Torrent,No,2025-12,121,239,338,338,0,No,22,4,779.77,0.24,249.62,36
MED0108,Povidone Iodine 5mg Ointment,Antibiotic,Torrent,No,2026-01,22,400,352,352,0,No,70,4,779.77,0.24,246.15,36
MED0108,Povidone Iodine 5mg Ointment,Antibiotic,Torrent,No,2026-02,70,350,411,411,0,No,9,4,779.77,0.24,253.78,36
MED0108,Povidone Iodine 5mg Ointment,Antibiotic,Torrent,No,2026-03,9,555,497,497,0,No,67,4,779.77,0.24,252.65,36
MED0108,Povidone Iodine 5mg Ointment,Antibiotic,Torrent,No,2026-04,67,640,568,568,0,No,139,4,779.77,0.24,251.9,36
MED0108,Povidone Iodine 5mg Ointment,Antibiotic,Torrent,No,2026-05,139,434,543,543,0,No,30,4,779.77,0.24,246.74,36
MED0108,Povidone Iodine 5mg Ointment,Antibiotic,Torrent,No,2026-06,30,955,809,809,0,No,176,4,779.77,0.24,251.27,36
MED0108,Povidone Iodine 5mg Ointment,Antibiotic,Torrent,No,2026-07,176,1548,1227,1227,0,No,497,4,779.77,0.24,254.24,36
MED0109,Ranitidine 250mg Inhaler,Vaccine,Cipla,No,2025-08,120,0,1636,120,1516,Yes,0,3,277.14,0.24,331.78,6
MED0109,Ranitidine 250mg Inhaler,Vaccine,Cipla,No,2025-09,0,0,1489,0,1489,Yes,0,3,277.14,0.24,325.94,6
MED0109,Ranitidine 250mg Inhaler,Vaccine,Cipla,No,2025-10,0,762,758,758,0,No,4,3,277.14,0.24,317.21,6
MED0109,Ranitidine 250mg Inhaler,Vaccine,Cipla,No,2025-11,4,624,678,628,50,Yes,0,3,277.14,0.24,320.98,6
MED0109,Ranitidine 250mg Inhaler,Vaccine,Cipla,No,2025-12,0,469,497,469,28,Yes,0,3,277.14,0.24,324.21,6
MED0109,Ranitidine 250mg Inhaler,Vaccine,Cipla,No,2026-01,0,695,536,536,0,No,159,3,277.14,0.24,319.47,6
MED0109,Ranitidine 250mg Inhaler,Vaccine,Cipla,No,2026-02,159,617,546,546,0,No,230,3,277.14,0.24,328.89,6
MED0109,Ranitidine 250mg Inhaler,Vaccine,Cipla,No,2026-03,230,630,650,650,0,No,210,3,277.14,0.24,321.6,6
MED0109,Ranitidine 250mg Inhaler,Vaccine,Cipla,No,2026-04,210,579,801,789,12,Yes,0,3,277.14,0.24,320.19,6
MED0109,Ranitidine 250mg Inhaler,Vaccine,Cipla,No,2026-05,0,1020,911,911,0,No,109,3,277.14,0.24,329.46,6
MED0109,Ranitidine 250mg Inhaler,Vaccine,Cipla,No,2026-06,109,1364,1580,1473,107,Yes,0,3,277.14,0.24,327.78,6
MED0109,Ranitidine 250mg Inhaler,Vaccine,Cipla,No,2026-07,0,2069,1815,1815,0,No,254,3,277.14,0.24,330.68,6
MED0110,Digoxin 500mg Tablet,Neuro/Psychiatric,Sun Pharma,Yes,2025-08,149,1531,1401,1401,0,No,279,3,454.25,0.23,288.18,18
MED0110,Digoxin 500mg Tablet,Neuro/Psychiatric,Sun Pharma,Yes,2025-09,279,0,1344,279,1065,Yes,0,3,454.25,0.23,286.32,18
MED0110,Digoxin 500mg Tablet,Neuro/Psychiatric,Sun Pharma,Yes,2025-10,0,1588,1264,1264,0,No,324,3,454.25,0.23,282.22,18
MED0110,Digoxin 500mg Tablet,Neuro/Psychiatric,Sun Pharma,Yes,2025-11,324,1493,1301,1301,0,No,516,3,454.25,0.23,291.01,18
MED0110,Digoxin 500mg Tablet,Neuro/Psychiatric,Sun Pharma,Yes,2025-12,516,835,1175,1175,0,No,176,3,454.25,0.23,289.36,18
MED0110,Digoxin 500mg Tablet,Neuro/Psychiatric,Sun Pharma,Yes,2026-01,176,1333,1376,1376,0,No,133,3,454.25,0.23,296.52,18
MED0110,Digoxin 500mg Tablet,Neuro/Psychiatric,Sun Pharma,Yes,2026-02,133,1274,1425,1407,18,Yes,0,3,454.25,0.23,291.62,18
MED0110,Digoxin 500mg Tablet,Neuro/Psychiatric,Sun Pharma,Yes,2026-03,0,1204,1359,1204,155,Yes,0,3,454.25,0.23,286.41,18
MED0110,Digoxin 500mg Tablet,Neuro/Psychiatric,Sun Pharma,Yes,2026-04,0,1675,1444,1444,0,No,231,3,452.79,0.23,277.9,18
MED0110,Digoxin 500mg Tablet,Neuro/Psychiatric,Sun Pharma,Yes,2026-05,231,1040,1461,1271,190,Yes,0,3,452.79,0.23,280.65,18
MED0110,Digoxin 500mg Tablet,Neuro/Psychiatric,Sun Pharma,Yes,2026-06,0,1650,1356,1356,0,No,294,3,452.79,0.23,278.26,18
MED0110,Digoxin 500mg Tablet,Neuro/Psychiatric,Sun Pharma,Yes,2026-07,294,1313,1427,1427,0,No,180,3,452.79,0.23,284.88,18
MED0111,Domperidone 250mg Suspension,Emergency/Critical Care,GSK,No,2025-08,698,1832,2269,2269,0,No,261,10,571.41,0.25,145.23,12
MED0111,Domperidone 250mg Suspension,Emergency/Critical Care,GSK,No,2025-09,261,1694,1894,1894,0,No,61,10,571.41,0.25,149.51,12
MED0111,Domperidone 250mg Suspension,Emergency/Critical Care,GSK,No,2025-10,61,1303,1277,1277,0,No,87,10,571.41,0.25,146.63,12
MED0111,Domperidone 250mg Suspension,Emergency/Critical Care,GSK,No,2025-11,87,589,784,676,108,Yes,0,10,571.41,0.25,150,12
MED0111,Domperidone 250mg Suspension,Emergency/Critical Care,GSK,No,2025-12,0,952,853,853,0,No,99,10,571.41,0.25,152.53,12
MED0111,Domperidone 250mg Suspension,Emergency/Critical Care,GSK,No,2026-01,99,1126,876,876,0,No,349,10,571.41,0.25,155.01,12
MED0111,Domperidone 250mg Suspension,Emergency/Critical Care,GSK,No,2026-02,349,1003,807,807,0,No,545,10,571.41,0.25,158.16,12
MED0111,Domperidone 250mg Suspension,Emergency/Critical Care,GSK,No,2026-03,545,1272,983,983,0,No,834,10,571.41,0.25,158.3,12
MED0111,Domperidone 250mg Suspension,Emergency/Critical Care,GSK,No,2026-04,834,981,905,905,0,No,910,10,571.41,0.25,158.3,12
MED0111,Domperidone 250mg Suspension,Emergency/Critical Care,GSK,No,2026-05,910,1428,1331,1331,0,No,1007,10,571.41,0.25,154.93,12
MED0111,Domperidone 250mg Suspension,Emergency/Critical Care,GSK,No,2026-06,1007,1540,1719,1719,0,No,828,10,571.41,0.25,150.65,12
MED0111,Domperidone 250mg Suspension,Emergency/Critical Care,GSK,No,2026-07,828,2040,2185,2185,0,No,683,10,571.41,0.25,154.5,12
MED0112,Ciprofloxacin 10ml Inhaler,Gastrointestinal,Aurobindo,No,2025-08,229,903,775,775,0,No,357,5,421.36,0.24,65.31,18
MED0112,Ciprofloxacin 10ml Inhaler,Gastrointestinal,Aurobindo,No,2025-09,357,518,661,661,0,No,214,5,421.36,0.24,65.79,18
MED0112,Ciprofloxacin 10ml Inhaler,Gastrointestinal,Aurobindo,No,2025-10,214,0,765,214,551,Yes,0,5,421.36,0.24,67.01,18
MED0112,Ciprofloxacin 10ml Inhaler,Gastrointestinal,Aurobindo,No,2025-11,0,871,792,792,0,No,79,5,421.36,0.24,66.93,18
MED0112,Ciprofloxacin 10ml Inhaler,Gastrointestinal,Aurobindo,No,2025-12,79,0,704,79,625,Yes,0,5,421.36,0.24,65.36,18
MED0112,Ciprofloxacin 10ml Inhaler,Gastrointestinal,Aurobindo,No,2026-01,0,661,698,661,37,Yes,0,5,421.36,0.24,63.82,18
MED0112,Ciprofloxacin 10ml Inhaler,Gastrointestinal,Aurobindo,No,2026-02,0,604,703,604,99,Yes,0,5,421.36,0.24,64.58,18
MED0112,Ciprofloxacin 10ml Inhaler,Gastrointestinal,Aurobindo,No,2026-03,0,541,707,541,166,Yes,0,5,421.36,0.24,64.29,18
MED0112,Ciprofloxacin 10ml Inhaler,Gastrointestinal,Aurobindo,No,2026-04,0,760,747,747,0,No,13,5,421.36,0.24,63.06,18
MED0112,Ciprofloxacin 10ml Inhaler,Gastrointestinal,Aurobindo,No,2026-05,13,671,801,684,117,Yes,0,5,421.36,0.24,63.03,18
MED0112,Ciprofloxacin 10ml Inhaler,Gastrointestinal,Aurobindo,No,2026-06,0,649,800,649,151,Yes,0,5,421.36,0.24,61.24,18
MED0112,Ciprofloxacin 10ml Inhaler,Gastrointestinal,Aurobindo,No,2026-07,0,714,779,714,65,Yes,0,5,421.36,0.24,61.58,18
MED0113,ORS 10ml Injection,Antidiabetic,Alkem,No,2025-08,683,2269,1829,1829,0,No,1123,5,444.51,0.24,110.82,12
MED0113,ORS 10ml Injection,Antidiabetic,Alkem,No,2025-09,1123,0,1707,1123,584,Yes,0,5,444.51,0.24,109.21,12
MED0113,ORS 10ml Injection,Antidiabetic,Alkem,No,2025-10,0,1497,1733,1497,236,Yes,0,5,444.51,0.24,111.29,12
MED0113,ORS 10ml Injection,Antidiabetic,Alkem,No,2025-11,0,1923,1693,1693,0,No,230,5,444.51,0.24,109.97,12
MED0113,ORS 10ml Injection,Antidiabetic,Alkem,No,2025-12,230,2535,2013,2013,0,No,752,5,444.51,0.24,109.66,12
MED0113,ORS 10ml Injection,Antidiabetic,Alkem,No,2026-01,752,0,1672,752,920,Yes,0,5,444.51,0.24,106.25,12
MED0113,ORS 10ml Injection,Antidiabetic,Alkem,No,2026-02,0,0,1834,0,1834,Yes,0,5,444.51,0.24,103.26,12
MED0113,ORS 10ml Injection,Antidiabetic,Alkem,No,2026-03,0,2013,1692,1692,0,No,321,5,444.51,0.24,102.51,12
MED0113,ORS 10ml Injection,Antidiabetic,Alkem,No,2026-04,321,2483,1941,1941,0,No,863,5,444.51,0.24,102.37,12
MED0113,ORS 10ml Injection,Antidiabetic,Alkem,No,2026-05,863,1945,1534,1534,0,No,1274,5,444.51,0.24,103.07,12
MED0113,ORS 10ml Injection,Antidiabetic,Alkem,No,2026-06,1274,1804,1714,1714,0,No,1364,5,444.51,0.24,101.62,12
MED0113,ORS 10ml Injection,Antidiabetic,Alkem,No,2026-07,1364,1233,1701,1701,0,No,896,5,444.51,0.24,102.98,12
MED0114,Cefixime 10mg Suspension,Analgesic,Lupin,No,2025-08,76,735,888,811,77,Yes,0,3,768.64,0.19,302.34,18
MED0114,Cefixime 10mg Suspension,Analgesic,Lupin,No,2025-09,0,564,734,564,170,Yes,0,3,768.64,0.19,309.2,18
MED0114,Cefixime 10mg Suspension,Analgesic,Lupin,No,2025-10,0,403,514,403,111,Yes,0,3,768.64,0.19,314.53,18
MED0114,Cefixime 10mg Suspension,Analgesic,Lupin,No,2025-11,0,0,557,0,557,Yes,0,3,768.64,0.19,305.76,18
MED0114,Cefixime 10mg Suspension,Analgesic,Lupin,No,2025-12,0,618,488,488,0,No,130,3,768.64,0.19,305.39,18
MED0114,Cefixime 10mg Suspension,Analgesic,Lupin,No,2026-01,130,444,487,487,0,No,87,3,768.64,0.19,297.86,18
MED0114,Cefixime 10mg Suspension,Analgesic,Lupin,No,2026-02,87,499,595,586,9,Yes,0,3,768.64,0.19,292.95,18
MED0114,Cefixime 10mg Suspension,Analgesic,Lupin,No,2026-03,0,562,583,562,21,Yes,0,3,768.64,0.19,302.22,18
MED0114,Cefixime 10mg Suspension,Analgesic,Lupin,No,2026-04,0,0,862,0,862,Yes,0,3,768.64,0.19,295.41,18
MED0114,Cefixime 10mg Suspension,Analgesic,Lupin,No,2026-05,0,1595,1402,1402,0,No,193,3,768.64,0.19,295.39,18
MED0114,Cefixime 10mg Suspension,Analgesic,Lupin,No,2026-06,193,870,1079,1063,16,Yes,0,3,768.64,0.19,297.64,18
MED0114,Cefixime 10mg Suspension,Analgesic,Lupin,No,2026-07,0,866,1080,866,214,Yes,0,3,768.64,0.19,301.5,18
MED0115,Phenytoin 100mg Ointment,Analgesic,Mankind,No,2025-08,1215,8158,6435,6435,0,No,2938,4,485.15,0.22,285.82,12
MED0115,Phenytoin 100mg Ointment,Analgesic,Mankind,No,2025-09,2938,4840,5173,5173,0,No,2605,4,485.15,0.22,286.89,12
MED0115,Phenytoin 100mg Ointment,Analgesic,Mankind,No,2025-10,2605,5814,4929,4929,0,No,3490,4,485.15,0.22,278.06,12
MED0115,Phenytoin 100mg Ointment,Analgesic,Mankind,No,2025-11,3490,5929,5153,5153,0,No,4266,4,485.15,0.22,274.94,12
MED0115,Phenytoin 100mg Ointment,Analgesic,Mankind,No,2025-12,4266,6866,5945,5945,0,No,5187,4,485.15,0.22,275.26,12
MED0115,Phenytoin 100mg Ointment,Analgesic,Mankind,No,2026-01,5187,5298,5567,5567,0,No,4918,4,485.15,0.22,267.84,12
MED0115,Phenytoin 100mg Ointment,Analgesic,Mankind,No,2026-02,4918,8347,6626,6626,0,No,6639,4,485.15,0.22,265.15,12
MED0115,Phenytoin 100mg Ointment,Analgesic,Mankind,No,2026-03,6639,6678,5341,5341,0,No,7976,4,485.15,0.22,260.1,12
MED0115,Phenytoin 100mg Ointment,Analgesic,Mankind,No,2026-04,7976,4771,5703,5703,0,No,7044,4,485.15,0.22,260.1,12
MED0115,Phenytoin 100mg Ointment,Analgesic,Mankind,No,2026-05,7044,5599,5267,5267,0,No,7376,4,485.15,0.22,260.1,12
MED0115,Phenytoin 100mg Ointment,Analgesic,Mankind,No,2026-06,7376,4444,6117,6117,0,No,5703,4,485.15,0.22,260.1,12
MED0115,Phenytoin 100mg Ointment,Analgesic,Mankind,No,2026-07,5703,4480,6341,6341,0,No,3842,4,485.15,0.22,261.32,12
MED0116,Cetirizine 100mg Injection,Vaccine,Glenmark,Yes,2025-08,210,1496,1756,1706,50,Yes,0,3,620.91,0.18,226.58,36
MED0116,Cetirizine 100mg Injection,Vaccine,Glenmark,Yes,2025-09,0,1861,1812,1812,0,No,49,3,620.91,0.18,229.28,36
MED0116,Cetirizine 100mg Injection,Vaccine,Glenmark,Yes,2025-10,49,1430,1502,1479,23,Yes,0,3,620.91,0.18,233.57,36
MED0116,Cetirizine 100mg Injection,Vaccine,Glenmark,Yes,2025-11,0,1941,1851,1851,0,No,90,3,620.91,0.18,229.29,36
MED0116,Cetirizine 100mg Injection,Vaccine,Glenmark,Yes,2025-12,90,0,1683,90,1593,Yes,0,3,620.91,0.18,224.54,36
MED0116,Cetirizine 100mg Injection,Vaccine,Glenmark,Yes,2026-01,0,0,1638,0,1638,Yes,0,3,620.91,0.18,218.9,36
MED0116,Cetirizine 100mg Injection,Vaccine,Glenmark,Yes,2026-02,0,1514,1637,1514,123,Yes,0,3,620.91,0.18,220.85,36
MED0116,Cetirizine 100mg Injection,Vaccine,Glenmark,Yes,2026-03,0,1548,1809,1548,261,Yes,0,3,620.91,0.18,223.8,36
MED0116,Cetirizine 100mg Injection,Vaccine,Glenmark,Yes,2026-04,0,1747,1902,1747,155,Yes,0,3,636.49,0.18,217.11,36
MED0116,Cetirizine 100mg Injection,Vaccine,Glenmark,Yes,2026-05,0,0,1478,0,1478,Yes,0,3,636.49,0.18,223.34,36
MED0116,Cetirizine 100mg Injection,Vaccine,Glenmark,Yes,2026-06,0,2146,1667,1667,0,No,479,3,636.49,0.18,216.94,36
MED0116,Cetirizine 100mg Injection,Vaccine,Glenmark,Yes,2026-07,479,1657,1662,1662,0,No,474,3,636.49,0.18,217.53,36
MED0117,Ampicillin 10mg Suspension,Anesthetic,GSK,No,2025-08,730,2099,2044,2044,0,No,785,5,287.71,0.21,90.69,18
MED0117,Ampicillin 10mg Suspension,Anesthetic,GSK,No,2025-09,785,2011,1678,1678,0,No,1118,5,287.71,0.21,92.81,18
MED0117,Ampicillin 10mg Suspension,Anesthetic,GSK,No,2025-10,1118,0,2047,1118,929,Yes,0,5,287.71,0.21,94.03,18
MED0117,Ampicillin 10mg Suspension,Anesthetic,GSK,No,2025-11,0,1449,2028,1449,579,Yes,0,5,287.71,0.21,95.75,18
MED0117,Ampicillin 10mg Suspension,Anesthetic,GSK,No,2025-12,0,0,1774,0,1774,Yes,0,5,287.71,0.21,94.83,18
MED0117,Ampicillin 10mg Suspension,Anesthetic,GSK,No,2026-01,0,2184,1788,1788,0,No,396,5,287.71,0.21,96.63,18
MED0117,Ampicillin 10mg Suspension,Anesthetic,GSK,No,2026-02,396,1519,1685,1685,0,No,230,5,287.71,0.21,94.23,18
MED0117,Ampicillin 10mg Suspension,Anesthetic,GSK,No,2026-03,230,0,1924,230,1694,Yes,0,5,287.71,0.21,96.49,18
MED0117,Ampicillin 10mg Suspension,Anesthetic,GSK,No,2026-04,0,1420,1932,1420,512,Yes,0,5,287.71,0.21,96.76,18
MED0117,Ampicillin 10mg Suspension,Anesthetic,GSK,No,2026-05,0,1876,1673,1673,0,No,203,5,287.71,0.21,98.57,18
MED0117,Ampicillin 10mg Suspension,Anesthetic,GSK,No,2026-06,203,1470,1655,1655,0,No,18,5,287.71,0.21,98.3,18
MED0117,Ampicillin 10mg Suspension,Anesthetic,GSK,No,2026-07,18,2079,2010,2010,0,No,87,5,287.71,0.21,98.85,18
MED0118,Propranolol 50mg Suspension,Vaccine,Aurobindo,Yes,2025-08,223,760,809,809,0,No,174,4,190,0.16,313.95,9
MED0118,Propranolol 50mg Suspension,Vaccine,Aurobindo,Yes,2025-09,174,849,970,970,0,No,53,4,190,0.16,314.47,9
MED0118,Propranolol 50mg Suspension,Vaccine,Aurobindo,Yes,2025-10,53,901,877,877,0,No,77,4,190,0.16,319.05,9
MED0118,Propranolol 50mg Suspension,Vaccine,Aurobindo,Yes,2025-11,77,1012,779,779,0,No,310,4,190,0.16,310.78,9
MED0118,Propranolol 50mg Suspension,Vaccine,Aurobindo,Yes,2025-12,310,767,848,848,0,No,229,4,190,0.16,302.08,9
MED0118,Propranolol 50mg Suspension,Vaccine,Aurobindo,Yes,2026-01,229,725,911,911,0,No,43,4,190,0.16,297.08,9
MED0118,Propranolol 50mg Suspension,Vaccine,Aurobindo,Yes,2026-02,43,0,856,43,813,Yes,0,4,190,0.16,290.35,9
MED0118,Propranolol 50mg Suspension,Vaccine,Aurobindo,Yes,2026-03,0,1059,926,926,0,No,133,4,190,0.16,297.7,9
MED0118,Propranolol 50mg Suspension,Vaccine,Aurobindo,Yes,2026-04,133,0,934,133,801,Yes,0,4,196.61,0.16,292.15,9
MED0118,Propranolol 50mg Suspension,Vaccine,Aurobindo,Yes,2026-05,0,679,956,679,277,Yes,0,4,196.61,0.16,301.56,9
MED0118,Propranolol 50mg Suspension,Vaccine,Aurobindo,Yes,2026-06,0,949,823,823,0,No,126,4,196.61,0.16,298.33,9
MED0118,Propranolol 50mg Suspension,Vaccine,Aurobindo,Yes,2026-07,126,884,794,794,0,No,216,4,196.61,0.16,292.04,9
MED0119,Loperamide 5ml Inhaler,Analgesic,Abbott,No,2025-08,117,0,378,117,261,Yes,0,4,303.8,0.22,150.59,6
MED0119,Loperamide 5ml Inhaler,Analgesic,Abbott,No,2025-09,0,349,348,348,0,No,1,4,303.8,0.22,152.1,6
MED0119,Loperamide 5ml Inhaler,Analgesic,Abbott,No,2025-10,1,228,296,229,67,Yes,0,4,303.8,0.22,152.08,6
MED0119,Loperamide 5ml Inhaler,Analgesic,Abbott,No,2025-11,0,262,275,262,13,Yes,0,4,303.8,0.22,152.61,6
MED0119,Loperamide 5ml Inhaler,Analgesic,Abbott,No,2025-12,0,297,234,234,0,No,63,4,303.8,0.22,154.69,6
MED0119,Loperamide 5ml Inhaler,Analgesic,Abbott,No,2026-01,63,215,195,195,0,No,83,4,303.8,0.22,152.11,6
MED0119,Loperamide 5ml Inhaler,Analgesic,Abbott,No,2026-02,83,310,260,260,0,No,133,4,303.8,0.22,156.82,6
MED0119,Loperamide 5ml Inhaler,Analgesic,Abbott,No,2026-03,133,244,287,287,0,No,90,4,303.8,0.22,161.32,6
MED0119,Loperamide 5ml Inhaler,Analgesic,Abbott,No,2026-04,90,445,519,519,0,No,16,4,303.8,0.22,162.75,6
MED0119,Loperamide 5ml Inhaler,Analgesic,Abbott,No,2026-05,16,0,520,16,504,Yes,0,4,303.8,0.22,159.9,6
MED0119,Loperamide 5ml Inhaler,Analgesic,Abbott,No,2026-06,0,465,619,465,154,Yes,0,4,303.8,0.22,161.61,6
MED0119,Loperamide 5ml Inhaler,Analgesic,Abbott,No,2026-07,0,476,438,438,0,No,38,4,303.8,0.22,157.55,6
MED0120,Risperidone 10mg Capsule,Dermatological,Dr Reddy's,No,2025-08,192,0,853,192,661,Yes,0,3,185.29,0.13,238.4,24
MED0120,Risperidone 10mg Capsule,Dermatological,Dr Reddy's,No,2025-09,0,811,749,749,0,No,62,3,185.29,0.13,231.35,24
MED0120,Risperidone 10mg Capsule,Dermatological,Dr Reddy's,No,2025-10,62,0,849,62,787,Yes,0,3,185.29,0.13,227.71,24
MED0120,Risperidone 10mg Capsule,Dermatological,Dr Reddy's,No,2025-11,0,1089,879,879,0,No,210,3,185.29,0.13,227.15,24
MED0120,Risperidone 10mg Capsule,Dermatological,Dr Reddy's,No,2025-12,210,907,770,770,0,No,347,3,185.29,0.13,232.68,24
MED0120,Risperidone 10mg Capsule,Dermatological,Dr Reddy's,No,2026-01,347,889,813,813,0,No,423,3,185.29,0.13,236.09,24
MED0120,Risperidone 10mg Capsule,Dermatological,Dr Reddy's,No,2026-02,423,925,782,782,0,No,566,3,185.29,0.13,239.74,24
MED0120,Risperidone 10mg Capsule,Dermatological,Dr Reddy's,No,2026-03,566,624,780,780,0,No,410,3,185.29,0.13,238.62,24
MED0120,Risperidone 10mg Capsule,Dermatological,Dr Reddy's,No,2026-04,410,587,696,696,0,No,301,3,185.29,0.13,236.31,24
MED0120,Risperidone 10mg Capsule,Dermatological,Dr Reddy's,No,2026-05,301,0,738,301,437,Yes,0,3,185.29,0.13,234.37,24
MED0120,Risperidone 10mg Capsule,Dermatological,Dr Reddy's,No,2026-06,0,0,879,0,879,Yes,0,3,185.29,0.13,241.69,24
MED0120,Risperidone 10mg Capsule,Dermatological,Dr Reddy's,No,2026-07,0,787,911,787,124,Yes,0,3,185.29,0.13,234.78,24
MED0121,Bisacodyl 10ml Capsule,Cardiac,Torrent,No,2025-08,991,0,1115,991,124,Yes,0,21,4.45,0.27,238.13,12
MED0121,Bisacodyl 10ml Capsule,Cardiac,Torrent,No,2025-09,0,1321,1390,1321,69,Yes,0,21,4.45,0.27,243.64,12
MED0121,Bisacodyl 10ml Capsule,Cardiac,Torrent,No,2025-10,0,1792,1456,1456,0,No,336,21,4.45,0.27,244.82,12
MED0121,Bisacodyl 10ml Capsule,Cardiac,Torrent,No,2025-11,336,1310,1220,1220,0,No,426,21,4.45,0.27,243.9,12
MED0121,Bisacodyl 10ml Capsule,Cardiac,Torrent,No,2025-12,426,1529,1282,1282,0,No,673,21,4.45,0.27,247.28,12
MED0121,Bisacodyl 10ml Capsule,Cardiac,Torrent,No,2026-01,673,960,1264,1264,0,No,369,21,4.45,0.27,247.08,12
MED0121,Bisacodyl 10ml Capsule,Cardiac,Torrent,No,2026-02,369,0,1232,369,863,Yes,0,21,4.45,0.27,252.68,12
MED0121,Bisacodyl 10ml Capsule,Cardiac,Torrent,No,2026-03,0,1050,1411,1050,361,Yes,0,21,4.45,0.27,258.69,12
MED0121,Bisacodyl 10ml Capsule,Cardiac,Torrent,No,2026-04,0,1478,1164,1164,0,No,314,21,4.45,0.27,257.52,12
MED0121,Bisacodyl 10ml Capsule,Cardiac,Torrent,No,2026-05,314,1801,1483,1483,0,No,632,21,4.45,0.27,254.17,12
MED0121,Bisacodyl 10ml Capsule,Cardiac,Torrent,No,2026-06,632,1732,1482,1482,0,No,882,21,4.45,0.27,255.56,12
MED0121,Bisacodyl 10ml Capsule,Cardiac,Torrent,No,2026-07,882,1373,1234,1234,0,No,1021,21,4.45,0.27,259.56,12
MED0122,Ivermectin 500mg Inhaler,Vitamin/Supplement,Lupin,No,2025-08,389,509,410,410,0,No,488,21,75.57,0.23,177.56,9
MED0122,Ivermectin 500mg Inhaler,Vitamin/Supplement,Lupin,No,2025-09,488,422,395,395,0,No,515,21,75.57,0.23,174.32,9
MED0122,Ivermectin 500mg Inhaler,Vitamin/Supplement,Lupin,No,2025-10,515,458,545,545,0,No,428,21,75.57,0.23,175.7,9
MED0122,Ivermectin 500mg Inhaler,Vitamin/Supplement,Lupin,No,2025-11,428,686,702,702,0,No,412,21,75.57,0.23,177.17,9
MED0122,Ivermectin 500mg Inhaler,Vitamin/Supplement,Lupin,No,2025-12,412,817,749,749,0,No,480,21,75.57,0.23,179.78,9
MED0122,Ivermectin 500mg Inhaler,Vitamin/Supplement,Lupin,No,2026-01,480,1077,857,857,0,No,700,21,75.57,0.23,175.66,9
MED0122,Ivermectin 500mg Inhaler,Vitamin/Supplement,Lupin,No,2026-02,700,880,701,701,0,No,879,21,75.57,0.23,178.07,9
MED0122,Ivermectin 500mg Inhaler,Vitamin/Supplement,Lupin,No,2026-03,879,0,605,605,0,No,274,21,75.57,0.23,182.65,9
MED0122,Ivermectin 500mg Inhaler,Vitamin/Supplement,Lupin,No,2026-04,274,340,431,431,0,No,183,21,75.57,0.23,179.07,9
MED0122,Ivermectin 500mg Inhaler,Vitamin/Supplement,Lupin,No,2026-05,183,363,393,393,0,No,153,21,75.57,0.23,176.13,9
MED0122,Ivermectin 500mg Inhaler,Vitamin/Supplement,Lupin,No,2026-06,153,0,389,153,236,Yes,0,21,75.57,0.23,181.4,9
MED0122,Ivermectin 500mg Inhaler,Vitamin/Supplement,Lupin,No,2026-07,0,403,428,403,25,Yes,0,21,75.57,0.23,177.83,9
MED0123,BCG Vaccine 10ml Injection,Antibiotic,Torrent,No,2025-08,735,1294,1676,1676,0,No,353,10,691.75,0.24,75.06,6
MED0123,BCG Vaccine 10ml Injection,Antibiotic,Torrent,No,2025-09,353,1944,1867,1867,0,No,430,10,691.75,0.24,76.74,6
MED0123,BCG Vaccine 10ml Injection,Antibiotic,Torrent,No,2025-10,430,1495,1926,1925,1,Yes,0,10,691.75,0.24,76.7,6
MED0123,BCG Vaccine 10ml Injection,Antibiotic,Torrent,No,2025-11,0,2005,2268,2005,263,Yes,0,10,691.75,0.24,75.5,6
MED0123,BCG Vaccine 10ml Injection,Antibiotic,Torrent,No,2025-12,0,3376,3144,3144,0,No,232,10,691.75,0.24,77.25,6
MED0123,BCG Vaccine 10ml Injection,Antibiotic,Torrent,No,2026-01,232,3136,3511,3368,143,Yes,0,10,691.75,0.24,76.99,6
MED0123,BCG Vaccine 10ml Injection,Antibiotic,Torrent,No,2026-02,0,3232,2720,2720,0,No,512,10,691.75,0.24,77.06,6
MED0123,BCG Vaccine 10ml Injection,Antibiotic,Torrent,No,2026-03,512,0,1780,512,1268,Yes,0,10,691.75,0.24,76.39,6
MED0123,BCG Vaccine 10ml Injection,Antibiotic,Torrent,No,2026-04,0,1776,1462,1462,0,No,314,10,691.75,0.24,76.83,6
MED0123,BCG Vaccine 10ml Injection,Antibiotic,Torrent,No,2026-05,314,1491,1484,1484,0,No,321,10,691.75,0.24,75.24,6
MED0123,BCG Vaccine 10ml Injection,Antibiotic,Torrent,No,2026-06,321,1522,1514,1514,0,No,329,10,691.75,0.24,74.72,6
MED0123,BCG Vaccine 10ml Injection,Antibiotic,Torrent,No,2026-07,329,1334,1571,1571,0,No,92,10,691.75,0.24,76.94,6
MED0124,Vitamin B Complex 5ml Suspension,Neuro/Psychiatric,Lupin,No,2025-08,112,0,530,112,418,Yes,0,4,693.22,0.28,273.25,6
MED0124,Vitamin B Complex 5ml Suspension,Neuro/Psychiatric,Lupin,No,2025-09,0,0,435,0,435,Yes,0,4,693.22,0.28,269.09,6
MED0124,Vitamin B Complex 5ml Suspension,Neuro/Psychiatric,Lupin,No,2025-10,0,581,450,450,0,No,131,4,693.22,0.28,271.79,6
MED0124,Vitamin B Complex 5ml Suspension,Neuro/Psychiatric,Lupin,No,2025-11,131,583,480,480,0,No,234,4,693.22,0.28,268.78,6
MED0124,Vitamin B Complex 5ml Suspension,Neuro/Psychiatric,Lupin,No,2025-12,234,606,537,537,0,No,303,4,693.22,0.28,273.49,6
MED0124,Vitamin B Complex 5ml Suspension,Neuro/Psychiatric,Lupin,No,2026-01,303,664,544,544,0,No,423,4,693.22,0.28,267.14,6
MED0124,Vitamin B Complex 5ml Suspension,Neuro/Psychiatric,Lupin,No,2026-02,423,621,522,522,0,No,522,4,693.22,0.28,275.23,6
MED0124,Vitamin B Complex 5ml Suspension,Neuro/Psychiatric,Lupin,No,2026-03,522,426,434,434,0,No,514,4,693.22,0.28,274.43,6
MED0124,Vitamin B Complex 5ml Suspension,Neuro/Psychiatric,Lupin,No,2026-04,514,441,566,566,0,No,389,4,693.22,0.28,269.89,6
MED0124,Vitamin B Complex 5ml Suspension,Neuro/Psychiatric,Lupin,No,2026-05,389,455,493,493,0,No,351,4,693.22,0.28,262.55,6
MED0124,Vitamin B Complex 5ml Suspension,Neuro/Psychiatric,Lupin,No,2026-06,351,0,585,351,234,Yes,0,4,693.22,0.28,256.86,6
MED0124,Vitamin B Complex 5ml Suspension,Neuro/Psychiatric,Lupin,No,2026-07,0,0,544,0,544,Yes,0,4,693.22,0.28,257.2,6
MED0125,Nitroglycerin 10mg Suspension,Cardiac,GSK,No,2025-08,335,789,991,991,0,No,133,10,609.95,0.25,175.03,36
MED0125,Nitroglycerin 10mg Suspension,Cardiac,GSK,No,2025-09,133,668,802,801,1,Yes,0,10,609.95,0.25,173.23,36
MED0125,Nitroglycerin 10mg Suspension,Cardiac,GSK,No,2025-10,0,1024,936,936,0,No,88,10,609.95,0.25,176.86,36
MED0125,Nitroglycerin 10mg Suspension,Cardiac,GSK,No,2025-11,88,745,853,833,20,Yes,0,10,609.95,0.25,176.1,36
MED0125,Nitroglycerin 10mg Suspension,Cardiac,GSK,No,2025-12,0,600,828,600,228,Yes,0,10,609.95,0.25,173.33,36
MED0125,Nitroglycerin 10mg Suspension,Cardiac,GSK,No,2026-01,0,1073,858,858,0,No,215,10,609.95,0.25,174.62,36
MED0125,Nitroglycerin 10mg Suspension,Cardiac,GSK,No,2026-02,215,1024,878,878,0,No,361,10,609.95,0.25,176.9,36
MED0125,Nitroglycerin 10mg Suspension,Cardiac,GSK,No,2026-03,361,0,763,361,402,Yes,0,10,609.95,0.25,173.23,36
MED0125,Nitroglycerin 10mg Suspension,Cardiac,GSK,No,2026-04,0,1152,894,894,0,No,258,10,609.95,0.25,169.56,36
MED0125,Nitroglycerin 10mg Suspension,Cardiac,GSK,No,2026-05,258,670,755,755,0,No,173,10,609.95,0.25,164.45,36
MED0125,Nitroglycerin 10mg Suspension,Cardiac,GSK,No,2026-06,173,1219,993,993,0,No,399,10,609.95,0.25,167.06,36
MED0125,Nitroglycerin 10mg Suspension,Cardiac,GSK,No,2026-07,399,0,937,399,538,Yes,0,10,609.95,0.25,168.87,36
MED0126,Hepatitis B Vaccine 50mg Suspension,Dermatological,Aurobindo,Yes,2025-08,827,3291,2641,2641,0,No,1477,5,477.39,0.21,177.77,12
MED0126,Hepatitis B Vaccine 50mg Suspension,Dermatological,Aurobindo,Yes,2025-09,1477,2767,2358,2358,0,No,1886,5,477.39,0.21,177.49,12
MED0126,Hepatitis B Vaccine 50mg Suspension,Dermatological,Aurobindo,Yes,2025-10,1886,0,2453,1886,567,Yes,0,5,477.39,0.21,181.34,12
MED0126,Hepatitis B Vaccine 50mg Suspension,Dermatological,Aurobindo,Yes,2025-11,0,2690,2866,2690,176,Yes,0,5,477.39,0.21,184.76,12
MED0126,Hepatitis B Vaccine 50mg Suspension,Dermatological,Aurobindo,Yes,2025-12,0,3306,2620,2620,0,No,686,5,477.39,0.21,185.72,12
MED0126,Hepatitis B Vaccine 50mg Suspension,Dermatological,Aurobindo,Yes,2026-01,686,3653,3010,3010,0,No,1329,5,477.39,0.21,189.84,12
MED0126,Hepatitis B Vaccine 50mg Suspension,Dermatological,Aurobindo,Yes,2026-02,1329,1926,2752,2752,0,No,503,5,477.39,0.21,186.55,12
MED0126,Hepatitis B Vaccine 50mg Suspension,Dermatological,Aurobindo,Yes,2026-03,503,2583,2940,2940,0,No,146,5,477.39,0.21,182.2,12
MED0126,Hepatitis B Vaccine 50mg Suspension,Dermatological,Aurobindo,Yes,2026-04,146,2060,2809,2206,603,Yes,0,5,451,0.21,179.62,12
MED0126,Hepatitis B Vaccine 50mg Suspension,Dermatological,Aurobindo,Yes,2026-05,0,2148,2448,2148,300,Yes,0,5,451,0.21,174.66,12
MED0126,Hepatitis B Vaccine 50mg Suspension,Dermatological,Aurobindo,Yes,2026-06,0,1855,2401,1855,546,Yes,0,5,451,0.21,175.01,12
MED0126,Hepatitis B Vaccine 50mg Suspension,Dermatological,Aurobindo,Yes,2026-07,0,2280,2399,2280,119,Yes,0,5,451,0.21,179.9,12
MED0127,Bisacodyl 100mg Syrup,Anesthetic,Glenmark,Yes,2025-08,3017,4549,4749,4749,0,No,2817,10,415.51,0.2,47.95,24
MED0127,Bisacodyl 100mg Syrup,Anesthetic,Glenmark,Yes,2025-09,2817,3092,3763,3763,0,No,2146,10,415.51,0.2,46.81,24
MED0127,Bisacodyl 100mg Syrup,Anesthetic,Glenmark,Yes,2025-10,2146,6079,4965,4965,0,No,3260,10,415.51,0.2,46.67,24
MED0127,Bisacodyl 100mg Syrup,Anesthetic,Glenmark,Yes,2025-11,3260,6050,5068,5068,0,No,4242,10,415.51,0.2,47.98,24
MED0127,Bisacodyl 100mg Syrup,Anesthetic,Glenmark,Yes,2025-12,4242,3557,4054,4054,0,No,3745,10,415.51,0.2,47.42,24
MED0127,Bisacodyl 100mg Syrup,Anesthetic,Glenmark,Yes,2026-01,3745,0,4900,3745,1155,Yes,0,10,415.51,0.2,47.44,24
MED0127,Bisacodyl 100mg Syrup,Anesthetic,Glenmark,Yes,2026-02,0,4535,4364,4364,0,No,171,10,415.51,0.2,46.06,24
MED0127,Bisacodyl 100mg Syrup,Anesthetic,Glenmark,Yes,2026-03,171,3124,3851,3295,556,Yes,0,10,415.51,0.2,45,24
MED0127,Bisacodyl 100mg Syrup,Anesthetic,Glenmark,Yes,2026-04,0,0,4796,0,4796,Yes,0,10,422.45,0.2,46.47,24
MED0127,Bisacodyl 100mg Syrup,Anesthetic,Glenmark,Yes,2026-05,0,0,4389,0,4389,Yes,0,10,422.45,0.2,47.88,24
MED0127,Bisacodyl 100mg Syrup,Anesthetic,Glenmark,Yes,2026-06,0,4860,4065,4065,0,No,795,10,422.45,0.2,46.38,24
MED0127,Bisacodyl 100mg Syrup,Anesthetic,Glenmark,Yes,2026-07,795,4747,4190,4190,0,No,1352,10,422.45,0.2,47.74,24
MED0128,Ampicillin 1mg Drops,Cardiac,Mankind,No,2025-08,1812,5325,4440,4440,0,No,2697,7,764.44,0.12,100.69,24
MED0128,Ampicillin 1mg Drops,Cardiac,Mankind,No,2025-09,2697,4852,4821,4821,0,No,2728,7,764.44,0.12,103.02,24
MED0128,Ampicillin 1mg Drops,Cardiac,Mankind,No,2025-10,2728,2795,3156,3156,0,No,2367,7,764.44,0.12,102.73,24
MED0128,Ampicillin 1mg Drops,Cardiac,Mankind,No,2025-11,2367,2433,1984,1984,0,No,2816,7,764.44,0.12,102.83,24
MED0128,Ampicillin 1mg Drops,Cardiac,Mankind,No,2025-12,2816,1246,1647,1647,0,No,2415,7,764.44,0.12,102.76,24
MED0128,Ampicillin 1mg Drops,Cardiac,Mankind,No,2026-01,2415,1407,1771,1771,0,No,2051,7,764.44,0.12,103.82,24
MED0128,Ampicillin 1mg Drops,Cardiac,Mankind,No,2026-02,2051,2034,2074,2074,0,No,2011,7,764.44,0.12,101.53,24
MED0128,Ampicillin 1mg Drops,Cardiac,Mankind,No,2026-03,2011,0,2036,2011,25,Yes,0,7,764.44,0.12,98.55,24
MED0128,Ampicillin 1mg Drops,Cardiac,Mankind,No,2026-04,0,2654,2520,2520,0,No,134,7,764.44,0.12,97.33,24
MED0128,Ampicillin 1mg Drops,Cardiac,Mankind,No,2026-05,134,3690,2910,2910,0,No,914,7,764.44,0.12,98.63,24
MED0128,Ampicillin 1mg Drops,Cardiac,Mankind,No,2026-06,914,2976,4119,3890,229,Yes,0,7,764.44,0.12,96.74,24
MED0128,Ampicillin 1mg Drops,Cardiac,Mankind,No,2026-07,0,5362,6064,5362,702,Yes,0,7,764.44,0.12,97.84,24
MED0129,Prednisolone 2.5mg Capsule,Antidiabetic,Lupin,No,2025-08,2090,0,2812,2090,722,Yes,0,14,281.62,0.14,190.62,12
MED0129,Prednisolone 2.5mg Capsule,Antidiabetic,Lupin,No,2025-09,0,3018,2402,2402,0,No,616,14,281.62,0.14,196.26,12
MED0129,Prednisolone 2.5mg Capsule,Antidiabetic,Lupin,No,2025-10,616,2109,1638,1638,0,No,1087,14,281.62,0.14,191.38,12
MED0129,Prednisolone 2.5mg Capsule,Antidiabetic,Lupin,No,2025-11,1087,1789,1481,1481,0,No,1395,14,281.62,0.14,193.45,12
MED0129,Prednisolone 2.5mg Capsule,Antidiabetic,Lupin,No,2025-12,1395,0,1019,1019,0,No,376,14,281.62,0.14,192.77,12
MED0129,Prednisolone 2.5mg Capsule,Antidiabetic,Lupin,No,2026-01,376,0,1228,376,852,Yes,0,14,281.62,0.14,197.19,12
MED0129,Prednisolone 2.5mg Capsule,Antidiabetic,Lupin,No,2026-02,0,1389,1082,1082,0,No,307,14,281.62,0.14,193.31,12
MED0129,Prednisolone 2.5mg Capsule,Antidiabetic,Lupin,No,2026-03,307,1327,1278,1278,0,No,356,14,281.62,0.14,195.62,12
MED0129,Prednisolone 2.5mg Capsule,Antidiabetic,Lupin,No,2026-04,356,1322,1464,1464,0,No,214,14,281.62,0.14,199.68,12
MED0129,Prednisolone 2.5mg Capsule,Antidiabetic,Lupin,No,2026-05,214,2055,2003,2003,0,No,266,14,281.62,0.14,205.02,12
MED0129,Prednisolone 2.5mg Capsule,Antidiabetic,Lupin,No,2026-06,266,2117,2570,2383,187,Yes,0,14,281.62,0.14,207.22,12
MED0129,Prednisolone 2.5mg Capsule,Antidiabetic,Lupin,No,2026-07,0,3187,3279,3187,92,Yes,0,14,281.62,0.14,207.19,12
MED0130,Furosemide 1g Injection,Neuro/Psychiatric,Glenmark,No,2025-08,936,2797,2361,2361,0,No,1372,4,97.95,0.15,251.15,6
MED0130,Furosemide 1g Injection,Neuro/Psychiatric,Glenmark,No,2025-09,1372,2795,2564,2564,0,No,1603,4,97.95,0.15,253.01,6
MED0130,Furosemide 1g Injection,Neuro/Psychiatric,Glenmark,No,2025-10,1603,4293,3619,3619,0,No,2277,4,97.95,0.15,258.85,6
MED0130,Furosemide 1g Injection,Neuro/Psychiatric,Glenmark,No,2025-11,2277,5447,4285,4285,0,No,3439,4,97.95,0.15,259.97,6
MED0130,Furosemide 1g Injection,Neuro/Psychiatric,Glenmark,No,2025-12,3439,7358,5848,5848,0,No,4949,4,97.95,0.15,252.54,6
MED0130,Furosemide 1g Injection,Neuro/Psychiatric,Glenmark,No,2026-01,4949,6807,5589,5589,0,No,6167,4,97.95,0.15,259.36,6
MED0130,Furosemide 1g Injection,Neuro/Psychiatric,Glenmark,No,2026-02,6167,3516,4454,4454,0,No,5229,4,97.95,0.15,262.36,6
MED0130,Furosemide 1g Injection,Neuro/Psychiatric,Glenmark,No,2026-03,5229,3108,3821,3821,0,No,4516,4,97.95,0.15,265.15,6
MED0130,Furosemide 1g Injection,Neuro/Psychiatric,Glenmark,No,2026-04,4516,2858,2726,2726,0,No,4648,4,97.95,0.15,260.65,6
MED0130,Furosemide 1g Injection,Neuro/Psychiatric,Glenmark,No,2026-05,4648,1816,2440,2440,0,No,4024,4,97.95,0.15,263.16,6
MED0130,Furosemide 1g Injection,Neuro/Psychiatric,Glenmark,No,2026-06,4024,2351,2203,2203,0,No,4172,4,97.95,0.15,261.48,6
MED0130,Furosemide 1g Injection,Neuro/Psychiatric,Glenmark,No,2026-07,4172,2000,2557,2557,0,No,3615,4,97.95,0.15,263.87,6
MED0131,Albendazole 500mg Ointment,Cardiac,GSK,Yes,2025-08,1614,3237,2645,2645,0,No,2206,10,440.41,0.13,236.28,36
MED0131,Albendazole 500mg Ointment,Cardiac,GSK,Yes,2025-09,2206,1958,2285,2285,0,No,1879,10,440.41,0.13,230.42,36
MED0131,Albendazole 500mg Ointment,Cardiac,GSK,Yes,2025-10,1879,2355,1949,1949,0,No,2285,10,440.41,0.13,232.77,36
MED0131,Albendazole 500mg Ointment,Cardiac,GSK,Yes,2025-11,2285,1303,1606,1606,0,No,1982,10,440.41,0.13,240.2,36
MED0131,Albendazole 500mg Ointment,Cardiac,GSK,Yes,2025-12,1982,1456,1222,1222,0,No,2216,10,440.41,0.13,233.47,36
MED0131,Albendazole 500mg Ointment,Cardiac,GSK,Yes,2026-01,2216,1734,1468,1468,0,No,2482,10,440.41,0.13,240.57,36
MED0131,Albendazole 500mg Ointment,Cardiac,GSK,Yes,2026-02,2482,1575,1620,1620,0,No,2437,10,440.41,0.13,239.18,36
MED0131,Albendazole 500mg Ointment,Cardiac,GSK,Yes,2026-03,2437,2471,1971,1971,0,No,2937,10,440.41,0.13,244.7,36
MED0131,Albendazole 500mg Ointment,Cardiac,GSK,Yes,2026-04,2937,2520,2577,2577,0,No,2880,10,435.34,0.13,248.9,36
MED0131,Albendazole 500mg Ointment,Cardiac,GSK,Yes,2026-05,2880,2875,3744,3744,0,No,2011,10,435.34,0.13,249.9,36
MED0131,Albendazole 500mg Ointment,Cardiac,GSK,Yes,2026-06,2011,3208,3013,3013,0,No,2206,10,435.34,0.13,253.45,36
MED0131,Albendazole 500mg Ointment,Cardiac,GSK,Yes,2026-07,2206,3112,2438,2438,0,No,2880,10,435.34,0.13,257.55,36
MED0132,Dextrose 5% 5ml Capsule,Neuro/Psychiatric,Lupin,No,2025-08,1183,1832,2556,2556,0,No,459,10,720.07,0.18,113.43,12
MED0132,Dextrose 5% 5ml Capsule,Neuro/Psychiatric,Lupin,No,2025-09,459,2027,2117,2117,0,No,369,10,720.07,0.18,112.19,12
MED0132,Dextrose 5% 5ml Capsule,Neuro/Psychiatric,Lupin,No,2025-10,369,1677,1586,1586,0,No,460,10,720.07,0.18,113.39,12
MED0132,Dextrose 5% 5ml Capsule,Neuro/Psychiatric,Lupin,No,2025-11,460,0,1162,460,702,Yes,0,10,720.07,0.18,115.59,12
MED0132,Dextrose 5% 5ml Capsule,Neuro/Psychiatric,Lupin,No,2025-12,0,1105,1027,1027,0,No,78,10,720.07,0.18,117.46,12
MED0132,Dextrose 5% 5ml Capsule,Neuro/Psychiatric,Lupin,No,2026-01,78,1150,1077,1077,0,No,151,10,720.07,0.18,119.59,12
MED0132,Dextrose 5% 5ml Capsule,Neuro/Psychiatric,Lupin,No,2026-02,151,1078,1176,1176,0,No,53,10,720.07,0.18,119.13,12
MED0132,Dextrose 5% 5ml Capsule,Neuro/Psychiatric,Lupin,No,2026-03,53,0,1188,53,1135,Yes,0,10,720.07,0.18,121.4,12
MED0132,Dextrose 5% 5ml Capsule,Neuro/Psychiatric,Lupin,No,2026-04,0,1173,1623,1173,450,Yes,0,10,720.07,0.18,118.69,12
MED0132,Dextrose 5% 5ml Capsule,Neuro/Psychiatric,Lupin,No,2026-05,0,0,1826,0,1826,Yes,0,10,720.07,0.18,119.01,12
MED0132,Dextrose 5% 5ml Capsule,Neuro/Psychiatric,Lupin,No,2026-06,0,2349,2478,2349,129,Yes,0,10,720.07,0.18,115.48,12
MED0132,Dextrose 5% 5ml Capsule,Neuro/Psychiatric,Lupin,No,2026-07,0,2802,2623,2623,0,No,179,10,720.07,0.18,114.23,12
MED0133,Gentamicin 5ml Syrup,Antibiotic,Abbott,No,2025-08,63,445,352,352,0,No,156,3,339.44,0.14,112.92,24
MED0133,Gentamicin 5ml Syrup,Antibiotic,Abbott,No,2025-09,156,436,369,369,0,No,223,3,339.44,0.14,111.97,24
MED0133,Gentamicin 5ml Syrup,Antibiotic,Abbott,No,2025-10,223,287,323,323,0,No,187,3,339.44,0.14,111.23,24
MED0133,Gentamicin 5ml Syrup,Antibiotic,Abbott,No,2025-11,187,289,391,391,0,No,85,3,339.44,0.14,112.62,24
MED0133,Gentamicin 5ml Syrup,Antibiotic,Abbott,No,2025-12,85,279,307,307,0,No,57,3,339.44,0.14,111.83,24
MED0133,Gentamicin 5ml Syrup,Antibiotic,Abbott,No,2026-01,57,428,331,331,0,No,154,3,339.44,0.14,111.47,24
MED0133,Gentamicin 5ml Syrup,Antibiotic,Abbott,No,2026-02,154,409,412,412,0,No,151,3,339.44,0.14,109.6,24
MED0133,Gentamicin 5ml Syrup,Antibiotic,Abbott,No,2026-03,151,282,379,379,0,No,54,3,339.44,0.14,108.7,24
MED0133,Gentamicin 5ml Syrup,Antibiotic,Abbott,No,2026-04,54,366,313,313,0,No,107,3,339.44,0.14,106.76,24
MED0133,Gentamicin 5ml Syrup,Antibiotic,Abbott,No,2026-05,107,0,358,107,251,Yes,0,3,339.44,0.14,103.72,24
MED0133,Gentamicin 5ml Syrup,Antibiotic,Abbott,No,2026-06,0,469,365,365,0,No,104,3,339.44,0.14,104.46,24
MED0133,Gentamicin 5ml Syrup,Antibiotic,Abbott,No,2026-07,104,407,318,318,0,No,193,3,339.44,0.14,105.66,24
MED0134,Vitamin B Complex 250mg Suspension,Dermatological,Mankind,No,2025-08,668,1585,2082,2082,0,No,171,5,47.23,0.14,125.11,12
MED0134,Vitamin B Complex 250mg Suspension,Dermatological,Mankind,No,2025-09,171,1214,1610,1385,225,Yes,0,5,47.23,0.14,126.05,12
MED0134,Vitamin B Complex 250mg Suspension,Dermatological,Mankind,No,2025-10,0,0,1644,0,1644,Yes,0,5,47.23,0.14,125.76,12
MED0134,Vitamin B Complex 250mg Suspension,Dermatological,Mankind,No,2025-11,0,1980,1697,1697,0,No,283,5,47.23,0.14,124.81,12
MED0134,Vitamin B Complex 250mg Suspension,Dermatological,Mankind,No,2025-12,283,2129,2014,2014,0,No,398,5,47.23,0.14,127.67,12
MED0134,Vitamin B Complex 250mg Suspension,Dermatological,Mankind,No,2026-01,398,2096,1756,1756,0,No,738,5,47.23,0.14,127.82,12
MED0134,Vitamin B Complex 250mg Suspension,Dermatological,Mankind,No,2026-02,738,1616,2128,2128,0,No,226,5,47.23,0.14,127.66,12
MED0134,Vitamin B Complex 250mg Suspension,Dermatological,Mankind,No,2026-03,226,0,2014,226,1788,Yes,0,5,47.23,0.14,123.92,12
MED0134,Vitamin B Complex 250mg Suspension,Dermatological,Mankind,No,2026-04,0,0,1783,0,1783,Yes,0,5,47.23,0.14,122.67,12
MED0134,Vitamin B Complex 250mg Suspension,Dermatological,Mankind,No,2026-05,0,2356,2096,2096,0,No,260,5,47.23,0.14,121.73,12
MED0134,Vitamin B Complex 250mg Suspension,Dermatological,Mankind,No,2026-06,260,1871,1764,1764,0,No,367,5,47.23,0.14,120.93,12
MED0134,Vitamin B Complex 250mg Suspension,Dermatological,Mankind,No,2026-07,367,2529,1955,1955,0,No,941,5,47.23,0.14,121.56,12
MED0135,Domperidone 1g Drops,Dermatological,Zydus,Yes,2025-08,85,352,304,304,0,No,133,5,270.11,0.26,279.51,6
MED0135,Domperidone 1g Drops,Dermatological,Zydus,Yes,2025-09,133,0,310,133,177,Yes,0,5,270.11,0.26,280.1,6
MED0135,Domperidone 1g Drops,Dermatological,Zydus,Yes,2025-10,0,374,381,374,7,Yes,0,5,270.11,0.26,282,6
MED0135,Domperidone 1g Drops,Dermatological,Zydus,Yes,2025-11,0,496,469,469,0,No,27,5,270.11,0.26,286.66,6
MED0135,Domperidone 1g Drops,Dermatological,Zydus,Yes,2025-12,27,577,548,548,0,No,56,5,270.11,0.26,292.17,6
MED0135,Domperidone 1g Drops,Dermatological,Zydus,Yes,2026-01,56,546,632,602,30,Yes,0,5,270.11,0.26,296.01,6
MED0135,Domperidone 1g Drops,Dermatological,Zydus,Yes,2026-02,0,617,546,546,0,No,71,5,270.11,0.26,304.03,6
MED0135,Domperidone 1g Drops,Dermatological,Zydus,Yes,2026-03,71,357,403,403,0,No,25,5,270.11,0.26,295.55,6
MED0135,Domperidone 1g Drops,Dermatological,Zydus,Yes,2026-04,25,267,329,292,37,Yes,0,5,261.8,0.26,290.19,6
MED0135,Domperidone 1g Drops,Dermatological,Zydus,Yes,2026-05,0,297,232,232,0,No,65,5,261.8,0.26,281.52,6
MED0135,Domperidone 1g Drops,Dermatological,Zydus,Yes,2026-06,65,285,243,243,0,No,107,5,261.8,0.26,284.12,6
MED0135,Domperidone 1g Drops,Dermatological,Zydus,Yes,2026-07,107,258,317,317,0,No,48,5,261.8,0.26,291.13,6
MED0136,Magnesium Sulphate 50mg Ointment,Emergency/Critical Care,Alkem,No,2025-08,1746,2265,2502,2502,0,No,1509,10,535.85,0.13,238.45,9
MED0136,Magnesium Sulphate 50mg Ointment,Emergency/Critical Care,Alkem,No,2025-09,1509,2404,2045,2045,0,No,1868,10,535.85,0.13,244.87,9
MED0136,Magnesium Sulphate 50mg Ointment,Emergency/Critical Care,Alkem,No,2025-10,1868,2210,2443,2443,0,No,1635,10,535.85,0.13,238.26,9
MED0136,Magnesium Sulphate 50mg Ointment,Emergency/Critical Care,Alkem,No,2025-11,1635,2952,3721,3721,0,No,866,10,535.85,0.13,244.79,9
MED0136,Magnesium Sulphate 50mg Ointment,Emergency/Critical Care,Alkem,No,2025-12,866,5191,4747,4747,0,No,1310,10,535.85,0.13,242.56,9
MED0136,Magnesium Sulphate 50mg Ointment,Emergency/Critical Care,Alkem,No,2026-01,1310,5249,5135,5135,0,No,1424,10,535.85,0.13,236.57,9
MED0136,Magnesium Sulphate 50mg Ointment,Emergency/Critical Care,Alkem,No,2026-02,1424,2748,3491,3491,0,No,681,10,535.85,0.13,236.36,9
MED0136,Magnesium Sulphate 50mg Ointment,Emergency/Critical Care,Alkem,No,2026-03,681,2915,2700,2700,0,No,896,10,535.85,0.13,232.71,9
MED0136,Magnesium Sulphate 50mg Ointment,Emergency/Critical Care,Alkem,No,2026-04,896,2263,1889,1889,0,No,1270,10,535.85,0.13,229.48,9
MED0136,Magnesium Sulphate 50mg Ointment,Emergency/Critical Care,Alkem,No,2026-05,1270,1334,1828,1828,0,No,776,10,535.85,0.13,226.59,9
MED0136,Magnesium Sulphate 50mg Ointment,Emergency/Critical Care,Alkem,No,2026-06,776,2308,1851,1851,0,No,1233,10,535.85,0.13,231.14,9
MED0136,Magnesium Sulphate 50mg Ointment,Emergency/Critical Care,Alkem,No,2026-07,1233,2237,2201,2201,0,No,1269,10,535.85,0.13,231.73,9
MED0137,Ivermectin 10ml Suspension,Antidiabetic,Mankind,No,2025-08,37,179,181,181,0,No,35,2,303.09,0.18,348.6,36
MED0137,Ivermectin 10ml Suspension,Antidiabetic,Mankind,No,2025-09,35,195,201,201,0,No,29,2,303.09,0.18,344.46,36
MED0137,Ivermectin 10ml Suspension,Antidiabetic,Mankind,No,2025-10,29,345,273,273,0,No,101,2,303.09,0.18,346.88,36
MED0137,Ivermectin 10ml Suspension,Antidiabetic,Mankind,No,2025-11,101,299,327,327,0,No,73,2,303.09,0.18,351.63,36
MED0137,Ivermectin 10ml Suspension,Antidiabetic,Mankind,No,2025-12,73,331,395,395,0,No,9,2,303.09,0.18,346.64,36
MED0137,Ivermectin 10ml Suspension,Antidiabetic,Mankind,No,2026-01,9,376,437,385,52,Yes,0,2,303.09,0.18,344.74,36
MED0137,Ivermectin 10ml Suspension,Antidiabetic,Mankind,No,2026-02,0,0,386,0,386,Yes,0,2,303.09,0.18,336.44,36
MED0137,Ivermectin 10ml Suspension,Antidiabetic,Mankind,No,2026-03,0,239,219,219,0,No,20,2,303.09,0.18,329.44,36
MED0137,Ivermectin 10ml Suspension,Antidiabetic,Mankind,No,2026-04,20,167,213,187,26,Yes,0,2,303.09,0.18,333.42,36
MED0137,Ivermectin 10ml Suspension,Antidiabetic,Mankind,No,2026-05,0,171,147,147,0,No,24,2,303.09,0.18,326.42,36
MED0137,Ivermectin 10ml Suspension,Antidiabetic,Mankind,No,2026-06,24,127,161,151,10,Yes,0,2,303.09,0.18,326.97,36
MED0137,Ivermectin 10ml Suspension,Antidiabetic,Mankind,No,2026-07,0,173,178,173,5,Yes,0,2,303.09,0.18,331.56,36
MED0138,Doxycycline 5ml Suspension,Vitamin/Supplement,Intas,Yes,2025-08,238,585,803,803,0,No,20,7,278.38,0.23,286.59,18
MED0138,Doxycycline 5ml Suspension,Vitamin/Supplement,Intas,Yes,2025-09,20,1073,843,843,0,No,250,7,278.38,0.23,279.49,18
MED0138,Doxycycline 5ml Suspension,Vitamin/Supplement,Intas,Yes,2025-10,250,408,483,483,0,No,175,7,278.38,0.23,280.71,18
MED0138,Doxycycline 5ml Suspension,Vitamin/Supplement,Intas,Yes,2025-11,175,348,415,415,0,No,108,7,278.38,0.23,276.31,18
MED0138,Doxycycline 5ml Suspension,Vitamin/Supplement,Intas,Yes,2025-12,108,372,287,287,0,No,193,7,278.38,0.23,284.67,18
MED0138,Doxycycline 5ml Suspension,Vitamin/Supplement,Intas,Yes,2026-01,193,399,342,342,0,No,250,7,278.38,0.23,284.37,18
MED0138,Doxycycline 5ml Suspension,Vitamin/Supplement,Intas,Yes,2026-02,250,217,276,276,0,No,191,7,278.38,0.23,289.89,18
MED0138,Doxycycline 5ml Suspension,Vitamin/Supplement,Intas,Yes,2026-03,191,302,346,346,0,No,147,7,278.38,0.23,290.8,18
MED0138,Doxycycline 5ml Suspension,Vitamin/Supplement,Intas,Yes,2026-04,147,453,389,389,0,No,211,7,289.04,0.23,282.56,18
MED0138,Doxycycline 5ml Suspension,Vitamin/Supplement,Intas,Yes,2026-05,211,395,506,506,0,No,100,7,289.04,0.23,284.96,18
MED0138,Doxycycline 5ml Suspension,Vitamin/Supplement,Intas,Yes,2026-06,100,910,822,822,0,No,188,7,289.04,0.23,293.11,18
MED0138,Doxycycline 5ml Suspension,Vitamin/Supplement,Intas,Yes,2026-07,188,782,860,860,0,No,110,7,289.04,0.23,294.94,18
MED0139,Metronidazole 1g Capsule,Vaccine,Mankind,No,2025-08,580,0,1524,580,944,Yes,0,10,417.01,0.22,67.63,24
MED0139,Metronidazole 1g Capsule,Vaccine,Mankind,No,2025-09,0,1071,1450,1071,379,Yes,0,10,417.01,0.22,69.27,24
MED0139,Metronidazole 1g Capsule,Vaccine,Mankind,No,2025-10,0,835,1131,835,296,Yes,0,10,417.01,0.22,68.11,24
MED0139,Metronidazole 1g Capsule,Vaccine,Mankind,No,2025-11,0,698,848,698,150,Yes,0,10,417.01,0.22,66.88,24
MED0139,Metronidazole 1g Capsule,Vaccine,Mankind,No,2025-12,0,0,815,0,815,Yes,0,10,417.01,0.22,67.35,24
MED0139,Metronidazole 1g Capsule,Vaccine,Mankind,No,2026-01,0,1052,908,908,0,No,144,10,417.01,0.22,66.97,24
MED0139,Metronidazole 1g Capsule,Vaccine,Mankind,No,2026-02,144,0,1018,144,874,Yes,0,10,417.01,0.22,68.42,24
MED0139,Metronidazole 1g Capsule,Vaccine,Mankind,No,2026-03,0,1387,1076,1076,0,No,311,10,417.01,0.22,70.12,24
MED0139,Metronidazole 1g Capsule,Vaccine,Mankind,No,2026-04,311,2194,1801,1801,0,No,704,10,417.01,0.22,69.5,24
MED0139,Metronidazole 1g Capsule,Vaccine,Mankind,No,2026-05,704,2143,2123,2123,0,No,724,10,417.01,0.22,68.38,24
MED0139,Metronidazole 1g Capsule,Vaccine,Mankind,No,2026-06,724,2967,2297,2297,0,No,1394,10,417.01,0.22,69.58,24
MED0139,Metronidazole 1g Capsule,Vaccine,Mankind,No,2026-07,1394,0,1677,1394,283,Yes,0,10,417.01,0.22,68.62,24
MED0140,Cloxacillin 100mg Capsule,Cardiac,Zydus,No,2025-08,67,0,376,67,309,Yes,0,2,749.6,0.21,134.71,9
MED0140,Cloxacillin 100mg Capsule,Cardiac,Zydus,No,2025-09,0,0,393,0,393,Yes,0,2,749.6,0.21,137.45,9
MED0140,Cloxacillin 100mg Capsule,Cardiac,Zydus,No,2025-10,0,507,465,465,0,No,42,2,749.6,0.21,136.8,9
MED0140,Cloxacillin 100mg Capsule,Cardiac,Zydus,No,2025-11,42,0,506,42,464,Yes,0,2,749.6,0.21,138.22,9
MED0140,Cloxacillin 100mg Capsule,Cardiac,Zydus,No,2025-12,0,628,737,628,109,Yes,0,2,749.6,0.21,134.79,9
MED0140,Cloxacillin 100mg Capsule,Cardiac,Zydus,No,2026-01,0,849,670,670,0,No,179,2,749.6,0.21,135.84,9
MED0140,Cloxacillin 100mg Capsule,Cardiac,Zydus,No,2026-02,179,0,576,179,397,Yes,0,2,749.6,0.21,135.43,9
MED0140,Cloxacillin 100mg Capsule,Cardiac,Zydus,No,2026-03,0,564,464,464,0,No,100,2,749.6,0.21,136.17,9
MED0140,Cloxacillin 100mg Capsule,Cardiac,Zydus,No,2026-04,100,392,358,358,0,No,134,2,749.6,0.21,133.35,9
MED0140,Cloxacillin 100mg Capsule,Cardiac,Zydus,No,2026-05,134,351,325,325,0,No,160,2,749.6,0.21,135.36,9
MED0140,Cloxacillin 100mg Capsule,Cardiac,Zydus,No,2026-06,160,298,351,351,0,No,107,2,749.6,0.21,138.44,9
MED0140,Cloxacillin 100mg Capsule,Cardiac,Zydus,No,2026-07,107,414,355,355,0,No,166,2,749.6,0.21,136.04,9
MED0141,Haloperidol 250mg Inhaler,Gastrointestinal,Glenmark,No,2025-08,832,0,494,494,0,No,338,21,681.21,0.15,328.48,24
MED0141,Haloperidol 250mg Inhaler,Gastrointestinal,Glenmark,No,2025-09,338,0,649,338,311,Yes,0,21,681.21,0.15,320.11,24
MED0141,Haloperidol 250mg Inhaler,Gastrointestinal,Glenmark,No,2025-10,0,364,505,364,141,Yes,0,21,681.21,0.15,310.25,24
MED0141,Haloperidol 250mg Inhaler,Gastrointestinal,Glenmark,No,2025-11,0,0,577,0,577,Yes,0,21,681.21,0.15,313.19,24
MED0141,Haloperidol 250mg Inhaler,Gastrointestinal,Glenmark,No,2025-12,0,741,621,621,0,No,120,21,681.21,0.15,315.41,24
MED0141,Haloperidol 250mg Inhaler,Gastrointestinal,Glenmark,No,2026-01,120,603,521,521,0,No,202,21,681.21,0.15,316.38,24
MED0141,Haloperidol 250mg Inhaler,Gastrointestinal,Glenmark,No,2026-02,202,699,646,646,0,No,255,21,681.21,0.15,310.83,24
MED0141,Haloperidol 250mg Inhaler,Gastrointestinal,Glenmark,No,2026-03,255,0,550,255,295,Yes,0,21,681.21,0.15,308.57,24
MED0141,Haloperidol 250mg Inhaler,Gastrointestinal,Glenmark,No,2026-04,0,504,489,489,0,No,15,21,681.21,0.15,310.53,24
MED0141,Haloperidol 250mg Inhaler,Gastrointestinal,Glenmark,No,2026-05,15,568,579,579,0,No,4,21,681.21,0.15,310.46,24
MED0141,Haloperidol 250mg Inhaler,Gastrointestinal,Glenmark,No,2026-06,4,584,550,550,0,No,38,21,681.21,0.15,320.55,24
MED0141,Haloperidol 250mg Inhaler,Gastrointestinal,Glenmark,No,2026-07,38,549,637,587,50,Yes,0,21,681.21,0.15,313.03,24
MED0142,Tetanus Toxoid 10mg Syrup,Antidiabetic,Zydus,No,2025-08,96,836,768,768,0,No,164,4,139.23,0.23,147.29,9
MED0142,Tetanus Toxoid 10mg Syrup,Antidiabetic,Zydus,No,2025-09,164,650,603,603,0,No,211,4,139.23,0.23,149.1,9
MED0142,Tetanus Toxoid 10mg Syrup,Antidiabetic,Zydus,No,2025-10,211,484,590,590,0,No,105,4,139.23,0.23,148.21,9
MED0142,Tetanus Toxoid 10mg Syrup,Antidiabetic,Zydus,No,2025-11,105,568,455,455,0,No,218,4,139.23,0.23,147.54,9
MED0142,Tetanus Toxoid 10mg Syrup,Antidiabetic,Zydus,No,2025-12,218,328,458,458,0,No,88,4,139.23,0.23,149.56,9
MED0142,Tetanus Toxoid 10mg Syrup,Antidiabetic,Zydus,No,2026-01,88,297,359,359,0,No,26,4,139.23,0.23,151.35,9
MED0142,Tetanus Toxoid 10mg Syrup,Antidiabetic,Zydus,No,2026-02,26,591,515,515,0,No,102,4,139.23,0.23,155.91,9
MED0142,Tetanus Toxoid 10mg Syrup,Antidiabetic,Zydus,No,2026-03,102,780,603,603,0,No,279,4,139.23,0.23,152.46,9
MED0142,Tetanus Toxoid 10mg Syrup,Antidiabetic,Zydus,No,2026-04,279,703,855,855,0,No,127,4,139.23,0.23,148.79,9
MED0142,Tetanus Toxoid 10mg Syrup,Antidiabetic,Zydus,No,2026-05,127,1002,1241,1129,112,Yes,0,4,139.23,0.23,150.87,9
MED0142,Tetanus Toxoid 10mg Syrup,Antidiabetic,Zydus,No,2026-06,0,867,1032,867,165,Yes,0,4,139.23,0.23,151.6,9
MED0142,Tetanus Toxoid 10mg Syrup,Antidiabetic,Zydus,No,2026-07,0,1129,960,960,0,No,169,4,139.23,0.23,149.5,9
MED0143,Prednisolone 10mg Suspension,Analgesic,Dr Reddy's,No,2025-08,573,2453,2536,2536,0,No,490,5,485.2,0.24,94.2,36
MED0143,Prednisolone 10mg Suspension,Analgesic,Dr Reddy's,No,2025-09,490,2094,2346,2346,0,No,238,5,485.2,0.24,91.7,36
MED0143,Prednisolone 10mg Suspension,Analgesic,Dr Reddy's,No,2025-10,238,0,2167,238,1929,Yes,0,5,485.2,0.24,89.24,36
MED0143,Prednisolone 10mg Suspension,Analgesic,Dr Reddy's,No,2025-11,0,2903,2521,2521,0,No,382,5,485.2,0.24,91.58,36
MED0143,Prednisolone 10mg Suspension,Analgesic,Dr Reddy's,No,2025-12,382,1956,2308,2308,0,No,30,5,485.2,0.24,89.75,36
MED0143,Prednisolone 10mg Suspension,Analgesic,Dr Reddy's,No,2026-01,30,2171,2628,2201,427,Yes,0,5,485.2,0.24,88.7,36
MED0143,Prednisolone 10mg Suspension,Analgesic,Dr Reddy's,No,2026-02,0,1989,2475,1989,486,Yes,0,5,485.2,0.24,87.08,36
MED0143,Prednisolone 10mg Suspension,Analgesic,Dr Reddy's,No,2026-03,0,2958,2594,2594,0,No,364,5,485.2,0.24,86.22,36
MED0143,Prednisolone 10mg Suspension,Analgesic,Dr Reddy's,No,2026-04,364,2641,2471,2471,0,No,534,5,485.2,0.24,85.72,36
MED0143,Prednisolone 10mg Suspension,Analgesic,Dr Reddy's,No,2026-05,534,1722,2202,2202,0,No,54,5,485.2,0.24,85.83,36
MED0143,Prednisolone 10mg Suspension,Analgesic,Dr Reddy's,No,2026-06,54,2776,2451,2451,0,No,379,5,485.2,0.24,85.72,36
MED0143,Prednisolone 10mg Suspension,Analgesic,Dr Reddy's,No,2026-07,379,2585,2194,2194,0,No,770,5,485.2,0.24,87.5,36
MED0144,Nitroglycerin 5mg Ointment,Antibiotic,Zydus,No,2025-08,94,399,364,364,0,No,129,7,98.07,0.22,330.3,18
MED0144,Nitroglycerin 5mg Ointment,Antibiotic,Zydus,No,2025-09,129,0,341,129,212,Yes,0,7,98.07,0.22,324.76,18
MED0144,Nitroglycerin 5mg Ointment,Antibiotic,Zydus,No,2025-10,0,138,188,138,50,Yes,0,7,98.07,0.22,325.59,18
MED0144,Nitroglycerin 5mg Ointment,Antibiotic,Zydus,No,2025-11,0,212,171,171,0,No,41,7,98.07,0.22,333.5,18
MED0144,Nitroglycerin 5mg Ointment,Antibiotic,Zydus,No,2025-12,41,181,152,152,0,No,70,7,98.07,0.22,336.64,18
MED0144,Nitroglycerin 5mg Ointment,Antibiotic,Zydus,No,2026-01,70,131,147,147,0,No,54,7,98.07,0.22,337.33,18
MED0144,Nitroglycerin 5mg Ointment,Antibiotic,Zydus,No,2026-02,54,146,149,149,0,No,51,7,98.07,0.22,333.67,18
MED0144,Nitroglycerin 5mg Ointment,Antibiotic,Zydus,No,2026-03,51,176,154,154,0,No,73,7,98.07,0.22,330.19,18
MED0144,Nitroglycerin 5mg Ointment,Antibiotic,Zydus,No,2026-04,73,163,201,201,0,No,35,7,98.07,0.22,333.72,18
MED0144,Nitroglycerin 5mg Ointment,Antibiotic,Zydus,No,2026-05,35,0,268,35,233,Yes,0,7,98.07,0.22,344,18
MED0144,Nitroglycerin 5mg Ointment,Antibiotic,Zydus,No,2026-06,0,277,387,277,110,Yes,0,7,98.07,0.22,347.37,18
MED0144,Nitroglycerin 5mg Ointment,Antibiotic,Zydus,No,2026-07,0,0,363,0,363,Yes,0,7,98.07,0.22,348.57,18
MED0145,Heparin 2.5mg Suspension,Antibiotic,Sun Pharma,No,2025-08,250,1148,1387,1387,0,No,11,3,49.55,0.24,182.54,9
MED0145,Heparin 2.5mg Suspension,Antibiotic,Sun Pharma,No,2025-09,11,1135,1193,1146,47,Yes,0,3,49.55,0.24,185.19,9
MED0145,Heparin 2.5mg Suspension,Antibiotic,Sun Pharma,No,2025-10,0,1401,1302,1302,0,No,99,3,49.55,0.24,184.79,9
MED0145,Heparin 2.5mg Suspension,Antibiotic,Sun Pharma,No,2025-11,99,1610,1424,1424,0,No,285,3,49.55,0.24,179.73,9
MED0145,Heparin 2.5mg Suspension,Antibiotic,Sun Pharma,No,2025-12,285,1276,1302,1302,0,No,259,3,49.55,0.24,180.45,9
MED0145,Heparin 2.5mg Suspension,Antibiotic,Sun Pharma,No,2026-01,259,1422,1229,1229,0,No,452,3,49.55,0.24,185.71,9
MED0145,Heparin 2.5mg Suspension,Antibiotic,Sun Pharma,No,2026-02,452,978,1252,1252,0,No,178,3,49.55,0.24,181.98,9
MED0145,Heparin 2.5mg Suspension,Antibiotic,Sun Pharma,No,2026-03,178,840,1165,1018,147,Yes,0,3,49.55,0.24,184.17,9
MED0145,Heparin 2.5mg Suspension,Antibiotic,Sun Pharma,No,2026-04,0,1262,1442,1262,180,Yes,0,3,49.55,0.24,180.73,9
MED0145,Heparin 2.5mg Suspension,Antibiotic,Sun Pharma,No,2026-05,0,1077,1136,1077,59,Yes,0,3,49.55,0.24,181.14,9
MED0145,Heparin 2.5mg Suspension,Antibiotic,Sun Pharma,No,2026-06,0,1580,1431,1431,0,No,149,3,49.55,0.24,176.5,9
MED0145,Heparin 2.5mg Suspension,Antibiotic,Sun Pharma,No,2026-07,149,0,1235,149,1086,Yes,0,3,49.55,0.24,175.93,9
MED0146,Risperidone 5ml Drops,Vitamin/Supplement,Zydus,No,2025-08,204,546,649,649,0,No,101,4,81.29,0.23,59.31,6
MED0146,Risperidone 5ml Drops,Vitamin/Supplement,Zydus,No,2025-09,101,619,710,710,0,No,10,4,81.29,0.23,60.27,6
MED0146,Risperidone 5ml Drops,Vitamin/Supplement,Zydus,No,2025-10,10,0,770,10,760,Yes,0,4,81.29,0.23,59.7,6
MED0146,Risperidone 5ml Drops,Vitamin/Supplement,Zydus,No,2025-11,0,814,638,638,0,No,176,4,81.29,0.23,60.32,6
MED0146,Risperidone 5ml Drops,Vitamin/Supplement,Zydus,No,2025-12,176,0,733,176,557,Yes,0,4,81.29,0.23,61.42,6
MED0146,Risperidone 5ml Drops,Vitamin/Supplement,Zydus,No,2026-01,0,958,761,761,0,No,197,4,81.29,0.23,63.02,6
MED0146,Risperidone 5ml Drops,Vitamin/Supplement,Zydus,No,2026-02,197,0,681,197,484,Yes,0,4,81.29,0.23,62.03,6
MED0146,Risperidone 5ml Drops,Vitamin/Supplement,Zydus,No,2026-03,0,579,721,579,142,Yes,0,4,81.29,0.23,61.65,6
MED0146,Risperidone 5ml Drops,Vitamin/Supplement,Zydus,No,2026-04,0,788,721,721,0,No,67,4,81.29,0.23,60.35,6
MED0146,Risperidone 5ml Drops,Vitamin/Supplement,Zydus,No,2026-05,67,727,844,794,50,Yes,0,4,81.29,0.23,62.19,6
MED0146,Risperidone 5ml Drops,Vitamin/Supplement,Zydus,No,2026-06,0,654,829,654,175,Yes,0,4,81.29,0.23,63.79,6
MED0146,Risperidone 5ml Drops,Vitamin/Supplement,Zydus,No,2026-07,0,908,738,738,0,No,170,4,81.29,0.23,63.94,6
MED0147,Multivitamin 500mg Suspension,Cardiac,Cadila,No,2025-08,130,1071,874,874,0,No,327,4,105,0.26,179.43,12
MED0147,Multivitamin 500mg Suspension,Cardiac,Cadila,No,2025-09,327,1035,877,877,0,No,485,4,105,0.26,183.3,12
MED0147,Multivitamin 500mg Suspension,Cardiac,Cadila,No,2025-10,485,812,902,902,0,No,395,4,105,0.26,183.54,12
MED0147,Multivitamin 500mg Suspension,Cardiac,Cadila,No,2025-11,395,1002,990,990,0,No,407,4,105,0.26,184.94,12
MED0147,Multivitamin 500mg Suspension,Cardiac,Cadila,No,2025-12,407,990,942,942,0,No,455,4,105,0.26,180.3,12
MED0147,Multivitamin 500mg Suspension,Cardiac,Cadila,No,2026-01,455,842,913,913,0,No,384,4,105,0.26,183.19,12
MED0147,Multivitamin 500mg Suspension,Cardiac,Cadila,No,2026-02,384,815,759,759,0,No,440,4,105,0.26,178.98,12
MED0147,Multivitamin 500mg Suspension,Cardiac,Cadila,No,2026-03,440,1052,913,913,0,No,579,4,105,0.26,182.67,12
MED0147,Multivitamin 500mg Suspension,Cardiac,Cadila,No,2026-04,579,729,949,949,0,No,359,4,105,0.26,185.86,12
MED0147,Multivitamin 500mg Suspension,Cardiac,Cadila,No,2026-05,359,968,761,761,0,No,566,4,105,0.26,188.22,12
MED0147,Multivitamin 500mg Suspension,Cardiac,Cadila,No,2026-06,566,755,944,944,0,No,377,4,105,0.26,182.98,12
MED0147,Multivitamin 500mg Suspension,Cardiac,Cadila,No,2026-07,377,0,994,377,617,Yes,0,4,105,0.26,180.75,12
MED0148,Amlodipine 5mg Drops,Gastrointestinal,Cadila,Yes,2025-08,295,0,907,295,612,Yes,0,5,544.94,0.15,231.87,9
MED0148,Amlodipine 5mg Drops,Gastrointestinal,Cadila,Yes,2025-09,0,0,967,0,967,Yes,0,5,544.94,0.15,228.41,9
MED0148,Amlodipine 5mg Drops,Gastrointestinal,Cadila,Yes,2025-10,0,1176,1126,1126,0,No,50,5,544.94,0.15,226.37,9
MED0148,Amlodipine 5mg Drops,Gastrointestinal,Cadila,Yes,2025-11,50,1495,1450,1450,0,No,95,5,544.94,0.15,220.35,9
MED0148,Amlodipine 5mg Drops,Gastrointestinal,Cadila,Yes,2025-12,95,0,1860,95,1765,Yes,0,5,544.94,0.15,226.73,9
MED0148,Amlodipine 5mg Drops,Gastrointestinal,Cadila,Yes,2026-01,0,2044,1915,1915,0,No,129,5,544.94,0.15,227.52,9
MED0148,Amlodipine 5mg Drops,Gastrointestinal,Cadila,Yes,2026-02,129,1024,1237,1153,84,Yes,0,5,544.94,0.15,224.68,9
MED0148,Amlodipine 5mg Drops,Gastrointestinal,Cadila,Yes,2026-03,0,912,997,912,85,Yes,0,5,544.94,0.15,223.18,9
MED0148,Amlodipine 5mg Drops,Gastrointestinal,Cadila,Yes,2026-04,0,945,801,801,0,No,144,5,544.74,0.15,222.41,9
MED0148,Amlodipine 5mg Drops,Gastrointestinal,Cadila,Yes,2026-05,144,634,703,703,0,No,75,5,544.74,0.15,223.88,9
MED0148,Amlodipine 5mg Drops,Gastrointestinal,Cadila,Yes,2026-06,75,548,747,623,124,Yes,0,5,544.74,0.15,224.11,9
MED0148,Amlodipine 5mg Drops,Gastrointestinal,Cadila,Yes,2026-07,0,760,689,689,0,No,71,5,544.74,0.15,230.24,9
MED0149,Diazepam 5mg Syrup,Cardiac,Lupin,No,2025-08,65,839,826,826,0,No,78,4,517.05,0.2,122.47,18
MED0149,Diazepam 5mg Syrup,Cardiac,Lupin,No,2025-09,78,0,614,78,536,Yes,0,4,517.05,0.2,126.27,18
MED0149,Diazepam 5mg Syrup,Cardiac,Lupin,No,2025-10,0,371,424,371,53,Yes,0,4,517.05,0.2,128.98,18
MED0149,Diazepam 5mg Syrup,Cardiac,Lupin,No,2025-11,0,405,328,328,0,No,77,4,517.05,0.2,126.73,18
MED0149,Diazepam 5mg Syrup,Cardiac,Lupin,No,2025-12,77,0,274,77,197,Yes,0,4,517.05,0.2,130.05,18
MED0149,Diazepam 5mg Syrup,Cardiac,Lupin,No,2026-01,0,181,247,181,66,Yes,0,4,517.05,0.2,127.09,18
MED0149,Diazepam 5mg Syrup,Cardiac,Lupin,No,2026-02,0,284,265,265,0,No,19,4,517.05,0.2,129.54,18
MED0149,Diazepam 5mg Syrup,Cardiac,Lupin,No,2026-03,19,367,309,309,0,No,77,4,517.05,0.2,128.62,18
MED0149,Diazepam 5mg Syrup,Cardiac,Lupin,No,2026-04,77,267,363,344,19,Yes,0,4,517.05,0.2,131.54,18
MED0149,Diazepam 5mg Syrup,Cardiac,Lupin,No,2026-05,0,334,413,334,79,Yes,0,4,517.05,0.2,133.49,18
MED0149,Diazepam 5mg Syrup,Cardiac,Lupin,No,2026-06,0,654,722,654,68,Yes,0,4,517.05,0.2,133.49,18
MED0149,Diazepam 5mg Syrup,Cardiac,Lupin,No,2026-07,0,0,915,0,915,Yes,0,4,517.05,0.2,133.49,18
MED0150,Chlorhexidine 250mg Ointment,Anesthetic,Torrent,No,2025-08,2956,1589,2134,2134,0,No,2411,21,106.95,0.14,244.19,18
MED0150,Chlorhexidine 250mg Ointment,Anesthetic,Torrent,No,2025-09,2411,2452,2198,2198,0,No,2665,21,106.95,0.14,241.19,18
MED0150,Chlorhexidine 250mg Ointment,Anesthetic,Torrent,No,2025-10,2665,0,2764,2665,99,Yes,0,21,106.95,0.14,234.74,18
MED0150,Chlorhexidine 250mg Ointment,Anesthetic,Torrent,No,2025-11,0,2619,2844,2619,225,Yes,0,21,106.95,0.14,233.25,18
MED0150,Chlorhexidine 250mg Ointment,Anesthetic,Torrent,No,2025-12,0,2717,2124,2124,0,No,593,21,106.95,0.14,228.23,18
MED0150,Chlorhexidine 250mg Ointment,Anesthetic,Torrent,No,2026-01,593,2420,2236,2236,0,No,777,21,106.95,0.14,231.23,18
MED0150,Chlorhexidine 250mg Ointment,Anesthetic,Torrent,No,2026-02,777,2890,2668,2668,0,No,999,21,106.95,0.14,228.86,18
MED0150,Chlorhexidine 250mg Ointment,Anesthetic,Torrent,No,2026-03,999,3536,2749,2749,0,No,1786,21,106.95,0.14,236.18,18
MED0150,Chlorhexidine 250mg Ointment,Anesthetic,Torrent,No,2026-04,1786,2819,2551,2551,0,No,2054,21,106.95,0.14,238.35,18
MED0150,Chlorhexidine 250mg Ointment,Anesthetic,Torrent,No,2026-05,2054,0,2526,2054,472,Yes,0,21,106.95,0.14,243.31,18
MED0150,Chlorhexidine 250mg Ointment,Anesthetic,Torrent,No,2026-06,0,2000,2266,2000,266,Yes,0,21,106.95,0.14,237.66,18
MED0150,Chlorhexidine 250mg Ointment,Anesthetic,Torrent,No,2026-07,0,0,2385,0,2385,Yes,0,21,106.95,0.14,243.23,18
MED0151,Streptokinase 100mg Syrup,Neuro/Psychiatric,Aurobindo,No,2025-08,387,1773,1641,1641,0,No,519,7,660.19,0.2,159.77,6
MED0151,Streptokinase 100mg Syrup,Neuro/Psychiatric,Aurobindo,No,2025-09,519,2179,1713,1713,0,No,985,7,660.19,0.2,164.03,6
MED0151,Streptokinase 100mg Syrup,Neuro/Psychiatric,Aurobindo,No,2025-10,985,1385,1718,1718,0,No,652,7,660.19,0.2,163.9,6
MED0151,Streptokinase 100mg Syrup,Neuro/Psychiatric,Aurobindo,No,2025-11,652,1995,1588,1588,0,No,1059,7,660.19,0.2,164.97,6
MED0151,Streptokinase 100mg Syrup,Neuro/Psychiatric,Aurobindo,No,2025-12,1059,1099,1516,1516,0,No,642,7,660.19,0.2,167.64,6
MED0151,Streptokinase 100mg Syrup,Neuro/Psychiatric,Aurobindo,No,2026-01,642,0,1600,642,958,Yes,0,7,660.19,0.2,164.37,6
MED0151,Streptokinase 100mg Syrup,Neuro/Psychiatric,Aurobindo,No,2026-02,0,1492,1710,1492,218,Yes,0,7,660.19,0.2,164.4,6
MED0151,Streptokinase 100mg Syrup,Neuro/Psychiatric,Aurobindo,No,2026-03,0,1502,1416,1416,0,No,86,7,660.19,0.2,163.38,6
MED0151,Streptokinase 100mg Syrup,Neuro/Psychiatric,Aurobindo,No,2026-04,86,1779,1611,1611,0,No,254,7,660.19,0.2,159.82,6
MED0151,Streptokinase 100mg Syrup,Neuro/Psychiatric,Aurobindo,No,2026-05,254,1554,1514,1514,0,No,294,7,660.19,0.2,158.49,6
MED0151,Streptokinase 100mg Syrup,Neuro/Psychiatric,Aurobindo,No,2026-06,294,1933,1770,1770,0,No,457,7,660.19,0.2,154.14,6
MED0151,Streptokinase 100mg Syrup,Neuro/Psychiatric,Aurobindo,No,2026-07,457,1377,1718,1718,0,No,116,7,660.19,0.2,149.37,6
MED0152,Tetanus Toxoid 250mg Suspension,Respiratory,Alkem,Yes,2025-08,151,0,2239,151,2088,Yes,0,2,68.29,0.23,62.35,6
MED0152,Tetanus Toxoid 250mg Suspension,Respiratory,Alkem,Yes,2025-09,0,1655,1760,1655,105,Yes,0,2,68.29,0.23,60.92,6
MED0152,Tetanus Toxoid 250mg Suspension,Respiratory,Alkem,Yes,2025-10,0,823,1078,823,255,Yes,0,2,68.29,0.23,62.74,6
MED0152,Tetanus Toxoid 250mg Suspension,Respiratory,Alkem,Yes,2025-11,0,759,1036,759,277,Yes,0,2,68.29,0.23,62.93,6
MED0152,Tetanus Toxoid 250mg Suspension,Respiratory,Alkem,Yes,2025-12,0,661,751,661,90,Yes,0,2,68.29,0.23,64.76,6
MED0152,Tetanus Toxoid 250mg Suspension,Respiratory,Alkem,Yes,2026-01,0,778,720,720,0,No,58,2,68.29,0.23,64.49,6
MED0152,Tetanus Toxoid 250mg Suspension,Respiratory,Alkem,Yes,2026-02,58,615,765,673,92,Yes,0,2,68.29,0.23,63.75,6
MED0152,Tetanus Toxoid 250mg Suspension,Respiratory,Alkem,Yes,2026-03,0,0,847,0,847,Yes,0,2,68.29,0.23,63.77,6
MED0152,Tetanus Toxoid 250mg Suspension,Respiratory,Alkem,Yes,2026-04,0,929,1035,929,106,Yes,0,2,69.27,0.23,63.53,6
MED0152,Tetanus Toxoid 250mg Suspension,Respiratory,Alkem,Yes,2026-05,0,1460,1336,1336,0,No,124,2,69.27,0.23,61.98,6
MED0152,Tetanus Toxoid 250mg Suspension,Respiratory,Alkem,Yes,2026-06,124,1303,1708,1427,281,Yes,0,2,69.27,0.23,62.53,6
MED0152,Tetanus Toxoid 250mg Suspension,Respiratory,Alkem,Yes,2026-07,0,2156,1922,1922,0,No,234,2,69.27,0.23,61.41,6
MED0153,Atorvastatin 10ml Ointment,Cardiac,Lupin,No,2025-08,1140,4477,4727,4727,0,No,890,7,529.27,0.15,93.97,36
MED0153,Atorvastatin 10ml Ointment,Cardiac,Lupin,No,2025-09,890,2756,3923,3646,277,Yes,0,7,529.27,0.15,94.86,36
MED0153,Atorvastatin 10ml Ointment,Cardiac,Lupin,No,2025-10,0,2907,3346,2907,439,Yes,0,7,529.27,0.15,92.8,36
MED0153,Atorvastatin 10ml Ointment,Cardiac,Lupin,No,2025-11,0,0,2532,0,2532,Yes,0,7,529.27,0.15,90.2,36
MED0153,Atorvastatin 10ml Ointment,Cardiac,Lupin,No,2025-12,0,2940,2603,2603,0,No,337,7,529.27,0.15,91.86,36
MED0153,Atorvastatin 10ml Ointment,Cardiac,Lupin,No,2026-01,337,0,2426,337,2089,Yes,0,7,529.27,0.15,91.62,36
MED0153,Atorvastatin 10ml Ointment,Cardiac,Lupin,No,2026-02,0,1645,2232,1645,587,Yes,0,7,529.27,0.15,89,36
MED0153,Atorvastatin 10ml Ointment,Cardiac,Lupin,No,2026-03,0,2391,3050,2391,659,Yes,0,7,529.27,0.15,91.93,36
MED0153,Atorvastatin 10ml Ointment,Cardiac,Lupin,No,2026-04,0,3744,4930,3744,1186,Yes,0,7,529.27,0.15,89.31,36
MED0153,Atorvastatin 10ml Ointment,Cardiac,Lupin,No,2026-05,0,4901,6028,4901,1127,Yes,0,7,529.27,0.15,90.46,36
MED0153,Atorvastatin 10ml Ointment,Cardiac,Lupin,No,2026-06,0,5868,6110,5868,242,Yes,0,7,529.27,0.15,93.32,36
MED0153,Atorvastatin 10ml Ointment,Cardiac,Lupin,No,2026-07,0,5371,4710,4710,0,No,661,7,529.27,0.15,91.78,36
MED0154,Morphine 10mg Syrup,Dermatological,Zydus,No,2025-08,2108,1663,2201,2201,0,No,1570,21,534.05,0.12,119.18,6
MED0154,Morphine 10mg Syrup,Dermatological,Zydus,No,2025-09,1570,1709,1705,1705,0,No,1574,21,534.05,0.12,116.49,6
MED0154,Morphine 10mg Syrup,Dermatological,Zydus,No,2025-10,1574,1783,1401,1401,0,No,1956,21,534.05,0.12,113.65,6
MED0154,Morphine 10mg Syrup,Dermatological,Zydus,No,2025-11,1956,834,1122,1122,0,No,1668,21,534.05,0.12,112.17,6
MED0154,Morphine 10mg Syrup,Dermatological,Zydus,No,2025-12,1668,1119,863,863,0,No,1924,21,534.05,0.12,109.17,6
MED0154,Morphine 10mg Syrup,Dermatological,Zydus,No,2026-01,1924,596,848,848,0,No,1672,21,534.05,0.12,110.61,6
MED0154,Morphine 10mg Syrup,Dermatological,Zydus,No,2026-02,1672,850,848,848,0,No,1674,21,534.05,0.12,108.45,6
MED0154,Morphine 10mg Syrup,Dermatological,Zydus,No,2026-03,1674,875,1110,1110,0,No,1439,21,534.05,0.12,108.52,6
MED0154,Morphine 10mg Syrup,Dermatological,Zydus,No,2026-04,1439,1015,1248,1248,0,No,1206,21,534.05,0.12,112.25,6
MED0154,Morphine 10mg Syrup,Dermatological,Zydus,No,2026-05,1206,1412,1590,1590,0,No,1028,21,534.05,0.12,114.61,6
MED0154,Morphine 10mg Syrup,Dermatological,Zydus,No,2026-06,1028,2121,2219,2219,0,No,930,21,534.05,0.12,115.48,6
MED0154,Morphine 10mg Syrup,Dermatological,Zydus,No,2026-07,930,2642,2743,2743,0,No,829,21,534.05,0.12,114.03,6
MED0155,Carbamazepine 100mg Drops,Neuro/Psychiatric,Biocon,No,2025-08,270,0,1460,270,1190,Yes,0,4,783.99,0.22,220.55,18
MED0155,Carbamazepine 100mg Drops,Neuro/Psychiatric,Biocon,No,2025-09,0,1670,1396,1396,0,No,274,4,783.99,0.22,222.27,18
MED0155,Carbamazepine 100mg Drops,Neuro/Psychiatric,Biocon,No,2025-10,274,1083,1286,1286,0,No,71,4,783.99,0.22,222.65,18
MED0155,Carbamazepine 100mg Drops,Neuro/Psychiatric,Biocon,No,2025-11,71,1334,1587,1405,182,Yes,0,4,783.99,0.22,221.62,18
MED0155,Carbamazepine 100mg Drops,Neuro/Psychiatric,Biocon,No,2025-12,0,1498,1320,1320,0,No,178,4,783.99,0.22,216.49,18
MED0155,Carbamazepine 100mg Drops,Neuro/Psychiatric,Biocon,No,2026-01,178,1654,1578,1578,0,No,254,4,783.99,0.22,221.86,18
MED0155,Carbamazepine 100mg Drops,Neuro/Psychiatric,Biocon,No,2026-02,254,1347,1492,1492,0,No,109,4,783.99,0.22,221.16,18
MED0155,Carbamazepine 100mg Drops,Neuro/Psychiatric,Biocon,No,2026-03,109,1064,1407,1173,234,Yes,0,4,783.99,0.22,216.92,18
MED0155,Carbamazepine 100mg Drops,Neuro/Psychiatric,Biocon,No,2026-04,0,1642,1431,1431,0,No,211,4,783.99,0.22,215.08,18
MED0155,Carbamazepine 100mg Drops,Neuro/Psychiatric,Biocon,No,2026-05,211,1490,1421,1421,0,No,280,4,783.99,0.22,213.89,18
MED0155,Carbamazepine 100mg Drops,Neuro/Psychiatric,Biocon,No,2026-06,280,2175,1706,1706,0,No,749,4,783.99,0.22,218.44,18
MED0155,Carbamazepine 100mg Drops,Neuro/Psychiatric,Biocon,No,2026-07,749,1336,1663,1663,0,No,422,4,783.99,0.22,221.69,18
MED0156,Pantoprazole 50mg Drops,Vaccine,Zydus,Yes,2025-08,190,1137,1021,1021,0,No,306,5,311.23,0.15,124.88,12
MED0156,Pantoprazole 50mg Drops,Vaccine,Zydus,Yes,2025-09,306,605,820,820,0,No,91,5,311.23,0.15,127,12
MED0156,Pantoprazole 50mg Drops,Vaccine,Zydus,Yes,2025-10,91,712,559,559,0,No,244,5,311.23,0.15,123.15,12
MED0156,Pantoprazole 50mg Drops,Vaccine,Zydus,Yes,2025-11,244,392,467,467,0,No,169,5,311.23,0.15,122.49,12
MED0156,Pantoprazole 50mg Drops,Vaccine,Zydus,Yes,2025-12,169,254,363,363,0,No,60,5,311.23,0.15,122.34,12
MED0156,Pantoprazole 50mg Drops,Vaccine,Zydus,Yes,2026-01,60,386,340,340,0,No,106,5,311.23,0.15,118.56,12
MED0156,Pantoprazole 50mg Drops,Vaccine,Zydus,Yes,2026-02,106,284,343,343,0,No,47,5,311.23,0.15,116.67,12
MED0156,Pantoprazole 50mg Drops,Vaccine,Zydus,Yes,2026-03,47,458,424,424,0,No,81,5,311.23,0.15,118.72,12
MED0156,Pantoprazole 50mg Drops,Vaccine,Zydus,Yes,2026-04,81,488,485,485,0,No,84,5,301.56,0.15,115.86,12
MED0156,Pantoprazole 50mg Drops,Vaccine,Zydus,Yes,2026-05,84,611,565,565,0,No,130,5,301.56,0.15,116.14,12
MED0156,Pantoprazole 50mg Drops,Vaccine,Zydus,Yes,2026-06,130,889,900,900,0,No,119,5,301.56,0.15,113.9,12
MED0156,Pantoprazole 50mg Drops,Vaccine,Zydus,Yes,2026-07,119,1028,1138,1138,0,No,9,5,301.56,0.15,113.64,12
MED0157,Atorvastatin 10ml Injection,Vitamin/Supplement,Intas,No,2025-08,356,0,1700,356,1344,Yes,0,4,435.44,0.22,108.53,36
MED0157,Atorvastatin 10ml Injection,Vitamin/Supplement,Intas,No,2025-09,0,1834,1437,1437,0,No,397,4,435.44,0.22,111.78,36
MED0157,Atorvastatin 10ml Injection,Vitamin/Supplement,Intas,No,2025-10,397,1268,1042,1042,0,No,623,4,435.44,0.22,113.84,36
MED0157,Atorvastatin 10ml Injection,Vitamin/Supplement,Intas,No,2025-11,623,870,982,982,0,No,511,4,435.44,0.22,116.98,36
MED0157,Atorvastatin 10ml Injection,Vitamin/Supplement,Intas,No,2025-12,511,657,905,905,0,No,263,4,435.44,0.22,116.9,36
MED0157,Atorvastatin 10ml Injection,Vitamin/Supplement,Intas,No,2026-01,263,782,814,814,0,No,231,4,435.44,0.22,114.23,36
MED0157,Atorvastatin 10ml Injection,Vitamin/Supplement,Intas,No,2026-02,231,1021,1020,1020,0,No,232,4,435.44,0.22,114.56,36
MED0157,Atorvastatin 10ml Injection,Vitamin/Supplement,Intas,No,2026-03,232,1576,1451,1451,0,No,357,4,435.44,0.22,114.25,36
MED0157,Atorvastatin 10ml Injection,Vitamin/Supplement,Intas,No,2026-04,357,0,1602,357,1245,Yes,0,4,435.44,0.22,116.6,36
MED0157,Atorvastatin 10ml Injection,Vitamin/Supplement,Intas,No,2026-05,0,2403,2813,2403,410,Yes,0,4,435.44,0.22,113.85,36
MED0157,Atorvastatin 10ml Injection,Vitamin/Supplement,Intas,No,2026-06,0,1979,2222,1979,243,Yes,0,4,435.44,0.22,113.77,36
MED0157,Atorvastatin 10ml Injection,Vitamin/Supplement,Intas,No,2026-07,0,2303,1940,1940,0,No,363,4,435.44,0.22,111.38,36
MED0158,Enoxaparin 10mg Injection,Gastrointestinal,GSK,No,2025-08,282,0,1824,282,1542,Yes,0,3,404.93,0.25,267.17,6
MED0158,Enoxaparin 10mg Injection,Gastrointestinal,GSK,No,2025-09,0,2118,1709,1709,0,No,409,3,404.93,0.25,264.22,6
MED0158,Enoxaparin 10mg Injection,Gastrointestinal,GSK,No,2025-10,409,1412,1882,1821,61,Yes,0,3,404.93,0.25,268.22,6
MED0158,Enoxaparin 10mg Injection,Gastrointestinal,GSK,No,2025-11,0,1433,1482,1433,49,Yes,0,3,404.93,0.25,267.82,6
MED0158,Enoxaparin 10mg Injection,Gastrointestinal,GSK,No,2025-12,0,1673,1555,1555,0,No,118,3,404.93,0.25,265.73,6
MED0158,Enoxaparin 10mg Injection,Gastrointestinal,GSK,No,2026-01,118,1247,1488,1365,123,Yes,0,3,404.93,0.25,263.95,6
MED0158,Enoxaparin 10mg Injection,Gastrointestinal,GSK,No,2026-02,0,1895,1842,1842,0,No,53,3,404.93,0.25,263.27,6
MED0158,Enoxaparin 10mg Injection,Gastrointestinal,GSK,No,2026-03,53,0,1640,53,1587,Yes,0,3,404.93,0.25,268.07,6
MED0158,Enoxaparin 10mg Injection,Gastrointestinal,GSK,No,2026-04,0,1857,1891,1857,34,Yes,0,3,404.93,0.25,274.67,6
MED0158,Enoxaparin 10mg Injection,Gastrointestinal,GSK,No,2026-05,0,1886,1534,1534,0,No,352,3,404.93,0.25,282.33,6
MED0158,Enoxaparin 10mg Injection,Gastrointestinal,GSK,No,2026-06,352,0,1493,352,1141,Yes,0,3,404.93,0.25,287.16,6
MED0158,Enoxaparin 10mg Injection,Gastrointestinal,GSK,No,2026-07,0,0,1508,0,1508,Yes,0,3,404.93,0.25,284.05,6
MED0159,Levetiracetam 250mg Inhaler,Vitamin/Supplement,Glenmark,No,2025-08,546,1002,817,817,0,No,731,10,509.21,0.24,89.62,6
MED0159,Levetiracetam 250mg Inhaler,Vitamin/Supplement,Glenmark,No,2025-09,731,891,742,742,0,No,880,10,509.21,0.24,90.68,6
MED0159,Levetiracetam 250mg Inhaler,Vitamin/Supplement,Glenmark,No,2025-10,880,529,583,583,0,No,826,10,509.21,0.24,90.33,6
MED0159,Levetiracetam 250mg Inhaler,Vitamin/Supplement,Glenmark,No,2025-11,826,399,522,522,0,No,703,10,509.21,0.24,88.94,6
MED0159,Levetiracetam 250mg Inhaler,Vitamin/Supplement,Glenmark,No,2025-12,703,473,507,507,0,No,669,10,509.21,0.24,90.86,6
MED0159,Levetiracetam 250mg Inhaler,Vitamin/Supplement,Glenmark,No,2026-01,669,571,471,471,0,No,769,10,509.21,0.24,88.25,6
MED0159,Levetiracetam 250mg Inhaler,Vitamin/Supplement,Glenmark,No,2026-02,769,590,473,473,0,No,886,10,509.21,0.24,90.52,6
MED0159,Levetiracetam 250mg Inhaler,Vitamin/Supplement,Glenmark,No,2026-03,886,622,668,668,0,No,840,10,509.21,0.24,90.3,6
MED0159,Levetiracetam 250mg Inhaler,Vitamin/Supplement,Glenmark,No,2026-04,840,1073,917,917,0,No,996,10,509.21,0.24,91.07,6
MED0159,Levetiracetam 250mg Inhaler,Vitamin/Supplement,Glenmark,No,2026-05,996,1148,1206,1206,0,No,938,10,509.21,0.24,91.97,6
MED0159,Levetiracetam 250mg Inhaler,Vitamin/Supplement,Glenmark,No,2026-06,938,0,1214,938,276,Yes,0,10,509.21,0.24,94.2,6
MED0159,Levetiracetam 250mg Inhaler,Vitamin/Supplement,Glenmark,No,2026-07,0,832,1029,832,197,Yes,0,10,509.21,0.24,94.97,6
MED0160,Azithromycin 500mg Tablet,Vaccine,Sun Pharma,No,2025-08,308,1641,1613,1613,0,No,336,4,594.01,0.25,230.64,24
MED0160,Azithromycin 500mg Tablet,Vaccine,Sun Pharma,No,2025-09,336,1312,1654,1648,6,Yes,0,4,594.01,0.25,232.3,24
MED0160,Azithromycin 500mg Tablet,Vaccine,Sun Pharma,No,2025-10,0,1516,1543,1516,27,Yes,0,4,594.01,0.25,226,24
MED0160,Azithromycin 500mg Tablet,Vaccine,Sun Pharma,No,2025-11,0,1232,1287,1232,55,Yes,0,4,594.01,0.25,226.27,24
MED0160,Azithromycin 500mg Tablet,Vaccine,Sun Pharma,No,2025-12,0,0,1664,0,1664,Yes,0,4,594.01,0.25,221.19,24
MED0160,Azithromycin 500mg Tablet,Vaccine,Sun Pharma,No,2026-01,0,2009,1552,1552,0,No,457,4,594.01,0.25,224.64,24
MED0160,Azithromycin 500mg Tablet,Vaccine,Sun Pharma,No,2026-02,457,1457,1514,1514,0,No,400,4,594.01,0.25,224.82,24
MED0160,Azithromycin 500mg Tablet,Vaccine,Sun Pharma,No,2026-03,400,1605,1660,1660,0,No,345,4,594.01,0.25,227.44,24
MED0160,Azithromycin 500mg Tablet,Vaccine,Sun Pharma,No,2026-04,345,1206,1595,1551,44,Yes,0,4,594.01,0.25,220.78,24
MED0160,Azithromycin 500mg Tablet,Vaccine,Sun Pharma,No,2026-05,0,1576,1441,1441,0,No,135,4,594.01,0.25,214.75,24
MED0160,Azithromycin 500mg Tablet,Vaccine,Sun Pharma,No,2026-06,135,0,1348,135,1213,Yes,0,4,594.01,0.25,217.89,24
MED0160,Azithromycin 500mg Tablet,Vaccine,Sun Pharma,No,2026-07,0,1523,1693,1523,170,Yes,0,4,594.01,0.25,211.67,24
MED0161,Doxycycline 10ml Inhaler,Neuro/Psychiatric,Zydus,No,2025-08,661,1432,1258,1258,0,No,835,10,9.32,0.24,275.19,12
MED0161,Doxycycline 10ml Inhaler,Neuro/Psychiatric,Zydus,No,2025-09,835,1139,907,907,0,No,1067,10,9.32,0.24,267.76,12
MED0161,Doxycycline 10ml Inhaler,Neuro/Psychiatric,Zydus,No,2025-10,1067,658,778,778,0,No,947,10,9.32,0.24,259.3,12
MED0161,Doxycycline 10ml Inhaler,Neuro/Psychiatric,Zydus,No,2025-11,947,794,653,653,0,No,1088,10,9.32,0.24,267.21,12
MED0161,Doxycycline 10ml Inhaler,Neuro/Psychiatric,Zydus,No,2025-12,1088,562,750,750,0,No,900,10,9.32,0.24,271.33,12
MED0161,Doxycycline 10ml Inhaler,Neuro/Psychiatric,Zydus,No,2026-01,900,624,708,708,0,No,816,10,9.32,0.24,268.79,12
MED0161,Doxycycline 10ml Inhaler,Neuro/Psychiatric,Zydus,No,2026-02,816,856,726,726,0,No,946,10,9.32,0.24,265.26,12
MED0161,Doxycycline 10ml Inhaler,Neuro/Psychiatric,Zydus,No,2026-03,946,1272,1039,1039,0,No,1179,10,9.32,0.24,262.65,12
MED0161,Doxycycline 10ml Inhaler,Neuro/Psychiatric,Zydus,No,2026-04,1179,1307,1181,1181,0,No,1305,10,9.32,0.24,267.41,12
MED0161,Doxycycline 10ml Inhaler,Neuro/Psychiatric,Zydus,No,2026-05,1305,1391,1829,1829,0,No,867,10,9.32,0.24,270.21,12
MED0161,Doxycycline 10ml Inhaler,Neuro/Psychiatric,Zydus,No,2026-06,867,1329,1602,1602,0,No,594,10,9.32,0.24,264.75,12
MED0161,Doxycycline 10ml Inhaler,Neuro/Psychiatric,Zydus,No,2026-07,594,1720,1489,1489,0,No,825,10,9.32,0.24,259.1,12
MED0162,Adrenaline 250mg Ointment,Respiratory,Aurobindo,No,2025-08,262,1054,994,994,0,No,322,7,174.16,0.14,245.54,24
MED0162,Adrenaline 250mg Ointment,Respiratory,Aurobindo,No,2025-09,322,841,1006,1006,0,No,157,7,174.16,0.14,239.33,24
MED0162,Adrenaline 250mg Ointment,Respiratory,Aurobindo,No,2025-10,157,768,976,925,51,Yes,0,7,174.16,0.14,241.81,24
MED0162,Adrenaline 250mg Ointment,Respiratory,Aurobindo,No,2025-11,0,869,850,850,0,No,19,7,174.16,0.14,245.9,24
MED0162,Adrenaline 250mg Ointment,Respiratory,Aurobindo,No,2025-12,19,1374,1073,1073,0,No,320,7,174.16,0.14,242.27,24
MED0162,Adrenaline 250mg Ointment,Respiratory,Aurobindo,No,2026-01,320,0,1041,320,721,Yes,0,7,174.16,0.14,234.86,24
MED0162,Adrenaline 250mg Ointment,Respiratory,Aurobindo,No,2026-02,0,642,902,642,260,Yes,0,7,174.16,0.14,228.4,24
MED0162,Adrenaline 250mg Ointment,Respiratory,Aurobindo,No,2026-03,0,0,1121,0,1121,Yes,0,7,174.16,0.14,235.64,24
MED0162,Adrenaline 250mg Ointment,Respiratory,Aurobindo,No,2026-04,0,1140,911,911,0,No,229,7,174.16,0.14,232.48,24
MED0162,Adrenaline 250mg Ointment,Respiratory,Aurobindo,No,2026-05,229,1138,1102,1102,0,No,265,7,174.16,0.14,236.64,24
MED0162,Adrenaline 250mg Ointment,Respiratory,Aurobindo,No,2026-06,265,741,913,913,0,No,93,7,174.16,0.14,238.57,24
MED0162,Adrenaline 250mg Ointment,Respiratory,Aurobindo,No,2026-07,93,639,900,732,168,Yes,0,7,174.16,0.14,236.74,24
MED0163,Zinc Sulphate 1mg Capsule,Anesthetic,Lupin,No,2025-08,87,396,416,416,0,No,67,4,699.47,0.2,264.26,18
MED0163,Zinc Sulphate 1mg Capsule,Anesthetic,Lupin,No,2025-09,67,363,466,430,36,Yes,0,4,699.47,0.2,259.36,18
MED0163,Zinc Sulphate 1mg Capsule,Anesthetic,Lupin,No,2025-10,0,0,538,0,538,Yes,0,4,699.47,0.2,253.06,18
MED0163,Zinc Sulphate 1mg Capsule,Anesthetic,Lupin,No,2025-11,0,0,686,0,686,Yes,0,4,699.47,0.2,254.97,18
MED0163,Zinc Sulphate 1mg Capsule,Anesthetic,Lupin,No,2025-12,0,911,859,859,0,No,52,4,699.47,0.2,259.54,18
MED0163,Zinc Sulphate 1mg Capsule,Anesthetic,Lupin,No,2026-01,52,655,905,707,198,Yes,0,4,699.47,0.2,261.94,18
MED0163,Zinc Sulphate 1mg Capsule,Anesthetic,Lupin,No,2026-02,0,652,845,652,193,Yes,0,4,699.47,0.2,262.44,18
MED0163,Zinc Sulphate 1mg Capsule,Anesthetic,Lupin,No,2026-03,0,582,482,482,0,No,100,4,699.47,0.2,254.81,18
MED0163,Zinc Sulphate 1mg Capsule,Anesthetic,Lupin,No,2026-04,100,516,464,464,0,No,152,4,699.47,0.2,262.61,18
MED0163,Zinc Sulphate 1mg Capsule,Anesthetic,Lupin,No,2026-05,152,392,379,379,0,No,165,4,699.47,0.2,267.58,18
MED0163,Zinc Sulphate 1mg Capsule,Anesthetic,Lupin,No,2026-06,165,427,394,394,0,No,198,4,699.47,0.2,264.13,18
MED0163,Zinc Sulphate 1mg Capsule,Anesthetic,Lupin,No,2026-07,198,343,407,407,0,No,134,4,699.47,0.2,272.12,18
MED0164,Budesonide 100mg Syrup,Antidiabetic,Aurobindo,Yes,2025-08,144,2015,2198,2159,39,Yes,0,2,47.31,0.17,283.32,18
MED0164,Budesonide 100mg Syrup,Antidiabetic,Aurobindo,Yes,2025-09,0,0,2091,0,2091,Yes,0,2,47.31,0.17,285.14,18
MED0164,Budesonide 100mg Syrup,Antidiabetic,Aurobindo,Yes,2025-10,0,2599,2336,2336,0,No,263,2,47.31,0.17,286.61,18
MED0164,Budesonide 100mg Syrup,Antidiabetic,Aurobindo,Yes,2025-11,263,1864,2141,2127,14,Yes,0,2,47.31,0.17,291.04,18
MED0164,Budesonide 100mg Syrup,Antidiabetic,Aurobindo,Yes,2025-12,0,1728,2416,1728,688,Yes,0,2,47.31,0.17,296.6,18
MED0164,Budesonide 100mg Syrup,Antidiabetic,Aurobindo,Yes,2026-01,0,1960,1894,1894,0,No,66,2,47.31,0.17,299.39,18
MED0164,Budesonide 100mg Syrup,Antidiabetic,Aurobindo,Yes,2026-02,66,1846,2077,1912,165,Yes,0,2,47.31,0.17,292.75,18
MED0164,Budesonide 100mg Syrup,Antidiabetic,Aurobindo,Yes,2026-03,0,2463,2445,2445,0,No,18,2,47.31,0.17,289.86,18
MED0164,Budesonide 100mg Syrup,Antidiabetic,Aurobindo,Yes,2026-04,18,3028,2347,2347,0,No,699,2,46.97,0.17,297.5,18
MED0164,Budesonide 100mg Syrup,Antidiabetic,Aurobindo,Yes,2026-05,699,1465,2024,2024,0,No,140,2,46.97,0.17,292.58,18
MED0164,Budesonide 100mg Syrup,Antidiabetic,Aurobindo,Yes,2026-06,140,1750,2330,1890,440,Yes,0,2,46.97,0.17,290.3,18
MED0164,Budesonide 100mg Syrup,Antidiabetic,Aurobindo,Yes,2026-07,0,1904,2449,1904,545,Yes,0,2,46.97,0.17,289.09,18
MED0165,Vitamin B Complex 500mg Suspension,Vitamin/Supplement,Biocon,No,2025-08,188,816,829,829,0,No,175,3,297.45,0.13,288.42,18
MED0165,Vitamin B Complex 500mg Suspension,Vitamin/Supplement,Biocon,No,2025-09,175,884,688,688,0,No,371,3,297.45,0.13,290.47,18
MED0165,Vitamin B Complex 500mg Suspension,Vitamin/Supplement,Biocon,No,2025-10,371,994,849,849,0,No,516,3,297.45,0.13,298.52,18
MED0165,Vitamin B Complex 500mg Suspension,Vitamin/Supplement,Biocon,No,2025-11,516,714,691,691,0,No,539,3,297.45,0.13,293.81,18
MED0165,Vitamin B Complex 500mg Suspension,Vitamin/Supplement,Biocon,No,2025-12,539,0,847,539,308,Yes,0,3,297.45,0.13,286.93,18
MED0165,Vitamin B Complex 500mg Suspension,Vitamin/Supplement,Biocon,No,2026-01,0,641,771,641,130,Yes,0,3,297.45,0.13,281.43,18
MED0165,Vitamin B Complex 500mg Suspension,Vitamin/Supplement,Biocon,No,2026-02,0,1047,884,884,0,No,163,3,297.45,0.13,288.46,18
MED0165,Vitamin B Complex 500mg Suspension,Vitamin/Supplement,Biocon,No,2026-03,163,629,707,707,0,No,85,3,297.45,0.13,291.11,18
MED0165,Vitamin B Complex 500mg Suspension,Vitamin/Supplement,Biocon,No,2026-04,85,719,886,804,82,Yes,0,3,297.45,0.13,287.22,18
MED0165,Vitamin B Complex 500mg Suspension,Vitamin/Supplement,Biocon,No,2026-05,0,1069,875,875,0,No,194,3,297.45,0.13,292.96,18
MED0165,Vitamin B Complex 500mg Suspension,Vitamin/Supplement,Biocon,No,2026-06,194,792,726,726,0,No,260,3,297.45,0.13,299.53,18
MED0165,Vitamin B Complex 500mg Suspension,Vitamin/Supplement,Biocon,No,2026-07,260,758,685,685,0,No,333,3,297.45,0.13,305.83,18
MED0166,Clopidogrel 10mg Tablet,Cardiac,Lupin,Yes,2025-08,483,409,482,482,0,No,410,21,597.9,0.24,334.6,24
MED0166,Clopidogrel 10mg Tablet,Cardiac,Lupin,Yes,2025-09,410,381,425,425,0,No,366,21,597.9,0.24,343.43,24
MED0166,Clopidogrel 10mg Tablet,Cardiac,Lupin,Yes,2025-10,366,230,325,325,0,No,271,21,597.9,0.24,338.21,24
MED0166,Clopidogrel 10mg Tablet,Cardiac,Lupin,Yes,2025-11,271,268,229,229,0,No,310,21,597.9,0.24,343.59,24
MED0166,Clopidogrel 10mg Tablet,Cardiac,Lupin,Yes,2025-12,310,227,197,197,0,No,340,21,597.9,0.24,342.76,24
MED0166,Clopidogrel 10mg Tablet,Cardiac,Lupin,Yes,2026-01,340,207,179,179,0,No,368,21,597.9,0.24,349.97,24
MED0166,Clopidogrel 10mg Tablet,Cardiac,Lupin,Yes,2026-02,368,202,215,215,0,No,355,21,597.9,0.24,354.79,24
MED0166,Clopidogrel 10mg Tablet,Cardiac,Lupin,Yes,2026-03,355,304,235,235,0,No,424,21,597.9,0.24,360.62,24
MED0166,Clopidogrel 10mg Tablet,Cardiac,Lupin,Yes,2026-04,424,192,225,225,0,No,391,21,629.28,0.24,363.91,24
MED0166,Clopidogrel 10mg Tablet,Cardiac,Lupin,Yes,2026-05,391,0,302,302,0,No,89,21,629.28,0.24,357.11,24
MED0166,Clopidogrel 10mg Tablet,Cardiac,Lupin,Yes,2026-06,89,451,530,530,0,No,10,21,629.28,0.24,358.06,24
MED0166,Clopidogrel 10mg Tablet,Cardiac,Lupin,Yes,2026-07,10,704,582,582,0,No,132,21,629.28,0.24,364.71,24
MED0167,Azithromycin 2.5mg Suspension,Analgesic,Dr Reddy's,No,2025-08,501,1558,1260,1260,0,No,799,5,558.29,0.27,282.6,36
MED0167,Azithromycin 2.5mg Suspension,Analgesic,Dr Reddy's,No,2025-09,799,1236,1049,1049,0,No,986,5,558.29,0.27,274.47,36
MED0167,Azithromycin 2.5mg Suspension,Analgesic,Dr Reddy's,No,2025-10,986,955,1092,1092,0,No,849,5,558.29,0.27,268.5,36
MED0167,Azithromycin 2.5mg Suspension,Analgesic,Dr Reddy's,No,2025-11,849,0,1090,849,241,Yes,0,5,558.29,0.27,261.94,36
MED0167,Azithromycin 2.5mg Suspension,Analgesic,Dr Reddy's,No,2025-12,0,988,1160,988,172,Yes,0,5,558.29,0.27,265.96,36
MED0167,Azithromycin 2.5mg Suspension,Analgesic,Dr Reddy's,No,2026-01,0,881,1141,881,260,Yes,0,5,558.29,0.27,271.62,36
MED0167,Azithromycin 2.5mg Suspension,Analgesic,Dr Reddy's,No,2026-02,0,1041,1110,1041,69,Yes,0,5,558.29,0.27,266.52,36
MED0167,Azithromycin 2.5mg Suspension,Analgesic,Dr Reddy's,No,2026-03,0,942,1266,942,324,Yes,0,5,558.29,0.27,266.62,36
MED0167,Azithromycin 2.5mg Suspension,Analgesic,Dr Reddy's,No,2026-04,0,827,1058,827,231,Yes,0,5,558.29,0.27,272.69,36
MED0167,Azithromycin 2.5mg Suspension,Analgesic,Dr Reddy's,No,2026-05,0,1396,1299,1299,0,No,97,5,558.29,0.27,276.83,36
MED0167,Azithromycin 2.5mg Suspension,Analgesic,Dr Reddy's,No,2026-06,97,1599,1400,1400,0,No,296,5,558.29,0.27,277.58,36
MED0167,Azithromycin 2.5mg Suspension,Analgesic,Dr Reddy's,No,2026-07,296,869,1092,1092,0,No,73,5,558.29,0.27,279.19,36
MED0168,Atropine 5mg Suspension,Cardiac,Cipla,No,2025-08,172,1140,1120,1120,0,No,192,3,64.94,0.24,193.9,18
MED0168,Atropine 5mg Suspension,Cardiac,Cipla,No,2025-09,192,1210,938,938,0,No,464,3,64.94,0.24,194,18
MED0168,Atropine 5mg Suspension,Cardiac,Cipla,No,2025-10,464,548,738,738,0,No,274,3,64.94,0.24,191.53,18
MED0168,Atropine 5mg Suspension,Cardiac,Cipla,No,2025-11,274,723,817,817,0,No,180,3,64.94,0.24,192.32,18
MED0168,Atropine 5mg Suspension,Cardiac,Cipla,No,2025-12,180,725,640,640,0,No,265,3,64.94,0.24,194.63,18
MED0168,Atropine 5mg Suspension,Cardiac,Cipla,No,2026-01,265,708,662,662,0,No,311,3,64.94,0.24,199.19,18
MED0168,Atropine 5mg Suspension,Cardiac,Cipla,No,2026-02,311,788,726,726,0,No,373,3,64.94,0.24,200.85,18
MED0168,Atropine 5mg Suspension,Cardiac,Cipla,No,2026-03,373,0,1053,373,680,Yes,0,3,64.94,0.24,204.04,18
MED0168,Atropine 5mg Suspension,Cardiac,Cipla,No,2026-04,0,1742,1371,1371,0,No,371,3,64.94,0.24,199.89,18
MED0168,Atropine 5mg Suspension,Cardiac,Cipla,No,2026-05,371,1354,1777,1725,52,Yes,0,3,64.94,0.24,199.42,18
MED0168,Atropine 5mg Suspension,Cardiac,Cipla,No,2026-06,0,1101,1555,1101,454,Yes,0,3,64.94,0.24,193.43,18
MED0168,Atropine 5mg Suspension,Cardiac,Cipla,No,2026-07,0,1497,1244,1244,0,No,253,3,64.94,0.24,190.34,18
MED0169,Lorazepam 1mg Inhaler,Dermatological,Abbott,Yes,2025-08,1047,3727,3523,3523,0,No,1251,7,525.74,0.27,61.38,36
MED0169,Lorazepam 1mg Inhaler,Dermatological,Abbott,Yes,2025-09,1251,0,2766,1251,1515,Yes,0,7,525.74,0.27,62.26,36
MED0169,Lorazepam 1mg Inhaler,Dermatological,Abbott,Yes,2025-10,0,3476,2890,2890,0,No,586,7,525.74,0.27,64.16,36
MED0169,Lorazepam 1mg Inhaler,Dermatological,Abbott,Yes,2025-11,586,2261,3134,2847,287,Yes,0,7,525.74,0.27,62.61,36
MED0169,Lorazepam 1mg Inhaler,Dermatological,Abbott,Yes,2025-12,0,2705,3453,2705,748,Yes,0,7,525.74,0.27,62.23,36
MED0169,Lorazepam 1mg Inhaler,Dermatological,Abbott,Yes,2026-01,0,3667,3195,3195,0,No,472,7,525.74,0.27,63.39,36
MED0169,Lorazepam 1mg Inhaler,Dermatological,Abbott,Yes,2026-02,472,3296,3405,3405,0,No,363,7,525.74,0.27,62.25,36
MED0169,Lorazepam 1mg Inhaler,Dermatological,Abbott,Yes,2026-03,363,2211,2814,2574,240,Yes,0,7,525.74,0.27,62.46,36
MED0169,Lorazepam 1mg Inhaler,Dermatological,Abbott,Yes,2026-04,0,0,3174,0,3174,Yes,0,7,543.64,0.27,63.36,36
MED0169,Lorazepam 1mg Inhaler,Dermatological,Abbott,Yes,2026-05,0,2456,2685,2456,229,Yes,0,7,543.64,0.27,63.81,36
MED0169,Lorazepam 1mg Inhaler,Dermatological,Abbott,Yes,2026-06,0,3731,3488,3488,0,No,243,7,543.64,0.27,62.6,36
MED0169,Lorazepam 1mg Inhaler,Dermatological,Abbott,Yes,2026-07,243,2703,2823,2823,0,No,123,7,543.64,0.27,62.04,36
MED0170,Cefixime 1mg Drops,Vaccine,GSK,Yes,2025-08,894,0,837,837,0,No,57,10,214.88,0.15,304.46,9
MED0170,Cefixime 1mg Drops,Vaccine,GSK,Yes,2025-09,57,678,908,735,173,Yes,0,10,214.88,0.15,305.5,9
MED0170,Cefixime 1mg Drops,Vaccine,GSK,Yes,2025-10,0,1485,1144,1144,0,No,341,10,214.88,0.15,296.01,9
MED0170,Cefixime 1mg Drops,Vaccine,GSK,Yes,2025-11,341,2090,1636,1636,0,No,795,10,214.88,0.15,301.02,9
MED0170,Cefixime 1mg Drops,Vaccine,GSK,Yes,2025-12,795,2162,1988,1988,0,No,969,10,214.88,0.15,292.11,9
MED0170,Cefixime 1mg Drops,Vaccine,GSK,Yes,2026-01,969,2392,1899,1899,0,No,1462,10,214.88,0.15,296.82,9
MED0170,Cefixime 1mg Drops,Vaccine,GSK,Yes,2026-02,1462,1801,1409,1409,0,No,1854,10,214.88,0.15,291.11,9
MED0170,Cefixime 1mg Drops,Vaccine,GSK,Yes,2026-03,1854,1086,1321,1321,0,No,1619,10,214.88,0.15,299.9,9
MED0170,Cefixime 1mg Drops,Vaccine,GSK,Yes,2026-04,1619,1112,948,948,0,No,1783,10,224.59,0.15,297.37,9
MED0170,Cefixime 1mg Drops,Vaccine,GSK,Yes,2026-05,1783,524,744,744,0,No,1563,10,224.59,0.15,294.05,9
MED0170,Cefixime 1mg Drops,Vaccine,GSK,Yes,2026-06,1563,637,745,745,0,No,1455,10,224.59,0.15,287.32,9
MED0170,Cefixime 1mg Drops,Vaccine,GSK,Yes,2026-07,1455,578,820,820,0,No,1213,10,224.59,0.15,283.59,9
MED0171,Atorvastatin 100mg Capsule,Analgesic,Alkem,No,2025-08,142,0,1328,142,1186,Yes,0,2,189.81,0.24,209.98,24
MED0171,Atorvastatin 100mg Capsule,Analgesic,Alkem,No,2025-09,0,1875,1541,1541,0,No,334,2,189.81,0.24,216.55,24
MED0171,Atorvastatin 100mg Capsule,Analgesic,Alkem,No,2025-10,334,1376,1465,1465,0,No,245,2,189.81,0.24,214.81,24
MED0171,Atorvastatin 100mg Capsule,Analgesic,Alkem,No,2025-11,245,0,1612,245,1367,Yes,0,2,189.81,0.24,214.13,24
MED0171,Atorvastatin 100mg Capsule,Analgesic,Alkem,No,2025-12,0,1959,1568,1568,0,No,391,2,189.81,0.24,217.07,24
MED0171,Atorvastatin 100mg Capsule,Analgesic,Alkem,No,2026-01,391,1867,1449,1449,0,No,809,2,189.81,0.24,222.18,24
MED0171,Atorvastatin 100mg Capsule,Analgesic,Alkem,No,2026-02,809,1917,1648,1648,0,No,1078,2,189.81,0.24,223.41,24
MED0171,Atorvastatin 100mg Capsule,Analgesic,Alkem,No,2026-03,1078,991,1394,1394,0,No,675,2,189.81,0.24,221.98,24
MED0171,Atorvastatin 100mg Capsule,Analgesic,Alkem,No,2026-04,675,1479,1709,1709,0,No,445,2,189.81,0.24,220.82,24
MED0171,Atorvastatin 100mg Capsule,Analgesic,Alkem,No,2026-05,445,1301,1432,1432,0,No,314,2,189.81,0.24,223.41,24
MED0171,Atorvastatin 100mg Capsule,Analgesic,Alkem,No,2026-06,314,0,1570,314,1256,Yes,0,2,189.81,0.24,216.84,24
MED0171,Atorvastatin 100mg Capsule,Analgesic,Alkem,No,2026-07,0,1626,1319,1319,0,No,307,2,189.81,0.24,218.42,24
MED0172,Amlodipine 5mg Tablet,Neuro/Psychiatric,Cipla,Yes,2025-08,109,579,613,613,0,No,75,4,757.66,0.27,96.73,18
MED0172,Amlodipine 5mg Tablet,Neuro/Psychiatric,Cipla,Yes,2025-09,75,0,604,75,529,Yes,0,4,757.66,0.27,95.85,18
MED0172,Amlodipine 5mg Tablet,Neuro/Psychiatric,Cipla,Yes,2025-10,0,0,537,0,537,Yes,0,4,757.66,0.27,97.64,18
MED0172,Amlodipine 5mg Tablet,Neuro/Psychiatric,Cipla,Yes,2025-11,0,0,544,0,544,Yes,0,4,757.66,0.27,95.16,18
MED0172,Amlodipine 5mg Tablet,Neuro/Psychiatric,Cipla,Yes,2025-12,0,0,544,0,544,Yes,0,4,757.66,0.27,95.7,18
MED0172,Amlodipine 5mg Tablet,Neuro/Psychiatric,Cipla,Yes,2026-01,0,660,627,627,0,No,33,4,757.66,0.27,95.58,18
MED0172,Amlodipine 5mg Tablet,Neuro/Psychiatric,Cipla,Yes,2026-02,33,656,550,550,0,No,139,4,757.66,0.27,96.45,18
MED0172,Amlodipine 5mg Tablet,Neuro/Psychiatric,Cipla,Yes,2026-03,139,745,583,583,0,No,301,4,757.66,0.27,93.8,18
MED0172,Amlodipine 5mg Tablet,Neuro/Psychiatric,Cipla,Yes,2026-04,301,739,602,602,0,No,438,4,773.7,0.27,94.29,18
MED0172,Amlodipine 5mg Tablet,Neuro/Psychiatric,Cipla,Yes,2026-05,438,564,683,683,0,No,319,4,773.7,0.27,94.66,18
MED0172,Amlodipine 5mg Tablet,Neuro/Psychiatric,Cipla,Yes,2026-06,319,765,608,608,0,No,476,4,773.7,0.27,95.03,18
MED0172,Amlodipine 5mg Tablet,Neuro/Psychiatric,Cipla,Yes,2026-07,476,414,536,536,0,No,354,4,773.7,0.27,95.66,18
MED0173,Oxytocin 20mg Inhaler,Analgesic,Aurobindo,No,2025-08,285,2510,1956,1956,0,No,839,3,688.18,0.24,60.98,9
MED0173,Oxytocin 20mg Inhaler,Analgesic,Aurobindo,No,2025-09,839,2015,1755,1755,0,No,1099,3,688.18,0.24,62.15,9
MED0173,Oxytocin 20mg Inhaler,Analgesic,Aurobindo,No,2025-10,1099,2285,1794,1794,0,No,1590,3,688.18,0.24,61.27,9
MED0173,Oxytocin 20mg Inhaler,Analgesic,Aurobindo,No,2025-11,1590,2073,1857,1857,0,No,1806,3,688.18,0.24,62.52,9
MED0173,Oxytocin 20mg Inhaler,Analgesic,Aurobindo,No,2025-12,1806,2277,2046,2046,0,No,2037,3,688.18,0.24,62.51,9
MED0173,Oxytocin 20mg Inhaler,Analgesic,Aurobindo,No,2026-01,2037,1877,2147,2147,0,No,1767,3,688.18,0.24,60.89,9
MED0173,Oxytocin 20mg Inhaler,Analgesic,Aurobindo,No,2026-02,1767,1874,1806,1806,0,No,1835,3,688.18,0.24,59.19,9
MED0173,Oxytocin 20mg Inhaler,Analgesic,Aurobindo,No,2026-03,1835,0,1775,1775,0,No,60,3,688.18,0.24,58.55,9
MED0173,Oxytocin 20mg Inhaler,Analgesic,Aurobindo,No,2026-04,60,2162,2109,2109,0,No,113,3,688.18,0.24,59.64,9
MED0173,Oxytocin 20mg Inhaler,Analgesic,Aurobindo,No,2026-05,113,1323,1794,1436,358,Yes,0,3,688.18,0.24,60.44,9
MED0173,Oxytocin 20mg Inhaler,Analgesic,Aurobindo,No,2026-06,0,2029,2199,2029,170,Yes,0,3,688.18,0.24,61.55,9
MED0173,Oxytocin 20mg Inhaler,Analgesic,Aurobindo,No,2026-07,0,2279,2004,2004,0,No,275,3,688.18,0.24,61.62,9
MED0174,Adrenaline 50mg Syrup,Neuro/Psychiatric,Alkem,Yes,2025-08,464,1083,1511,1511,0,No,36,4,520.95,0.21,59.3,12
MED0174,Adrenaline 50mg Syrup,Neuro/Psychiatric,Alkem,Yes,2025-09,36,1870,1666,1666,0,No,240,4,520.95,0.21,59.08,12
MED0174,Adrenaline 50mg Syrup,Neuro/Psychiatric,Alkem,Yes,2025-10,240,0,1611,240,1371,Yes,0,4,520.95,0.21,57.76,12
MED0174,Adrenaline 50mg Syrup,Neuro/Psychiatric,Alkem,Yes,2025-11,0,2027,1805,1805,0,No,222,4,520.95,0.21,57.12,12
MED0174,Adrenaline 50mg Syrup,Neuro/Psychiatric,Alkem,Yes,2025-12,222,1870,1729,1729,0,No,363,4,520.95,0.21,56.87,12
MED0174,Adrenaline 50mg Syrup,Neuro/Psychiatric,Alkem,Yes,2026-01,363,0,1792,363,1429,Yes,0,4,520.95,0.21,55.33,12
MED0174,Adrenaline 50mg Syrup,Neuro/Psychiatric,Alkem,Yes,2026-02,0,1449,1533,1449,84,Yes,0,4,520.95,0.21,54.29,12
MED0174,Adrenaline 50mg Syrup,Neuro/Psychiatric,Alkem,Yes,2026-03,0,1891,1540,1540,0,No,351,4,520.95,0.21,54.66,12
MED0174,Adrenaline 50mg Syrup,Neuro/Psychiatric,Alkem,Yes,2026-04,351,0,1764,351,1413,Yes,0,4,516.03,0.21,55.54,12
MED0174,Adrenaline 50mg Syrup,Neuro/Psychiatric,Alkem,Yes,2026-05,0,1118,1508,1118,390,Yes,0,4,516.03,0.21,57.4,12
MED0174,Adrenaline 50mg Syrup,Neuro/Psychiatric,Alkem,Yes,2026-06,0,2087,1708,1708,0,No,379,4,516.03,0.21,59.02,12
MED0174,Adrenaline 50mg Syrup,Neuro/Psychiatric,Alkem,Yes,2026-07,379,1106,1540,1485,55,Yes,0,4,516.03,0.21,59.55,12
MED0175,Morphine 50mg Injection,Vitamin/Supplement,Alkem,No,2025-08,783,2284,2562,2562,0,No,505,5,606.86,0.24,45.56,36
MED0175,Morphine 50mg Injection,Vitamin/Supplement,Alkem,No,2025-09,505,1815,2400,2320,80,Yes,0,5,606.86,0.24,45.95,36
MED0175,Morphine 50mg Injection,Vitamin/Supplement,Alkem,No,2025-10,0,2292,2210,2210,0,No,82,5,606.86,0.24,46.77,36
MED0175,Morphine 50mg Injection,Vitamin/Supplement,Alkem,No,2025-11,82,2012,2293,2094,199,Yes,0,5,606.86,0.24,45.67,36
MED0175,Morphine 50mg Injection,Vitamin/Supplement,Alkem,No,2025-12,0,0,2429,0,2429,Yes,0,5,606.86,0.24,45.41,36
MED0175,Morphine 50mg Injection,Vitamin/Supplement,Alkem,No,2026-01,0,0,2332,0,2332,Yes,0,5,606.86,0.24,46.39,36
MED0175,Morphine 50mg Injection,Vitamin/Supplement,Alkem,No,2026-02,0,2310,2037,2037,0,No,273,5,606.86,0.24,46.06,36
MED0175,Morphine 50mg Injection,Vitamin/Supplement,Alkem,No,2026-03,273,2766,2385,2385,0,No,654,5,606.86,0.24,46.27,36
MED0175,Morphine 50mg Injection,Vitamin/Supplement,Alkem,No,2026-04,654,2493,2558,2558,0,No,589,5,606.86,0.24,46.52,36
MED0175,Morphine 50mg Injection,Vitamin/Supplement,Alkem,No,2026-05,589,0,2596,589,2007,Yes,0,5,606.86,0.24,45.61,36
MED0175,Morphine 50mg Injection,Vitamin/Supplement,Alkem,No,2026-06,0,2478,2025,2025,0,No,453,5,606.86,0.24,45.21,36
MED0175,Morphine 50mg Injection,Vitamin/Supplement,Alkem,No,2026-07,453,0,2261,453,1808,Yes,0,5,606.86,0.24,44.74,36
MED0176,Amlodipine 5ml Injection,Vaccine,Sun Pharma,Yes,2025-08,475,4415,3418,3418,0,No,1472,5,84.83,0.23,294.85,24
MED0176,Amlodipine 5ml Injection,Vaccine,Sun Pharma,Yes,2025-09,1472,3252,3177,3177,0,No,1547,5,84.83,0.23,286.05,24
MED0176,Amlodipine 5ml Injection,Vaccine,Sun Pharma,Yes,2025-10,1547,0,2090,1547,543,Yes,0,5,84.83,0.23,277.21,24
MED0176,Amlodipine 5ml Injection,Vaccine,Sun Pharma,Yes,2025-11,0,1169,1421,1169,252,Yes,0,5,84.83,0.23,283.37,24
MED0176,Amlodipine 5ml Injection,Vaccine,Sun Pharma,Yes,2025-12,0,1958,1550,1550,0,No,408,5,84.83,0.23,279.15,24
MED0176,Amlodipine 5ml Injection,Vaccine,Sun Pharma,Yes,2026-01,408,1528,1291,1291,0,No,645,5,84.83,0.23,279.49,24
MED0176,Amlodipine 5ml Injection,Vaccine,Sun Pharma,Yes,2026-02,645,1787,1547,1547,0,No,885,5,84.83,0.23,275.75,24
MED0176,Amlodipine 5ml Injection,Vaccine,Sun Pharma,Yes,2026-03,885,1357,1421,1421,0,No,821,5,84.83,0.23,283.94,24
MED0176,Amlodipine 5ml Injection,Vaccine,Sun Pharma,Yes,2026-04,821,2096,2122,2122,0,No,795,5,81.63,0.23,279.47,24
MED0176,Amlodipine 5ml Injection,Vaccine,Sun Pharma,Yes,2026-05,795,2228,2536,2536,0,No,487,5,81.63,0.23,278.16,24
MED0176,Amlodipine 5ml Injection,Vaccine,Sun Pharma,Yes,2026-06,487,0,3932,487,3445,Yes,0,5,81.63,0.23,285.08,24
MED0176,Amlodipine 5ml Injection,Vaccine,Sun Pharma,Yes,2026-07,0,4605,3846,3846,0,No,759,5,81.63,0.23,291.43,24
MED0177,Budesonide 1mg Capsule,Anesthetic,Alkem,No,2025-08,408,0,854,408,446,Yes,0,5,638.43,0.18,323.68,18
MED0177,Budesonide 1mg Capsule,Anesthetic,Alkem,No,2025-09,0,1061,1113,1061,52,Yes,0,5,638.43,0.18,329.85,18
MED0177,Budesonide 1mg Capsule,Anesthetic,Alkem,No,2025-10,0,866,1054,866,188,Yes,0,5,638.43,0.18,329,18
MED0177,Budesonide 1mg Capsule,Anesthetic,Alkem,No,2025-11,0,1435,1378,1378,0,No,57,5,638.43,0.18,328.65,18
MED0177,Budesonide 1mg Capsule,Anesthetic,Alkem,No,2025-12,57,2302,2092,2092,0,No,267,5,638.43,0.18,321.18,18
MED0177,Budesonide 1mg Capsule,Anesthetic,Alkem,No,2026-01,267,0,1958,267,1691,Yes,0,5,638.43,0.18,312.63,18
MED0177,Budesonide 1mg Capsule,Anesthetic,Alkem,No,2026-02,0,2105,1814,1814,0,No,291,5,638.43,0.18,317.28,18
MED0177,Budesonide 1mg Capsule,Anesthetic,Alkem,No,2026-03,291,0,998,291,707,Yes,0,5,638.43,0.18,317.21,18
MED0177,Budesonide 1mg Capsule,Anesthetic,Alkem,No,2026-04,0,712,1014,712,302,Yes,0,5,638.43,0.18,315.92,18
MED0177,Budesonide 1mg Capsule,Anesthetic,Alkem,No,2026-05,0,892,819,819,0,No,73,5,638.43,0.18,320.6,18
MED0177,Budesonide 1mg Capsule,Anesthetic,Alkem,No,2026-06,73,781,716,716,0,No,138,5,638.43,0.18,326.01,18
MED0177,Budesonide 1mg Capsule,Anesthetic,Alkem,No,2026-07,138,661,784,784,0,No,15,5,638.43,0.18,319.05,18
MED0178,Cetirizine 20mg Syrup,Antidiabetic,Abbott,No,2025-08,482,2438,2092,2092,0,No,828,5,478.69,0.13,152.74,24
MED0178,Cetirizine 20mg Syrup,Antidiabetic,Abbott,No,2025-09,828,0,2302,828,1474,Yes,0,5,478.69,0.13,153.8,24
MED0178,Cetirizine 20mg Syrup,Antidiabetic,Abbott,No,2025-10,0,0,2404,0,2404,Yes,0,5,478.69,0.13,150.29,24
MED0178,Cetirizine 20mg Syrup,Antidiabetic,Abbott,No,2025-11,0,2390,1850,1850,0,No,540,5,478.69,0.13,152.71,24
MED0178,Cetirizine 20mg Syrup,Antidiabetic,Abbott,No,2025-12,540,2116,2410,2410,0,No,246,5,478.69,0.13,154.22,24
MED0178,Cetirizine 20mg Syrup,Antidiabetic,Abbott,No,2026-01,246,0,1934,246,1688,Yes,0,5,478.69,0.13,158.61,24
MED0178,Cetirizine 20mg Syrup,Antidiabetic,Abbott,No,2026-02,0,2437,1909,1909,0,No,528,5,478.69,0.13,154.46,24
MED0178,Cetirizine 20mg Syrup,Antidiabetic,Abbott,No,2026-03,528,2153,2210,2210,0,No,471,5,478.69,0.13,150.2,24
MED0178,Cetirizine 20mg Syrup,Antidiabetic,Abbott,No,2026-04,471,0,2046,471,1575,Yes,0,5,478.69,0.13,148.1,24
MED0178,Cetirizine 20mg Syrup,Antidiabetic,Abbott,No,2026-05,0,0,2448,0,2448,Yes,0,5,478.69,0.13,145.81,24
MED0178,Cetirizine 20mg Syrup,Antidiabetic,Abbott,No,2026-06,0,1775,1933,1775,158,Yes,0,5,478.69,0.13,143.38,24
MED0178,Cetirizine 20mg Syrup,Antidiabetic,Abbott,No,2026-07,0,1748,1919,1748,171,Yes,0,5,478.69,0.13,147.29,24
MED0179,Adrenaline 10mg Inhaler,Antidiabetic,Mankind,Yes,2025-08,376,948,774,774,0,No,550,10,404.41,0.27,169.51,36
MED0179,Adrenaline 10mg Inhaler,Antidiabetic,Mankind,Yes,2025-09,550,1016,928,928,0,No,638,10,404.41,0.27,166.84,36
MED0179,Adrenaline 10mg Inhaler,Antidiabetic,Mankind,Yes,2025-10,638,1416,1095,1095,0,No,959,10,404.41,0.27,164.4,36
MED0179,Adrenaline 10mg Inhaler,Antidiabetic,Mankind,Yes,2025-11,959,1703,1391,1391,0,No,1271,10,404.41,0.27,167.17,36
MED0179,Adrenaline 10mg Inhaler,Antidiabetic,Mankind,Yes,2025-12,1271,2110,1682,1682,0,No,1699,10,404.41,0.27,166.63,36
MED0179,Adrenaline 10mg Inhaler,Antidiabetic,Mankind,Yes,2026-01,1699,1630,1847,1847,0,No,1482,10,404.41,0.27,169.59,36
MED0179,Adrenaline 10mg Inhaler,Antidiabetic,Mankind,Yes,2026-02,1482,1047,1192,1192,0,No,1337,10,404.41,0.27,164.95,36
MED0179,Adrenaline 10mg Inhaler,Antidiabetic,Mankind,Yes,2026-03,1337,1052,885,885,0,No,1504,10,404.41,0.27,164.82,36
MED0179,Adrenaline 10mg Inhaler,Antidiabetic,Mankind,Yes,2026-04,1504,582,826,826,0,No,1260,10,405.98,0.27,159.84,36
MED0179,Adrenaline 10mg Inhaler,Antidiabetic,Mankind,Yes,2026-05,1260,763,762,762,0,No,1261,10,405.98,0.27,155.17,36
MED0179,Adrenaline 10mg Inhaler,Antidiabetic,Mankind,Yes,2026-06,1261,0,698,698,0,No,563,10,405.98,0.27,159.51,36
MED0179,Adrenaline 10mg Inhaler,Antidiabetic,Mankind,Yes,2026-07,563,0,803,563,240,Yes,0,10,405.98,0.27,155.66,36
MED0180,Ciprofloxacin 10mg Capsule,Neuro/Psychiatric,Intas,No,2025-08,106,242,338,338,0,No,10,5,422.16,0.24,315.98,12
MED0180,Ciprofloxacin 10mg Capsule,Neuro/Psychiatric,Intas,No,2025-09,10,323,336,333,3,Yes,0,5,422.16,0.24,314.21,12
MED0180,Ciprofloxacin 10mg Capsule,Neuro/Psychiatric,Intas,No,2025-10,0,330,396,330,66,Yes,0,5,422.16,0.24,311.17,12
MED0180,Ciprofloxacin 10mg Capsule,Neuro/Psychiatric,Intas,No,2025-11,0,432,403,403,0,No,29,5,422.16,0.24,319.13,12
MED0180,Ciprofloxacin 10mg Capsule,Neuro/Psychiatric,Intas,No,2025-12,29,454,444,444,0,No,39,5,422.16,0.24,309.61,12
MED0180,Ciprofloxacin 10mg Capsule,Neuro/Psychiatric,Intas,No,2026-01,39,476,410,410,0,No,105,5,422.16,0.24,312.87,12
MED0180,Ciprofloxacin 10mg Capsule,Neuro/Psychiatric,Intas,No,2026-02,105,311,414,414,0,No,2,5,422.16,0.24,322.09,12
MED0180,Ciprofloxacin 10mg Capsule,Neuro/Psychiatric,Intas,No,2026-03,2,0,448,2,446,Yes,0,5,422.16,0.24,323.29,12
MED0180,Ciprofloxacin 10mg Capsule,Neuro/Psychiatric,Intas,No,2026-04,0,487,431,431,0,No,56,5,422.16,0.24,331.99,12
MED0180,Ciprofloxacin 10mg Capsule,Neuro/Psychiatric,Intas,No,2026-05,56,342,383,383,0,No,15,5,422.16,0.24,323.08,12
MED0180,Ciprofloxacin 10mg Capsule,Neuro/Psychiatric,Intas,No,2026-06,15,346,381,361,20,Yes,0,5,422.16,0.24,321.46,12
MED0180,Ciprofloxacin 10mg Capsule,Neuro/Psychiatric,Intas,No,2026-07,0,388,378,378,0,No,10,5,422.16,0.24,316.69,12
MED0181,Snake Antivenom 500mg Tablet,Gastrointestinal,Abbott,No,2025-08,562,1699,1325,1325,0,No,936,7,251.82,0.2,294.71,9
MED0181,Snake Antivenom 500mg Tablet,Gastrointestinal,Abbott,No,2025-09,936,731,952,952,0,No,715,7,251.82,0.2,299,9
MED0181,Snake Antivenom 500mg Tablet,Gastrointestinal,Abbott,No,2025-10,715,988,849,849,0,No,854,7,251.82,0.2,307.94,9
MED0181,Snake Antivenom 500mg Tablet,Gastrointestinal,Abbott,No,2025-11,854,577,639,639,0,No,792,7,251.82,0.2,303.42,9
MED0181,Snake Antivenom 500mg Tablet,Gastrointestinal,Abbott,No,2025-12,792,503,607,607,0,No,688,7,251.82,0.2,306.28,9
MED0181,Snake Antivenom 500mg Tablet,Gastrointestinal,Abbott,No,2026-01,688,0,663,663,0,No,25,7,251.82,0.2,300.67,9
MED0181,Snake Antivenom 500mg Tablet,Gastrointestinal,Abbott,No,2026-02,25,959,768,768,0,No,216,7,251.82,0.2,301.88,9
MED0181,Snake Antivenom 500mg Tablet,Gastrointestinal,Abbott,No,2026-03,216,761,1017,977,40,Yes,0,7,251.82,0.2,301.21,9
MED0181,Snake Antivenom 500mg Tablet,Gastrointestinal,Abbott,No,2026-04,0,974,1310,974,336,Yes,0,7,251.82,0.2,309.97,9
MED0181,Snake Antivenom 500mg Tablet,Gastrointestinal,Abbott,No,2026-05,0,1350,1635,1350,285,Yes,0,7,251.82,0.2,311.98,9
MED0181,Snake Antivenom 500mg Tablet,Gastrointestinal,Abbott,No,2026-06,0,1248,1502,1248,254,Yes,0,7,251.82,0.2,309.19,9
MED0181,Snake Antivenom 500mg Tablet,Gastrointestinal,Abbott,No,2026-07,0,1299,1121,1121,0,No,178,7,251.82,0.2,302.03,9
MED0182,Loperamide 10ml Capsule,Respiratory,Aurobindo,No,2025-08,291,887,715,715,0,No,463,7,153.41,0.22,175.01,18
MED0182,Loperamide 10ml Capsule,Respiratory,Aurobindo,No,2025-09,463,0,648,463,185,Yes,0,7,153.41,0.22,171.16,18
MED0182,Loperamide 10ml Capsule,Respiratory,Aurobindo,No,2025-10,0,934,742,742,0,No,192,7,153.41,0.22,168.13,18
MED0182,Loperamide 10ml Capsule,Respiratory,Aurobindo,No,2025-11,192,593,779,779,0,No,6,7,153.41,0.22,165.38,18
MED0182,Loperamide 10ml Capsule,Respiratory,Aurobindo,No,2025-12,6,686,689,689,0,No,3,7,153.41,0.22,169.25,18
MED0182,Loperamide 10ml Capsule,Respiratory,Aurobindo,No,2026-01,3,870,743,743,0,No,130,7,153.41,0.22,169.93,18
MED0182,Loperamide 10ml Capsule,Respiratory,Aurobindo,No,2026-02,130,846,849,849,0,No,127,7,153.41,0.22,170.19,18
MED0182,Loperamide 10ml Capsule,Respiratory,Aurobindo,No,2026-03,127,855,715,715,0,No,267,7,153.41,0.22,165.94,18
MED0182,Loperamide 10ml Capsule,Respiratory,Aurobindo,No,2026-04,267,543,739,739,0,No,71,7,153.41,0.22,169.91,18
MED0182,Loperamide 10ml Capsule,Respiratory,Aurobindo,No,2026-05,71,796,747,747,0,No,120,7,153.41,0.22,172.37,18
MED0182,Loperamide 10ml Capsule,Respiratory,Aurobindo,No,2026-06,120,620,691,691,0,No,49,7,153.41,0.22,167.6,18
MED0182,Loperamide 10ml Capsule,Respiratory,Aurobindo,No,2026-07,49,733,772,772,0,No,10,7,153.41,0.22,169.89,18
MED0183,Atenolol 250mg Injection,Analgesic,Mankind,Yes,2025-08,1285,3961,3626,3626,0,No,1620,7,260.42,0.23,61.59,18
MED0183,Atenolol 250mg Injection,Analgesic,Mankind,Yes,2025-09,1620,4105,3392,3392,0,No,2333,7,260.42,0.23,61.76,18
MED0183,Atenolol 250mg Injection,Analgesic,Mankind,Yes,2025-10,2333,3403,3337,3337,0,No,2399,7,260.42,0.23,60.14,18
MED0183,Atenolol 250mg Injection,Analgesic,Mankind,Yes,2025-11,2399,2780,3772,3772,0,No,1407,7,260.42,0.23,59.98,18
MED0183,Atenolol 250mg Injection,Analgesic,Mankind,Yes,2025-12,1407,2814,3565,3565,0,No,656,7,260.42,0.23,59.92,18
MED0183,Atenolol 250mg Injection,Analgesic,Mankind,Yes,2026-01,656,3904,4123,4123,0,No,437,7,260.42,0.23,58.62,18
MED0183,Atenolol 250mg Injection,Analgesic,Mankind,Yes,2026-02,437,3946,3258,3258,0,No,1125,7,260.42,0.23,60.35,18
MED0183,Atenolol 250mg Injection,Analgesic,Mankind,Yes,2026-03,1125,3473,3429,3429,0,No,1169,7,260.42,0.23,61.71,18
MED0183,Atenolol 250mg Injection,Analgesic,Mankind,Yes,2026-04,1169,2329,3211,3211,0,No,287,7,261.84,0.23,62.37,18
MED0183,Atenolol 250mg Injection,Analgesic,Mankind,Yes,2026-05,287,3249,3559,3536,23,Yes,0,7,261.84,0.23,62.22,18
MED0183,Atenolol 250mg Injection,Analgesic,Mankind,Yes,2026-06,0,3106,4121,3106,1015,Yes,0,7,261.84,0.23,61.88,18
MED0183,Atenolol 250mg Injection,Analgesic,Mankind,Yes,2026-07,0,3980,3852,3852,0,No,128,7,261.84,0.23,62.47,18
MED0184,Misoprostol 20mg Drops,Antidiabetic,Intas,No,2025-08,233,1671,1782,1782,0,No,122,3,27.03,0.17,242.48,6
MED0184,Misoprostol 20mg Drops,Antidiabetic,Intas,No,2025-09,122,1166,1548,1288,260,Yes,0,3,27.03,0.17,235.79,6
MED0184,Misoprostol 20mg Drops,Antidiabetic,Intas,No,2025-10,0,1174,1006,1006,0,No,168,3,27.03,0.17,235.98,6
MED0184,Misoprostol 20mg Drops,Antidiabetic,Intas,No,2025-11,168,917,982,982,0,No,103,3,27.03,0.17,240.66,6
MED0184,Misoprostol 20mg Drops,Antidiabetic,Intas,No,2025-12,103,987,967,967,0,No,123,3,27.03,0.17,240.04,6
MED0184,Misoprostol 20mg Drops,Antidiabetic,Intas,No,2026-01,123,1053,903,903,0,No,273,3,27.03,0.17,233.2,6
MED0184,Misoprostol 20mg Drops,Antidiabetic,Intas,No,2026-02,273,868,942,942,0,No,199,3,27.03,0.17,237.57,6
MED0184,Misoprostol 20mg Drops,Antidiabetic,Intas,No,2026-03,199,1219,1356,1356,0,No,62,3,27.03,0.17,233.01,6
MED0184,Misoprostol 20mg Drops,Antidiabetic,Intas,No,2026-04,62,0,1637,62,1575,Yes,0,3,27.03,0.17,229.32,6
MED0184,Misoprostol 20mg Drops,Antidiabetic,Intas,No,2026-05,0,2853,2556,2556,0,No,297,3,27.03,0.17,224.2,6
MED0184,Misoprostol 20mg Drops,Antidiabetic,Intas,No,2026-06,297,2104,2226,2226,0,No,175,3,27.03,0.17,221.61,6
MED0184,Misoprostol 20mg Drops,Antidiabetic,Intas,No,2026-07,175,2158,1859,1859,0,No,474,3,27.03,0.17,225.53,6
MED0185,Isosorbide Dinitrate 100mg Capsule,Antidiabetic,Aurobindo,Yes,2025-08,2094,5342,4348,4348,0,No,3088,7,448.57,0.14,178.59,24
MED0185,Isosorbide Dinitrate 100mg Capsule,Antidiabetic,Aurobindo,Yes,2025-09,3088,3610,4344,4344,0,No,2354,7,448.57,0.14,178.81,24
MED0185,Isosorbide Dinitrate 100mg Capsule,Antidiabetic,Aurobindo,Yes,2025-10,2354,4191,4253,4253,0,No,2292,7,448.57,0.14,175.49,24
MED0185,Isosorbide Dinitrate 100mg Capsule,Antidiabetic,Aurobindo,Yes,2025-11,2292,3838,4623,4623,0,No,1507,7,448.57,0.14,179.74,24
MED0185,Isosorbide Dinitrate 100mg Capsule,Antidiabetic,Aurobindo,Yes,2025-12,1507,4320,4810,4810,0,No,1017,7,448.57,0.14,184.01,24
MED0185,Isosorbide Dinitrate 100mg Capsule,Antidiabetic,Aurobindo,Yes,2026-01,1017,3342,4244,4244,0,No,115,7,448.57,0.14,188.18,24
MED0185,Isosorbide Dinitrate 100mg Capsule,Antidiabetic,Aurobindo,Yes,2026-02,115,4262,4266,4266,0,No,111,7,448.57,0.14,185.24,24
MED0185,Isosorbide Dinitrate 100mg Capsule,Antidiabetic,Aurobindo,Yes,2026-03,111,3749,4673,3860,813,Yes,0,7,448.57,0.14,184.69,24
MED0185,Isosorbide Dinitrate 100mg Capsule,Antidiabetic,Aurobindo,Yes,2026-04,0,3410,3616,3410,206,Yes,0,7,446.63,0.14,190.15,24
MED0185,Isosorbide Dinitrate 100mg Capsule,Antidiabetic,Aurobindo,Yes,2026-05,0,0,4669,0,4669,Yes,0,7,446.63,0.14,193.21,24
MED0185,Isosorbide Dinitrate 100mg Capsule,Antidiabetic,Aurobindo,Yes,2026-06,0,3582,4473,3582,891,Yes,0,7,446.63,0.14,187.89,24
MED0185,Isosorbide Dinitrate 100mg Capsule,Antidiabetic,Aurobindo,Yes,2026-07,0,3696,4005,3696,309,Yes,0,7,446.63,0.14,183,24
MED0186,Cefixime 2.5mg Injection,Cardiac,Dr Reddy's,No,2025-08,1885,1065,1306,1306,0,No,1644,21,102.4,0.23,341.56,6
MED0186,Cefixime 2.5mg Injection,Cardiac,Dr Reddy's,No,2025-09,1644,927,1128,1128,0,No,1443,21,102.4,0.23,350.37,6
MED0186,Cefixime 2.5mg Injection,Cardiac,Dr Reddy's,No,2025-10,1443,0,1001,1001,0,No,442,21,102.4,0.23,351.2,6
MED0186,Cefixime 2.5mg Injection,Cardiac,Dr Reddy's,No,2025-11,442,853,850,850,0,No,445,21,102.4,0.23,351.15,6
MED0186,Cefixime 2.5mg Injection,Cardiac,Dr Reddy's,No,2025-12,445,579,790,790,0,No,234,21,102.4,0.23,342.66,6
MED0186,Cefixime 2.5mg Injection,Cardiac,Dr Reddy's,No,2026-01,234,619,700,700,0,No,153,21,102.4,0.23,346.03,6
MED0186,Cefixime 2.5mg Injection,Cardiac,Dr Reddy's,No,2026-02,153,1048,848,848,0,No,353,21,102.4,0.23,352.96,6
MED0186,Cefixime 2.5mg Injection,Cardiac,Dr Reddy's,No,2026-03,353,741,979,979,0,No,115,21,102.4,0.23,350.39,6
MED0186,Cefixime 2.5mg Injection,Cardiac,Dr Reddy's,No,2026-04,115,1806,1491,1491,0,No,430,21,102.4,0.23,356.32,6
MED0186,Cefixime 2.5mg Injection,Cardiac,Dr Reddy's,No,2026-05,430,2629,2088,2088,0,No,971,21,102.4,0.23,366.31,6
MED0186,Cefixime 2.5mg Injection,Cardiac,Dr Reddy's,No,2026-06,971,2422,2190,2190,0,No,1203,21,102.4,0.23,359.94,6
MED0186,Cefixime 2.5mg Injection,Cardiac,Dr Reddy's,No,2026-07,1203,0,1579,1203,376,Yes,0,21,102.4,0.23,360.44,6
MED0187,ORS 5ml Drops,Emergency/Critical Care,Lupin,No,2025-08,373,1125,1066,1066,0,No,432,5,508.25,0.19,107.72,6
MED0187,ORS 5ml Drops,Emergency/Critical Care,Lupin,No,2025-09,432,0,1048,432,616,Yes,0,5,508.25,0.19,106.28,6
MED0187,ORS 5ml Drops,Emergency/Critical Care,Lupin,No,2025-10,0,717,940,717,223,Yes,0,5,508.25,0.19,108.27,6
MED0187,ORS 5ml Drops,Emergency/Critical Care,Lupin,No,2025-11,0,1118,1101,1101,0,No,17,5,508.25,0.19,108.8,6
MED0187,ORS 5ml Drops,Emergency/Critical Care,Lupin,No,2025-12,17,979,970,970,0,No,26,5,508.25,0.19,109.71,6
MED0187,ORS 5ml Drops,Emergency/Critical Care,Lupin,No,2026-01,26,0,991,26,965,Yes,0,5,508.25,0.19,111.73,6
MED0187,ORS 5ml Drops,Emergency/Critical Care,Lupin,No,2026-02,0,0,980,0,980,Yes,0,5,508.25,0.19,111.02,6
MED0187,ORS 5ml Drops,Emergency/Critical Care,Lupin,No,2026-03,0,908,932,908,24,Yes,0,5,508.25,0.19,113.84,6
MED0187,ORS 5ml Drops,Emergency/Critical Care,Lupin,No,2026-04,0,0,1098,0,1098,Yes,0,5,508.25,0.19,114.06,6
MED0187,ORS 5ml Drops,Emergency/Critical Care,Lupin,No,2026-05,0,1072,1063,1063,0,No,9,5,508.25,0.19,111.74,6
MED0187,ORS 5ml Drops,Emergency/Critical Care,Lupin,No,2026-06,9,749,1056,758,298,Yes,0,5,508.25,0.19,113.07,6
MED0187,ORS 5ml Drops,Emergency/Critical Care,Lupin,No,2026-07,0,1215,954,954,0,No,261,5,508.25,0.19,115.06,6
MED0188,Morphine 1g Tablet,Cardiac,Alkem,No,2025-08,677,2052,1794,1794,0,No,935,4,594.68,0.13,319.9,24
MED0188,Morphine 1g Tablet,Cardiac,Alkem,No,2025-09,935,1831,1882,1882,0,No,884,4,594.68,0.13,316.21,24
MED0188,Morphine 1g Tablet,Cardiac,Alkem,No,2025-10,884,1735,2100,2100,0,No,519,4,594.68,0.13,323.41,24
MED0188,Morphine 1g Tablet,Cardiac,Alkem,No,2025-11,519,2957,3134,3134,0,No,342,4,594.68,0.13,331.6,24
MED0188,Morphine 1g Tablet,Cardiac,Alkem,No,2025-12,342,4735,3746,3746,0,No,1331,4,594.68,0.13,327.1,24
MED0188,Morphine 1g Tablet,Cardiac,Alkem,No,2026-01,1331,2903,3321,3321,0,No,913,4,594.68,0.13,336.84,24
MED0188,Morphine 1g Tablet,Cardiac,Alkem,No,2026-02,913,2871,3367,3367,0,No,417,4,594.68,0.13,329.6,24
MED0188,Morphine 1g Tablet,Cardiac,Alkem,No,2026-03,417,2297,2180,2180,0,No,534,4,594.68,0.13,323.59,24
MED0188,Morphine 1g Tablet,Cardiac,Alkem,No,2026-04,534,1222,1722,1722,0,No,34,4,594.68,0.13,317.23,24
MED0188,Morphine 1g Tablet,Cardiac,Alkem,No,2026-05,34,0,1543,34,1509,Yes,0,4,594.68,0.13,325.17,24
MED0188,Morphine 1g Tablet,Cardiac,Alkem,No,2026-06,0,1125,1444,1125,319,Yes,0,4,594.68,0.13,328.28,24
MED0188,Morphine 1g Tablet,Cardiac,Alkem,No,2026-07,0,1945,1646,1646,0,No,299,4,594.68,0.13,321.27,24
MED0189,Fluconazole 20mg Ointment,Analgesic,Lupin,Yes,2025-08,53,270,241,241,0,No,82,4,214.59,0.25,217.74,18
MED0189,Fluconazole 20mg Ointment,Analgesic,Lupin,Yes,2025-09,82,189,235,235,0,No,36,4,214.59,0.25,216.92,18
MED0189,Fluconazole 20mg Ointment,Analgesic,Lupin,Yes,2025-10,36,191,228,227,1,Yes,0,4,214.59,0.25,218.5,18
MED0189,Fluconazole 20mg Ointment,Analgesic,Lupin,Yes,2025-11,0,225,245,225,20,Yes,0,4,214.59,0.25,212.79,18
MED0189,Fluconazole 20mg Ointment,Analgesic,Lupin,Yes,2025-12,0,330,275,275,0,No,55,4,214.59,0.25,218.04,18
MED0189,Fluconazole 20mg Ointment,Analgesic,Lupin,Yes,2026-01,55,251,256,256,0,No,50,4,214.59,0.25,222.2,18
MED0189,Fluconazole 20mg Ointment,Analgesic,Lupin,Yes,2026-02,50,280,266,266,0,No,64,4,214.59,0.25,222.27,18
MED0189,Fluconazole 20mg Ointment,Analgesic,Lupin,Yes,2026-03,64,204,264,264,0,No,4,4,214.59,0.25,228.68,18
MED0189,Fluconazole 20mg Ointment,Analgesic,Lupin,Yes,2026-04,4,0,253,4,249,Yes,0,4,205.99,0.25,227.55,18
MED0189,Fluconazole 20mg Ointment,Analgesic,Lupin,Yes,2026-05,0,0,252,0,252,Yes,0,4,205.99,0.25,234.19,18
MED0189,Fluconazole 20mg Ointment,Analgesic,Lupin,Yes,2026-06,0,217,234,217,17,Yes,0,4,205.99,0.25,236.49,18
MED0189,Fluconazole 20mg Ointment,Analgesic,Lupin,Yes,2026-07,0,183,257,183,74,Yes,0,4,205.99,0.25,237.34,18
MED0190,Ivermectin 5mg Tablet,Anesthetic,Abbott,No,2025-08,1198,1558,1900,1900,0,No,856,10,457.63,0.2,173.43,36
MED0190,Ivermectin 5mg Tablet,Anesthetic,Abbott,No,2025-09,856,1893,1535,1535,0,No,1214,10,457.63,0.2,177.6,36
MED0190,Ivermectin 5mg Tablet,Anesthetic,Abbott,No,2025-10,1214,1473,1177,1177,0,No,1510,10,457.63,0.2,176.81,36
MED0190,Ivermectin 5mg Tablet,Anesthetic,Abbott,No,2025-11,1510,0,1108,1108,0,No,402,10,457.63,0.2,173.12,36
MED0190,Ivermectin 5mg Tablet,Anesthetic,Abbott,No,2025-12,402,0,1060,402,658,Yes,0,10,457.63,0.2,167.79,36
MED0190,Ivermectin 5mg Tablet,Anesthetic,Abbott,No,2026-01,0,0,910,0,910,Yes,0,10,457.63,0.2,168.44,36
MED0190,Ivermectin 5mg Tablet,Anesthetic,Abbott,No,2026-02,0,764,1025,764,261,Yes,0,10,457.63,0.2,168.74,36
MED0190,Ivermectin 5mg Tablet,Anesthetic,Abbott,No,2026-03,0,1194,1230,1194,36,Yes,0,10,457.63,0.2,171.14,36
MED0190,Ivermectin 5mg Tablet,Anesthetic,Abbott,No,2026-04,0,0,1953,0,1953,Yes,0,10,457.63,0.2,175.4,36
MED0190,Ivermectin 5mg Tablet,Anesthetic,Abbott,No,2026-05,0,2512,2364,2364,0,No,148,10,457.63,0.2,170.8,36
MED0190,Ivermectin 5mg Tablet,Anesthetic,Abbott,No,2026-06,148,2132,2322,2280,42,Yes,0,10,457.63,0.2,173.33,36
MED0190,Ivermectin 5mg Tablet,Anesthetic,Abbott,No,2026-07,0,2598,2088,2088,0,No,510,10,457.63,0.2,169.91,36
MED0191,Mannitol 10ml Injection,Cardiac,Zydus,No,2025-08,785,2522,2000,2000,0,No,1307,5,505.23,0.21,257.82,18
MED0191,Mannitol 10ml Injection,Cardiac,Zydus,No,2025-09,1307,1517,1955,1955,0,No,869,5,505.23,0.21,263.64,18
MED0191,Mannitol 10ml Injection,Cardiac,Zydus,No,2025-10,869,1471,1981,1981,0,No,359,5,505.23,0.21,268.82,18
MED0191,Mannitol 10ml Injection,Cardiac,Zydus,No,2025-11,359,2063,2243,2243,0,No,179,5,505.23,0.21,269.48,18
MED0191,Mannitol 10ml Injection,Cardiac,Zydus,No,2025-12,179,1653,2134,1832,302,Yes,0,5,505.23,0.21,272.89,18
MED0191,Mannitol 10ml Injection,Cardiac,Zydus,No,2026-01,0,1376,1887,1376,511,Yes,0,5,505.23,0.21,269.87,18
MED0191,Mannitol 10ml Injection,Cardiac,Zydus,No,2026-02,0,2028,1945,1945,0,No,83,5,505.23,0.21,269.4,18
MED0191,Mannitol 10ml Injection,Cardiac,Zydus,No,2026-03,83,1869,1772,1772,0,No,180,5,505.23,0.21,274.62,18
MED0191,Mannitol 10ml Injection,Cardiac,Zydus,No,2026-04,180,2244,2108,2108,0,No,316,5,505.23,0.21,273.96,18
MED0191,Mannitol 10ml Injection,Cardiac,Zydus,No,2026-05,316,2346,1913,1913,0,No,749,5,505.23,0.21,271.65,18
MED0191,Mannitol 10ml Injection,Cardiac,Zydus,No,2026-06,749,1672,1744,1744,0,No,677,5,505.23,0.21,271.56,18
MED0191,Mannitol 10ml Injection,Cardiac,Zydus,No,2026-07,677,2443,1880,1880,0,No,1240,5,505.23,0.21,276.89,18
MED0192,Rosuvastatin 250mg Capsule,Gastrointestinal,Sun Pharma,No,2025-08,657,0,394,394,0,No,263,21,215.53,0.19,316.36,18
MED0192,Rosuvastatin 250mg Capsule,Gastrointestinal,Sun Pharma,No,2025-09,263,521,467,467,0,No,317,21,215.53,0.19,313.08,18
MED0192,Rosuvastatin 250mg Capsule,Gastrointestinal,Sun Pharma,No,2025-10,317,749,579,579,0,No,487,21,215.53,0.19,306.58,18
MED0192,Rosuvastatin 250mg Capsule,Gastrointestinal,Sun Pharma,No,2025-11,487,793,675,675,0,No,605,21,215.53,0.19,310.81,18
MED0192,Rosuvastatin 250mg Capsule,Gastrointestinal,Sun Pharma,No,2025-12,605,1178,933,933,0,No,850,21,215.53,0.19,317.31,18
MED0192,Rosuvastatin 250mg Capsule,Gastrointestinal,Sun Pharma,No,2026-01,850,1085,940,940,0,No,995,21,215.53,0.19,309.35,18
MED0192,Rosuvastatin 250mg Capsule,Gastrointestinal,Sun Pharma,No,2026-02,995,0,790,790,0,No,205,21,215.53,0.19,304.17,18
MED0192,Rosuvastatin 250mg Capsule,Gastrointestinal,Sun Pharma,No,2026-03,205,653,569,569,0,No,289,21,215.53,0.19,297.03,18
MED0192,Rosuvastatin 250mg Capsule,Gastrointestinal,Sun Pharma,No,2026-04,289,365,440,440,0,No,214,21,215.53,0.19,294,18
MED0192,Rosuvastatin 250mg Capsule,Gastrointestinal,Sun Pharma,No,2026-05,214,287,350,350,0,No,151,21,215.53,0.19,293.01,18
MED0192,Rosuvastatin 250mg Capsule,Gastrointestinal,Sun Pharma,No,2026-06,151,321,328,328,0,No,144,21,215.53,0.19,297.97,18
MED0192,Rosuvastatin 250mg Capsule,Gastrointestinal,Sun Pharma,No,2026-07,144,504,449,449,0,No,199,21,215.53,0.19,300.98,18
MED0193,Hydrocortisone 250mg Ointment,Dermatological,Cadila,No,2025-08,116,427,570,543,27,Yes,0,5,378.64,0.22,185.62,6
MED0193,Hydrocortisone 250mg Ointment,Dermatological,Cadila,No,2025-09,0,515,584,515,69,Yes,0,5,378.64,0.22,187.03,6
MED0193,Hydrocortisone 250mg Ointment,Dermatological,Cadila,No,2025-10,0,614,565,565,0,No,49,5,378.64,0.22,185.3,6
MED0193,Hydrocortisone 250mg Ointment,Dermatological,Cadila,No,2025-11,49,652,612,612,0,No,89,5,378.64,0.22,189.29,6
MED0193,Hydrocortisone 250mg Ointment,Dermatological,Cadila,No,2025-12,89,719,589,589,0,No,219,5,378.64,0.22,188.95,6
MED0193,Hydrocortisone 250mg Ointment,Dermatological,Cadila,No,2026-01,219,0,526,219,307,Yes,0,5,378.64,0.22,194.55,6
MED0193,Hydrocortisone 250mg Ointment,Dermatological,Cadila,No,2026-02,0,507,484,484,0,No,23,5,378.64,0.22,196.12,6
MED0193,Hydrocortisone 250mg Ointment,Dermatological,Cadila,No,2026-03,23,480,482,482,0,No,21,5,378.64,0.22,191.75,6
MED0193,Hydrocortisone 250mg Ointment,Dermatological,Cadila,No,2026-04,21,0,599,21,578,Yes,0,5,378.64,0.22,193.81,6
MED0193,Hydrocortisone 250mg Ointment,Dermatological,Cadila,No,2026-05,0,472,603,472,131,Yes,0,5,378.64,0.22,191.76,6
MED0193,Hydrocortisone 250mg Ointment,Dermatological,Cadila,No,2026-06,0,402,567,402,165,Yes,0,5,378.64,0.22,193.94,6
MED0193,Hydrocortisone 250mg Ointment,Dermatological,Cadila,No,2026-07,0,367,483,367,116,Yes,0,5,378.64,0.22,188.91,6
MED0194,Methyldopa 50mg Tablet,Vaccine,Lupin,No,2025-08,886,0,2241,886,1355,Yes,0,5,235.14,0.27,163.07,6
MED0194,Methyldopa 50mg Tablet,Vaccine,Lupin,No,2025-09,0,3161,2958,2958,0,No,203,5,235.14,0.27,159.73,6
MED0194,Methyldopa 50mg Tablet,Vaccine,Lupin,No,2025-10,203,1626,2240,1829,411,Yes,0,5,235.14,0.27,163.38,6
MED0194,Methyldopa 50mg Tablet,Vaccine,Lupin,No,2025-11,0,2739,2486,2486,0,No,253,5,235.14,0.27,160.58,6
MED0194,Methyldopa 50mg Tablet,Vaccine,Lupin,No,2025-12,253,0,2586,253,2333,Yes,0,5,235.14,0.27,164.04,6
MED0194,Methyldopa 50mg Tablet,Vaccine,Lupin,No,2026-01,0,1882,2410,1882,528,Yes,0,5,235.14,0.27,161.77,6
MED0194,Methyldopa 50mg Tablet,Vaccine,Lupin,No,2026-02,0,2908,2684,2684,0,No,224,5,235.14,0.27,163.24,6
MED0194,Methyldopa 50mg Tablet,Vaccine,Lupin,No,2026-03,224,2562,2576,2576,0,No,210,5,235.14,0.27,165.23,6
MED0194,Methyldopa 50mg Tablet,Vaccine,Lupin,No,2026-04,210,1758,2456,1968,488,Yes,0,5,235.14,0.27,165.36,6
MED0194,Methyldopa 50mg Tablet,Vaccine,Lupin,No,2026-05,0,2676,2583,2583,0,No,93,5,235.14,0.27,163.36,6
MED0194,Methyldopa 50mg Tablet,Vaccine,Lupin,No,2026-06,93,0,2896,93,2803,Yes,0,5,235.14,0.27,160.41,6
MED0194,Methyldopa 50mg Tablet,Vaccine,Lupin,No,2026-07,0,0,2546,0,2546,Yes,0,5,235.14,0.27,155.61,6
MED0195,Calcium Carbonate 20mg Injection,Vitamin/Supplement,Intas,Yes,2025-08,268,0,965,268,697,Yes,0,5,561.96,0.28,80.76,18
MED0195,Calcium Carbonate 20mg Injection,Vitamin/Supplement,Intas,Yes,2025-09,0,848,686,686,0,No,162,5,561.96,0.28,79.76,18
MED0195,Calcium Carbonate 20mg Injection,Vitamin/Supplement,Intas,Yes,2025-10,162,375,520,520,0,No,17,5,561.96,0.28,80.54,18
MED0195,Calcium Carbonate 20mg Injection,Vitamin/Supplement,Intas,Yes,2025-11,17,455,527,472,55,Yes,0,5,561.96,0.28,82.77,18
MED0195,Calcium Carbonate 20mg Injection,Vitamin/Supplement,Intas,Yes,2025-12,0,459,508,459,49,Yes,0,5,561.96,0.28,84.66,18
MED0195,Calcium Carbonate 20mg Injection,Vitamin/Supplement,Intas,Yes,2026-01,0,299,418,299,119,Yes,0,5,561.96,0.28,86.01,18
MED0195,Calcium Carbonate 20mg Injection,Vitamin/Supplement,Intas,Yes,2026-02,0,0,567,0,567,Yes,0,5,561.96,0.28,87.48,18
MED0195,Calcium Carbonate 20mg Injection,Vitamin/Supplement,Intas,Yes,2026-03,0,708,629,629,0,No,79,5,561.96,0.28,88.03,18
MED0195,Calcium Carbonate 20mg Injection,Vitamin/Supplement,Intas,Yes,2026-04,79,1248,1115,1115,0,No,212,5,535.73,0.28,86.81,18
MED0195,Calcium Carbonate 20mg Injection,Vitamin/Supplement,Intas,Yes,2026-05,212,1851,1466,1466,0,No,597,5,535.73,0.28,88.03,18
MED0195,Calcium Carbonate 20mg Injection,Vitamin/Supplement,Intas,Yes,2026-06,597,1348,1060,1060,0,No,885,5,535.73,0.28,88.03,18
MED0195,Calcium Carbonate 20mg Injection,Vitamin/Supplement,Intas,Yes,2026-07,885,755,890,890,0,No,750,5,535.73,0.28,88.03,18
MED0196,Misoprostol 5mg Ointment,Dermatological,Intas,No,2025-08,518,294,289,289,0,No,523,21,577.25,0.26,40.65,6
MED0196,Misoprostol 5mg Ointment,Dermatological,Intas,No,2025-09,523,259,326,326,0,No,456,21,577.25,0.26,40.51,6
MED0196,Misoprostol 5mg Ointment,Dermatological,Intas,No,2025-10,456,394,337,337,0,No,513,21,577.25,0.26,40.41,6
MED0196,Misoprostol 5mg Ointment,Dermatological,Intas,No,2025-11,513,402,456,456,0,No,459,21,577.25,0.26,41.34,6
MED0196,Misoprostol 5mg Ointment,Dermatological,Intas,No,2025-12,459,618,708,708,0,No,369,21,577.25,0.26,41.46,6
MED0196,Misoprostol 5mg Ointment,Dermatological,Intas,No,2026-01,369,0,667,369,298,Yes,0,21,577.25,0.26,41.15,6
MED0196,Misoprostol 5mg Ointment,Dermatological,Intas,No,2026-02,0,347,492,347,145,Yes,0,21,577.25,0.26,42.37,6
MED0196,Misoprostol 5mg Ointment,Dermatological,Intas,No,2026-03,0,339,410,339,71,Yes,0,21,577.25,0.26,41.37,6
MED0196,Misoprostol 5mg Ointment,Dermatological,Intas,No,2026-04,0,0,316,0,316,Yes,0,21,577.25,0.26,41.17,6
MED0196,Misoprostol 5mg Ointment,Dermatological,Intas,No,2026-05,0,236,255,236,19,Yes,0,21,577.25,0.26,40,6
MED0196,Misoprostol 5mg Ointment,Dermatological,Intas,No,2026-06,0,306,299,299,0,No,7,21,577.25,0.26,40.61,6
MED0196,Misoprostol 5mg Ointment,Dermatological,Intas,No,2026-07,7,247,304,254,50,Yes,0,21,577.25,0.26,41.68,6
MED0197,Chlorhexidine 100mg Syrup,Cardiac,Zydus,No,2025-08,727,1908,2445,2445,0,No,190,5,295.56,0.14,169.87,18
MED0197,Chlorhexidine 100mg Syrup,Cardiac,Zydus,No,2025-09,190,2682,2208,2208,0,No,664,5,295.56,0.14,167.52,18
MED0197,Chlorhexidine 100mg Syrup,Cardiac,Zydus,No,2025-10,664,2657,2185,2185,0,No,1136,5,295.56,0.14,171.35,18
MED0197,Chlorhexidine 100mg Syrup,Cardiac,Zydus,No,2025-11,1136,2701,2215,2215,0,No,1622,5,295.56,0.14,169.13,18
MED0197,Chlorhexidine 100mg Syrup,Cardiac,Zydus,No,2025-12,1622,2005,2851,2851,0,No,776,5,295.56,0.14,173.53,18
MED0197,Chlorhexidine 100mg Syrup,Cardiac,Zydus,No,2026-01,776,2609,2178,2178,0,No,1207,5,295.56,0.14,176.25,18
MED0197,Chlorhexidine 100mg Syrup,Cardiac,Zydus,No,2026-02,1207,3521,2816,2816,0,No,1912,5,295.56,0.14,179.51,18
MED0197,Chlorhexidine 100mg Syrup,Cardiac,Zydus,No,2026-03,1912,2306,2492,2492,0,No,1726,5,295.56,0.14,174.35,18
MED0197,Chlorhexidine 100mg Syrup,Cardiac,Zydus,No,2026-04,1726,0,2578,1726,852,Yes,0,5,295.56,0.14,179.3,18
MED0197,Chlorhexidine 100mg Syrup,Cardiac,Zydus,No,2026-05,0,3682,2893,2893,0,No,789,5,295.56,0.14,181.73,18
MED0197,Chlorhexidine 100mg Syrup,Cardiac,Zydus,No,2026-06,789,1934,2259,2259,0,No,464,5,295.56,0.14,179.64,18
MED0197,Chlorhexidine 100mg Syrup,Cardiac,Zydus,No,2026-07,464,0,2746,464,2282,Yes,0,5,295.56,0.14,183.17,18
MED0198,Atenolol 20mg Tablet,Antibiotic,Torrent,Yes,2025-08,843,3897,3108,3108,0,No,1632,5,8.6,0.22,323.12,12
MED0198,Atenolol 20mg Tablet,Antibiotic,Torrent,Yes,2025-09,1632,3353,3091,3091,0,No,1894,5,8.6,0.22,318.67,12
MED0198,Atenolol 20mg Tablet,Antibiotic,Torrent,Yes,2025-10,1894,2346,2395,2395,0,No,1845,5,8.6,0.22,326.26,12
MED0198,Atenolol 20mg Tablet,Antibiotic,Torrent,Yes,2025-11,1845,2221,2076,2076,0,No,1990,5,8.6,0.22,318.37,12
MED0198,Atenolol 20mg Tablet,Antibiotic,Torrent,Yes,2025-12,1990,0,1704,1704,0,No,286,5,8.6,0.22,322.52,12
MED0198,Atenolol 20mg Tablet,Antibiotic,Torrent,Yes,2026-01,286,1632,1765,1765,0,No,153,5,8.6,0.22,323.35,12
MED0198,Atenolol 20mg Tablet,Antibiotic,Torrent,Yes,2026-02,153,1814,1986,1967,19,Yes,0,5,8.6,0.22,315.14,12
MED0198,Atenolol 20mg Tablet,Antibiotic,Torrent,Yes,2026-03,0,3657,2921,2921,0,No,736,5,8.6,0.22,309.89,12
MED0198,Atenolol 20mg Tablet,Antibiotic,Torrent,Yes,2026-04,736,4077,3648,3648,0,No,1165,5,8.39,0.22,299.96,12
MED0198,Atenolol 20mg Tablet,Antibiotic,Torrent,Yes,2026-05,1165,4920,5412,5412,0,No,673,5,8.39,0.22,299.32,12
MED0198,Atenolol 20mg Tablet,Antibiotic,Torrent,Yes,2026-06,673,4490,5015,5015,0,No,148,5,8.39,0.22,295.27,12
MED0198,Atenolol 20mg Tablet,Antibiotic,Torrent,Yes,2026-07,148,4324,4022,4022,0,No,450,5,8.39,0.22,297.27,12
MED0199,Hydrocortisone 100mg Suspension,Gastrointestinal,GSK,No,2025-08,3035,2908,3130,3130,0,No,2813,21,656.1,0.23,205.07,24
MED0199,Hydrocortisone 100mg Suspension,Gastrointestinal,GSK,No,2025-09,2813,3593,2855,2855,0,No,3551,21,656.1,0.23,202.49,24
MED0199,Hydrocortisone 100mg Suspension,Gastrointestinal,GSK,No,2025-10,3551,3375,3016,3016,0,No,3910,21,656.1,0.23,205.63,24
MED0199,Hydrocortisone 100mg Suspension,Gastrointestinal,GSK,No,2025-11,3910,2950,2453,2453,0,No,4407,21,656.1,0.23,199.79,24
MED0199,Hydrocortisone 100mg Suspension,Gastrointestinal,GSK,No,2025-12,4407,2458,2338,2338,0,No,4527,21,656.1,0.23,205,24
MED0199,Hydrocortisone 100mg Suspension,Gastrointestinal,GSK,No,2026-01,4527,0,2961,2961,0,No,1566,21,656.1,0.23,209.55,24
MED0199,Hydrocortisone 100mg Suspension,Gastrointestinal,GSK,No,2026-02,1566,3315,3051,3051,0,No,1830,21,656.1,0.23,211.72,24
MED0199,Hydrocortisone 100mg Suspension,Gastrointestinal,GSK,No,2026-03,1830,1805,2458,2458,0,No,1177,21,656.1,0.23,212.92,24
MED0199,Hydrocortisone 100mg Suspension,Gastrointestinal,GSK,No,2026-04,1177,3134,3088,3088,0,No,1223,21,656.1,0.23,217.99,24
MED0199,Hydrocortisone 100mg Suspension,Gastrointestinal,GSK,No,2026-05,1223,2949,3004,3004,0,No,1168,21,656.1,0.23,213.92,24
MED0199,Hydrocortisone 100mg Suspension,Gastrointestinal,GSK,No,2026-06,1168,2057,2383,2383,0,No,842,21,656.1,0.23,208.48,24
MED0199,Hydrocortisone 100mg Suspension,Gastrointestinal,GSK,No,2026-07,842,2176,2323,2323,0,No,695,21,656.1,0.23,205.11,24
MED0200,Insulin Regular 20mg Tablet,Vaccine,Glenmark,No,2025-08,598,0,2677,598,2079,Yes,0,4,538.54,0.16,134.96,18
MED0200,Insulin Regular 20mg Tablet,Vaccine,Glenmark,No,2025-09,0,2248,2421,2248,173,Yes,0,4,538.54,0.16,137.46,18
MED0200,Insulin Regular 20mg Tablet,Vaccine,Glenmark,No,2025-10,0,1970,2098,1970,128,Yes,0,4,538.54,0.16,133.5,18
MED0200,Insulin Regular 20mg Tablet,Vaccine,Glenmark,No,2025-11,0,0,1608,0,1608,Yes,0,4,538.54,0.16,134.2,18
MED0200,Insulin Regular 20mg Tablet,Vaccine,Glenmark,No,2025-12,0,993,1407,993,414,Yes,0,4,538.54,0.16,138.41,18
MED0200,Insulin Regular 20mg Tablet,Vaccine,Glenmark,No,2026-01,0,0,1616,0,1616,Yes,0,4,538.54,0.16,141.43,18
MED0200,Insulin Regular 20mg Tablet,Vaccine,Glenmark,No,2026-02,0,1827,1650,1650,0,No,177,4,538.54,0.16,141.61,18
MED0200,Insulin Regular 20mg Tablet,Vaccine,Glenmark,No,2026-03,177,2624,2178,2178,0,No,623,4,538.54,0.16,137.9,18
MED0200,Insulin Regular 20mg Tablet,Vaccine,Glenmark,No,2026-04,623,4152,3367,3367,0,No,1408,4,538.54,0.16,140.72,18
MED0200,Insulin Regular 20mg Tablet,Vaccine,Glenmark,No,2026-05,1408,4946,3910,3910,0,No,2444,4,538.54,0.16,141.56,18
MED0200,Insulin Regular 20mg Tablet,Vaccine,Glenmark,No,2026-06,2444,3987,4069,4069,0,No,2362,4,538.54,0.16,138.29,18
MED0200,Insulin Regular 20mg Tablet,Vaccine,Glenmark,No,2026-07,2362,3093,3536,3536,0,No,1919,4,538.54,0.16,134.84,18
MED0201,Lidocaine 1mg Injection,Dermatological,Torrent,Yes,2025-08,504,1819,1540,1540,0,No,783,4,255.43,0.21,155.06,18
MED0201,Lidocaine 1mg Injection,Dermatological,Torrent,Yes,2025-09,783,1160,1466,1466,0,No,477,4,255.43,0.21,159.06,18
MED0201,Lidocaine 1mg Injection,Dermatological,Torrent,Yes,2025-10,477,1603,1886,1886,0,No,194,4,255.43,0.21,160.71,18
MED0201,Lidocaine 1mg Injection,Dermatological,Torrent,Yes,2025-11,194,2106,2378,2300,78,Yes,0,4,255.43,0.21,163.93,18
MED0201,Lidocaine 1mg Injection,Dermatological,Torrent,Yes,2025-12,0,2599,2939,2599,340,Yes,0,4,255.43,0.21,167.63,18
MED0201,Lidocaine 1mg Injection,Dermatological,Torrent,Yes,2026-01,0,2890,3074,2890,184,Yes,0,4,255.43,0.21,168.33,18
MED0201,Lidocaine 1mg Injection,Dermatological,Torrent,Yes,2026-02,0,2647,2381,2381,0,No,266,4,255.43,0.21,168.5,18
MED0201,Lidocaine 1mg Injection,Dermatological,Torrent,Yes,2026-03,266,1625,1564,1564,0,No,327,4,255.43,0.21,167.82,18
MED0201,Lidocaine 1mg Injection,Dermatological,Torrent,Yes,2026-04,327,1231,1413,1413,0,No,145,4,267.46,0.21,166.03,18
MED0201,Lidocaine 1mg Injection,Dermatological,Torrent,Yes,2026-05,145,1404,1238,1238,0,No,311,4,267.46,0.21,165.39,18
MED0201,Lidocaine 1mg Injection,Dermatological,Torrent,Yes,2026-06,311,848,1177,1159,18,Yes,0,4,267.46,0.21,168.07,18
MED0201,Lidocaine 1mg Injection,Dermatological,Torrent,Yes,2026-07,0,1079,1359,1079,280,Yes,0,4,267.46,0.21,169.02,18
MED0202,Gentamicin 1g Syrup,Dermatological,Abbott,Yes,2025-08,106,454,463,463,0,No,97,4,123.99,0.12,240.2,12
MED0202,Gentamicin 1g Syrup,Dermatological,Abbott,Yes,2025-09,97,440,424,424,0,No,113,4,123.99,0.12,239.34,12
MED0202,Gentamicin 1g Syrup,Dermatological,Abbott,Yes,2025-10,113,338,414,414,0,No,37,4,123.99,0.12,240.96,12
MED0202,Gentamicin 1g Syrup,Dermatological,Abbott,Yes,2025-11,37,0,446,37,409,Yes,0,4,123.99,0.12,242.95,12
MED0202,Gentamicin 1g Syrup,Dermatological,Abbott,Yes,2025-12,0,564,474,474,0,No,90,4,123.99,0.12,244.34,12
MED0202,Gentamicin 1g Syrup,Dermatological,Abbott,Yes,2026-01,90,467,432,432,0,No,125,4,123.99,0.12,247.41,12
MED0202,Gentamicin 1g Syrup,Dermatological,Abbott,Yes,2026-02,125,604,503,503,0,No,226,4,123.99,0.12,243.44,12
MED0202,Gentamicin 1g Syrup,Dermatological,Abbott,Yes,2026-03,226,288,389,389,0,No,125,4,123.99,0.12,243.63,12
MED0202,Gentamicin 1g Syrup,Dermatological,Abbott,Yes,2026-04,125,463,451,451,0,No,137,4,130.69,0.12,237.64,12
MED0202,Gentamicin 1g Syrup,Dermatological,Abbott,Yes,2026-05,137,422,511,511,0,No,48,4,130.69,0.12,235.89,12
MED0202,Gentamicin 1g Syrup,Dermatological,Abbott,Yes,2026-06,48,552,465,465,0,No,135,4,130.69,0.12,235.7,12
MED0202,Gentamicin 1g Syrup,Dermatological,Abbott,Yes,2026-07,135,552,497,497,0,No,190,4,130.69,0.12,238,12
MED0203,Folic Acid 10mg Tablet,Respiratory,Cipla,Yes,2025-08,611,889,952,952,0,No,548,10,464.39,0.21,72.63,24
MED0203,Folic Acid 10mg Tablet,Respiratory,Cipla,Yes,2025-09,548,0,1147,548,599,Yes,0,10,464.39,0.21,73.09,24
MED0203,Folic Acid 10mg Tablet,Respiratory,Cipla,Yes,2025-10,0,1012,910,910,0,No,102,10,464.39,0.21,74.2,24
MED0203,Folic Acid 10mg Tablet,Respiratory,Cipla,Yes,2025-11,102,1215,1007,1007,0,No,310,10,464.39,0.21,74.23,24
MED0203,Folic Acid 10mg Tablet,Respiratory,Cipla,Yes,2025-12,310,919,1133,1133,0,No,96,10,464.39,0.21,74.84,24
MED0203,Folic Acid 10mg Tablet,Respiratory,Cipla,Yes,2026-01,96,1116,984,984,0,No,228,10,464.39,0.21,72.88,24
MED0203,Folic Acid 10mg Tablet,Respiratory,Cipla,Yes,2026-02,228,0,1039,228,811,Yes,0,10,464.39,0.21,71.76,24
MED0203,Folic Acid 10mg Tablet,Respiratory,Cipla,Yes,2026-03,0,710,1010,710,300,Yes,0,10,464.39,0.21,71.13,24
MED0203,Folic Acid 10mg Tablet,Respiratory,Cipla,Yes,2026-04,0,1229,1204,1204,0,No,25,10,490.67,0.21,71,24
MED0203,Folic Acid 10mg Tablet,Respiratory,Cipla,Yes,2026-05,25,948,933,933,0,No,40,10,490.67,0.21,68.92,24
MED0203,Folic Acid 10mg Tablet,Respiratory,Cipla,Yes,2026-06,40,1314,1054,1054,0,No,300,10,490.67,0.21,67.27,24
MED0203,Folic Acid 10mg Tablet,Respiratory,Cipla,Yes,2026-07,300,801,921,921,0,No,180,10,490.67,0.21,66.25,24
MED0204,Tetanus Toxoid 250mg Injection,Emergency/Critical Care,Lupin,No,2025-08,35,159,181,181,0,No,13,3,390.54,0.14,299,24
MED0204,Tetanus Toxoid 250mg Injection,Emergency/Critical Care,Lupin,No,2025-09,13,170,155,155,0,No,28,3,390.54,0.14,295.82,24
MED0204,Tetanus Toxoid 250mg Injection,Emergency/Critical Care,Lupin,No,2025-10,28,0,187,28,159,Yes,0,3,390.54,0.14,295.48,24
MED0204,Tetanus Toxoid 250mg Injection,Emergency/Critical Care,Lupin,No,2025-11,0,149,196,149,47,Yes,0,3,390.54,0.14,289.76,24
MED0204,Tetanus Toxoid 250mg Injection,Emergency/Critical Care,Lupin,No,2025-12,0,195,156,156,0,No,39,3,390.54,0.14,291.85,24
MED0204,Tetanus Toxoid 250mg Injection,Emergency/Critical Care,Lupin,No,2026-01,39,204,201,201,0,No,42,3,390.54,0.14,287.72,24
MED0204,Tetanus Toxoid 250mg Injection,Emergency/Critical Care,Lupin,No,2026-02,42,141,164,164,0,No,19,3,390.54,0.14,282.2,24
MED0204,Tetanus Toxoid 250mg Injection,Emergency/Critical Care,Lupin,No,2026-03,19,130,165,149,16,Yes,0,3,390.54,0.14,282.51,24
MED0204,Tetanus Toxoid 250mg Injection,Emergency/Critical Care,Lupin,No,2026-04,0,217,177,177,0,No,40,3,390.54,0.14,273.2,24
MED0204,Tetanus Toxoid 250mg Injection,Emergency/Critical Care,Lupin,No,2026-05,40,159,163,163,0,No,36,3,390.54,0.14,272.09,24
MED0204,Tetanus Toxoid 250mg Injection,Emergency/Critical Care,Lupin,No,2026-06,36,237,188,188,0,No,85,3,390.54,0.14,272.09,24
MED0204,Tetanus Toxoid 250mg Injection,Emergency/Critical Care,Lupin,No,2026-07,85,133,174,174,0,No,44,3,390.54,0.14,272.09,24
MED0205,Ibuprofen 100mg Capsule,Dermatological,Aurobindo,No,2025-08,28,0,273,28,245,Yes,0,2,485.7,0.14,49.59,24
MED0205,Ibuprofen 100mg Capsule,Dermatological,Aurobindo,No,2025-09,0,289,257,257,0,No,32,2,485.7,0.14,48.37,24
MED0205,Ibuprofen 100mg Capsule,Dermatological,Aurobindo,No,2025-10,32,244,314,276,38,Yes,0,2,485.7,0.14,47.87,24
MED0205,Ibuprofen 100mg Capsule,Dermatological,Aurobindo,No,2025-11,0,298,330,298,32,Yes,0,2,485.7,0.14,48.82,24
MED0205,Ibuprofen 100mg Capsule,Dermatological,Aurobindo,No,2025-12,0,292,341,292,49,Yes,0,2,485.7,0.14,49.05,24
MED0205,Ibuprofen 100mg Capsule,Dermatological,Aurobindo,No,2026-01,0,302,273,273,0,No,29,2,485.7,0.14,49.09,24
MED0205,Ibuprofen 100mg Capsule,Dermatological,Aurobindo,No,2026-02,29,262,304,291,13,Yes,0,2,485.7,0.14,48.44,24
MED0205,Ibuprofen 100mg Capsule,Dermatological,Aurobindo,No,2026-03,0,293,286,286,0,No,7,2,485.7,0.14,49.79,24
MED0205,Ibuprofen 100mg Capsule,Dermatological,Aurobindo,No,2026-04,7,304,318,311,7,Yes,0,2,485.7,0.14,49.47,24
MED0205,Ibuprofen 100mg Capsule,Dermatological,Aurobindo,No,2026-05,0,322,330,322,8,Yes,0,2,485.7,0.14,48.18,24
MED0205,Ibuprofen 100mg Capsule,Dermatological,Aurobindo,No,2026-06,0,349,284,284,0,No,65,2,485.7,0.14,48.55,24
MED0205,Ibuprofen 100mg Capsule,Dermatological,Aurobindo,No,2026-07,65,339,264,264,0,No,140,2,485.7,0.14,47.34,24
MED0206,Chlorpheniramine 10mg Syrup,Respiratory,Abbott,Yes,2025-08,274,600,793,793,0,No,81,4,156.1,0.13,146.16,12
MED0206,Chlorpheniramine 10mg Syrup,Respiratory,Abbott,Yes,2025-09,81,912,953,953,0,No,40,4,156.1,0.13,144.73,12
MED0206,Chlorpheniramine 10mg Syrup,Respiratory,Abbott,Yes,2025-10,40,1441,1141,1141,0,No,340,4,156.1,0.13,144.8,12
MED0206,Chlorpheniramine 10mg Syrup,Respiratory,Abbott,Yes,2025-11,340,1138,1449,1449,0,No,29,4,156.1,0.13,148.25,12
MED0206,Chlorpheniramine 10mg Syrup,Respiratory,Abbott,Yes,2025-12,29,1180,1399,1209,190,Yes,0,4,156.1,0.13,148.19,12
MED0206,Chlorpheniramine 10mg Syrup,Respiratory,Abbott,Yes,2026-01,0,2390,1853,1853,0,No,537,4,156.1,0.13,150.05,12
MED0206,Chlorpheniramine 10mg Syrup,Respiratory,Abbott,Yes,2026-02,537,1009,1318,1318,0,No,228,4,156.1,0.13,154.59,12
MED0206,Chlorpheniramine 10mg Syrup,Respiratory,Abbott,Yes,2026-03,228,1209,1016,1016,0,No,421,4,156.1,0.13,151.2,12
MED0206,Chlorpheniramine 10mg Syrup,Respiratory,Abbott,Yes,2026-04,421,605,826,826,0,No,200,4,163.74,0.13,149.13,12
MED0206,Chlorpheniramine 10mg Syrup,Respiratory,Abbott,Yes,2026-05,200,879,738,738,0,No,341,4,163.74,0.13,148.16,12
MED0206,Chlorpheniramine 10mg Syrup,Respiratory,Abbott,Yes,2026-06,341,843,802,802,0,No,382,4,163.74,0.13,147.44,12
MED0206,Chlorpheniramine 10mg Syrup,Respiratory,Abbott,Yes,2026-07,382,606,860,860,0,No,128,4,163.74,0.13,146.62,12
MED0207,Paracetamol 1g Capsule,Antidiabetic,Sun Pharma,No,2025-08,955,4637,3686,3686,0,No,1906,10,166.24,0.25,267.72,6
MED0207,Paracetamol 1g Capsule,Antidiabetic,Sun Pharma,No,2025-09,1906,2034,2523,2523,0,No,1417,10,166.24,0.25,271.33,6
MED0207,Paracetamol 1g Capsule,Antidiabetic,Sun Pharma,No,2025-10,1417,0,2404,1417,987,Yes,0,10,166.24,0.25,273.15,6
MED0207,Paracetamol 1g Capsule,Antidiabetic,Sun Pharma,No,2025-11,0,2098,1866,1866,0,No,232,10,166.24,0.25,269.93,6
MED0207,Paracetamol 1g Capsule,Antidiabetic,Sun Pharma,No,2025-12,232,1481,1920,1713,207,Yes,0,10,166.24,0.25,275.39,6
MED0207,Paracetamol 1g Capsule,Antidiabetic,Sun Pharma,No,2026-01,0,1595,1663,1595,68,Yes,0,10,166.24,0.25,283.07,6
MED0207,Paracetamol 1g Capsule,Antidiabetic,Sun Pharma,No,2026-02,0,2004,1946,1946,0,No,58,10,166.24,0.25,288.49,6
MED0207,Paracetamol 1g Capsule,Antidiabetic,Sun Pharma,No,2026-03,58,0,2240,58,2182,Yes,0,10,166.24,0.25,280.08,6
MED0207,Paracetamol 1g Capsule,Antidiabetic,Sun Pharma,No,2026-04,0,2917,4099,2917,1182,Yes,0,10,166.24,0.25,282.38,6
MED0207,Paracetamol 1g Capsule,Antidiabetic,Sun Pharma,No,2026-05,0,4911,5219,4911,308,Yes,0,10,166.24,0.25,274.81,6
MED0207,Paracetamol 1g Capsule,Antidiabetic,Sun Pharma,No,2026-06,0,0,3973,0,3973,Yes,0,10,166.24,0.25,270.72,6
MED0207,Paracetamol 1g Capsule,Antidiabetic,Sun Pharma,No,2026-07,0,4732,4174,4174,0,No,558,10,166.24,0.25,263.29,6
MED0208,Glimepiride 20mg Suspension,Respiratory,Aurobindo,No,2025-08,979,1514,1208,1208,0,No,1285,14,106.33,0.21,225.73,18
MED0208,Glimepiride 20mg Suspension,Respiratory,Aurobindo,No,2025-09,1285,1084,1270,1270,0,No,1099,14,106.33,0.21,227.21,18
MED0208,Glimepiride 20mg Suspension,Respiratory,Aurobindo,No,2025-10,1099,1336,1419,1419,0,No,1016,14,106.33,0.21,229.86,18
MED0208,Glimepiride 20mg Suspension,Respiratory,Aurobindo,No,2025-11,1016,1380,1404,1404,0,No,992,14,106.33,0.21,224.38,18
MED0208,Glimepiride 20mg Suspension,Respiratory,Aurobindo,No,2025-12,992,0,1430,992,438,Yes,0,14,106.33,0.21,222.73,18
MED0208,Glimepiride 20mg Suspension,Respiratory,Aurobindo,No,2026-01,0,1385,1159,1159,0,No,226,14,106.33,0.21,222.11,18
MED0208,Glimepiride 20mg Suspension,Respiratory,Aurobindo,No,2026-02,226,1496,1245,1245,0,No,477,14,106.33,0.21,220.25,18
MED0208,Glimepiride 20mg Suspension,Respiratory,Aurobindo,No,2026-03,477,0,1385,477,908,Yes,0,14,106.33,0.21,214.86,18
MED0208,Glimepiride 20mg Suspension,Respiratory,Aurobindo,No,2026-04,0,1163,1128,1128,0,No,35,14,106.33,0.21,213.71,18
MED0208,Glimepiride 20mg Suspension,Respiratory,Aurobindo,No,2026-05,35,1237,1147,1147,0,No,125,14,106.33,0.21,217.28,18
MED0208,Glimepiride 20mg Suspension,Respiratory,Aurobindo,No,2026-06,125,1259,1365,1365,0,No,19,14,106.33,0.21,211.18,18
MED0208,Glimepiride 20mg Suspension,Respiratory,Aurobindo,No,2026-07,19,1493,1160,1160,0,No,352,14,106.33,0.21,205.41,18
MED0209,Ranitidine 1mg Drops,Respiratory,Dr Reddy's,No,2025-08,299,0,1282,299,983,Yes,0,4,701.73,0.27,86.13,18
MED0209,Ranitidine 1mg Drops,Respiratory,Dr Reddy's,No,2025-09,0,1114,1309,1114,195,Yes,0,4,701.73,0.27,85.34,18
MED0209,Ranitidine 1mg Drops,Respiratory,Dr Reddy's,No,2025-10,0,937,1103,937,166,Yes,0,4,701.73,0.27,87.74,18
MED0209,Ranitidine 1mg Drops,Respiratory,Dr Reddy's,No,2025-11,0,1277,1083,1083,0,No,194,4,701.73,0.27,88.65,18
MED0209,Ranitidine 1mg Drops,Respiratory,Dr Reddy's,No,2025-12,194,893,1125,1087,38,Yes,0,4,701.73,0.27,89.62,18
MED0209,Ranitidine 1mg Drops,Respiratory,Dr Reddy's,No,2026-01,0,810,1040,810,230,Yes,0,4,701.73,0.27,88.87,18
MED0209,Ranitidine 1mg Drops,Respiratory,Dr Reddy's,No,2026-02,0,1051,1010,1010,0,No,41,4,701.73,0.27,89.38,18
MED0209,Ranitidine 1mg Drops,Respiratory,Dr Reddy's,No,2026-03,41,0,1123,41,1082,Yes,0,4,701.73,0.27,86.72,18
MED0209,Ranitidine 1mg Drops,Respiratory,Dr Reddy's,No,2026-04,0,855,1017,855,162,Yes,0,4,701.73,0.27,87.46,18
MED0209,Ranitidine 1mg Drops,Respiratory,Dr Reddy's,No,2026-05,0,1137,1007,1007,0,No,130,4,701.73,0.27,89.7,18
MED0209,Ranitidine 1mg Drops,Respiratory,Dr Reddy's,No,2026-06,130,1382,1096,1096,0,No,416,4,701.73,0.27,90.31,18
MED0209,Ranitidine 1mg Drops,Respiratory,Dr Reddy's,No,2026-07,416,0,991,416,575,Yes,0,4,701.73,0.27,92.34,18
MED0210,Enoxaparin 20mg Inhaler,Neuro/Psychiatric,Cipla,No,2025-08,2384,0,8452,2384,6068,Yes,0,4,484.8,0.27,152.3,36
MED0210,Enoxaparin 20mg Inhaler,Neuro/Psychiatric,Cipla,No,2025-09,0,6189,7241,6189,1052,Yes,0,4,484.8,0.27,154.45,36
MED0210,Enoxaparin 20mg Inhaler,Neuro/Psychiatric,Cipla,No,2025-10,0,6580,6774,6580,194,Yes,0,4,484.8,0.27,150.81,36
MED0210,Enoxaparin 20mg Inhaler,Neuro/Psychiatric,Cipla,No,2025-11,0,8565,6902,6902,0,No,1663,4,484.8,0.27,154.67,36
MED0210,Enoxaparin 20mg Inhaler,Neuro/Psychiatric,Cipla,No,2025-12,1663,8114,7759,7759,0,No,2018,4,484.8,0.27,150.51,36
MED0210,Enoxaparin 20mg Inhaler,Neuro/Psychiatric,Cipla,No,2026-01,2018,6386,8781,8404,377,Yes,0,4,484.8,0.27,150.84,36
MED0210,Enoxaparin 20mg Inhaler,Neuro/Psychiatric,Cipla,No,2026-02,0,6300,7977,6300,1677,Yes,0,4,484.8,0.27,147.41,36
MED0210,Enoxaparin 20mg Inhaler,Neuro/Psychiatric,Cipla,No,2026-03,0,6071,7639,6071,1568,Yes,0,4,484.8,0.27,142.72,36
MED0210,Enoxaparin 20mg Inhaler,Neuro/Psychiatric,Cipla,No,2026-04,0,10546,8712,8712,0,No,1834,4,484.8,0.27,141.97,36
MED0210,Enoxaparin 20mg Inhaler,Neuro/Psychiatric,Cipla,No,2026-05,1834,5760,7673,7594,79,Yes,0,4,484.8,0.27,140,36
MED0210,Enoxaparin 20mg Inhaler,Neuro/Psychiatric,Cipla,No,2026-06,0,9241,8901,8901,0,No,340,4,484.8,0.27,139.87,36
MED0210,Enoxaparin 20mg Inhaler,Neuro/Psychiatric,Cipla,No,2026-07,340,8306,6783,6783,0,No,1863,4,484.8,0.27,140.61,36
MED0211,Rabies Vaccine 500mg Injection,Vitamin/Supplement,Cipla,No,2025-08,58,376,369,369,0,No,65,3,87.86,0.26,176.14,12
MED0211,Rabies Vaccine 500mg Injection,Vitamin/Supplement,Cipla,No,2025-09,65,271,385,336,49,Yes,0,3,87.86,0.26,171.08,12
MED0211,Rabies Vaccine 500mg Injection,Vitamin/Supplement,Cipla,No,2025-10,0,0,340,0,340,Yes,0,3,87.86,0.26,166.9,12
MED0211,Rabies Vaccine 500mg Injection,Vitamin/Supplement,Cipla,No,2025-11,0,448,390,390,0,No,58,3,87.86,0.26,167.55,12
MED0211,Rabies Vaccine 500mg Injection,Vitamin/Supplement,Cipla,No,2025-12,58,357,355,355,0,No,60,3,87.86,0.26,165.81,12
MED0211,Rabies Vaccine 500mg Injection,Vitamin/Supplement,Cipla,No,2026-01,60,533,440,440,0,No,153,3,87.86,0.26,168.35,12
MED0211,Rabies Vaccine 500mg Injection,Vitamin/Supplement,Cipla,No,2026-02,153,443,400,400,0,No,196,3,87.86,0.26,170.04,12
MED0211,Rabies Vaccine 500mg Injection,Vitamin/Supplement,Cipla,No,2026-03,196,0,435,196,239,Yes,0,3,87.86,0.26,173.88,12
MED0211,Rabies Vaccine 500mg Injection,Vitamin/Supplement,Cipla,No,2026-04,0,307,369,307,62,Yes,0,3,87.86,0.26,176.02,12
MED0211,Rabies Vaccine 500mg Injection,Vitamin/Supplement,Cipla,No,2026-05,0,278,354,278,76,Yes,0,3,87.86,0.26,175.24,12
MED0211,Rabies Vaccine 500mg Injection,Vitamin/Supplement,Cipla,No,2026-06,0,409,355,355,0,No,54,3,87.86,0.26,177.16,12
MED0211,Rabies Vaccine 500mg Injection,Vitamin/Supplement,Cipla,No,2026-07,54,399,423,423,0,No,30,3,87.86,0.26,174.67,12
MED0212,Lidocaine 5mg Injection,Vitamin/Supplement,Abbott,No,2025-08,400,1551,1257,1257,0,No,694,7,554.18,0.14,132.81,12
MED0212,Lidocaine 5mg Injection,Vitamin/Supplement,Abbott,No,2025-09,694,983,1387,1387,0,No,290,7,554.18,0.14,131.19,12
MED0212,Lidocaine 5mg Injection,Vitamin/Supplement,Abbott,No,2025-10,290,1228,1369,1369,0,No,149,7,554.18,0.14,133.61,12
MED0212,Lidocaine 5mg Injection,Vitamin/Supplement,Abbott,No,2025-11,149,1456,1181,1181,0,No,424,7,554.18,0.14,133.16,12
MED0212,Lidocaine 5mg Injection,Vitamin/Supplement,Abbott,No,2025-12,424,0,1054,424,630,Yes,0,7,554.18,0.14,135.66,12
MED0212,Lidocaine 5mg Injection,Vitamin/Supplement,Abbott,No,2026-01,0,1449,1182,1182,0,No,267,7,554.18,0.14,138.36,12
MED0212,Lidocaine 5mg Injection,Vitamin/Supplement,Abbott,No,2026-02,267,947,1206,1206,0,No,8,7,554.18,0.14,141.35,12
MED0212,Lidocaine 5mg Injection,Vitamin/Supplement,Abbott,No,2026-03,8,1263,1141,1141,0,No,130,7,554.18,0.14,144.76,12
MED0212,Lidocaine 5mg Injection,Vitamin/Supplement,Abbott,No,2026-04,130,943,1226,1073,153,Yes,0,7,554.18,0.14,144.18,12
MED0212,Lidocaine 5mg Injection,Vitamin/Supplement,Abbott,No,2026-05,0,1385,1168,1168,0,No,217,7,554.18,0.14,142.66,12
MED0212,Lidocaine 5mg Injection,Vitamin/Supplement,Abbott,No,2026-06,217,974,1325,1191,134,Yes,0,7,554.18,0.14,143.35,12
MED0212,Lidocaine 5mg Injection,Vitamin/Supplement,Abbott,No,2026-07,0,1073,1250,1073,177,Yes,0,7,554.18,0.14,142.27,12
MED0213,Sertraline 250mg Inhaler,Antidiabetic,Zydus,No,2025-08,1260,800,862,862,0,No,1198,21,72.3,0.12,53.69,6
MED0213,Sertraline 250mg Inhaler,Antidiabetic,Zydus,No,2025-09,1198,0,959,959,0,No,239,21,72.3,0.12,54.03,6
MED0213,Sertraline 250mg Inhaler,Antidiabetic,Zydus,No,2025-10,239,1234,1017,1017,0,No,456,21,72.3,0.12,54.73,6
MED0213,Sertraline 250mg Inhaler,Antidiabetic,Zydus,No,2025-11,456,708,891,891,0,No,273,21,72.3,0.12,55.37,6
MED0213,Sertraline 250mg Inhaler,Antidiabetic,Zydus,No,2025-12,273,1023,942,942,0,No,354,21,72.3,0.12,54.95,6
MED0213,Sertraline 250mg Inhaler,Antidiabetic,Zydus,No,2026-01,354,807,906,906,0,No,255,21,72.3,0.12,53.82,6
MED0213,Sertraline 250mg Inhaler,Antidiabetic,Zydus,No,2026-02,255,903,965,965,0,No,193,21,72.3,0.12,53.59,6
MED0213,Sertraline 250mg Inhaler,Antidiabetic,Zydus,No,2026-03,193,722,1025,915,110,Yes,0,21,72.3,0.12,52.38,6
MED0213,Sertraline 250mg Inhaler,Antidiabetic,Zydus,No,2026-04,0,1142,919,919,0,No,223,21,72.3,0.12,53.7,6
MED0213,Sertraline 250mg Inhaler,Antidiabetic,Zydus,No,2026-05,223,549,766,766,0,No,6,21,72.3,0.12,53.18,6
MED0213,Sertraline 250mg Inhaler,Antidiabetic,Zydus,No,2026-06,6,757,1028,763,265,Yes,0,21,72.3,0.12,52.01,6
MED0213,Sertraline 250mg Inhaler,Antidiabetic,Zydus,No,2026-07,0,0,905,0,905,Yes,0,21,72.3,0.12,50.4,6
MED0214,Chlorpheniramine 1g Ointment,Respiratory,Intas,No,2025-08,610,1728,1683,1683,0,No,655,7,83.97,0.18,264.18,36
MED0214,Chlorpheniramine 1g Ointment,Respiratory,Intas,No,2025-09,655,2554,1994,1994,0,No,1215,7,83.97,0.18,266.61,36
MED0214,Chlorpheniramine 1g Ointment,Respiratory,Intas,No,2025-10,1215,0,1734,1215,519,Yes,0,7,83.97,0.18,268.89,36
MED0214,Chlorpheniramine 1g Ointment,Respiratory,Intas,No,2025-11,0,1916,1709,1709,0,No,207,7,83.97,0.18,266.24,36
MED0214,Chlorpheniramine 1g Ointment,Respiratory,Intas,No,2025-12,207,1822,1868,1868,0,No,161,7,83.97,0.18,259.11,36
MED0214,Chlorpheniramine 1g Ointment,Respiratory,Intas,No,2026-01,161,1826,1588,1588,0,No,399,7,83.97,0.18,257.61,36
MED0214,Chlorpheniramine 1g Ointment,Respiratory,Intas,No,2026-02,399,1854,1765,1765,0,No,488,7,83.97,0.18,254.47,36
MED0214,Chlorpheniramine 1g Ointment,Respiratory,Intas,No,2026-03,488,1213,1682,1682,0,No,19,7,83.97,0.18,257.42,36
MED0214,Chlorpheniramine 1g Ointment,Respiratory,Intas,No,2026-04,19,2417,1929,1929,0,No,507,7,83.97,0.18,259.18,36
MED0214,Chlorpheniramine 1g Ointment,Respiratory,Intas,No,2026-05,507,1798,1558,1558,0,No,747,7,83.97,0.18,256.93,36
MED0214,Chlorpheniramine 1g Ointment,Respiratory,Intas,No,2026-06,747,2111,1753,1753,0,No,1105,7,83.97,0.18,252.23,36
MED0214,Chlorpheniramine 1g Ointment,Respiratory,Intas,No,2026-07,1105,1802,1876,1876,0,No,1031,7,83.97,0.18,260.35,36
MED0215,Domperidone 1g Injection,Antidiabetic,Aurobindo,No,2025-08,305,0,1697,305,1392,Yes,0,5,558.36,0.12,71.29,6
MED0215,Domperidone 1g Injection,Antidiabetic,Aurobindo,No,2025-09,0,1230,1653,1230,423,Yes,0,5,558.36,0.12,71.08,6
MED0215,Domperidone 1g Injection,Antidiabetic,Aurobindo,No,2025-10,0,0,1612,0,1612,Yes,0,5,558.36,0.12,71.93,6
MED0215,Domperidone 1g Injection,Antidiabetic,Aurobindo,No,2025-11,0,2016,1646,1646,0,No,370,5,558.36,0.12,70.32,6
MED0215,Domperidone 1g Injection,Antidiabetic,Aurobindo,No,2025-12,370,1468,1969,1838,131,Yes,0,5,558.36,0.12,70.26,6
MED0215,Domperidone 1g Injection,Antidiabetic,Aurobindo,No,2026-01,0,1627,1917,1627,290,Yes,0,5,558.36,0.12,68.14,6
MED0215,Domperidone 1g Injection,Antidiabetic,Aurobindo,No,2026-02,0,1963,1633,1633,0,No,330,5,558.36,0.12,68.16,6
MED0215,Domperidone 1g Injection,Antidiabetic,Aurobindo,No,2026-03,330,2292,1808,1808,0,No,814,5,558.36,0.12,70.24,6
MED0215,Domperidone 1g Injection,Antidiabetic,Aurobindo,No,2026-04,814,1546,1653,1653,0,No,707,5,558.36,0.12,69.72,6
MED0215,Domperidone 1g Injection,Antidiabetic,Aurobindo,No,2026-05,707,1841,1971,1971,0,No,577,5,558.36,0.12,67.65,6
MED0215,Domperidone 1g Injection,Antidiabetic,Aurobindo,No,2026-06,577,1275,1755,1755,0,No,97,5,558.36,0.12,65.54,6
MED0215,Domperidone 1g Injection,Antidiabetic,Aurobindo,No,2026-07,97,1607,1792,1704,88,Yes,0,5,558.36,0.12,65.04,6
MED0216,Losartan 1mg Inhaler,Antibiotic,Intas,No,2025-08,184,1104,1176,1176,0,No,112,3,225.16,0.25,328.06,36
MED0216,Losartan 1mg Inhaler,Antibiotic,Intas,No,2025-09,112,1185,992,992,0,No,305,3,225.16,0.25,321.03,36
MED0216,Losartan 1mg Inhaler,Antibiotic,Intas,No,2025-10,305,1057,1204,1204,0,No,158,3,225.16,0.25,311.18,36
MED0216,Losartan 1mg Inhaler,Antibiotic,Intas,No,2025-11,158,835,993,993,0,No,0,3,225.16,0.25,316.48,36
MED0216,Losartan 1mg Inhaler,Antibiotic,Intas,No,2025-12,0,1282,1040,1040,0,No,242,3,225.16,0.25,315.62,36
MED0216,Losartan 1mg Inhaler,Antibiotic,Intas,No,2026-01,242,1194,1041,1041,0,No,395,3,225.16,0.25,311.26,36
MED0216,Losartan 1mg Inhaler,Antibiotic,Intas,No,2026-02,395,0,1219,395,824,Yes,0,3,225.16,0.25,319.53,36
MED0216,Losartan 1mg Inhaler,Antibiotic,Intas,No,2026-03,0,1067,984,984,0,No,83,3,225.16,0.25,311.6,36
MED0216,Losartan 1mg Inhaler,Antibiotic,Intas,No,2026-04,83,998,1224,1081,143,Yes,0,3,225.16,0.25,321.02,36
MED0216,Losartan 1mg Inhaler,Antibiotic,Intas,No,2026-05,0,920,1207,920,287,Yes,0,3,225.16,0.25,317.18,36
MED0216,Losartan 1mg Inhaler,Antibiotic,Intas,No,2026-06,0,1444,1172,1172,0,No,272,3,225.16,0.25,325.21,36
MED0216,Losartan 1mg Inhaler,Antibiotic,Intas,No,2026-07,272,1084,1234,1234,0,No,122,3,225.16,0.25,327.34,36
MED0217,Diazepam 50mg Drops,Analgesic,Aurobindo,Yes,2025-08,867,0,648,648,0,No,219,21,482.99,0.18,240.82,36
MED0217,Diazepam 50mg Drops,Analgesic,Aurobindo,Yes,2025-09,219,648,611,611,0,No,256,21,482.99,0.18,245.78,36
MED0217,Diazepam 50mg Drops,Analgesic,Aurobindo,Yes,2025-10,256,817,681,681,0,No,392,21,482.99,0.18,253.12,36
MED0217,Diazepam 50mg Drops,Analgesic,Aurobindo,Yes,2025-11,392,713,655,655,0,No,450,21,482.99,0.18,249.91,36
MED0217,Diazepam 50mg Drops,Analgesic,Aurobindo,Yes,2025-12,450,721,570,570,0,No,601,21,482.99,0.18,256.91,36
MED0217,Diazepam 50mg Drops,Analgesic,Aurobindo,Yes,2026-01,601,735,758,758,0,No,578,21,482.99,0.18,255.23,36
MED0217,Diazepam 50mg Drops,Analgesic,Aurobindo,Yes,2026-02,578,837,672,672,0,No,743,21,482.99,0.18,253.49,36
MED0217,Diazepam 50mg Drops,Analgesic,Aurobindo,Yes,2026-03,743,0,650,650,0,No,93,21,482.99,0.18,251.07,36
MED0217,Diazepam 50mg Drops,Analgesic,Aurobindo,Yes,2026-04,93,767,696,696,0,No,164,21,498.17,0.18,251.7,36
MED0217,Diazepam 50mg Drops,Analgesic,Aurobindo,Yes,2026-05,164,0,688,164,524,Yes,0,21,498.17,0.18,246.45,36
MED0217,Diazepam 50mg Drops,Analgesic,Aurobindo,Yes,2026-06,0,761,745,745,0,No,16,21,498.17,0.18,247.26,36
MED0217,Diazepam 50mg Drops,Analgesic,Aurobindo,Yes,2026-07,16,812,701,701,0,No,127,21,498.17,0.18,247.89,36
MED0218,Verapamil 10mg Ointment,Cardiac,Zydus,Yes,2025-08,364,2355,1816,1816,0,No,903,3,242.9,0.17,214.62,9
MED0218,Verapamil 10mg Ointment,Cardiac,Zydus,Yes,2025-09,903,1632,1466,1466,0,No,1069,3,242.9,0.17,219.13,9
MED0218,Verapamil 10mg Ointment,Cardiac,Zydus,Yes,2025-10,1069,0,1598,1069,529,Yes,0,3,242.9,0.17,218.32,9
MED0218,Verapamil 10mg Ointment,Cardiac,Zydus,Yes,2025-11,0,1824,1678,1678,0,No,146,3,242.9,0.17,215.65,9
MED0218,Verapamil 10mg Ointment,Cardiac,Zydus,Yes,2025-12,146,1767,1494,1494,0,No,419,3,242.9,0.17,212.4,9
MED0218,Verapamil 10mg Ointment,Cardiac,Zydus,Yes,2026-01,419,1880,1861,1861,0,No,438,3,242.9,0.17,208.27,9
MED0218,Verapamil 10mg Ointment,Cardiac,Zydus,Yes,2026-02,438,0,1451,438,1013,Yes,0,3,242.9,0.17,202.29,9
MED0218,Verapamil 10mg Ointment,Cardiac,Zydus,Yes,2026-03,0,1489,1883,1489,394,Yes,0,3,242.9,0.17,200.16,9
MED0218,Verapamil 10mg Ointment,Cardiac,Zydus,Yes,2026-04,0,1633,1447,1447,0,No,186,3,245.25,0.17,197.05,9
MED0218,Verapamil 10mg Ointment,Cardiac,Zydus,Yes,2026-05,186,1658,1707,1707,0,No,137,3,245.25,0.17,203.36,9
MED0218,Verapamil 10mg Ointment,Cardiac,Zydus,Yes,2026-06,137,1585,1798,1722,76,Yes,0,3,245.25,0.17,204.14,9
MED0218,Verapamil 10mg Ointment,Cardiac,Zydus,Yes,2026-07,0,1427,1528,1427,101,Yes,0,3,245.25,0.17,202.08,9
MED0219,Warfarin 100mg Inhaler,Antibiotic,Cipla,No,2025-08,2278,5838,6165,6165,0,No,1951,7,217.6,0.18,71.85,9
MED0219,Warfarin 100mg Inhaler,Antibiotic,Cipla,No,2025-09,1951,0,4272,1951,2321,Yes,0,7,217.6,0.18,70.22,9
MED0219,Warfarin 100mg Inhaler,Antibiotic,Cipla,No,2025-10,0,0,4466,0,4466,Yes,0,7,217.6,0.18,69.97,9
MED0219,Warfarin 100mg Inhaler,Antibiotic,Cipla,No,2025-11,0,3413,2912,2912,0,No,501,7,217.6,0.18,70.54,9
MED0219,Warfarin 100mg Inhaler,Antibiotic,Cipla,No,2025-12,501,4162,3560,3560,0,No,1103,7,217.6,0.18,70.49,9
MED0219,Warfarin 100mg Inhaler,Antibiotic,Cipla,No,2026-01,1103,2990,3314,3314,0,No,779,7,217.6,0.18,70.05,9
MED0219,Warfarin 100mg Inhaler,Antibiotic,Cipla,No,2026-02,779,3534,3281,3281,0,No,1032,7,217.6,0.18,72.29,9
MED0219,Warfarin 100mg Inhaler,Antibiotic,Cipla,No,2026-03,1032,4845,4754,4754,0,No,1123,7,217.6,0.18,74.01,9
MED0219,Warfarin 100mg Inhaler,Antibiotic,Cipla,No,2026-04,1123,6701,5704,5704,0,No,2120,7,217.6,0.18,74.57,9
MED0219,Warfarin 100mg Inhaler,Antibiotic,Cipla,No,2026-05,2120,9819,9025,9025,0,No,2914,7,217.6,0.18,74.88,9
MED0219,Warfarin 100mg Inhaler,Antibiotic,Cipla,No,2026-06,2914,0,8925,2914,6011,Yes,0,7,217.6,0.18,75.43,9
MED0219,Warfarin 100mg Inhaler,Antibiotic,Cipla,No,2026-07,0,6417,5403,5403,0,No,1014,7,217.6,0.18,74.08,9
MED0220,Dextrose 5% 50mg Inhaler,Vitamin/Supplement,GSK,No,2025-08,539,941,756,756,0,No,724,14,66.63,0.27,296.28,12
MED0220,Dextrose 5% 50mg Inhaler,Vitamin/Supplement,GSK,No,2025-09,724,770,714,714,0,No,780,14,66.63,0.27,294.32,12
MED0220,Dextrose 5% 50mg Inhaler,Vitamin/Supplement,GSK,No,2025-10,780,467,443,443,0,No,804,14,66.63,0.27,285.72,12
MED0220,Dextrose 5% 50mg Inhaler,Vitamin/Supplement,GSK,No,2025-11,804,317,334,334,0,No,787,14,66.63,0.27,285.26,12
MED0220,Dextrose 5% 50mg Inhaler,Vitamin/Supplement,GSK,No,2025-12,787,0,317,317,0,No,470,14,66.63,0.27,286.06,12
MED0220,Dextrose 5% 50mg Inhaler,Vitamin/Supplement,GSK,No,2026-01,470,270,282,282,0,No,458,14,66.63,0.27,280.98,12
MED0220,Dextrose 5% 50mg Inhaler,Vitamin/Supplement,GSK,No,2026-02,458,402,327,327,0,No,533,14,66.63,0.27,289.64,12
MED0220,Dextrose 5% 50mg Inhaler,Vitamin/Supplement,GSK,No,2026-03,533,497,400,400,0,No,630,14,66.63,0.27,297.28,12
MED0220,Dextrose 5% 50mg Inhaler,Vitamin/Supplement,GSK,No,2026-04,630,0,375,375,0,No,255,14,66.63,0.27,301.43,12
MED0220,Dextrose 5% 50mg Inhaler,Vitamin/Supplement,GSK,No,2026-05,255,585,541,541,0,No,299,14,66.63,0.27,302.05,12
MED0220,Dextrose 5% 50mg Inhaler,Vitamin/Supplement,GSK,No,2026-06,299,1052,821,821,0,No,530,14,66.63,0.27,308.96,12
MED0220,Dextrose 5% 50mg Inhaler,Vitamin/Supplement,GSK,No,2026-07,530,768,826,826,0,No,472,14,66.63,0.27,302.07,12
MED0221,Bupivacaine 100mg Capsule,Antidiabetic,Glenmark,Yes,2025-08,2525,5237,5775,5775,0,No,1987,14,302.17,0.27,67.68,24
MED0221,Bupivacaine 100mg Capsule,Antidiabetic,Glenmark,Yes,2025-09,1987,0,5436,1987,3449,Yes,0,14,302.17,0.27,68.92,24
MED0221,Bupivacaine 100mg Capsule,Antidiabetic,Glenmark,Yes,2025-10,0,0,5501,0,5501,Yes,0,14,302.17,0.27,67.32,24
MED0221,Bupivacaine 100mg Capsule,Antidiabetic,Glenmark,Yes,2025-11,0,5866,5813,5813,0,No,53,14,302.17,0.27,68.57,24
MED0221,Bupivacaine 100mg Capsule,Antidiabetic,Glenmark,Yes,2025-12,53,5623,6182,5676,506,Yes,0,14,302.17,0.27,67.61,24
MED0221,Bupivacaine 100mg Capsule,Antidiabetic,Glenmark,Yes,2026-01,0,7233,5956,5956,0,No,1277,14,302.17,0.27,69.22,24
MED0221,Bupivacaine 100mg Capsule,Antidiabetic,Glenmark,Yes,2026-02,1277,5677,5196,5196,0,No,1758,14,302.17,0.27,71.11,24
MED0221,Bupivacaine 100mg Capsule,Antidiabetic,Glenmark,Yes,2026-03,1758,0,5002,1758,3244,Yes,0,14,302.17,0.27,69.61,24
MED0221,Bupivacaine 100mg Capsule,Antidiabetic,Glenmark,Yes,2026-04,0,5276,5542,5276,266,Yes,0,14,305.39,0.27,69.45,24
MED0221,Bupivacaine 100mg Capsule,Antidiabetic,Glenmark,Yes,2026-05,0,4680,4733,4680,53,Yes,0,14,305.39,0.27,71.5,24
MED0221,Bupivacaine 100mg Capsule,Antidiabetic,Glenmark,Yes,2026-06,0,0,5447,0,5447,Yes,0,14,305.39,0.27,71.43,24
MED0221,Bupivacaine 100mg Capsule,Antidiabetic,Glenmark,Yes,2026-07,0,6806,5561,5561,0,No,1245,14,305.39,0.27,72.98,24
MED0222,Measles Vaccine 1g Tablet,Vitamin/Supplement,Lupin,No,2025-08,741,1190,1676,1676,0,No,255,7,760.64,0.23,132.4,12
MED0222,Measles Vaccine 1g Tablet,Vitamin/Supplement,Lupin,No,2025-09,255,1535,1911,1790,121,Yes,0,7,760.64,0.23,131.36,12
MED0222,Measles Vaccine 1g Tablet,Vitamin/Supplement,Lupin,No,2025-10,0,3038,2366,2366,0,No,672,7,760.64,0.23,129.57,12
MED0222,Measles Vaccine 1g Tablet,Vitamin/Supplement,Lupin,No,2025-11,672,3212,2728,2728,0,No,1156,7,760.64,0.23,127.09,12
MED0222,Measles Vaccine 1g Tablet,Vitamin/Supplement,Lupin,No,2025-12,1156,4710,3806,3806,0,No,2060,7,760.64,0.23,129.27,12
MED0222,Measles Vaccine 1g Tablet,Vitamin/Supplement,Lupin,No,2026-01,2060,4721,3807,3807,0,No,2974,7,760.64,0.23,128.32,12
MED0222,Measles Vaccine 1g Tablet,Vitamin/Supplement,Lupin,No,2026-02,2974,3758,3220,3220,0,No,3512,7,760.64,0.23,128.41,12
MED0222,Measles Vaccine 1g Tablet,Vitamin/Supplement,Lupin,No,2026-03,3512,2641,2476,2476,0,No,3677,7,760.64,0.23,128.35,12
MED0222,Measles Vaccine 1g Tablet,Vitamin/Supplement,Lupin,No,2026-04,3677,1775,2077,2077,0,No,3375,7,760.64,0.23,128.99,12
MED0222,Measles Vaccine 1g Tablet,Vitamin/Supplement,Lupin,No,2026-05,3375,1742,1570,1570,0,No,3547,7,760.64,0.23,132.04,12
MED0222,Measles Vaccine 1g Tablet,Vitamin/Supplement,Lupin,No,2026-06,3547,1675,1583,1583,0,No,3639,7,760.64,0.23,136.05,12
MED0222,Measles Vaccine 1g Tablet,Vitamin/Supplement,Lupin,No,2026-07,3639,1461,1708,1708,0,No,3392,7,760.64,0.23,135.28,12
MED0223,Albendazole 5mg Tablet,Gastrointestinal,Intas,No,2025-08,689,3314,2987,2987,0,No,1016,5,346.47,0.19,104.75,6
MED0223,Albendazole 5mg Tablet,Gastrointestinal,Intas,No,2025-09,1016,2190,2758,2758,0,No,448,5,346.47,0.19,106.91,6
MED0223,Albendazole 5mg Tablet,Gastrointestinal,Intas,No,2025-10,448,3604,3014,3014,0,No,1038,5,346.47,0.19,108.66,6
MED0223,Albendazole 5mg Tablet,Gastrointestinal,Intas,No,2025-11,1038,3811,3155,3155,0,No,1694,5,346.47,0.19,109.15,6
MED0223,Albendazole 5mg Tablet,Gastrointestinal,Intas,No,2025-12,1694,1904,2557,2557,0,No,1041,5,346.47,0.19,112.16,6
MED0223,Albendazole 5mg Tablet,Gastrointestinal,Intas,No,2026-01,1041,2768,3267,3267,0,No,542,5,346.47,0.19,110.18,6
MED0223,Albendazole 5mg Tablet,Gastrointestinal,Intas,No,2026-02,542,2403,2998,2945,53,Yes,0,5,346.47,0.19,107.6,6
MED0223,Albendazole 5mg Tablet,Gastrointestinal,Intas,No,2026-03,0,0,3018,0,3018,Yes,0,5,346.47,0.19,109.94,6
MED0223,Albendazole 5mg Tablet,Gastrointestinal,Intas,No,2026-04,0,2387,2834,2387,447,Yes,0,5,346.47,0.19,109.54,6
MED0223,Albendazole 5mg Tablet,Gastrointestinal,Intas,No,2026-05,0,2516,2715,2516,199,Yes,0,5,346.47,0.19,111.83,6
MED0223,Albendazole 5mg Tablet,Gastrointestinal,Intas,No,2026-06,0,0,3119,0,3119,Yes,0,5,346.47,0.19,114.18,6
MED0223,Albendazole 5mg Tablet,Gastrointestinal,Intas,No,2026-07,0,2496,2703,2496,207,Yes,0,5,346.47,0.19,111.29,6
MED0224,Mannitol 100mg Suspension,Respiratory,Cadila,No,2025-08,810,1491,1370,1370,0,No,931,7,378.09,0.26,106.88,24
MED0224,Mannitol 100mg Suspension,Respiratory,Cadila,No,2025-09,931,1597,1812,1812,0,No,716,7,378.09,0.26,109.46,24
MED0224,Mannitol 100mg Suspension,Respiratory,Cadila,No,2025-10,716,1215,1366,1366,0,No,565,7,378.09,0.26,109.11,24
MED0224,Mannitol 100mg Suspension,Respiratory,Cadila,No,2025-11,565,1080,1397,1397,0,No,248,7,378.09,0.26,109.18,24
MED0224,Mannitol 100mg Suspension,Respiratory,Cadila,No,2025-12,248,1683,1492,1492,0,No,439,7,378.09,0.26,110.03,24
MED0224,Mannitol 100mg Suspension,Respiratory,Cadila,No,2026-01,439,1513,1643,1643,0,No,309,7,378.09,0.26,112.9,24
MED0224,Mannitol 100mg Suspension,Respiratory,Cadila,No,2026-02,309,1257,1633,1566,67,Yes,0,7,378.09,0.26,109.66,24
MED0224,Mannitol 100mg Suspension,Respiratory,Cadila,No,2026-03,0,1760,1771,1760,11,Yes,0,7,378.09,0.26,109.5,24
MED0224,Mannitol 100mg Suspension,Respiratory,Cadila,No,2026-04,0,2217,1767,1767,0,No,450,7,378.09,0.26,110.76,24
MED0224,Mannitol 100mg Suspension,Respiratory,Cadila,No,2026-05,450,1985,1694,1694,0,No,741,7,378.09,0.26,112.26,24
MED0224,Mannitol 100mg Suspension,Respiratory,Cadila,No,2026-06,741,1888,1750,1750,0,No,879,7,378.09,0.26,113.56,24
MED0224,Mannitol 100mg Suspension,Respiratory,Cadila,No,2026-07,879,0,1560,879,681,Yes,0,7,378.09,0.26,111.1,24
MED0225,Tetanus Toxoid 20mg Ointment,Cardiac,Aurobindo,No,2025-08,507,1335,1677,1677,0,No,165,4,516.04,0.18,261.09,24
MED0225,Tetanus Toxoid 20mg Ointment,Cardiac,Aurobindo,No,2025-09,165,1410,1517,1517,0,No,58,4,516.04,0.18,257.79,24
MED0225,Tetanus Toxoid 20mg Ointment,Cardiac,Aurobindo,No,2025-10,58,0,1613,58,1555,Yes,0,4,516.04,0.18,255.47,24
MED0225,Tetanus Toxoid 20mg Ointment,Cardiac,Aurobindo,No,2025-11,0,1675,1536,1536,0,No,139,4,516.04,0.18,260.48,24
MED0225,Tetanus Toxoid 20mg Ointment,Cardiac,Aurobindo,No,2025-12,139,0,1567,139,1428,Yes,0,4,516.04,0.18,256.84,24
MED0225,Tetanus Toxoid 20mg Ointment,Cardiac,Aurobindo,No,2026-01,0,1445,1555,1445,110,Yes,0,4,516.04,0.18,252.08,24
MED0225,Tetanus Toxoid 20mg Ointment,Cardiac,Aurobindo,No,2026-02,0,1260,1398,1260,138,Yes,0,4,516.04,0.18,259.6,24
MED0225,Tetanus Toxoid 20mg Ointment,Cardiac,Aurobindo,No,2026-03,0,1749,1625,1625,0,No,124,4,516.04,0.18,251.52,24
MED0225,Tetanus Toxoid 20mg Ointment,Cardiac,Aurobindo,No,2026-04,124,1333,1326,1326,0,No,131,4,516.04,0.18,259.71,24
MED0225,Tetanus Toxoid 20mg Ointment,Cardiac,Aurobindo,No,2026-05,131,1861,1748,1748,0,No,244,4,516.04,0.18,262.62,24
MED0225,Tetanus Toxoid 20mg Ointment,Cardiac,Aurobindo,No,2026-06,244,1450,1792,1694,98,Yes,0,4,516.04,0.18,268.02,24
MED0225,Tetanus Toxoid 20mg Ointment,Cardiac,Aurobindo,No,2026-07,0,0,1745,0,1745,Yes,0,4,516.04,0.18,264.64,24
MED0226,Isosorbide Dinitrate 5ml Suspension,Analgesic,Aurobindo,No,2025-08,1063,0,1379,1063,316,Yes,0,10,12.25,0.18,144.58,36
MED0226,Isosorbide Dinitrate 5ml Suspension,Analgesic,Aurobindo,No,2025-09,0,1420,1291,1291,0,No,129,10,12.25,0.18,140.16,36
MED0226,Isosorbide Dinitrate 5ml Suspension,Analgesic,Aurobindo,No,2025-10,129,1127,1413,1256,157,Yes,0,10,12.25,0.18,142.33,36
MED0226,Isosorbide Dinitrate 5ml Suspension,Analgesic,Aurobindo,No,2025-11,0,1114,1201,1114,87,Yes,0,10,12.25,0.18,145.37,36
MED0226,Isosorbide Dinitrate 5ml Suspension,Analgesic,Aurobindo,No,2025-12,0,1536,1408,1408,0,No,128,10,12.25,0.18,147.56,36
MED0226,Isosorbide Dinitrate 5ml Suspension,Analgesic,Aurobindo,No,2026-01,128,1210,1116,1116,0,No,222,10,12.25,0.18,144.31,36
MED0226,Isosorbide Dinitrate 5ml Suspension,Analgesic,Aurobindo,No,2026-02,222,1550,1396,1396,0,No,376,10,12.25,0.18,146.62,36
MED0226,Isosorbide Dinitrate 5ml Suspension,Analgesic,Aurobindo,No,2026-03,376,1558,1469,1469,0,No,465,10,12.25,0.18,149.07,36
MED0226,Isosorbide Dinitrate 5ml Suspension,Analgesic,Aurobindo,No,2026-04,465,1345,1482,1482,0,No,328,10,12.25,0.18,150.51,36
MED0226,Isosorbide Dinitrate 5ml Suspension,Analgesic,Aurobindo,No,2026-05,328,0,1300,328,972,Yes,0,10,12.25,0.18,152.93,36
MED0226,Isosorbide Dinitrate 5ml Suspension,Analgesic,Aurobindo,No,2026-06,0,1178,1318,1178,140,Yes,0,10,12.25,0.18,156.08,36
MED0226,Isosorbide Dinitrate 5ml Suspension,Analgesic,Aurobindo,No,2026-07,0,1325,1115,1115,0,No,210,10,12.25,0.18,157.11,36
MED0227,Prednisolone 10mg Injection,Analgesic,Glenmark,No,2025-08,104,535,538,538,0,No,101,4,580.02,0.26,52.91,18
MED0227,Prednisolone 10mg Injection,Analgesic,Glenmark,No,2025-09,101,403,513,504,9,Yes,0,4,580.02,0.26,51.54,18
MED0227,Prednisolone 10mg Injection,Analgesic,Glenmark,No,2025-10,0,0,495,0,495,Yes,0,4,580.02,0.26,51.5,18
MED0227,Prednisolone 10mg Injection,Analgesic,Glenmark,No,2025-11,0,345,464,345,119,Yes,0,4,580.02,0.26,50.09,18
MED0227,Prednisolone 10mg Injection,Analgesic,Glenmark,No,2025-12,0,400,458,400,58,Yes,0,4,580.02,0.26,49.78,18
MED0227,Prednisolone 10mg Injection,Analgesic,Glenmark,No,2026-01,0,680,529,529,0,No,151,4,580.02,0.26,49.47,18
MED0227,Prednisolone 10mg Injection,Analgesic,Glenmark,No,2026-02,151,0,544,151,393,Yes,0,4,580.02,0.26,48.15,18
MED0227,Prednisolone 10mg Injection,Analgesic,Glenmark,No,2026-03,0,0,454,0,454,Yes,0,4,580.02,0.26,48.15,18
MED0227,Prednisolone 10mg Injection,Analgesic,Glenmark,No,2026-04,0,467,464,464,0,No,3,4,580.02,0.26,48.15,18
MED0227,Prednisolone 10mg Injection,Analgesic,Glenmark,No,2026-05,3,349,489,352,137,Yes,0,4,580.02,0.26,49.18,18
MED0227,Prednisolone 10mg Injection,Analgesic,Glenmark,No,2026-06,0,560,516,516,0,No,44,4,580.02,0.26,50.67,18
MED0227,Prednisolone 10mg Injection,Analgesic,Glenmark,No,2026-07,44,547,441,441,0,No,150,4,580.02,0.26,49.24,18
MED0228,Losartan 50mg Drops,Vaccine,Torrent,No,2025-08,174,780,601,601,0,No,353,4,145.8,0.19,142.95,9
MED0228,Losartan 50mg Drops,Vaccine,Torrent,No,2025-09,353,724,677,677,0,No,400,4,145.8,0.19,147.05,9
MED0228,Losartan 50mg Drops,Vaccine,Torrent,No,2025-10,400,754,600,600,0,No,554,4,145.8,0.19,147.25,9
MED0228,Losartan 50mg Drops,Vaccine,Torrent,No,2025-11,554,562,653,653,0,No,463,4,145.8,0.19,145.44,9
MED0228,Losartan 50mg Drops,Vaccine,Torrent,No,2025-12,463,596,581,581,0,No,478,4,145.8,0.19,141.63,9
MED0228,Losartan 50mg Drops,Vaccine,Torrent,No,2026-01,478,734,628,628,0,No,584,4,145.8,0.19,141.64,9
MED0228,Losartan 50mg Drops,Vaccine,Torrent,No,2026-02,584,630,568,568,0,No,646,4,145.8,0.19,144.29,9
MED0228,Losartan 50mg Drops,Vaccine,Torrent,No,2026-03,646,0,626,626,0,No,20,4,145.8,0.19,146.15,9
MED0228,Losartan 50mg Drops,Vaccine,Torrent,No,2026-04,20,0,696,20,676,Yes,0,4,145.8,0.19,142.1,9
MED0228,Losartan 50mg Drops,Vaccine,Torrent,No,2026-05,0,0,644,0,644,Yes,0,4,145.8,0.19,138.25,9
MED0228,Losartan 50mg Drops,Vaccine,Torrent,No,2026-06,0,701,709,701,8,Yes,0,4,145.8,0.19,137.38,9
MED0228,Losartan 50mg Drops,Vaccine,Torrent,No,2026-07,0,843,675,675,0,No,168,4,145.8,0.19,135.54,9
MED0229,Sertraline 1mg Inhaler,Emergency/Critical Care,Alkem,No,2025-08,559,1367,1556,1556,0,No,370,5,703.46,0.23,209.56,6
MED0229,Sertraline 1mg Inhaler,Emergency/Critical Care,Alkem,No,2025-09,370,1453,1355,1355,0,No,468,5,703.46,0.23,206.03,6
MED0229,Sertraline 1mg Inhaler,Emergency/Critical Care,Alkem,No,2025-10,468,1070,1488,1488,0,No,50,5,703.46,0.23,203.14,6
MED0229,Sertraline 1mg Inhaler,Emergency/Critical Care,Alkem,No,2025-11,50,1247,1192,1192,0,No,105,5,703.46,0.23,207.15,6
MED0229,Sertraline 1mg Inhaler,Emergency/Critical Care,Alkem,No,2025-12,105,1451,1194,1194,0,No,362,5,703.46,0.23,212.82,6
MED0229,Sertraline 1mg Inhaler,Emergency/Critical Care,Alkem,No,2026-01,362,1862,1552,1552,0,No,672,5,703.46,0.23,211.57,6
MED0229,Sertraline 1mg Inhaler,Emergency/Critical Care,Alkem,No,2026-02,672,1637,1395,1395,0,No,914,5,703.46,0.23,216.93,6
MED0229,Sertraline 1mg Inhaler,Emergency/Critical Care,Alkem,No,2026-03,914,1867,1549,1549,0,No,1232,5,703.46,0.23,214.57,6
MED0229,Sertraline 1mg Inhaler,Emergency/Critical Care,Alkem,No,2026-04,1232,1444,1219,1219,0,No,1457,5,703.46,0.23,214.26,6
MED0229,Sertraline 1mg Inhaler,Emergency/Critical Care,Alkem,No,2026-05,1457,1581,1426,1426,0,No,1612,5,703.46,0.23,210.64,6
MED0229,Sertraline 1mg Inhaler,Emergency/Critical Care,Alkem,No,2026-06,1612,1451,1435,1435,0,No,1628,5,703.46,0.23,212.49,6
MED0229,Sertraline 1mg Inhaler,Emergency/Critical Care,Alkem,No,2026-07,1628,1114,1382,1382,0,No,1360,5,703.46,0.23,218.81,6
MED0230,ORS 2.5mg Inhaler,Cardiac,Zydus,No,2025-08,466,1437,1702,1702,0,No,201,5,378.98,0.13,248.21,6
MED0230,ORS 2.5mg Inhaler,Cardiac,Zydus,No,2025-09,201,2078,1681,1681,0,No,598,5,378.98,0.13,249.83,6
MED0230,ORS 2.5mg Inhaler,Cardiac,Zydus,No,2025-10,598,1516,1629,1629,0,No,485,5,378.98,0.13,247.61,6
MED0230,ORS 2.5mg Inhaler,Cardiac,Zydus,No,2025-11,485,1447,1629,1629,0,No,303,5,378.98,0.13,249.92,6
MED0230,ORS 2.5mg Inhaler,Cardiac,Zydus,No,2025-12,303,0,1507,303,1204,Yes,0,5,378.98,0.13,244.02,6
MED0230,ORS 2.5mg Inhaler,Cardiac,Zydus,No,2026-01,0,1430,1559,1430,129,Yes,0,5,378.98,0.13,250.1,6
MED0230,ORS 2.5mg Inhaler,Cardiac,Zydus,No,2026-02,0,1692,1612,1612,0,No,80,5,378.98,0.13,250.15,6
MED0230,ORS 2.5mg Inhaler,Cardiac,Zydus,No,2026-03,80,1212,1345,1292,53,Yes,0,5,378.98,0.13,249.36,6
MED0230,ORS 2.5mg Inhaler,Cardiac,Zydus,No,2026-04,0,1013,1394,1013,381,Yes,0,5,378.98,0.13,250.7,6
MED0230,ORS 2.5mg Inhaler,Cardiac,Zydus,No,2026-05,0,2092,1748,1748,0,No,344,5,378.98,0.13,252.65,6
MED0230,ORS 2.5mg Inhaler,Cardiac,Zydus,No,2026-06,344,1633,1696,1696,0,No,281,5,378.98,0.13,245.95,6
MED0230,ORS 2.5mg Inhaler,Cardiac,Zydus,No,2026-07,281,0,1770,281,1489,Yes,0,5,378.98,0.13,248.81,6
MED0231,Risperidone 500mg Ointment,Antibiotic,Mankind,Yes,2025-08,627,2477,2357,2357,0,No,747,5,621.65,0.15,264.94,9
MED0231,Risperidone 500mg Ointment,Antibiotic,Mankind,Yes,2025-09,747,0,1587,747,840,Yes,0,5,621.65,0.15,260.63,9
MED0231,Risperidone 500mg Ointment,Antibiotic,Mankind,Yes,2025-10,0,1521,1497,1497,0,No,24,5,621.65,0.15,264.2,9
MED0231,Risperidone 500mg Ointment,Antibiotic,Mankind,Yes,2025-11,24,886,1186,910,276,Yes,0,5,621.65,0.15,269.58,9
MED0231,Risperidone 500mg Ointment,Antibiotic,Mankind,Yes,2025-12,0,0,1240,0,1240,Yes,0,5,621.65,0.15,274.65,9
MED0231,Risperidone 500mg Ointment,Antibiotic,Mankind,Yes,2026-01,0,0,1132,0,1132,Yes,0,5,621.65,0.15,275.53,9
MED0231,Risperidone 500mg Ointment,Antibiotic,Mankind,Yes,2026-02,0,1035,1330,1035,295,Yes,0,5,621.65,0.15,275.87,9
MED0231,Risperidone 500mg Ointment,Antibiotic,Mankind,Yes,2026-03,0,0,1720,0,1720,Yes,0,5,621.65,0.15,269.91,9
MED0231,Risperidone 500mg Ointment,Antibiotic,Mankind,Yes,2026-04,0,3196,2675,2675,0,No,521,5,594.33,0.15,274.51,9
MED0231,Risperidone 500mg Ointment,Antibiotic,Mankind,Yes,2026-05,521,4017,3394,3394,0,No,1144,5,594.33,0.15,270.69,9
MED0231,Risperidone 500mg Ointment,Antibiotic,Mankind,Yes,2026-06,1144,3864,3121,3121,0,No,1887,5,594.33,0.15,270.63,9
MED0231,Risperidone 500mg Ointment,Antibiotic,Mankind,Yes,2026-07,1887,2322,2067,2067,0,No,2142,5,594.33,0.15,267.03,9
MED0232,ORS 2.5mg Injection,Respiratory,Aurobindo,No,2025-08,971,1721,1977,1977,0,No,715,5,647.98,0.27,144.58,6
MED0232,ORS 2.5mg Injection,Respiratory,Aurobindo,No,2025-09,715,1875,1956,1956,0,No,634,5,647.98,0.27,145.76,6
MED0232,ORS 2.5mg Injection,Respiratory,Aurobindo,No,2025-10,634,1979,2254,2254,0,No,359,5,647.98,0.27,141.7,6
MED0232,ORS 2.5mg Injection,Respiratory,Aurobindo,No,2025-11,359,3449,2780,2780,0,No,1028,5,647.98,0.27,143.96,6
MED0232,ORS 2.5mg Injection,Respiratory,Aurobindo,No,2025-12,1028,3432,3200,3200,0,No,1260,5,647.98,0.27,142.3,6
MED0232,ORS 2.5mg Injection,Respiratory,Aurobindo,No,2026-01,1260,2975,3490,3490,0,No,745,5,647.98,0.27,137.75,6
MED0232,ORS 2.5mg Injection,Respiratory,Aurobindo,No,2026-02,745,3459,3280,3280,0,No,924,5,647.98,0.27,137.85,6
MED0232,ORS 2.5mg Injection,Respiratory,Aurobindo,No,2026-03,924,2452,2367,2367,0,No,1009,5,647.98,0.27,133.72,6
MED0232,ORS 2.5mg Injection,Respiratory,Aurobindo,No,2026-04,1009,1756,1733,1733,0,No,1032,5,647.98,0.27,131.68,6
MED0232,ORS 2.5mg Injection,Respiratory,Aurobindo,No,2026-05,1032,1531,1396,1396,0,No,1167,5,647.98,0.27,133.57,6
MED0232,ORS 2.5mg Injection,Respiratory,Aurobindo,No,2026-06,1167,1736,1426,1426,0,No,1477,5,647.98,0.27,131.57,6
MED0232,ORS 2.5mg Injection,Respiratory,Aurobindo,No,2026-07,1477,1499,1642,1642,0,No,1334,5,647.98,0.27,134.66,6
MED0233,Dexamethasone 100mg Tablet,Respiratory,Sun Pharma,Yes,2025-08,261,0,2352,261,2091,Yes,0,3,36.13,0.19,133.59,24
MED0233,Dexamethasone 100mg Tablet,Respiratory,Sun Pharma,Yes,2025-09,0,2220,2021,2021,0,No,199,3,36.13,0.19,129.41,24
MED0233,Dexamethasone 100mg Tablet,Respiratory,Sun Pharma,Yes,2025-10,199,0,1314,199,1115,Yes,0,3,36.13,0.19,127.28,24
MED0233,Dexamethasone 100mg Tablet,Respiratory,Sun Pharma,Yes,2025-11,0,1145,899,899,0,No,246,3,36.13,0.19,129.31,24
MED0233,Dexamethasone 100mg Tablet,Respiratory,Sun Pharma,Yes,2025-12,246,967,848,848,0,No,365,3,36.13,0.19,127.76,24
MED0233,Dexamethasone 100mg Tablet,Respiratory,Sun Pharma,Yes,2026-01,365,660,826,826,0,No,199,3,36.13,0.19,124.41,24
MED0233,Dexamethasone 100mg Tablet,Respiratory,Sun Pharma,Yes,2026-02,199,771,719,719,0,No,251,3,36.13,0.19,123.23,24
MED0233,Dexamethasone 100mg Tablet,Respiratory,Sun Pharma,Yes,2026-03,251,0,852,251,601,Yes,0,3,36.13,0.19,121.57,24
MED0233,Dexamethasone 100mg Tablet,Respiratory,Sun Pharma,Yes,2026-04,0,793,928,793,135,Yes,0,3,35.84,0.19,124.45,24
MED0233,Dexamethasone 100mg Tablet,Respiratory,Sun Pharma,Yes,2026-05,0,1035,1435,1035,400,Yes,0,3,35.84,0.19,122.88,24
MED0233,Dexamethasone 100mg Tablet,Respiratory,Sun Pharma,Yes,2026-06,0,1433,1856,1433,423,Yes,0,3,35.84,0.19,125.31,24
MED0233,Dexamethasone 100mg Tablet,Respiratory,Sun Pharma,Yes,2026-07,0,0,2436,0,2436,Yes,0,3,35.84,0.19,128.61,24
MED0234,Zinc Sulphate 10mg Suspension,Gastrointestinal,Abbott,No,2025-08,91,630,491,491,0,No,230,5,691.24,0.2,318.28,12
MED0234,Zinc Sulphate 10mg Suspension,Gastrointestinal,Abbott,No,2025-09,230,337,411,411,0,No,156,5,691.24,0.2,326.5,12
MED0234,Zinc Sulphate 10mg Suspension,Gastrointestinal,Abbott,No,2025-10,156,372,321,321,0,No,207,5,691.24,0.2,324.04,12
MED0234,Zinc Sulphate 10mg Suspension,Gastrointestinal,Abbott,No,2025-11,207,300,270,270,0,No,237,5,691.24,0.2,333.35,12
MED0234,Zinc Sulphate 10mg Suspension,Gastrointestinal,Abbott,No,2025-12,237,232,236,236,0,No,233,5,691.24,0.2,325.11,12
MED0234,Zinc Sulphate 10mg Suspension,Gastrointestinal,Abbott,No,2026-01,233,255,202,202,0,No,286,5,691.24,0.2,328.86,12
MED0234,Zinc Sulphate 10mg Suspension,Gastrointestinal,Abbott,No,2026-02,286,280,226,226,0,No,340,5,691.24,0.2,328.74,12
MED0234,Zinc Sulphate 10mg Suspension,Gastrointestinal,Abbott,No,2026-03,340,260,285,285,0,No,315,5,691.24,0.2,326.49,12
MED0234,Zinc Sulphate 10mg Suspension,Gastrointestinal,Abbott,No,2026-04,315,374,531,531,0,No,158,5,691.24,0.2,329.15,12
MED0234,Zinc Sulphate 10mg Suspension,Gastrointestinal,Abbott,No,2026-05,158,734,574,574,0,No,318,5,691.24,0.2,333.24,12
MED0234,Zinc Sulphate 10mg Suspension,Gastrointestinal,Abbott,No,2026-06,318,378,501,501,0,No,195,5,691.24,0.2,323.3,12
MED0234,Zinc Sulphate 10mg Suspension,Gastrointestinal,Abbott,No,2026-07,195,493,450,450,0,No,238,5,691.24,0.2,316.62,12
MED0235,Adrenaline 500mg Tablet,Antidiabetic,Lupin,No,2025-08,394,1582,1283,1283,0,No,693,4,762.44,0.2,107.93,12
MED0235,Adrenaline 500mg Tablet,Antidiabetic,Lupin,No,2025-09,693,1365,1418,1418,0,No,640,4,762.44,0.2,109.38,12
MED0235,Adrenaline 500mg Tablet,Antidiabetic,Lupin,No,2025-10,640,1744,1388,1388,0,No,996,4,762.44,0.2,110.51,12
MED0235,Adrenaline 500mg Tablet,Antidiabetic,Lupin,No,2025-11,996,0,1568,996,572,Yes,0,4,762.44,0.2,113.68,12
MED0235,Adrenaline 500mg Tablet,Antidiabetic,Lupin,No,2025-12,0,1019,1349,1019,330,Yes,0,4,762.44,0.2,115.45,12
MED0235,Adrenaline 500mg Tablet,Antidiabetic,Lupin,No,2026-01,0,1343,1529,1343,186,Yes,0,4,762.44,0.2,117.64,12
MED0235,Adrenaline 500mg Tablet,Antidiabetic,Lupin,No,2026-02,0,1269,1426,1269,157,Yes,0,4,762.44,0.2,117.64,12
MED0235,Adrenaline 500mg Tablet,Antidiabetic,Lupin,No,2026-03,0,1424,1592,1424,168,Yes,0,4,762.44,0.2,116.27,12
MED0235,Adrenaline 500mg Tablet,Antidiabetic,Lupin,No,2026-04,0,1749,1447,1447,0,No,302,4,762.44,0.2,113.59,12
MED0235,Adrenaline 500mg Tablet,Antidiabetic,Lupin,No,2026-05,302,0,1432,302,1130,Yes,0,4,762.44,0.2,115.51,12
MED0235,Adrenaline 500mg Tablet,Antidiabetic,Lupin,No,2026-06,0,1291,1284,1284,0,No,7,4,762.44,0.2,116.49,12
MED0235,Adrenaline 500mg Tablet,Antidiabetic,Lupin,No,2026-07,7,1088,1450,1095,355,Yes,0,4,762.44,0.2,113.42,12
MED0236,Methyldopa 100mg Inhaler,Neuro/Psychiatric,Glenmark,No,2025-08,148,478,612,612,0,No,14,4,762.34,0.27,161.77,18
MED0236,Methyldopa 100mg Inhaler,Neuro/Psychiatric,Glenmark,No,2025-09,14,440,613,454,159,Yes,0,4,762.34,0.27,160.34,18
MED0236,Methyldopa 100mg Inhaler,Neuro/Psychiatric,Glenmark,No,2025-10,0,758,602,602,0,No,156,4,762.34,0.27,165,18
MED0236,Methyldopa 100mg Inhaler,Neuro/Psychiatric,Glenmark,No,2025-11,156,705,639,639,0,No,222,4,762.34,0.27,165,18
MED0236,Methyldopa 100mg Inhaler,Neuro/Psychiatric,Glenmark,No,2025-12,222,695,671,671,0,No,246,4,762.34,0.27,164.31,18
MED0236,Methyldopa 100mg Inhaler,Neuro/Psychiatric,Glenmark,No,2026-01,246,735,608,608,0,No,373,4,762.34,0.27,163.88,18
MED0236,Methyldopa 100mg Inhaler,Neuro/Psychiatric,Glenmark,No,2026-02,373,511,573,573,0,No,311,4,762.34,0.27,160.91,18
MED0236,Methyldopa 100mg Inhaler,Neuro/Psychiatric,Glenmark,No,2026-03,311,0,612,311,301,Yes,0,4,762.34,0.27,159.57,18
MED0236,Methyldopa 100mg Inhaler,Neuro/Psychiatric,Glenmark,No,2026-04,0,562,577,562,15,Yes,0,4,762.34,0.27,158.24,18
MED0236,Methyldopa 100mg Inhaler,Neuro/Psychiatric,Glenmark,No,2026-05,0,650,625,625,0,No,25,4,762.34,0.27,153.68,18
MED0236,Methyldopa 100mg Inhaler,Neuro/Psychiatric,Glenmark,No,2026-06,25,661,650,650,0,No,36,4,762.34,0.27,156.41,18
MED0236,Methyldopa 100mg Inhaler,Neuro/Psychiatric,Glenmark,No,2026-07,36,871,682,682,0,No,225,4,762.34,0.27,155.56,18
MED0237,Tramadol 20mg Injection,Analgesic,Glenmark,No,2025-08,725,4462,5320,5187,133,Yes,0,5,617.42,0.2,43.75,18
MED0237,Tramadol 20mg Injection,Analgesic,Glenmark,No,2025-09,0,4826,3990,3990,0,No,836,5,617.42,0.2,44.64,18
MED0237,Tramadol 20mg Injection,Analgesic,Glenmark,No,2025-10,836,0,2807,836,1971,Yes,0,5,617.42,0.2,45.61,18
MED0237,Tramadol 20mg Injection,Analgesic,Glenmark,No,2025-11,0,2571,2259,2259,0,No,312,5,617.42,0.2,44.82,18
MED0237,Tramadol 20mg Injection,Analgesic,Glenmark,No,2025-12,312,1890,1977,1977,0,No,225,5,617.42,0.2,45.25,18
MED0237,Tramadol 20mg Injection,Analgesic,Glenmark,No,2026-01,225,1512,2017,1737,280,Yes,0,5,617.42,0.2,45.17,18
MED0237,Tramadol 20mg Injection,Analgesic,Glenmark,No,2026-02,0,1404,1686,1404,282,Yes,0,5,617.42,0.2,46.22,18
MED0237,Tramadol 20mg Injection,Analgesic,Glenmark,No,2026-03,0,2097,2117,2097,20,Yes,0,5,617.42,0.2,45.44,18
MED0237,Tramadol 20mg Injection,Analgesic,Glenmark,No,2026-04,0,2320,2453,2320,133,Yes,0,5,617.42,0.2,45.93,18
MED0237,Tramadol 20mg Injection,Analgesic,Glenmark,No,2026-05,0,3505,3277,3277,0,No,228,5,617.42,0.2,46.23,18
MED0237,Tramadol 20mg Injection,Analgesic,Glenmark,No,2026-06,228,4310,4153,4153,0,No,385,5,617.42,0.2,45.67,18
MED0237,Tramadol 20mg Injection,Analgesic,Glenmark,No,2026-07,385,6051,5404,5404,0,No,1032,5,617.42,0.2,44.67,18
MED0238,Albendazole 2.5mg Drops,Respiratory,Dr Reddy's,No,2025-08,392,781,709,709,0,No,464,7,76.77,0.19,49.04,24
MED0238,Albendazole 2.5mg Drops,Respiratory,Dr Reddy's,No,2025-09,464,581,738,738,0,No,307,7,76.77,0.19,49.51,24
MED0238,Albendazole 2.5mg Drops,Respiratory,Dr Reddy's,No,2025-10,307,737,691,691,0,No,353,7,76.77,0.19,50.25,24
MED0238,Albendazole 2.5mg Drops,Respiratory,Dr Reddy's,No,2025-11,353,800,749,749,0,No,404,7,76.77,0.19,49.68,24
MED0238,Albendazole 2.5mg Drops,Respiratory,Dr Reddy's,No,2025-12,404,788,730,730,0,No,462,7,76.77,0.19,50.13,24
MED0238,Albendazole 2.5mg Drops,Respiratory,Dr Reddy's,No,2026-01,462,908,708,708,0,No,662,7,76.77,0.19,49.81,24
MED0238,Albendazole 2.5mg Drops,Respiratory,Dr Reddy's,No,2026-02,662,624,724,724,0,No,562,7,76.77,0.19,50.47,24
MED0238,Albendazole 2.5mg Drops,Respiratory,Dr Reddy's,No,2026-03,562,0,674,562,112,Yes,0,7,76.77,0.19,49.54,24
MED0238,Albendazole 2.5mg Drops,Respiratory,Dr Reddy's,No,2026-04,0,597,625,597,28,Yes,0,7,76.77,0.19,50.75,24
MED0238,Albendazole 2.5mg Drops,Respiratory,Dr Reddy's,No,2026-05,0,836,651,651,0,No,185,7,76.77,0.19,50.09,24
MED0238,Albendazole 2.5mg Drops,Respiratory,Dr Reddy's,No,2026-06,185,599,719,719,0,No,65,7,76.77,0.19,49.68,24
MED0238,Albendazole 2.5mg Drops,Respiratory,Dr Reddy's,No,2026-07,65,441,630,506,124,Yes,0,7,76.77,0.19,48.31,24
MED0239,Omeprazole 1g Inhaler,Vitamin/Supplement,Zydus,Yes,2025-08,408,635,652,652,0,No,391,21,36.41,0.24,155.23,36
MED0239,Omeprazole 1g Inhaler,Vitamin/Supplement,Zydus,Yes,2025-09,391,0,563,391,172,Yes,0,21,36.41,0.24,151.43,36
MED0239,Omeprazole 1g Inhaler,Vitamin/Supplement,Zydus,Yes,2025-10,0,425,409,409,0,No,16,21,36.41,0.24,151.59,36
MED0239,Omeprazole 1g Inhaler,Vitamin/Supplement,Zydus,Yes,2025-11,16,254,336,270,66,Yes,0,21,36.41,0.24,149.32,36
MED0239,Omeprazole 1g Inhaler,Vitamin/Supplement,Zydus,Yes,2025-12,0,310,271,271,0,No,39,21,36.41,0.24,152.6,36
MED0239,Omeprazole 1g Inhaler,Vitamin/Supplement,Zydus,Yes,2026-01,39,0,296,39,257,Yes,0,21,36.41,0.24,147.85,36
MED0239,Omeprazole 1g Inhaler,Vitamin/Supplement,Zydus,Yes,2026-02,0,259,279,259,20,Yes,0,21,36.41,0.24,146.67,36
MED0239,Omeprazole 1g Inhaler,Vitamin/Supplement,Zydus,Yes,2026-03,0,255,280,255,25,Yes,0,21,36.41,0.24,145.08,36
MED0239,Omeprazole 1g Inhaler,Vitamin/Supplement,Zydus,Yes,2026-04,0,326,309,309,0,No,17,21,35.99,0.24,141.26,36
MED0239,Omeprazole 1g Inhaler,Vitamin/Supplement,Zydus,Yes,2026-05,17,604,513,513,0,No,108,21,35.99,0.24,141.26,36
MED0239,Omeprazole 1g Inhaler,Vitamin/Supplement,Zydus,Yes,2026-06,108,725,680,680,0,No,153,21,35.99,0.24,141.26,36
MED0239,Omeprazole 1g Inhaler,Vitamin/Supplement,Zydus,Yes,2026-07,153,897,817,817,0,No,233,21,35.99,0.24,141.26,36
MED0240,Nifedipine 10ml Injection,Analgesic,Cadila,No,2025-08,121,600,804,721,83,Yes,0,4,525.48,0.16,99.39,9
MED0240,Nifedipine 10ml Injection,Analgesic,Cadila,No,2025-09,0,699,697,697,0,No,2,4,525.48,0.16,99.58,9
MED0240,Nifedipine 10ml Injection,Analgesic,Cadila,No,2025-10,2,678,569,569,0,No,111,4,525.48,0.16,100.18,9
MED0240,Nifedipine 10ml Injection,Analgesic,Cadila,No,2025-11,111,525,550,550,0,No,86,4,525.48,0.16,97.11,9
MED0240,Nifedipine 10ml Injection,Analgesic,Cadila,No,2025-12,86,304,426,390,36,Yes,0,4,525.48,0.16,96.89,9
MED0240,Nifedipine 10ml Injection,Analgesic,Cadila,No,2026-01,0,545,472,472,0,No,73,4,525.48,0.16,99.79,9
MED0240,Nifedipine 10ml Injection,Analgesic,Cadila,No,2026-02,73,577,466,466,0,No,184,4,525.48,0.16,99.91,9
MED0240,Nifedipine 10ml Injection,Analgesic,Cadila,No,2026-03,184,499,560,560,0,No,123,4,525.48,0.16,101.02,9
MED0240,Nifedipine 10ml Injection,Analgesic,Cadila,No,2026-04,123,888,876,876,0,No,135,4,525.48,0.16,99.84,9
MED0240,Nifedipine 10ml Injection,Analgesic,Cadila,No,2026-05,135,1134,1124,1124,0,No,145,4,525.48,0.16,101.56,9
MED0240,Nifedipine 10ml Injection,Analgesic,Cadila,No,2026-06,145,1099,1185,1185,0,No,59,4,525.48,0.16,103.27,9
MED0240,Nifedipine 10ml Injection,Analgesic,Cadila,No,2026-07,59,768,859,827,32,Yes,0,4,525.48,0.16,103.4,9
MED0241,Fluconazole 5mg Tablet,Neuro/Psychiatric,GSK,No,2025-08,378,2303,2240,2240,0,No,441,3,543.8,0.16,173.73,24
MED0241,Fluconazole 5mg Tablet,Neuro/Psychiatric,GSK,No,2025-09,441,2613,2125,2125,0,No,929,3,543.8,0.16,178.94,24
MED0241,Fluconazole 5mg Tablet,Neuro/Psychiatric,GSK,No,2025-10,929,2618,2199,2199,0,No,1348,3,543.8,0.16,174.84,24
MED0241,Fluconazole 5mg Tablet,Neuro/Psychiatric,GSK,No,2025-11,1348,2288,2225,2225,0,No,1411,3,543.8,0.16,169.55,24
MED0241,Fluconazole 5mg Tablet,Neuro/Psychiatric,GSK,No,2025-12,1411,1380,1876,1876,0,No,915,3,543.8,0.16,172.51,24
MED0241,Fluconazole 5mg Tablet,Neuro/Psychiatric,GSK,No,2026-01,915,0,1945,915,1030,Yes,0,3,543.8,0.16,175.87,24
MED0241,Fluconazole 5mg Tablet,Neuro/Psychiatric,GSK,No,2026-02,0,2353,2018,2018,0,No,335,3,543.8,0.16,171.71,24
MED0241,Fluconazole 5mg Tablet,Neuro/Psychiatric,GSK,No,2026-03,335,2161,2163,2163,0,No,333,3,543.8,0.16,169.14,24
MED0241,Fluconazole 5mg Tablet,Neuro/Psychiatric,GSK,No,2026-04,333,2076,2230,2230,0,No,179,3,543.8,0.16,163.86,24
MED0241,Fluconazole 5mg Tablet,Neuro/Psychiatric,GSK,No,2026-05,179,0,1838,179,1659,Yes,0,3,543.8,0.16,161.6,24
MED0241,Fluconazole 5mg Tablet,Neuro/Psychiatric,GSK,No,2026-06,0,1863,2162,1863,299,Yes,0,3,543.8,0.16,164.59,24
MED0241,Fluconazole 5mg Tablet,Neuro/Psychiatric,GSK,No,2026-07,0,2500,2345,2345,0,No,155,3,543.8,0.16,164.79,24
MED0242,Dexamethasone 250mg Injection,Dermatological,Sun Pharma,Yes,2025-08,381,1801,2557,2182,375,Yes,0,4,610.61,0.25,315.56,24
MED0242,Dexamethasone 250mg Injection,Dermatological,Sun Pharma,Yes,2025-09,0,0,2118,0,2118,Yes,0,4,610.61,0.25,312.54,24
MED0242,Dexamethasone 250mg Injection,Dermatological,Sun Pharma,Yes,2025-10,0,2082,2438,2082,356,Yes,0,4,610.61,0.25,309.99,24
MED0242,Dexamethasone 250mg Injection,Dermatological,Sun Pharma,Yes,2025-11,0,2506,2241,2241,0,No,265,4,610.61,0.25,300.08,24
MED0242,Dexamethasone 250mg Injection,Dermatological,Sun Pharma,Yes,2025-12,265,2684,2371,2371,0,No,578,4,610.61,0.25,296.1,24
MED0242,Dexamethasone 250mg Injection,Dermatological,Sun Pharma,Yes,2026-01,578,2233,2386,2386,0,No,425,4,610.61,0.25,299.01,24
MED0242,Dexamethasone 250mg Injection,Dermatological,Sun Pharma,Yes,2026-02,425,2305,2129,2129,0,No,601,4,610.61,0.25,308.44,24
MED0242,Dexamethasone 250mg Injection,Dermatological,Sun Pharma,Yes,2026-03,601,1893,2324,2324,0,No,170,4,610.61,0.25,315.34,24
MED0242,Dexamethasone 250mg Injection,Dermatological,Sun Pharma,Yes,2026-04,170,3214,2481,2481,0,No,903,4,607.53,0.25,305.87,24
MED0242,Dexamethasone 250mg Injection,Dermatological,Sun Pharma,Yes,2026-05,903,2132,2383,2383,0,No,652,4,607.53,0.25,313.79,24
MED0242,Dexamethasone 250mg Injection,Dermatological,Sun Pharma,Yes,2026-06,652,2309,1942,1942,0,No,1019,4,607.53,0.25,319.42,24
MED0242,Dexamethasone 250mg Injection,Dermatological,Sun Pharma,Yes,2026-07,1019,1845,2183,2183,0,No,681,4,607.53,0.25,324.99,24
MED0243,Glimepiride 20mg Ointment,Dermatological,Biocon,No,2025-08,299,1269,1395,1395,0,No,173,4,236.55,0.26,182.6,24
MED0243,Glimepiride 20mg Ointment,Dermatological,Biocon,No,2025-09,173,1363,1168,1168,0,No,368,4,236.55,0.26,181.43,24
MED0243,Glimepiride 20mg Ointment,Dermatological,Biocon,No,2025-10,368,975,795,795,0,No,548,4,236.55,0.26,179.16,24
MED0243,Glimepiride 20mg Ointment,Dermatological,Biocon,No,2025-11,548,760,820,820,0,No,488,4,236.55,0.26,174.16,24
MED0243,Glimepiride 20mg Ointment,Dermatological,Biocon,No,2025-12,488,820,731,731,0,No,577,4,236.55,0.26,171.03,24
MED0243,Glimepiride 20mg Ointment,Dermatological,Biocon,No,2026-01,577,811,697,697,0,No,691,4,236.55,0.26,168.11,24
MED0243,Glimepiride 20mg Ointment,Dermatological,Biocon,No,2026-02,691,608,794,794,0,No,505,4,236.55,0.26,167.93,24
MED0243,Glimepiride 20mg Ointment,Dermatological,Biocon,No,2026-03,505,768,963,963,0,No,310,4,236.55,0.26,170.78,24
MED0243,Glimepiride 20mg Ointment,Dermatological,Biocon,No,2026-04,310,1313,1290,1290,0,No,333,4,236.55,0.26,170.48,24
MED0243,Glimepiride 20mg Ointment,Dermatological,Biocon,No,2026-05,333,2229,1779,1779,0,No,783,4,236.55,0.26,166.17,24
MED0243,Glimepiride 20mg Ointment,Dermatological,Biocon,No,2026-06,783,1440,1561,1561,0,No,662,4,236.55,0.26,171.44,24
MED0243,Glimepiride 20mg Ointment,Dermatological,Biocon,No,2026-07,662,0,1202,662,540,Yes,0,4,236.55,0.26,176.53,24
MED0244,Snake Antivenom 1g Ointment,Neuro/Psychiatric,Lupin,No,2025-08,213,1020,963,963,0,No,270,2,232.38,0.27,161.47,6
MED0244,Snake Antivenom 1g Ointment,Neuro/Psychiatric,Lupin,No,2025-09,270,888,942,942,0,No,216,2,232.38,0.27,164.37,6
MED0244,Snake Antivenom 1g Ointment,Neuro/Psychiatric,Lupin,No,2025-10,216,1358,1331,1331,0,No,243,2,232.38,0.27,169.37,6
MED0244,Snake Antivenom 1g Ointment,Neuro/Psychiatric,Lupin,No,2025-11,243,0,1774,243,1531,Yes,0,2,232.38,0.27,169.82,6
MED0244,Snake Antivenom 1g Ointment,Neuro/Psychiatric,Lupin,No,2025-12,0,0,1896,0,1896,Yes,0,2,232.38,0.27,174.53,6
MED0244,Snake Antivenom 1g Ointment,Neuro/Psychiatric,Lupin,No,2026-01,0,2838,2201,2201,0,No,637,2,232.38,0.27,170.21,6
MED0244,Snake Antivenom 1g Ointment,Neuro/Psychiatric,Lupin,No,2026-02,637,0,1620,637,983,Yes,0,2,232.38,0.27,168.84,6
MED0244,Snake Antivenom 1g Ointment,Neuro/Psychiatric,Lupin,No,2026-03,0,1139,1219,1139,80,Yes,0,2,232.38,0.27,166.05,6
MED0244,Snake Antivenom 1g Ointment,Neuro/Psychiatric,Lupin,No,2026-04,0,0,897,0,897,Yes,0,2,232.38,0.27,162.96,6
MED0244,Snake Antivenom 1g Ointment,Neuro/Psychiatric,Lupin,No,2026-05,0,0,829,0,829,Yes,0,2,232.38,0.27,159.31,6
MED0244,Snake Antivenom 1g Ointment,Neuro/Psychiatric,Lupin,No,2026-06,0,635,893,635,258,Yes,0,2,232.38,0.27,160.56,6
MED0244,Snake Antivenom 1g Ointment,Neuro/Psychiatric,Lupin,No,2026-07,0,992,1108,992,116,Yes,0,2,232.38,0.27,163.42,6
MED0245,Phenytoin 10mg Inhaler,Respiratory,Dr Reddy's,Yes,2025-08,508,0,4592,508,4084,Yes,0,3,163.26,0.12,175.62,18
MED0245,Phenytoin 10mg Inhaler,Respiratory,Dr Reddy's,Yes,2025-09,0,3135,3983,3135,848,Yes,0,3,163.26,0.12,176.49,18
MED0245,Phenytoin 10mg Inhaler,Respiratory,Dr Reddy's,Yes,2025-10,0,2167,2746,2167,579,Yes,0,3,163.26,0.12,172.58,18
MED0245,Phenytoin 10mg Inhaler,Respiratory,Dr Reddy's,Yes,2025-11,0,2344,2308,2308,0,No,36,3,163.26,0.12,176.02,18
MED0245,Phenytoin 10mg Inhaler,Respiratory,Dr Reddy's,Yes,2025-12,36,1387,1969,1423,546,Yes,0,3,163.26,0.12,177.52,18
MED0245,Phenytoin 10mg Inhaler,Respiratory,Dr Reddy's,Yes,2026-01,0,2025,2007,2007,0,No,18,3,163.26,0.12,176.28,18
MED0245,Phenytoin 10mg Inhaler,Respiratory,Dr Reddy's,Yes,2026-02,18,2232,1771,1771,0,No,479,3,163.26,0.12,178.21,18
MED0245,Phenytoin 10mg Inhaler,Respiratory,Dr Reddy's,Yes,2026-03,479,1430,1917,1909,8,Yes,0,3,163.26,0.12,175.55,18
MED0245,Phenytoin 10mg Inhaler,Respiratory,Dr Reddy's,Yes,2026-04,0,2739,2454,2454,0,No,285,3,170.9,0.12,173.84,18
MED0245,Phenytoin 10mg Inhaler,Respiratory,Dr Reddy's,Yes,2026-05,285,0,2678,285,2393,Yes,0,3,170.9,0.12,178.46,18
MED0245,Phenytoin 10mg Inhaler,Respiratory,Dr Reddy's,Yes,2026-06,0,4762,4322,4322,0,No,440,3,170.9,0.12,176.14,18
MED0245,Phenytoin 10mg Inhaler,Respiratory,Dr Reddy's,Yes,2026-07,440,7200,5717,5717,0,No,1923,3,170.9,0.12,175.81,18
MED0246,Cloxacillin 500mg Injection,Anesthetic,Intas,No,2025-08,233,1248,1038,1038,0,No,443,4,570.24,0.25,96.3,36
MED0246,Cloxacillin 500mg Injection,Anesthetic,Intas,No,2025-09,443,1146,923,923,0,No,666,4,570.24,0.25,97.56,36
MED0246,Cloxacillin 500mg Injection,Anesthetic,Intas,No,2025-10,666,1064,1137,1137,0,No,593,4,570.24,0.25,94.9,36
MED0246,Cloxacillin 500mg Injection,Anesthetic,Intas,No,2025-11,593,1249,1010,1010,0,No,832,4,570.24,0.25,92.76,36
MED0246,Cloxacillin 500mg Injection,Anesthetic,Intas,No,2025-12,832,833,909,909,0,No,756,4,570.24,0.25,89.77,36
MED0246,Cloxacillin 500mg Injection,Anesthetic,Intas,No,2026-01,756,1328,1025,1025,0,No,1059,4,570.24,0.25,90.56,36
MED0246,Cloxacillin 500mg Injection,Anesthetic,Intas,No,2026-02,1059,1002,1006,1006,0,No,1055,4,570.24,0.25,90.24,36
MED0246,Cloxacillin 500mg Injection,Anesthetic,Intas,No,2026-03,1055,863,1129,1129,0,No,789,4,570.24,0.25,88.02,36
MED0246,Cloxacillin 500mg Injection,Anesthetic,Intas,No,2026-04,789,839,987,987,0,No,641,4,570.24,0.25,90.8,36
MED0246,Cloxacillin 500mg Injection,Anesthetic,Intas,No,2026-05,641,1244,975,975,0,No,910,4,570.24,0.25,90.98,36
MED0246,Cloxacillin 500mg Injection,Anesthetic,Intas,No,2026-06,910,800,1063,1063,0,No,647,4,570.24,0.25,89.41,36
MED0246,Cloxacillin 500mg Injection,Anesthetic,Intas,No,2026-07,647,1350,1090,1090,0,No,907,4,570.24,0.25,89.41,36
MED0247,Losartan 10mg Ointment,Respiratory,GSK,No,2025-08,587,2456,2342,2342,0,No,701,3,304.86,0.19,273.69,36
MED0247,Losartan 10mg Ointment,Respiratory,GSK,No,2025-09,701,1451,2025,2025,0,No,127,3,304.86,0.19,276.79,36
MED0247,Losartan 10mg Ointment,Respiratory,GSK,No,2025-10,127,2342,2341,2341,0,No,128,3,304.86,0.19,269.48,36
MED0247,Losartan 10mg Ointment,Respiratory,GSK,No,2025-11,128,3008,3371,3136,235,Yes,0,3,304.86,0.19,265.6,36
MED0247,Losartan 10mg Ointment,Respiratory,GSK,No,2025-12,0,3683,4015,3683,332,Yes,0,3,304.86,0.19,270.89,36
MED0247,Losartan 10mg Ointment,Respiratory,GSK,No,2026-01,0,4007,4784,4007,777,Yes,0,3,304.86,0.19,270.19,36
MED0247,Losartan 10mg Ointment,Respiratory,GSK,No,2026-02,0,2746,3393,2746,647,Yes,0,3,304.86,0.19,270.99,36
MED0247,Losartan 10mg Ointment,Respiratory,GSK,No,2026-03,0,2141,2389,2141,248,Yes,0,3,304.86,0.19,269.83,36
MED0247,Losartan 10mg Ointment,Respiratory,GSK,No,2026-04,0,1608,2262,1608,654,Yes,0,3,304.86,0.19,261.97,36
MED0247,Losartan 10mg Ointment,Respiratory,GSK,No,2026-05,0,1742,1828,1742,86,Yes,0,3,304.86,0.19,256.21,36
MED0247,Losartan 10mg Ointment,Respiratory,GSK,No,2026-06,0,2143,1858,1858,0,No,285,3,304.86,0.19,255.27,36
MED0247,Losartan 10mg Ointment,Respiratory,GSK,No,2026-07,285,1855,1945,1945,0,No,195,3,304.86,0.19,250.26,36
MED0248,Ranitidine 10ml Ointment,Gastrointestinal,Torrent,Yes,2025-08,852,0,3596,852,2744,Yes,0,7,607.32,0.14,199.29,6
MED0248,Ranitidine 10ml Ointment,Gastrointestinal,Torrent,Yes,2025-09,0,2833,2861,2833,28,Yes,0,7,607.32,0.14,193.64,6
MED0248,Ranitidine 10ml Ointment,Gastrointestinal,Torrent,Yes,2025-10,0,1905,1764,1764,0,No,141,7,607.32,0.14,197.95,6
MED0248,Ranitidine 10ml Ointment,Gastrointestinal,Torrent,Yes,2025-11,141,1505,1541,1541,0,No,105,7,607.32,0.14,203.99,6
MED0248,Ranitidine 10ml Ointment,Gastrointestinal,Torrent,Yes,2025-12,105,878,1237,983,254,Yes,0,7,607.32,0.14,207.67,6
MED0248,Ranitidine 10ml Ointment,Gastrointestinal,Torrent,Yes,2026-01,0,928,1071,928,143,Yes,0,7,607.32,0.14,212.11,6
MED0248,Ranitidine 10ml Ointment,Gastrointestinal,Torrent,Yes,2026-02,0,0,1196,0,1196,Yes,0,7,607.32,0.14,208.87,6
MED0248,Ranitidine 10ml Ointment,Gastrointestinal,Torrent,Yes,2026-03,0,0,1576,0,1576,Yes,0,7,607.32,0.14,214.65,6
MED0248,Ranitidine 10ml Ointment,Gastrointestinal,Torrent,Yes,2026-04,0,1487,1688,1487,201,Yes,0,7,642.38,0.14,210.84,6
MED0248,Ranitidine 10ml Ointment,Gastrointestinal,Torrent,Yes,2026-05,0,1487,1824,1487,337,Yes,0,7,642.38,0.14,216.51,6
MED0248,Ranitidine 10ml Ointment,Gastrointestinal,Torrent,Yes,2026-06,0,2362,3156,2362,794,Yes,0,7,642.38,0.14,217.23,6
MED0248,Ranitidine 10ml Ointment,Gastrointestinal,Torrent,Yes,2026-07,0,4858,3784,3784,0,No,1074,7,642.38,0.14,217.23,6
MED0249,Tetanus Toxoid 1g Syrup,Vitamin/Supplement,Cipla,Yes,2025-08,313,286,282,282,0,No,317,14,555.83,0.24,307.12,6
MED0249,Tetanus Toxoid 1g Syrup,Vitamin/Supplement,Cipla,Yes,2025-09,317,0,271,271,0,No,46,14,555.83,0.24,308.47,6
MED0249,Tetanus Toxoid 1g Syrup,Vitamin/Supplement,Cipla,Yes,2025-10,46,0,287,46,241,Yes,0,14,555.83,0.24,303.82,6
MED0249,Tetanus Toxoid 1g Syrup,Vitamin/Supplement,Cipla,Yes,2025-11,0,206,275,206,69,Yes,0,14,555.83,0.24,302.6,6
MED0249,Tetanus Toxoid 1g Syrup,Vitamin/Supplement,Cipla,Yes,2025-12,0,325,280,280,0,No,45,14,555.83,0.24,304.41,6
MED0249,Tetanus Toxoid 1g Syrup,Vitamin/Supplement,Cipla,Yes,2026-01,45,366,286,286,0,No,125,14,555.83,0.24,296.15,6
MED0249,Tetanus Toxoid 1g Syrup,Vitamin/Supplement,Cipla,Yes,2026-02,125,281,242,242,0,No,164,14,555.83,0.24,298.52,6
MED0249,Tetanus Toxoid 1g Syrup,Vitamin/Supplement,Cipla,Yes,2026-03,164,230,252,252,0,No,142,14,555.83,0.24,307.83,6
MED0249,Tetanus Toxoid 1g Syrup,Vitamin/Supplement,Cipla,Yes,2026-04,142,0,234,142,92,Yes,0,14,586.52,0.24,301.83,6
MED0249,Tetanus Toxoid 1g Syrup,Vitamin/Supplement,Cipla,Yes,2026-05,0,344,294,294,0,No,50,14,586.52,0.24,307.49,6
MED0249,Tetanus Toxoid 1g Syrup,Vitamin/Supplement,Cipla,Yes,2026-06,50,226,238,238,0,No,38,14,586.52,0.24,315.38,6
MED0249,Tetanus Toxoid 1g Syrup,Vitamin/Supplement,Cipla,Yes,2026-07,38,0,308,38,270,Yes,0,14,586.52,0.24,323.96,6
MED0250,Chlorpheniramine 10mg Inhaler,Cardiac,Zydus,No,2025-08,2793,3321,2725,2725,0,No,3389,14,397.26,0.18,90.54,12
MED0250,Chlorpheniramine 10mg Inhaler,Cardiac,Zydus,No,2025-09,3389,2362,2608,2608,0,No,3143,14,397.26,0.18,90.66,12
MED0250,Chlorpheniramine 10mg Inhaler,Cardiac,Zydus,No,2025-10,3143,2425,1956,1956,0,No,3612,14,397.26,0.18,93.38,12
MED0250,Chlorpheniramine 10mg Inhaler,Cardiac,Zydus,No,2025-11,3612,1947,1701,1701,0,No,3858,14,397.26,0.18,94.85,12
MED0250,Chlorpheniramine 10mg Inhaler,Cardiac,Zydus,No,2025-12,3858,0,1893,1893,0,No,1965,14,397.26,0.18,92.92,12
MED0250,Chlorpheniramine 10mg Inhaler,Cardiac,Zydus,No,2026-01,1965,1660,1567,1567,0,No,2058,14,397.26,0.18,92.79,12
MED0250,Chlorpheniramine 10mg Inhaler,Cardiac,Zydus,No,2026-02,2058,1566,1632,1632,0,No,1992,14,397.26,0.18,94.04,12
MED0250,Chlorpheniramine 10mg Inhaler,Cardiac,Zydus,No,2026-03,1992,2158,2447,2447,0,No,1703,14,397.26,0.18,92.6,12
MED0250,Chlorpheniramine 10mg Inhaler,Cardiac,Zydus,No,2026-04,1703,3939,3264,3264,0,No,2378,14,397.26,0.18,93.4,12
MED0250,Chlorpheniramine 10mg Inhaler,Cardiac,Zydus,No,2026-05,2378,3599,4194,4194,0,No,1783,14,397.26,0.18,94.35,12
MED0250,Chlorpheniramine 10mg Inhaler,Cardiac,Zydus,No,2026-06,1783,3211,3665,3665,0,No,1329,14,397.26,0.18,92.43,12
MED0250,Chlorpheniramine 10mg Inhaler,Cardiac,Zydus,No,2026-07,1329,0,3429,1329,2100,Yes,0,14,397.26,0.18,92.8,12
MED0251,Cefixime 10ml Ointment,Analgesic,Torrent,No,2025-08,472,0,2529,472,2057,Yes,0,4,188.36,0.23,293.31,12
MED0251,Cefixime 10ml Ointment,Analgesic,Torrent,No,2025-09,0,1937,2130,1937,193,Yes,0,4,188.36,0.23,298.33,12
MED0251,Cefixime 10ml Ointment,Analgesic,Torrent,No,2025-10,0,1735,2437,1735,702,Yes,0,4,188.36,0.23,298.31,12
MED0251,Cefixime 10ml Ointment,Analgesic,Torrent,No,2025-11,0,2880,2560,2560,0,No,320,4,188.36,0.23,289.29,12
MED0251,Cefixime 10ml Ointment,Analgesic,Torrent,No,2025-12,320,3340,2603,2603,0,No,1057,4,188.36,0.23,280.22,12
MED0251,Cefixime 10ml Ointment,Analgesic,Torrent,No,2026-01,1057,0,2524,1057,1467,Yes,0,4,188.36,0.23,277.58,12
MED0251,Cefixime 10ml Ointment,Analgesic,Torrent,No,2026-02,0,0,2266,0,2266,Yes,0,4,188.36,0.23,285.46,12
MED0251,Cefixime 10ml Ointment,Analgesic,Torrent,No,2026-03,0,0,2417,0,2417,Yes,0,4,188.36,0.23,280.45,12
MED0251,Cefixime 10ml Ointment,Analgesic,Torrent,No,2026-04,0,0,2182,0,2182,Yes,0,4,188.36,0.23,282.93,12
MED0251,Cefixime 10ml Ointment,Analgesic,Torrent,No,2026-05,0,3051,2463,2463,0,No,588,4,188.36,0.23,277.79,12
MED0251,Cefixime 10ml Ointment,Analgesic,Torrent,No,2026-06,588,2922,2346,2346,0,No,1164,4,188.36,0.23,274.49,12
MED0251,Cefixime 10ml Ointment,Analgesic,Torrent,No,2026-07,1164,1810,2032,2032,0,No,942,4,188.36,0.23,280.92,12
MED0252,Atropine 10mg Injection,Vaccine,Zydus,No,2025-08,509,2701,3232,3210,22,Yes,0,4,105.81,0.26,88.75,9
MED0252,Atropine 10mg Injection,Vaccine,Zydus,No,2025-09,0,3167,2818,2818,0,No,349,4,105.81,0.26,90.03,9
MED0252,Atropine 10mg Injection,Vaccine,Zydus,No,2025-10,349,1187,1489,1489,0,No,47,4,105.81,0.26,87.77,9
MED0252,Atropine 10mg Injection,Vaccine,Zydus,No,2025-11,47,833,1077,880,197,Yes,0,4,105.81,0.26,87.37,9
MED0252,Atropine 10mg Injection,Vaccine,Zydus,No,2025-12,0,881,1052,881,171,Yes,0,4,105.81,0.26,84.74,9
MED0252,Atropine 10mg Injection,Vaccine,Zydus,No,2026-01,0,1114,1163,1114,49,Yes,0,4,105.81,0.26,84.63,9
MED0252,Atropine 10mg Injection,Vaccine,Zydus,No,2026-02,0,756,939,756,183,Yes,0,4,105.81,0.26,85.54,9
MED0252,Atropine 10mg Injection,Vaccine,Zydus,No,2026-03,0,960,1186,960,226,Yes,0,4,105.81,0.26,83.41,9
MED0252,Atropine 10mg Injection,Vaccine,Zydus,No,2026-04,0,1014,1207,1014,193,Yes,0,4,105.81,0.26,82.23,9
MED0252,Atropine 10mg Injection,Vaccine,Zydus,No,2026-05,0,1729,1532,1532,0,No,197,4,105.81,0.26,81.66,9
MED0252,Atropine 10mg Injection,Vaccine,Zydus,No,2026-06,197,2662,2942,2859,83,Yes,0,4,105.81,0.26,84.01,9
MED0252,Atropine 10mg Injection,Vaccine,Zydus,No,2026-07,0,3148,3451,3148,303,Yes,0,4,105.81,0.26,86.77,9
MED0253,Sertraline 1g Suspension,Vitamin/Supplement,Zydus,No,2025-08,558,918,860,860,0,No,616,14,680.62,0.28,234.68,18
MED0253,Sertraline 1g Suspension,Vitamin/Supplement,Zydus,No,2025-09,616,794,771,771,0,No,639,14,680.62,0.28,227.95,18
MED0253,Sertraline 1g Suspension,Vitamin/Supplement,Zydus,No,2025-10,639,1045,826,826,0,No,858,14,680.62,0.28,231.81,18
MED0253,Sertraline 1g Suspension,Vitamin/Supplement,Zydus,No,2025-11,858,823,701,701,0,No,980,14,680.62,0.28,229.91,18
MED0253,Sertraline 1g Suspension,Vitamin/Supplement,Zydus,No,2025-12,980,682,677,677,0,No,985,14,680.62,0.28,228.32,18
MED0253,Sertraline 1g Suspension,Vitamin/Supplement,Zydus,No,2026-01,985,963,758,758,0,No,1190,14,680.62,0.28,232.08,18
MED0253,Sertraline 1g Suspension,Vitamin/Supplement,Zydus,No,2026-02,1190,613,728,728,0,No,1075,14,680.62,0.28,238.27,18
MED0253,Sertraline 1g Suspension,Vitamin/Supplement,Zydus,No,2026-03,1075,633,724,724,0,No,984,14,680.62,0.28,244.94,18
MED0253,Sertraline 1g Suspension,Vitamin/Supplement,Zydus,No,2026-04,984,692,851,851,0,No,825,14,680.62,0.28,246.08,18
MED0253,Sertraline 1g Suspension,Vitamin/Supplement,Zydus,No,2026-05,825,919,787,787,0,No,957,14,680.62,0.28,243.97,18
MED0253,Sertraline 1g Suspension,Vitamin/Supplement,Zydus,No,2026-06,957,1064,842,842,0,No,1179,14,680.62,0.28,248.22,18
MED0253,Sertraline 1g Suspension,Vitamin/Supplement,Zydus,No,2026-07,1179,617,809,809,0,No,987,14,680.62,0.28,244.54,18
MED0254,Cetirizine 5mg Inhaler,Emergency/Critical Care,Cipla,No,2025-08,276,0,723,276,447,Yes,0,4,702.45,0.22,116.61,6
MED0254,Cetirizine 5mg Inhaler,Emergency/Critical Care,Cipla,No,2025-09,0,0,737,0,737,Yes,0,4,702.45,0.22,117.08,6
MED0254,Cetirizine 5mg Inhaler,Emergency/Critical Care,Cipla,No,2025-10,0,854,893,854,39,Yes,0,4,702.45,0.22,116.04,6
MED0254,Cetirizine 5mg Inhaler,Emergency/Critical Care,Cipla,No,2025-11,0,851,1197,851,346,Yes,0,4,702.45,0.22,117.19,6
MED0254,Cetirizine 5mg Inhaler,Emergency/Critical Care,Cipla,No,2025-12,0,0,1487,0,1487,Yes,0,4,702.45,0.22,115.28,6
MED0254,Cetirizine 5mg Inhaler,Emergency/Critical Care,Cipla,No,2026-01,0,1203,1397,1203,194,Yes,0,4,702.45,0.22,113.01,6
MED0254,Cetirizine 5mg Inhaler,Emergency/Critical Care,Cipla,No,2026-02,0,1455,1404,1404,0,No,51,4,702.45,0.22,116.08,6
MED0254,Cetirizine 5mg Inhaler,Emergency/Critical Care,Cipla,No,2026-03,51,753,942,804,138,Yes,0,4,702.45,0.22,113.15,6
MED0254,Cetirizine 5mg Inhaler,Emergency/Critical Care,Cipla,No,2026-04,0,717,622,622,0,No,95,4,702.45,0.22,113.19,6
MED0254,Cetirizine 5mg Inhaler,Emergency/Critical Care,Cipla,No,2026-05,95,0,633,95,538,Yes,0,4,702.45,0.22,111.14,6
MED0254,Cetirizine 5mg Inhaler,Emergency/Critical Care,Cipla,No,2026-06,0,679,694,679,15,Yes,0,4,702.45,0.22,107.75,6
MED0254,Cetirizine 5mg Inhaler,Emergency/Critical Care,Cipla,No,2026-07,0,709,769,709,60,Yes,0,4,702.45,0.22,106.12,6
MED0255,Atropine 100mg Injection,Vitamin/Supplement,Dr Reddy's,No,2025-08,115,347,368,368,0,No,94,5,537.35,0.22,101.69,24
MED0255,Atropine 100mg Injection,Vitamin/Supplement,Dr Reddy's,No,2025-09,94,424,367,367,0,No,151,5,537.35,0.22,99.61,24
MED0255,Atropine 100mg Injection,Vitamin/Supplement,Dr Reddy's,No,2025-10,151,446,363,363,0,No,234,5,537.35,0.22,101.96,24
MED0255,Atropine 100mg Injection,Vitamin/Supplement,Dr Reddy's,No,2025-11,234,288,387,387,0,No,135,5,537.35,0.22,100.57,24
MED0255,Atropine 100mg Injection,Vitamin/Supplement,Dr Reddy's,No,2025-12,135,0,409,135,274,Yes,0,5,537.35,0.22,103.46,24
MED0255,Atropine 100mg Injection,Vitamin/Supplement,Dr Reddy's,No,2026-01,0,414,352,352,0,No,62,5,537.35,0.22,103.98,24
MED0255,Atropine 100mg Injection,Vitamin/Supplement,Dr Reddy's,No,2026-02,62,312,396,374,22,Yes,0,5,537.35,0.22,103.57,24
MED0255,Atropine 100mg Injection,Vitamin/Supplement,Dr Reddy's,No,2026-03,0,0,311,0,311,Yes,0,5,537.35,0.22,104.08,24
MED0255,Atropine 100mg Injection,Vitamin/Supplement,Dr Reddy's,No,2026-04,0,394,385,385,0,No,9,5,537.35,0.22,104.19,24
MED0255,Atropine 100mg Injection,Vitamin/Supplement,Dr Reddy's,No,2026-05,9,317,325,325,0,No,1,5,537.35,0.22,105.85,24
MED0255,Atropine 100mg Injection,Vitamin/Supplement,Dr Reddy's,No,2026-06,1,368,322,322,0,No,47,5,537.35,0.22,104.46,24
MED0255,Atropine 100mg Injection,Vitamin/Supplement,Dr Reddy's,No,2026-07,47,401,357,357,0,No,91,5,537.35,0.22,103.52,24
MED0256,Spironolactone 100mg Ointment,Neuro/Psychiatric,Zydus,No,2025-08,293,0,1577,293,1284,Yes,0,5,783.18,0.21,98.84,12
MED0256,Spironolactone 100mg Ointment,Neuro/Psychiatric,Zydus,No,2025-09,0,1968,1702,1702,0,No,266,5,783.18,0.21,101.29,12
MED0256,Spironolactone 100mg Ointment,Neuro/Psychiatric,Zydus,No,2025-10,266,1949,1793,1793,0,No,422,5,783.18,0.21,104.07,12
MED0256,Spironolactone 100mg Ointment,Neuro/Psychiatric,Zydus,No,2025-11,422,1998,1630,1630,0,No,790,5,783.18,0.21,106.51,12
MED0256,Spironolactone 100mg Ointment,Neuro/Psychiatric,Zydus,No,2025-12,790,1638,1565,1565,0,No,863,5,783.18,0.21,106.01,12
MED0256,Spironolactone 100mg Ointment,Neuro/Psychiatric,Zydus,No,2026-01,863,1812,1518,1518,0,No,1157,5,783.18,0.21,107.74,12
MED0256,Spironolactone 100mg Ointment,Neuro/Psychiatric,Zydus,No,2026-02,1157,1830,1803,1803,0,No,1184,5,783.18,0.21,107.59,12
MED0256,Spironolactone 100mg Ointment,Neuro/Psychiatric,Zydus,No,2026-03,1184,0,1876,1184,692,Yes,0,5,783.18,0.21,107.57,12
MED0256,Spironolactone 100mg Ointment,Neuro/Psychiatric,Zydus,No,2026-04,0,2124,1667,1667,0,No,457,5,783.18,0.21,105.73,12
MED0256,Spironolactone 100mg Ointment,Neuro/Psychiatric,Zydus,No,2026-05,457,2065,1776,1776,0,No,746,5,783.18,0.21,106.3,12
MED0256,Spironolactone 100mg Ointment,Neuro/Psychiatric,Zydus,No,2026-06,746,1991,1852,1852,0,No,885,5,783.18,0.21,104.35,12
MED0256,Spironolactone 100mg Ointment,Neuro/Psychiatric,Zydus,No,2026-07,885,2262,1781,1781,0,No,1366,5,783.18,0.21,103.3,12
MED0257,Oxytocin 250mg Injection,Neuro/Psychiatric,Glenmark,No,2025-08,475,1307,1272,1272,0,No,510,7,504.75,0.21,253.83,12
MED0257,Oxytocin 250mg Injection,Neuro/Psychiatric,Glenmark,No,2025-09,510,0,1337,510,827,Yes,0,7,504.75,0.21,259.51,12
MED0257,Oxytocin 250mg Injection,Neuro/Psychiatric,Glenmark,No,2025-10,0,1036,1324,1036,288,Yes,0,7,504.75,0.21,254.83,12
MED0257,Oxytocin 250mg Injection,Neuro/Psychiatric,Glenmark,No,2025-11,0,0,1031,0,1031,Yes,0,7,504.75,0.21,247.97,12
MED0257,Oxytocin 250mg Injection,Neuro/Psychiatric,Glenmark,No,2025-12,0,1020,1311,1020,291,Yes,0,7,504.75,0.21,241.08,12
MED0257,Oxytocin 250mg Injection,Neuro/Psychiatric,Glenmark,No,2026-01,0,1194,1260,1194,66,Yes,0,7,504.75,0.21,248.13,12
MED0257,Oxytocin 250mg Injection,Neuro/Psychiatric,Glenmark,No,2026-02,0,1440,1179,1179,0,No,261,7,504.75,0.21,248.24,12
MED0257,Oxytocin 250mg Injection,Neuro/Psychiatric,Glenmark,No,2026-03,261,1132,1379,1379,0,No,14,7,504.75,0.21,246.79,12
MED0257,Oxytocin 250mg Injection,Neuro/Psychiatric,Glenmark,No,2026-04,14,1510,1260,1260,0,No,264,7,504.75,0.21,251.76,12
MED0257,Oxytocin 250mg Injection,Neuro/Psychiatric,Glenmark,No,2026-05,264,1001,1357,1265,92,Yes,0,7,504.75,0.21,257.13,12
MED0257,Oxytocin 250mg Injection,Neuro/Psychiatric,Glenmark,No,2026-06,0,971,1324,971,353,Yes,0,7,504.75,0.21,254.45,12
MED0257,Oxytocin 250mg Injection,Neuro/Psychiatric,Glenmark,No,2026-07,0,1400,1263,1263,0,No,137,7,504.75,0.21,257.55,12
MED0258,Methyldopa 2.5mg Capsule,Anesthetic,Biocon,No,2025-08,568,1599,1896,1896,0,No,271,5,214.29,0.12,339.15,6
MED0258,Methyldopa 2.5mg Capsule,Anesthetic,Biocon,No,2025-09,271,1445,1384,1384,0,No,332,5,214.29,0.12,344.94,6
MED0258,Methyldopa 2.5mg Capsule,Anesthetic,Biocon,No,2025-10,332,1043,1023,1023,0,No,352,5,214.29,0.12,348.24,6
MED0258,Methyldopa 2.5mg Capsule,Anesthetic,Biocon,No,2025-11,352,615,867,867,0,No,100,5,214.29,0.12,340.8,6
MED0258,Methyldopa 2.5mg Capsule,Anesthetic,Biocon,No,2025-12,100,0,817,100,717,Yes,0,5,214.29,0.12,348.83,6
MED0258,Methyldopa 2.5mg Capsule,Anesthetic,Biocon,No,2026-01,0,571,745,571,174,Yes,0,5,214.29,0.12,349.67,6
MED0258,Methyldopa 2.5mg Capsule,Anesthetic,Biocon,No,2026-02,0,954,951,951,0,No,3,5,214.29,0.12,345.02,6
MED0258,Methyldopa 2.5mg Capsule,Anesthetic,Biocon,No,2026-03,3,962,1134,965,169,Yes,0,5,214.29,0.12,343.42,6
MED0258,Methyldopa 2.5mg Capsule,Anesthetic,Biocon,No,2026-04,0,1865,1644,1644,0,No,221,5,214.29,0.12,333.54,6
MED0258,Methyldopa 2.5mg Capsule,Anesthetic,Biocon,No,2026-05,221,3102,2679,2679,0,No,644,5,214.29,0.12,325.59,6
MED0258,Methyldopa 2.5mg Capsule,Anesthetic,Biocon,No,2026-06,644,2644,2378,2378,0,No,910,5,214.29,0.12,331.26,6
MED0258,Methyldopa 2.5mg Capsule,Anesthetic,Biocon,No,2026-07,910,2142,2149,2149,0,No,903,5,214.29,0.12,320.58,6
MED0259,Vitamin B Complex 5ml Inhaler,Emergency/Critical Care,Glenmark,No,2025-08,164,804,700,700,0,No,268,5,692.94,0.27,72.83,12
MED0259,Vitamin B Complex 5ml Inhaler,Emergency/Critical Care,Glenmark,No,2025-09,268,825,667,667,0,No,426,5,692.94,0.27,72.45,12
MED0259,Vitamin B Complex 5ml Inhaler,Emergency/Critical Care,Glenmark,No,2025-10,426,403,457,457,0,No,372,5,692.94,0.27,72.55,12
MED0259,Vitamin B Complex 5ml Inhaler,Emergency/Critical Care,Glenmark,No,2025-11,372,325,363,363,0,No,334,5,692.94,0.27,70.51,12
MED0259,Vitamin B Complex 5ml Inhaler,Emergency/Critical Care,Glenmark,No,2025-12,334,501,405,405,0,No,430,5,692.94,0.27,72.68,12
MED0259,Vitamin B Complex 5ml Inhaler,Emergency/Critical Care,Glenmark,No,2026-01,430,337,352,352,0,No,415,5,692.94,0.27,71.42,12
MED0259,Vitamin B Complex 5ml Inhaler,Emergency/Critical Care,Glenmark,No,2026-02,415,520,446,446,0,No,489,5,692.94,0.27,70.52,12
MED0259,Vitamin B Complex 5ml Inhaler,Emergency/Critical Care,Glenmark,No,2026-03,489,663,567,567,0,No,585,5,692.94,0.27,69.62,12
MED0259,Vitamin B Complex 5ml Inhaler,Emergency/Critical Care,Glenmark,No,2026-04,585,856,822,822,0,No,619,5,692.94,0.27,68.38,12
MED0259,Vitamin B Complex 5ml Inhaler,Emergency/Critical Care,Glenmark,No,2026-05,619,1165,929,929,0,No,855,5,692.94,0.27,66.28,12
MED0259,Vitamin B Complex 5ml Inhaler,Emergency/Critical Care,Glenmark,No,2026-06,855,1083,867,867,0,No,1071,5,692.94,0.27,67.33,12
MED0259,Vitamin B Complex 5ml Inhaler,Emergency/Critical Care,Glenmark,No,2026-07,1071,652,727,727,0,No,996,5,692.94,0.27,69.47,12
MED0260,Vitamin B Complex 2.5mg Suspension,Vaccine,Zydus,No,2025-08,1120,2791,3202,3202,0,No,709,4,12.81,0.21,118.46,9
MED0260,Vitamin B Complex 2.5mg Suspension,Vaccine,Zydus,No,2025-09,709,2561,3208,3208,0,No,62,4,12.81,0.21,116.4,9
MED0260,Vitamin B Complex 2.5mg Suspension,Vaccine,Zydus,No,2025-10,62,3407,4080,3469,611,Yes,0,4,12.81,0.21,117.62,9
MED0260,Vitamin B Complex 2.5mg Suspension,Vaccine,Zydus,No,2025-11,0,3886,3347,3347,0,No,539,4,12.81,0.21,119.43,9
MED0260,Vitamin B Complex 2.5mg Suspension,Vaccine,Zydus,No,2025-12,539,4826,3910,3910,0,No,1455,4,12.81,0.21,122.03,9
MED0260,Vitamin B Complex 2.5mg Suspension,Vaccine,Zydus,No,2026-01,1455,2734,3763,3763,0,No,426,4,12.81,0.21,121.45,9
MED0260,Vitamin B Complex 2.5mg Suspension,Vaccine,Zydus,No,2026-02,426,3537,3434,3434,0,No,529,4,12.81,0.21,119.98,9
MED0260,Vitamin B Complex 2.5mg Suspension,Vaccine,Zydus,No,2026-03,529,2886,3941,3415,526,Yes,0,4,12.81,0.21,118.68,9
MED0260,Vitamin B Complex 2.5mg Suspension,Vaccine,Zydus,No,2026-04,0,3961,3709,3709,0,No,252,4,12.81,0.21,120.27,9
MED0260,Vitamin B Complex 2.5mg Suspension,Vaccine,Zydus,No,2026-05,252,2893,3142,3142,0,No,3,4,12.81,0.21,122.63,9
MED0260,Vitamin B Complex 2.5mg Suspension,Vaccine,Zydus,No,2026-06,3,3065,3816,3068,748,Yes,0,4,12.81,0.21,120.25,9
MED0260,Vitamin B Complex 2.5mg Suspension,Vaccine,Zydus,No,2026-07,0,4232,3615,3615,0,No,617,4,12.81,0.21,119.29,9
MED0261,Zinc Sulphate 10mg Syrup,Gastrointestinal,Biocon,No,2025-08,185,1675,1879,1860,19,Yes,0,2,347.15,0.13,272,18
MED0261,Zinc Sulphate 10mg Syrup,Gastrointestinal,Biocon,No,2025-09,0,1458,1824,1458,366,Yes,0,2,347.15,0.13,278.89,18
MED0261,Zinc Sulphate 10mg Syrup,Gastrointestinal,Biocon,No,2025-10,0,1693,1851,1693,158,Yes,0,2,347.15,0.13,284.15,18
MED0261,Zinc Sulphate 10mg Syrup,Gastrointestinal,Biocon,No,2025-11,0,1941,1772,1772,0,No,169,2,347.15,0.13,292.46,18
MED0261,Zinc Sulphate 10mg Syrup,Gastrointestinal,Biocon,No,2025-12,169,0,1820,169,1651,Yes,0,2,347.15,0.13,296.48,18
MED0261,Zinc Sulphate 10mg Syrup,Gastrointestinal,Biocon,No,2026-01,0,0,1890,0,1890,Yes,0,2,347.15,0.13,294.65,18
MED0261,Zinc Sulphate 10mg Syrup,Gastrointestinal,Biocon,No,2026-02,0,1652,2176,1652,524,Yes,0,2,347.15,0.13,296.2,18
MED0261,Zinc Sulphate 10mg Syrup,Gastrointestinal,Biocon,No,2026-03,0,1633,1849,1633,216,Yes,0,2,347.15,0.13,296.48,18
MED0261,Zinc Sulphate 10mg Syrup,Gastrointestinal,Biocon,No,2026-04,0,0,2013,0,2013,Yes,0,2,347.15,0.13,289.26,18
MED0261,Zinc Sulphate 10mg Syrup,Gastrointestinal,Biocon,No,2026-05,0,2564,2342,2342,0,No,222,2,347.15,0.13,290.02,18
MED0261,Zinc Sulphate 10mg Syrup,Gastrointestinal,Biocon,No,2026-06,222,1648,2078,1870,208,Yes,0,2,347.15,0.13,293.61,18
MED0261,Zinc Sulphate 10mg Syrup,Gastrointestinal,Biocon,No,2026-07,0,2239,2016,2016,0,No,223,2,347.15,0.13,287.91,18
MED0262,Magnesium Sulphate 10ml Injection,Antidiabetic,Mankind,Yes,2025-08,764,0,3408,764,2644,Yes,0,3,571.39,0.13,101.77,18
MED0262,Magnesium Sulphate 10ml Injection,Antidiabetic,Mankind,Yes,2025-09,0,3055,4060,3055,1005,Yes,0,3,571.39,0.13,103.57,18
MED0262,Magnesium Sulphate 10ml Injection,Antidiabetic,Mankind,Yes,2025-10,0,2753,3782,2753,1029,Yes,0,3,571.39,0.13,104.11,18
MED0262,Magnesium Sulphate 10ml Injection,Antidiabetic,Mankind,Yes,2025-11,0,0,4352,0,4352,Yes,0,3,571.39,0.13,107.01,18
MED0262,Magnesium Sulphate 10ml Injection,Antidiabetic,Mankind,Yes,2025-12,0,4191,4292,4191,101,Yes,0,3,571.39,0.13,104.08,18
MED0262,Magnesium Sulphate 10ml Injection,Antidiabetic,Mankind,Yes,2026-01,0,0,4192,0,4192,Yes,0,3,571.39,0.13,102.58,18
MED0262,Magnesium Sulphate 10ml Injection,Antidiabetic,Mankind,Yes,2026-02,0,4686,4333,4333,0,No,353,3,571.39,0.13,103.23,18
MED0262,Magnesium Sulphate 10ml Injection,Antidiabetic,Mankind,Yes,2026-03,353,3285,3452,3452,0,No,186,3,571.39,0.13,101.93,18
MED0262,Magnesium Sulphate 10ml Injection,Antidiabetic,Mankind,Yes,2026-04,186,3936,3986,3986,0,No,136,3,572,0.13,103.3,18
MED0262,Magnesium Sulphate 10ml Injection,Antidiabetic,Mankind,Yes,2026-05,136,3497,3566,3566,0,No,67,3,572,0.13,104.96,18
MED0262,Magnesium Sulphate 10ml Injection,Antidiabetic,Mankind,Yes,2026-06,67,2553,3482,2620,862,Yes,0,3,572,0.13,102.41,18
MED0262,Magnesium Sulphate 10ml Injection,Antidiabetic,Mankind,Yes,2026-07,0,3689,4380,3689,691,Yes,0,3,572,0.13,102.5,18
MED0263,Levetiracetam 5ml Tablet,Respiratory,Cipla,No,2025-08,2968,2989,3381,3381,0,No,2576,14,284.21,0.19,106.76,9
MED0263,Levetiracetam 5ml Tablet,Respiratory,Cipla,No,2025-09,2576,0,3211,2576,635,Yes,0,14,284.21,0.19,105.88,9
MED0263,Levetiracetam 5ml Tablet,Respiratory,Cipla,No,2025-10,0,3018,3287,3018,269,Yes,0,14,284.21,0.19,108.79,9
MED0263,Levetiracetam 5ml Tablet,Respiratory,Cipla,No,2025-11,0,3547,3056,3056,0,No,491,14,284.21,0.19,110.99,9
MED0263,Levetiracetam 5ml Tablet,Respiratory,Cipla,No,2025-12,491,3038,2846,2846,0,No,683,14,284.21,0.19,112.32,9
MED0263,Levetiracetam 5ml Tablet,Respiratory,Cipla,No,2026-01,683,3099,3090,3090,0,No,692,14,284.21,0.19,113.76,9
MED0263,Levetiracetam 5ml Tablet,Respiratory,Cipla,No,2026-02,692,4396,3451,3451,0,No,1637,14,284.21,0.19,113.5,9
MED0263,Levetiracetam 5ml Tablet,Respiratory,Cipla,No,2026-03,1637,3374,2901,2901,0,No,2110,14,284.21,0.19,116.33,9
MED0263,Levetiracetam 5ml Tablet,Respiratory,Cipla,No,2026-04,2110,2768,3519,3519,0,No,1359,14,284.21,0.19,116.37,9
MED0263,Levetiracetam 5ml Tablet,Respiratory,Cipla,No,2026-05,1359,0,3123,1359,1764,Yes,0,14,284.21,0.19,116.37,9
MED0263,Levetiracetam 5ml Tablet,Respiratory,Cipla,No,2026-06,0,2032,2663,2032,631,Yes,0,14,284.21,0.19,116.37,9
MED0263,Levetiracetam 5ml Tablet,Respiratory,Cipla,No,2026-07,0,2634,2954,2634,320,Yes,0,14,284.21,0.19,114.85,9
MED0264,Pantoprazole 10mg Syrup,Antidiabetic,Alkem,Yes,2025-08,36,214,198,198,0,No,52,4,411.13,0.16,346.17,9
MED0264,Pantoprazole 10mg Syrup,Antidiabetic,Alkem,Yes,2025-09,52,244,204,204,0,No,92,4,411.13,0.16,352.87,9
MED0264,Pantoprazole 10mg Syrup,Antidiabetic,Alkem,Yes,2025-10,92,135,184,184,0,No,43,4,411.13,0.16,346.22,9
MED0264,Pantoprazole 10mg Syrup,Antidiabetic,Alkem,Yes,2025-11,43,152,164,164,0,No,31,4,411.13,0.16,342.85,9
MED0264,Pantoprazole 10mg Syrup,Antidiabetic,Alkem,Yes,2025-12,31,0,194,31,163,Yes,0,4,411.13,0.16,339.26,9
MED0264,Pantoprazole 10mg Syrup,Antidiabetic,Alkem,Yes,2026-01,0,244,192,192,0,No,52,4,411.13,0.16,349.7,9
MED0264,Pantoprazole 10mg Syrup,Antidiabetic,Alkem,Yes,2026-02,52,0,165,52,113,Yes,0,4,411.13,0.16,357.48,9
MED0264,Pantoprazole 10mg Syrup,Antidiabetic,Alkem,Yes,2026-03,0,221,185,185,0,No,36,4,411.13,0.16,361.87,9
MED0264,Pantoprazole 10mg Syrup,Antidiabetic,Alkem,Yes,2026-04,36,197,153,153,0,No,80,4,405.24,0.16,366.82,9
MED0264,Pantoprazole 10mg Syrup,Antidiabetic,Alkem,Yes,2026-05,80,0,184,80,104,Yes,0,4,405.24,0.16,368.17,9
MED0264,Pantoprazole 10mg Syrup,Antidiabetic,Alkem,Yes,2026-06,0,214,200,200,0,No,14,4,405.24,0.16,377.33,9
MED0264,Pantoprazole 10mg Syrup,Antidiabetic,Alkem,Yes,2026-07,14,230,179,179,0,No,65,4,405.24,0.16,377.25,9
MED0265,Ibuprofen 5ml Injection,Vitamin/Supplement,Lupin,No,2025-08,358,1477,1313,1313,0,No,522,4,716.33,0.23,284.09,9
MED0265,Ibuprofen 5ml Injection,Vitamin/Supplement,Lupin,No,2025-09,522,0,1332,522,810,Yes,0,4,716.33,0.23,278.06,9
MED0265,Ibuprofen 5ml Injection,Vitamin/Supplement,Lupin,No,2025-10,0,1127,1204,1127,77,Yes,0,4,716.33,0.23,283.18,9
MED0265,Ibuprofen 5ml Injection,Vitamin/Supplement,Lupin,No,2025-11,0,938,1204,938,266,Yes,0,4,716.33,0.23,287.38,9
MED0265,Ibuprofen 5ml Injection,Vitamin/Supplement,Lupin,No,2025-12,0,0,1324,0,1324,Yes,0,4,716.33,0.23,285.31,9
MED0265,Ibuprofen 5ml Injection,Vitamin/Supplement,Lupin,No,2026-01,0,0,1263,0,1263,Yes,0,4,716.33,0.23,276.81,9
MED0265,Ibuprofen 5ml Injection,Vitamin/Supplement,Lupin,No,2026-02,0,1311,1124,1124,0,No,187,4,716.33,0.23,282.88,9
MED0265,Ibuprofen 5ml Injection,Vitamin/Supplement,Lupin,No,2026-03,187,966,1143,1143,0,No,10,4,716.33,0.23,274.14,9
MED0265,Ibuprofen 5ml Injection,Vitamin/Supplement,Lupin,No,2026-04,10,1202,1246,1212,34,Yes,0,4,716.33,0.23,277.79,9
MED0265,Ibuprofen 5ml Injection,Vitamin/Supplement,Lupin,No,2026-05,0,1098,1061,1061,0,No,37,4,716.33,0.23,286.21,9
MED0265,Ibuprofen 5ml Injection,Vitamin/Supplement,Lupin,No,2026-06,37,995,1227,1032,195,Yes,0,4,716.33,0.23,285.09,9
MED0265,Ibuprofen 5ml Injection,Vitamin/Supplement,Lupin,No,2026-07,0,1072,1073,1072,1,Yes,0,4,716.33,0.23,280.35,9
MED0266,Phenytoin 10ml Inhaler,Vaccine,Torrent,Yes,2025-08,343,0,4716,343,4373,Yes,0,2,659.88,0.17,177.62,36
MED0266,Phenytoin 10ml Inhaler,Vaccine,Torrent,Yes,2025-09,0,3180,4156,3180,976,Yes,0,2,659.88,0.17,179.91,36
MED0266,Phenytoin 10ml Inhaler,Vaccine,Torrent,Yes,2025-10,0,5010,4155,4155,0,No,855,2,659.88,0.17,183.46,36
MED0266,Phenytoin 10ml Inhaler,Vaccine,Torrent,Yes,2025-11,855,4430,4237,4237,0,No,1048,2,659.88,0.17,183.98,36
MED0266,Phenytoin 10ml Inhaler,Vaccine,Torrent,Yes,2025-12,1048,4605,4405,4405,0,No,1248,2,659.88,0.17,189.21,36
MED0266,Phenytoin 10ml Inhaler,Vaccine,Torrent,Yes,2026-01,1248,4812,4186,4186,0,No,1874,2,659.88,0.17,184.19,36
MED0266,Phenytoin 10ml Inhaler,Vaccine,Torrent,Yes,2026-02,1874,3858,4368,4368,0,No,1364,2,659.88,0.17,184.24,36
MED0266,Phenytoin 10ml Inhaler,Vaccine,Torrent,Yes,2026-03,1364,3687,4675,4675,0,No,376,2,659.88,0.17,186.68,36
MED0266,Phenytoin 10ml Inhaler,Vaccine,Torrent,Yes,2026-04,376,5341,4330,4330,0,No,1387,2,651.69,0.17,190.74,36
MED0266,Phenytoin 10ml Inhaler,Vaccine,Torrent,Yes,2026-05,1387,0,4954,1387,3567,Yes,0,2,651.69,0.17,187.15,36
MED0266,Phenytoin 10ml Inhaler,Vaccine,Torrent,Yes,2026-06,0,4377,3840,3840,0,No,537,2,651.69,0.17,190.51,36
MED0266,Phenytoin 10ml Inhaler,Vaccine,Torrent,Yes,2026-07,537,4318,4197,4197,0,No,658,2,651.69,0.17,191.1,36
MED0267,Sodium Valproate 10mg Injection,Vaccine,Cipla,No,2025-08,113,539,552,552,0,No,100,3,611.67,0.19,243.1,24
MED0267,Sodium Valproate 10mg Injection,Vaccine,Cipla,No,2025-09,100,652,705,705,0,No,47,3,611.67,0.19,237.46,24
MED0267,Sodium Valproate 10mg Injection,Vaccine,Cipla,No,2025-10,47,607,671,654,17,Yes,0,3,611.67,0.19,243.05,24
MED0267,Sodium Valproate 10mg Injection,Vaccine,Cipla,No,2025-11,0,697,548,548,0,No,149,3,611.67,0.19,237.8,24
MED0267,Sodium Valproate 10mg Injection,Vaccine,Cipla,No,2025-12,149,483,594,594,0,No,38,3,611.67,0.19,234.89,24
MED0267,Sodium Valproate 10mg Injection,Vaccine,Cipla,No,2026-01,38,0,633,38,595,Yes,0,3,611.67,0.19,231.67,24
MED0267,Sodium Valproate 10mg Injection,Vaccine,Cipla,No,2026-02,0,650,577,577,0,No,73,3,611.67,0.19,237.36,24
MED0267,Sodium Valproate 10mg Injection,Vaccine,Cipla,No,2026-03,73,553,632,626,6,Yes,0,3,611.67,0.19,240,24
MED0267,Sodium Valproate 10mg Injection,Vaccine,Cipla,No,2026-04,0,672,673,672,1,Yes,0,3,611.67,0.19,244.54,24
MED0267,Sodium Valproate 10mg Injection,Vaccine,Cipla,No,2026-05,0,636,651,636,15,Yes,0,3,611.67,0.19,240.72,24
MED0267,Sodium Valproate 10mg Injection,Vaccine,Cipla,No,2026-06,0,0,618,0,618,Yes,0,3,611.67,0.19,242.63,24
MED0267,Sodium Valproate 10mg Injection,Vaccine,Cipla,No,2026-07,0,697,702,697,5,Yes,0,3,611.67,0.19,243.73,24
MED0268,Metronidazole 10ml Tablet,Dermatological,Abbott,No,2025-08,777,2750,2480,2480,0,No,1047,7,88.79,0.17,136.04,9
MED0268,Metronidazole 10ml Tablet,Dermatological,Abbott,No,2025-09,1047,1879,2441,2441,0,No,485,7,88.79,0.17,138.89,9
MED0268,Metronidazole 10ml Tablet,Dermatological,Abbott,No,2025-10,485,2389,2078,2078,0,No,796,7,88.79,0.17,142.37,9
MED0268,Metronidazole 10ml Tablet,Dermatological,Abbott,No,2025-11,796,1837,2326,2326,0,No,307,7,88.79,0.17,138.19,9
MED0268,Metronidazole 10ml Tablet,Dermatological,Abbott,No,2025-12,307,1631,2049,1938,111,Yes,0,7,88.79,0.17,139.68,9
MED0268,Metronidazole 10ml Tablet,Dermatological,Abbott,No,2026-01,0,1788,2290,1788,502,Yes,0,7,88.79,0.17,135.84,9
MED0268,Metronidazole 10ml Tablet,Dermatological,Abbott,No,2026-02,0,1566,2039,1566,473,Yes,0,7,88.79,0.17,136.26,9
MED0268,Metronidazole 10ml Tablet,Dermatological,Abbott,No,2026-03,0,2685,2373,2373,0,No,312,7,88.79,0.17,134.44,9
MED0268,Metronidazole 10ml Tablet,Dermatological,Abbott,No,2026-04,312,1802,2269,2114,155,Yes,0,7,88.79,0.17,132.78,9
MED0268,Metronidazole 10ml Tablet,Dermatological,Abbott,No,2026-05,0,2272,1989,1989,0,No,283,7,88.79,0.17,131.52,9
MED0268,Metronidazole 10ml Tablet,Dermatological,Abbott,No,2026-06,283,0,2435,283,2152,Yes,0,7,88.79,0.17,132.56,9
MED0268,Metronidazole 10ml Tablet,Dermatological,Abbott,No,2026-07,0,2353,2289,2289,0,No,64,7,88.79,0.17,131.14,9
MED0269,Atorvastatin 10ml Suspension,Cardiac,Intas,No,2025-08,611,1990,1658,1658,0,No,943,10,173.24,0.25,283.77,9
MED0269,Atorvastatin 10ml Suspension,Cardiac,Intas,No,2025-09,943,1796,1433,1433,0,No,1306,10,173.24,0.25,287.93,9
MED0269,Atorvastatin 10ml Suspension,Cardiac,Intas,No,2025-10,1306,1688,1450,1450,0,No,1544,10,173.24,0.25,286.22,9
MED0269,Atorvastatin 10ml Suspension,Cardiac,Intas,No,2025-11,1544,1519,1640,1640,0,No,1423,10,173.24,0.25,278.5,9
MED0269,Atorvastatin 10ml Suspension,Cardiac,Intas,No,2025-12,1423,1402,1456,1456,0,No,1369,10,173.24,0.25,283.57,9
MED0269,Atorvastatin 10ml Suspension,Cardiac,Intas,No,2026-01,1369,1213,1583,1583,0,No,999,10,173.24,0.25,279.74,9
MED0269,Atorvastatin 10ml Suspension,Cardiac,Intas,No,2026-02,999,1813,1452,1452,0,No,1360,10,173.24,0.25,278.54,9
MED0269,Atorvastatin 10ml Suspension,Cardiac,Intas,No,2026-03,1360,1311,1496,1496,0,No,1175,10,173.24,0.25,281.86,9
MED0269,Atorvastatin 10ml Suspension,Cardiac,Intas,No,2026-04,1175,1930,1614,1614,0,No,1491,10,173.24,0.25,278.86,9
MED0269,Atorvastatin 10ml Suspension,Cardiac,Intas,No,2026-05,1491,1735,1748,1748,0,No,1478,10,173.24,0.25,270.93,9
MED0269,Atorvastatin 10ml Suspension,Cardiac,Intas,No,2026-06,1478,1299,1533,1533,0,No,1244,10,173.24,0.25,268.68,9
MED0269,Atorvastatin 10ml Suspension,Cardiac,Intas,No,2026-07,1244,1436,1593,1593,0,No,1087,10,173.24,0.25,276.63,9
MED0270,Cough Syrup 50mg Tablet,Respiratory,Intas,No,2025-08,272,1025,955,955,0,No,342,7,707.56,0.18,183.17,36
MED0270,Cough Syrup 50mg Tablet,Respiratory,Intas,No,2025-09,342,1180,925,925,0,No,597,7,707.56,0.18,184.81,36
MED0270,Cough Syrup 50mg Tablet,Respiratory,Intas,No,2025-10,597,774,762,762,0,No,609,7,707.56,0.18,186.79,36
MED0270,Cough Syrup 50mg Tablet,Respiratory,Intas,No,2025-11,609,966,744,744,0,No,831,7,707.56,0.18,188.32,36
MED0270,Cough Syrup 50mg Tablet,Respiratory,Intas,No,2025-12,831,1241,959,959,0,No,1113,7,707.56,0.18,184.85,36
MED0270,Cough Syrup 50mg Tablet,Respiratory,Intas,No,2026-01,1113,830,828,828,0,No,1115,7,707.56,0.18,183.91,36
MED0270,Cough Syrup 50mg Tablet,Respiratory,Intas,No,2026-02,1115,1128,957,957,0,No,1286,7,707.56,0.18,186.81,36
MED0270,Cough Syrup 50mg Tablet,Respiratory,Intas,No,2026-03,1286,572,758,758,0,No,1100,7,707.56,0.18,182.21,36
MED0270,Cough Syrup 50mg Tablet,Respiratory,Intas,No,2026-04,1100,582,742,742,0,No,940,7,707.56,0.18,179.65,36
MED0270,Cough Syrup 50mg Tablet,Respiratory,Intas,No,2026-05,940,933,831,831,0,No,1042,7,707.56,0.18,177.07,36
MED0270,Cough Syrup 50mg Tablet,Respiratory,Intas,No,2026-06,1042,831,886,886,0,No,987,7,707.56,0.18,176.29,36
MED0270,Cough Syrup 50mg Tablet,Respiratory,Intas,No,2026-07,987,1066,931,931,0,No,1122,7,707.56,0.18,181.83,36
MED0271,Ampicillin 500mg Drops,Vitamin/Supplement,Intas,Yes,2025-08,905,2022,2782,2782,0,No,145,7,690.45,0.21,284.72,6
MED0271,Ampicillin 500mg Drops,Vitamin/Supplement,Intas,Yes,2025-09,145,3114,2433,2433,0,No,826,7,690.45,0.21,276.96,6
MED0271,Ampicillin 500mg Drops,Vitamin/Supplement,Intas,Yes,2025-10,826,3188,2490,2490,0,No,1524,7,690.45,0.21,277.3,6
MED0271,Ampicillin 500mg Drops,Vitamin/Supplement,Intas,Yes,2025-11,1524,2813,2755,2755,0,No,1582,7,690.45,0.21,271.55,6
MED0271,Ampicillin 500mg Drops,Vitamin/Supplement,Intas,Yes,2025-12,1582,2704,2154,2154,0,No,2132,7,690.45,0.21,279.99,6
MED0271,Ampicillin 500mg Drops,Vitamin/Supplement,Intas,Yes,2026-01,2132,1938,2745,2745,0,No,1325,7,690.45,0.21,273.05,6
MED0271,Ampicillin 500mg Drops,Vitamin/Supplement,Intas,Yes,2026-02,1325,0,2359,1325,1034,Yes,0,7,690.45,0.21,271.32,6
MED0271,Ampicillin 500mg Drops,Vitamin/Supplement,Intas,Yes,2026-03,0,2808,2307,2307,0,No,501,7,690.45,0.21,275.59,6
MED0271,Ampicillin 500mg Drops,Vitamin/Supplement,Intas,Yes,2026-04,501,3215,2607,2607,0,No,1109,7,670.92,0.21,279.26,6
MED0271,Ampicillin 500mg Drops,Vitamin/Supplement,Intas,Yes,2026-05,1109,2317,2485,2485,0,No,941,7,670.92,0.21,277.87,6
MED0271,Ampicillin 500mg Drops,Vitamin/Supplement,Intas,Yes,2026-06,941,3271,2522,2522,0,No,1690,7,670.92,0.21,275.12,6
MED0271,Ampicillin 500mg Drops,Vitamin/Supplement,Intas,Yes,2026-07,1690,0,2161,1690,471,Yes,0,7,670.92,0.21,273.28,6
MED0272,Heparin 250mg Syrup,Neuro/Psychiatric,Aurobindo,No,2025-08,162,0,567,162,405,Yes,0,5,486.4,0.16,57.9,36
MED0272,Heparin 250mg Syrup,Neuro/Psychiatric,Aurobindo,No,2025-09,0,0,640,0,640,Yes,0,5,486.4,0.16,56.83,36
MED0272,Heparin 250mg Syrup,Neuro/Psychiatric,Aurobindo,No,2025-10,0,589,681,589,92,Yes,0,5,486.4,0.16,56.77,36
MED0272,Heparin 250mg Syrup,Neuro/Psychiatric,Aurobindo,No,2025-11,0,0,646,0,646,Yes,0,5,486.4,0.16,55.93,36
MED0272,Heparin 250mg Syrup,Neuro/Psychiatric,Aurobindo,No,2025-12,0,714,581,581,0,No,133,5,486.4,0.16,55.15,36
MED0272,Heparin 250mg Syrup,Neuro/Psychiatric,Aurobindo,No,2026-01,133,766,684,684,0,No,215,5,486.4,0.16,55.72,36
MED0272,Heparin 250mg Syrup,Neuro/Psychiatric,Aurobindo,No,2026-02,215,797,694,694,0,No,318,5,486.4,0.16,57.43,36
MED0272,Heparin 250mg Syrup,Neuro/Psychiatric,Aurobindo,No,2026-03,318,529,643,643,0,No,204,5,486.4,0.16,57.81,36
MED0272,Heparin 250mg Syrup,Neuro/Psychiatric,Aurobindo,No,2026-04,204,670,682,682,0,No,192,5,486.4,0.16,56.27,36
MED0272,Heparin 250mg Syrup,Neuro/Psychiatric,Aurobindo,No,2026-05,192,703,571,571,0,No,324,5,486.4,0.16,54.72,36
MED0272,Heparin 250mg Syrup,Neuro/Psychiatric,Aurobindo,No,2026-06,324,851,658,658,0,No,517,5,486.4,0.16,56.37,36
MED0272,Heparin 250mg Syrup,Neuro/Psychiatric,Aurobindo,No,2026-07,517,704,617,617,0,No,604,5,486.4,0.16,55.63,36
MED0273,Furosemide 1g Ointment,Emergency/Critical Care,Biocon,No,2025-08,323,1079,875,875,0,No,527,4,343.44,0.21,255.89,24
MED0273,Furosemide 1g Ointment,Emergency/Critical Care,Biocon,No,2025-09,527,1319,1101,1101,0,No,745,4,343.44,0.21,249.31,24
MED0273,Furosemide 1g Ointment,Emergency/Critical Care,Biocon,No,2025-10,745,1152,968,968,0,No,929,4,343.44,0.21,250.91,24
MED0273,Furosemide 1g Ointment,Emergency/Critical Care,Biocon,No,2025-11,929,0,1134,929,205,Yes,0,4,343.44,0.21,252.9,24
MED0273,Furosemide 1g Ointment,Emergency/Critical Care,Biocon,No,2025-12,0,922,1083,922,161,Yes,0,4,343.44,0.21,255.29,24
MED0273,Furosemide 1g Ointment,Emergency/Critical Care,Biocon,No,2026-01,0,0,862,0,862,Yes,0,4,343.44,0.21,251.54,24
MED0273,Furosemide 1g Ointment,Emergency/Critical Care,Biocon,No,2026-02,0,701,919,701,218,Yes,0,4,343.44,0.21,243.72,24
MED0273,Furosemide 1g Ointment,Emergency/Critical Care,Biocon,No,2026-03,0,1392,1124,1124,0,No,268,4,343.44,0.21,251.22,24
MED0273,Furosemide 1g Ointment,Emergency/Critical Care,Biocon,No,2026-04,268,1247,1042,1042,0,No,473,4,343.44,0.21,247.2,24
MED0273,Furosemide 1g Ointment,Emergency/Critical Care,Biocon,No,2026-05,473,1125,1102,1102,0,No,496,4,343.44,0.21,250.04,24
MED0273,Furosemide 1g Ointment,Emergency/Critical Care,Biocon,No,2026-06,496,1147,923,923,0,No,720,4,343.44,0.21,253.37,24
MED0273,Furosemide 1g Ointment,Emergency/Critical Care,Biocon,No,2026-07,720,724,853,853,0,No,591,4,343.44,0.21,255.14,24
MED0274,Chlorpheniramine 50mg Inhaler,Antibiotic,Glenmark,No,2025-08,385,1483,1363,1363,0,No,505,4,784.36,0.2,75.43,9
MED0274,Chlorpheniramine 50mg Inhaler,Antibiotic,Glenmark,No,2025-09,505,1718,1333,1333,0,No,890,4,784.36,0.2,74.54,9
MED0274,Chlorpheniramine 50mg Inhaler,Antibiotic,Glenmark,No,2025-10,890,0,1266,890,376,Yes,0,4,784.36,0.2,73.45,9
MED0274,Chlorpheniramine 50mg Inhaler,Antibiotic,Glenmark,No,2025-11,0,1251,1070,1070,0,No,181,4,784.36,0.2,73.91,9
MED0274,Chlorpheniramine 50mg Inhaler,Antibiotic,Glenmark,No,2025-12,181,1031,1077,1077,0,No,135,4,784.36,0.2,75.65,9
MED0274,Chlorpheniramine 50mg Inhaler,Antibiotic,Glenmark,No,2026-01,135,0,1118,135,983,Yes,0,4,784.36,0.2,77.77,9
MED0274,Chlorpheniramine 50mg Inhaler,Antibiotic,Glenmark,No,2026-02,0,902,1073,902,171,Yes,0,4,784.36,0.2,75.9,9
MED0274,Chlorpheniramine 50mg Inhaler,Antibiotic,Glenmark,No,2026-03,0,931,1305,931,374,Yes,0,4,784.36,0.2,74.26,9
MED0274,Chlorpheniramine 50mg Inhaler,Antibiotic,Glenmark,No,2026-04,0,0,1144,0,1144,Yes,0,4,784.36,0.2,76.37,9
MED0274,Chlorpheniramine 50mg Inhaler,Antibiotic,Glenmark,No,2026-05,0,0,1339,0,1339,Yes,0,4,784.36,0.2,77.49,9
MED0274,Chlorpheniramine 50mg Inhaler,Antibiotic,Glenmark,No,2026-06,0,0,1376,0,1376,Yes,0,4,784.36,0.2,79.31,9
MED0274,Chlorpheniramine 50mg Inhaler,Antibiotic,Glenmark,No,2026-07,0,918,1021,918,103,Yes,0,4,784.36,0.2,77.9,9
MED0275,Diazepam 50mg Tablet,Analgesic,Glenmark,No,2025-08,2209,6785,5367,5367,0,No,3627,7,326.79,0.26,108.79,6
MED0275,Diazepam 50mg Tablet,Analgesic,Glenmark,No,2025-09,3627,3682,3687,3687,0,No,3622,7,326.79,0.26,109.39,6
MED0275,Diazepam 50mg Tablet,Analgesic,Glenmark,No,2025-10,3622,3698,3402,3402,0,No,3918,7,326.79,0.26,110.77,6
MED0275,Diazepam 50mg Tablet,Analgesic,Glenmark,No,2025-11,3918,2748,3008,3008,0,No,3658,7,326.79,0.26,112,6
MED0275,Diazepam 50mg Tablet,Analgesic,Glenmark,No,2025-12,3658,1928,2722,2722,0,No,2864,7,326.79,0.26,111.37,6
MED0275,Diazepam 50mg Tablet,Analgesic,Glenmark,No,2026-01,2864,2492,2473,2473,0,No,2883,7,326.79,0.26,108.05,6
MED0275,Diazepam 50mg Tablet,Analgesic,Glenmark,No,2026-02,2883,3534,2719,2719,0,No,3698,7,326.79,0.26,108.62,6
MED0275,Diazepam 50mg Tablet,Analgesic,Glenmark,No,2026-03,3698,3598,3943,3943,0,No,3353,7,326.79,0.26,106.93,6
MED0275,Diazepam 50mg Tablet,Analgesic,Glenmark,No,2026-04,3353,5818,5972,5972,0,No,3199,7,326.79,0.26,106.59,6
MED0275,Diazepam 50mg Tablet,Analgesic,Glenmark,No,2026-05,3199,0,6214,3199,3015,Yes,0,7,326.79,0.26,109.73,6
MED0275,Diazepam 50mg Tablet,Analgesic,Glenmark,No,2026-06,0,6195,6217,6195,22,Yes,0,7,326.79,0.26,109.04,6
MED0275,Diazepam 50mg Tablet,Analgesic,Glenmark,No,2026-07,0,5873,4687,4687,0,No,1186,7,326.79,0.26,111.37,6
MED0276,Magnesium Sulphate 1g Ointment,Analgesic,Dr Reddy's,No,2025-08,451,3104,2741,2741,0,No,814,3,228.76,0.21,198.27,24
MED0276,Magnesium Sulphate 1g Ointment,Analgesic,Dr Reddy's,No,2025-09,814,3202,2892,2892,0,No,1124,3,228.76,0.21,194.38,24
MED0276,Magnesium Sulphate 1g Ointment,Analgesic,Dr Reddy's,No,2025-10,1124,2178,2266,2266,0,No,1036,3,228.76,0.21,196.53,24
MED0276,Magnesium Sulphate 1g Ointment,Analgesic,Dr Reddy's,No,2025-11,1036,3098,2955,2955,0,No,1179,3,228.76,0.21,202.49,24
MED0276,Magnesium Sulphate 1g Ointment,Analgesic,Dr Reddy's,No,2025-12,1179,0,2580,1179,1401,Yes,0,3,228.76,0.21,197.52,24
MED0276,Magnesium Sulphate 1g Ointment,Analgesic,Dr Reddy's,No,2026-01,0,3581,2886,2886,0,No,695,3,228.76,0.21,191.38,24
MED0276,Magnesium Sulphate 1g Ointment,Analgesic,Dr Reddy's,No,2026-02,695,3056,2525,2525,0,No,1226,3,228.76,0.21,190.55,24
MED0276,Magnesium Sulphate 1g Ointment,Analgesic,Dr Reddy's,No,2026-03,1226,2187,2685,2685,0,No,728,3,228.76,0.21,185.46,24
MED0276,Magnesium Sulphate 1g Ointment,Analgesic,Dr Reddy's,No,2026-04,728,0,2511,728,1783,Yes,0,3,228.76,0.21,188.56,24
MED0276,Magnesium Sulphate 1g Ointment,Analgesic,Dr Reddy's,No,2026-05,0,2359,2357,2357,0,No,2,3,228.76,0.21,193.74,24
MED0276,Magnesium Sulphate 1g Ointment,Analgesic,Dr Reddy's,No,2026-06,2,2180,2384,2182,202,Yes,0,3,228.76,0.21,192.92,24
MED0276,Magnesium Sulphate 1g Ointment,Analgesic,Dr Reddy's,No,2026-07,0,2490,2875,2490,385,Yes,0,3,228.76,0.21,189.91,24
MED0277,Ranitidine 5ml Suspension,Vaccine,Biocon,No,2025-08,152,0,1517,152,1365,Yes,0,4,166.76,0.13,188.57,18
MED0277,Ranitidine 5ml Suspension,Vaccine,Biocon,No,2025-09,0,1332,1096,1096,0,No,236,4,166.76,0.13,187.79,18
MED0277,Ranitidine 5ml Suspension,Vaccine,Biocon,No,2025-10,236,0,813,236,577,Yes,0,4,166.76,0.13,190.44,18
MED0277,Ranitidine 5ml Suspension,Vaccine,Biocon,No,2025-11,0,783,771,771,0,No,12,4,166.76,0.13,184.61,18
MED0277,Ranitidine 5ml Suspension,Vaccine,Biocon,No,2025-12,12,699,818,711,107,Yes,0,4,166.76,0.13,185.67,18
MED0277,Ranitidine 5ml Suspension,Vaccine,Biocon,No,2026-01,0,543,660,543,117,Yes,0,4,166.76,0.13,187.02,18
MED0277,Ranitidine 5ml Suspension,Vaccine,Biocon,No,2026-02,0,670,693,670,23,Yes,0,4,166.76,0.13,188.66,18
MED0277,Ranitidine 5ml Suspension,Vaccine,Biocon,No,2026-03,0,0,1095,0,1095,Yes,0,4,166.76,0.13,185.6,18
MED0277,Ranitidine 5ml Suspension,Vaccine,Biocon,No,2026-04,0,1226,1323,1226,97,Yes,0,4,166.76,0.13,188.14,18
MED0277,Ranitidine 5ml Suspension,Vaccine,Biocon,No,2026-05,0,1193,1692,1193,499,Yes,0,4,166.76,0.13,183.29,18
MED0277,Ranitidine 5ml Suspension,Vaccine,Biocon,No,2026-06,0,0,1676,0,1676,Yes,0,4,166.76,0.13,179.72,18
MED0277,Ranitidine 5ml Suspension,Vaccine,Biocon,No,2026-07,0,1646,1306,1306,0,No,340,4,166.76,0.13,184.2,18
MED0278,Fentanyl 10mg Suspension,Cardiac,Zydus,Yes,2025-08,91,589,758,680,78,Yes,0,4,55.44,0.18,183.91,12
MED0278,Fentanyl 10mg Suspension,Cardiac,Zydus,Yes,2025-09,0,672,535,535,0,No,137,4,55.44,0.18,186.68,12
MED0278,Fentanyl 10mg Suspension,Cardiac,Zydus,Yes,2025-10,137,431,384,384,0,No,184,4,55.44,0.18,181.05,12
MED0278,Fentanyl 10mg Suspension,Cardiac,Zydus,Yes,2025-11,184,0,321,184,137,Yes,0,4,55.44,0.18,178.13,12
MED0278,Fentanyl 10mg Suspension,Cardiac,Zydus,Yes,2025-12,0,287,286,286,0,No,1,4,55.44,0.18,174.82,12
MED0278,Fentanyl 10mg Suspension,Cardiac,Zydus,Yes,2026-01,1,255,270,256,14,Yes,0,4,55.44,0.18,172.16,12
MED0278,Fentanyl 10mg Suspension,Cardiac,Zydus,Yes,2026-02,0,0,262,0,262,Yes,0,4,55.44,0.18,169.24,12
MED0278,Fentanyl 10mg Suspension,Cardiac,Zydus,Yes,2026-03,0,265,268,265,3,Yes,0,4,55.44,0.18,167.36,12
MED0278,Fentanyl 10mg Suspension,Cardiac,Zydus,Yes,2026-04,0,0,413,0,413,Yes,0,4,52.65,0.18,167.36,12
MED0278,Fentanyl 10mg Suspension,Cardiac,Zydus,Yes,2026-05,0,479,398,398,0,No,81,4,52.65,0.18,170.06,12
MED0278,Fentanyl 10mg Suspension,Cardiac,Zydus,Yes,2026-06,81,0,755,81,674,Yes,0,4,52.65,0.18,171.3,12
MED0278,Fentanyl 10mg Suspension,Cardiac,Zydus,Yes,2026-07,0,655,693,655,38,Yes,0,4,52.65,0.18,173.3,12
MED0279,Digoxin 100mg Injection,Analgesic,Zydus,No,2025-08,135,608,621,621,0,No,122,5,76.75,0.14,55.08,9
MED0279,Digoxin 100mg Injection,Analgesic,Zydus,No,2025-09,122,516,675,638,37,Yes,0,5,76.75,0.14,56.65,9
MED0279,Digoxin 100mg Injection,Analgesic,Zydus,No,2025-10,0,704,607,607,0,No,97,5,76.75,0.14,57.82,9
MED0279,Digoxin 100mg Injection,Analgesic,Zydus,No,2025-11,97,682,631,631,0,No,148,5,76.75,0.14,58.88,9
MED0279,Digoxin 100mg Injection,Analgesic,Zydus,No,2025-12,148,699,608,608,0,No,239,5,76.75,0.14,60,9
MED0279,Digoxin 100mg Injection,Analgesic,Zydus,No,2026-01,239,0,594,239,355,Yes,0,5,76.75,0.14,60.04,9
MED0279,Digoxin 100mg Injection,Analgesic,Zydus,No,2026-02,0,693,632,632,0,No,61,5,76.75,0.14,60.04,9
MED0279,Digoxin 100mg Injection,Analgesic,Zydus,No,2026-03,61,893,712,712,0,No,242,5,76.75,0.14,59,9
MED0279,Digoxin 100mg Injection,Analgesic,Zydus,No,2026-04,242,603,619,619,0,No,226,5,76.75,0.14,59.41,9
MED0279,Digoxin 100mg Injection,Analgesic,Zydus,No,2026-05,226,0,645,226,419,Yes,0,5,76.75,0.14,60.04,9
MED0279,Digoxin 100mg Injection,Analgesic,Zydus,No,2026-06,0,733,789,733,56,Yes,0,5,76.75,0.14,60.04,9
MED0279,Digoxin 100mg Injection,Analgesic,Zydus,No,2026-07,0,682,698,682,16,Yes,0,5,76.75,0.14,60.04,9
MED0280,ORS 20mg Inhaler,Neuro/Psychiatric,Mankind,No,2025-08,663,1150,1453,1453,0,No,360,7,277.9,0.18,89.19,24
MED0280,ORS 20mg Inhaler,Neuro/Psychiatric,Mankind,No,2025-09,360,1758,1469,1469,0,No,649,7,277.9,0.18,86.77,24
MED0280,ORS 20mg Inhaler,Neuro/Psychiatric,Mankind,No,2025-10,649,2666,2067,2067,0,No,1248,7,277.9,0.18,86.05,24
MED0280,ORS 20mg Inhaler,Neuro/Psychiatric,Mankind,No,2025-11,1248,2273,2453,2453,0,No,1068,7,277.9,0.18,88.41,24
MED0280,ORS 20mg Inhaler,Neuro/Psychiatric,Mankind,No,2025-12,1068,2887,3337,3337,0,No,618,7,277.9,0.18,88.88,24
MED0280,ORS 20mg Inhaler,Neuro/Psychiatric,Mankind,No,2026-01,618,3791,2956,2956,0,No,1453,7,277.9,0.18,89.1,24
MED0280,ORS 20mg Inhaler,Neuro/Psychiatric,Mankind,No,2026-02,1453,2323,2996,2996,0,No,780,7,277.9,0.18,87.8,24
MED0280,ORS 20mg Inhaler,Neuro/Psychiatric,Mankind,No,2026-03,780,1464,1822,1822,0,No,422,7,277.9,0.18,87.06,24
MED0280,ORS 20mg Inhaler,Neuro/Psychiatric,Mankind,No,2026-04,422,1387,1811,1809,2,Yes,0,7,277.9,0.18,89.28,24
MED0280,ORS 20mg Inhaler,Neuro/Psychiatric,Mankind,No,2026-05,0,1149,1309,1149,160,Yes,0,7,277.9,0.18,90.22,24
MED0280,ORS 20mg Inhaler,Neuro/Psychiatric,Mankind,No,2026-06,0,1388,1279,1279,0,No,109,7,277.9,0.18,91.83,24
MED0280,ORS 20mg Inhaler,Neuro/Psychiatric,Mankind,No,2026-07,109,0,1487,109,1378,Yes,0,7,277.9,0.18,91.57,24
MED0281,Doxycycline 5mg Syrup,Respiratory,Alkem,No,2025-08,118,434,586,552,34,Yes,0,3,379.4,0.23,123.99,6
MED0281,Doxycycline 5mg Syrup,Respiratory,Alkem,No,2025-09,0,494,587,494,93,Yes,0,3,379.4,0.23,125.01,6
MED0281,Doxycycline 5mg Syrup,Respiratory,Alkem,No,2025-10,0,539,532,532,0,No,7,3,379.4,0.23,123.04,6
MED0281,Doxycycline 5mg Syrup,Respiratory,Alkem,No,2025-11,7,559,467,467,0,No,99,3,379.4,0.23,124.64,6
MED0281,Doxycycline 5mg Syrup,Respiratory,Alkem,No,2025-12,99,629,503,503,0,No,225,3,379.4,0.23,124.07,6
MED0281,Doxycycline 5mg Syrup,Respiratory,Alkem,No,2026-01,225,476,585,585,0,No,116,3,379.4,0.23,123.62,6
MED0281,Doxycycline 5mg Syrup,Respiratory,Alkem,No,2026-02,116,582,568,568,0,No,130,3,379.4,0.23,124.79,6
MED0281,Doxycycline 5mg Syrup,Respiratory,Alkem,No,2026-03,130,404,502,502,0,No,32,3,379.4,0.23,128.2,6
MED0281,Doxycycline 5mg Syrup,Respiratory,Alkem,No,2026-04,32,364,511,396,115,Yes,0,3,379.4,0.23,124.79,6
MED0281,Doxycycline 5mg Syrup,Respiratory,Alkem,No,2026-05,0,0,513,0,513,Yes,0,3,379.4,0.23,127.33,6
MED0281,Doxycycline 5mg Syrup,Respiratory,Alkem,No,2026-06,0,681,528,528,0,No,153,3,379.4,0.23,125.71,6
MED0281,Doxycycline 5mg Syrup,Respiratory,Alkem,No,2026-07,153,0,527,153,374,Yes,0,3,379.4,0.23,125.27,6
MED0282,Amitriptyline 1mg Syrup,Neuro/Psychiatric,Cipla,No,2025-08,163,267,344,344,0,No,86,7,306.55,0.25,244.45,36
MED0282,Amitriptyline 1mg Syrup,Neuro/Psychiatric,Cipla,No,2025-09,86,291,366,366,0,No,11,7,306.55,0.25,237.09,36
MED0282,Amitriptyline 1mg Syrup,Neuro/Psychiatric,Cipla,No,2025-10,11,383,300,300,0,No,94,7,306.55,0.25,234.03,36
MED0282,Amitriptyline 1mg Syrup,Neuro/Psychiatric,Cipla,No,2025-11,94,308,309,309,0,No,93,7,306.55,0.25,234.07,36
MED0282,Amitriptyline 1mg Syrup,Neuro/Psychiatric,Cipla,No,2025-12,93,241,297,297,0,No,37,7,306.55,0.25,227.23,36
MED0282,Amitriptyline 1mg Syrup,Neuro/Psychiatric,Cipla,No,2026-01,37,309,313,313,0,No,33,7,306.55,0.25,227.09,36
MED0282,Amitriptyline 1mg Syrup,Neuro/Psychiatric,Cipla,No,2026-02,33,417,332,332,0,No,118,7,306.55,0.25,233.67,36
MED0282,Amitriptyline 1mg Syrup,Neuro/Psychiatric,Cipla,No,2026-03,118,374,348,348,0,No,144,7,306.55,0.25,227.59,36
MED0282,Amitriptyline 1mg Syrup,Neuro/Psychiatric,Cipla,No,2026-04,144,279,378,378,0,No,45,7,306.55,0.25,231.66,36
MED0282,Amitriptyline 1mg Syrup,Neuro/Psychiatric,Cipla,No,2026-05,45,353,374,374,0,No,24,7,306.55,0.25,230.27,36
MED0282,Amitriptyline 1mg Syrup,Neuro/Psychiatric,Cipla,No,2026-06,24,0,312,24,288,Yes,0,7,306.55,0.25,232.66,36
MED0282,Amitriptyline 1mg Syrup,Neuro/Psychiatric,Cipla,No,2026-07,0,0,315,0,315,Yes,0,7,306.55,0.25,228.97,36
MED0283,Lidocaine 250mg Inhaler,Analgesic,Mankind,No,2025-08,515,1078,1341,1341,0,No,252,10,370.76,0.16,242.96,24
MED0283,Lidocaine 250mg Inhaler,Analgesic,Mankind,No,2025-09,252,809,1125,1061,64,Yes,0,10,370.76,0.16,237.75,24
MED0283,Lidocaine 250mg Inhaler,Analgesic,Mankind,No,2025-10,0,1080,1084,1080,4,Yes,0,10,370.76,0.16,232.55,24
MED0283,Lidocaine 250mg Inhaler,Analgesic,Mankind,No,2025-11,0,949,1012,949,63,Yes,0,10,370.76,0.16,225.98,24
MED0283,Lidocaine 250mg Inhaler,Analgesic,Mankind,No,2025-12,0,586,806,586,220,Yes,0,10,370.76,0.16,221.17,24
MED0283,Lidocaine 250mg Inhaler,Analgesic,Mankind,No,2026-01,0,778,735,735,0,No,43,10,370.76,0.16,223.68,24
MED0283,Lidocaine 250mg Inhaler,Analgesic,Mankind,No,2026-02,43,991,917,917,0,No,117,10,370.76,0.16,229.52,24
MED0283,Lidocaine 250mg Inhaler,Analgesic,Mankind,No,2026-03,117,1195,1044,1044,0,No,268,10,370.76,0.16,234.33,24
MED0283,Lidocaine 250mg Inhaler,Analgesic,Mankind,No,2026-04,268,2391,1882,1882,0,No,777,10,370.76,0.16,237.16,24
MED0283,Lidocaine 250mg Inhaler,Analgesic,Mankind,No,2026-05,777,1720,1917,1917,0,No,580,10,370.76,0.16,231.2,24
MED0283,Lidocaine 250mg Inhaler,Analgesic,Mankind,No,2026-06,580,2883,2221,2221,0,No,1242,10,370.76,0.16,227.97,24
MED0283,Lidocaine 250mg Inhaler,Analgesic,Mankind,No,2026-07,1242,1348,1519,1519,0,No,1071,10,370.76,0.16,225.06,24
MED0284,Ciprofloxacin 20mg Ointment,Vitamin/Supplement,Dr Reddy's,No,2025-08,42,585,570,570,0,No,57,2,208.03,0.13,312.55,18
MED0284,Ciprofloxacin 20mg Ointment,Vitamin/Supplement,Dr Reddy's,No,2025-09,57,599,467,467,0,No,189,2,208.03,0.13,307.63,18
MED0284,Ciprofloxacin 20mg Ointment,Vitamin/Supplement,Dr Reddy's,No,2025-10,189,563,434,434,0,No,318,2,208.03,0.13,307.93,18
MED0284,Ciprofloxacin 20mg Ointment,Vitamin/Supplement,Dr Reddy's,No,2025-11,318,362,506,506,0,No,174,2,208.03,0.13,308.63,18
MED0284,Ciprofloxacin 20mg Ointment,Vitamin/Supplement,Dr Reddy's,No,2025-12,174,0,467,174,293,Yes,0,2,208.03,0.13,305.81,18
MED0284,Ciprofloxacin 20mg Ointment,Vitamin/Supplement,Dr Reddy's,No,2026-01,0,389,517,389,128,Yes,0,2,208.03,0.13,302.93,18
MED0284,Ciprofloxacin 20mg Ointment,Vitamin/Supplement,Dr Reddy's,No,2026-02,0,628,565,565,0,No,63,2,208.03,0.13,309.4,18
MED0284,Ciprofloxacin 20mg Ointment,Vitamin/Supplement,Dr Reddy's,No,2026-03,63,608,582,582,0,No,89,2,208.03,0.13,315.1,18
MED0284,Ciprofloxacin 20mg Ointment,Vitamin/Supplement,Dr Reddy's,No,2026-04,89,598,507,507,0,No,180,2,208.03,0.13,311.32,18
MED0284,Ciprofloxacin 20mg Ointment,Vitamin/Supplement,Dr Reddy's,No,2026-05,180,453,553,553,0,No,80,2,208.03,0.13,319.47,18
MED0284,Ciprofloxacin 20mg Ointment,Vitamin/Supplement,Dr Reddy's,No,2026-06,80,374,522,454,68,Yes,0,2,208.03,0.13,328.39,18
MED0284,Ciprofloxacin 20mg Ointment,Vitamin/Supplement,Dr Reddy's,No,2026-07,0,533,447,447,0,No,86,2,208.03,0.13,324.98,18
MED0285,Iron Sucrose 10mg Ointment,Anesthetic,Aurobindo,Yes,2025-08,2424,3105,4125,4125,0,No,1404,10,260.57,0.26,348.81,12
MED0285,Iron Sucrose 10mg Ointment,Anesthetic,Aurobindo,Yes,2025-09,1404,3115,2784,2784,0,No,1735,10,260.57,0.26,345.61,12
MED0285,Iron Sucrose 10mg Ointment,Anesthetic,Aurobindo,Yes,2025-10,1735,1804,2444,2444,0,No,1095,10,260.57,0.26,345.73,12
MED0285,Iron Sucrose 10mg Ointment,Anesthetic,Aurobindo,Yes,2025-11,1095,0,2431,1095,1336,Yes,0,10,260.57,0.26,355.42,12
MED0285,Iron Sucrose 10mg Ointment,Anesthetic,Aurobindo,Yes,2025-12,0,2516,2238,2238,0,No,278,10,260.57,0.26,363.69,12
MED0285,Iron Sucrose 10mg Ointment,Anesthetic,Aurobindo,Yes,2026-01,278,1696,1946,1946,0,No,28,10,260.57,0.26,354.96,12
MED0285,Iron Sucrose 10mg Ointment,Anesthetic,Aurobindo,Yes,2026-02,28,0,2404,28,2376,Yes,0,10,260.57,0.26,352.6,12
MED0285,Iron Sucrose 10mg Ointment,Anesthetic,Aurobindo,Yes,2026-03,0,3980,3237,3237,0,No,743,10,260.57,0.26,353.77,12
MED0285,Iron Sucrose 10mg Ointment,Anesthetic,Aurobindo,Yes,2026-04,743,3979,4104,4104,0,No,618,10,271.14,0.26,353.84,12
MED0285,Iron Sucrose 10mg Ointment,Anesthetic,Aurobindo,Yes,2026-05,618,0,6103,618,5485,Yes,0,10,271.14,0.26,347.11,12
MED0285,Iron Sucrose 10mg Ointment,Anesthetic,Aurobindo,Yes,2026-06,0,6214,5305,5305,0,No,909,10,271.14,0.26,355,12
MED0285,Iron Sucrose 10mg Ointment,Anesthetic,Aurobindo,Yes,2026-07,909,5115,4509,4509,0,No,1515,10,271.14,0.26,358.89,12
MED0286,Cloxacillin 2.5mg Ointment,Cardiac,Dr Reddy's,Yes,2025-08,559,2029,2352,2352,0,No,236,5,457.14,0.17,138.61,12
MED0286,Cloxacillin 2.5mg Ointment,Cardiac,Dr Reddy's,Yes,2025-09,236,1553,1716,1716,0,No,73,5,457.14,0.17,141.74,12
MED0286,Cloxacillin 2.5mg Ointment,Cardiac,Dr Reddy's,Yes,2025-10,73,1442,1567,1515,52,Yes,0,5,457.14,0.17,143.91,12
MED0286,Cloxacillin 2.5mg Ointment,Cardiac,Dr Reddy's,Yes,2025-11,0,1686,1357,1357,0,No,329,5,457.14,0.17,143.38,12
MED0286,Cloxacillin 2.5mg Ointment,Cardiac,Dr Reddy's,Yes,2025-12,329,1155,1129,1129,0,No,355,5,457.14,0.17,144.35,12
MED0286,Cloxacillin 2.5mg Ointment,Cardiac,Dr Reddy's,Yes,2026-01,355,1248,1282,1282,0,No,321,5,457.14,0.17,141.38,12
MED0286,Cloxacillin 2.5mg Ointment,Cardiac,Dr Reddy's,Yes,2026-02,321,1261,1145,1145,0,No,437,5,457.14,0.17,142.9,12
MED0286,Cloxacillin 2.5mg Ointment,Cardiac,Dr Reddy's,Yes,2026-03,437,1889,1955,1955,0,No,371,5,457.14,0.17,140.1,12
MED0286,Cloxacillin 2.5mg Ointment,Cardiac,Dr Reddy's,Yes,2026-04,371,1763,2462,2134,328,Yes,0,5,429.82,0.17,141.79,12
MED0286,Cloxacillin 2.5mg Ointment,Cardiac,Dr Reddy's,Yes,2026-05,0,3637,3469,3469,0,No,168,5,429.82,0.17,139.43,12
MED0286,Cloxacillin 2.5mg Ointment,Cardiac,Dr Reddy's,Yes,2026-06,168,2646,2761,2761,0,No,53,5,429.82,0.17,136.09,12
MED0286,Cloxacillin 2.5mg Ointment,Cardiac,Dr Reddy's,Yes,2026-07,53,2420,2816,2473,343,Yes,0,5,429.82,0.17,133.17,12
MED0287,Lorazepam 1mg Injection,Respiratory,Mankind,No,2025-08,267,2746,2644,2644,0,No,369,2,611.6,0.22,276.31,12
MED0287,Lorazepam 1mg Injection,Respiratory,Mankind,No,2025-09,369,0,2352,369,1983,Yes,0,2,611.6,0.22,280.12,12
MED0287,Lorazepam 1mg Injection,Respiratory,Mankind,No,2025-10,0,2745,2359,2359,0,No,386,2,611.6,0.22,284.17,12
MED0287,Lorazepam 1mg Injection,Respiratory,Mankind,No,2025-11,386,2359,2715,2715,0,No,30,2,611.6,0.22,284.43,12
MED0287,Lorazepam 1mg Injection,Respiratory,Mankind,No,2025-12,30,2682,2844,2712,132,Yes,0,2,611.6,0.22,278.54,12
MED0287,Lorazepam 1mg Injection,Respiratory,Mankind,No,2026-01,0,0,2242,0,2242,Yes,0,2,611.6,0.22,271.29,12
MED0287,Lorazepam 1mg Injection,Respiratory,Mankind,No,2026-02,0,0,2428,0,2428,Yes,0,2,611.6,0.22,262.92,12
MED0287,Lorazepam 1mg Injection,Respiratory,Mankind,No,2026-03,0,2785,2283,2283,0,No,502,2,611.6,0.22,257.1,12
MED0287,Lorazepam 1mg Injection,Respiratory,Mankind,No,2026-04,502,3150,2427,2427,0,No,1225,2,611.6,0.22,263.9,12
MED0287,Lorazepam 1mg Injection,Respiratory,Mankind,No,2026-05,1225,1893,2345,2345,0,No,773,2,611.6,0.22,259.4,12
MED0287,Lorazepam 1mg Injection,Respiratory,Mankind,No,2026-06,773,3297,2558,2558,0,No,1512,2,611.6,0.22,256.86,12
MED0287,Lorazepam 1mg Injection,Respiratory,Mankind,No,2026-07,1512,2358,2790,2790,0,No,1080,2,611.6,0.22,251.44,12
MED0288,Azithromycin 5mg Ointment,Respiratory,Torrent,Yes,2025-08,81,301,377,377,0,No,5,5,586.54,0.23,82.92,12
MED0288,Azithromycin 5mg Ointment,Respiratory,Torrent,Yes,2025-09,5,263,288,268,20,Yes,0,5,586.54,0.23,81.47,12
MED0288,Azithromycin 5mg Ointment,Respiratory,Torrent,Yes,2025-10,0,205,160,160,0,No,45,5,586.54,0.23,81.57,12
MED0288,Azithromycin 5mg Ointment,Respiratory,Torrent,Yes,2025-11,45,202,156,156,0,No,91,5,586.54,0.23,82.13,12
MED0288,Azithromycin 5mg Ointment,Respiratory,Torrent,Yes,2025-12,91,155,129,129,0,No,117,5,586.54,0.23,80.8,12
MED0288,Azithromycin 5mg Ointment,Respiratory,Torrent,Yes,2026-01,117,132,107,107,0,No,142,5,586.54,0.23,78.49,12
MED0288,Azithromycin 5mg Ointment,Respiratory,Torrent,Yes,2026-02,142,151,133,133,0,No,160,5,586.54,0.23,77.92,12
MED0288,Azithromycin 5mg Ointment,Respiratory,Torrent,Yes,2026-03,160,197,157,157,0,No,200,5,586.54,0.23,76.53,12
MED0288,Azithromycin 5mg Ointment,Respiratory,Torrent,Yes,2026-04,200,154,170,170,0,No,184,5,580.61,0.23,75.46,12
MED0288,Azithromycin 5mg Ointment,Respiratory,Torrent,Yes,2026-05,184,230,233,233,0,No,181,5,580.61,0.23,77.86,12
MED0288,Azithromycin 5mg Ointment,Respiratory,Torrent,Yes,2026-06,181,424,338,338,0,No,267,5,580.61,0.23,78.47,12
MED0288,Azithromycin 5mg Ointment,Respiratory,Torrent,Yes,2026-07,267,472,364,364,0,No,375,5,580.61,0.23,78.77,12
MED0289,Ranitidine 100mg Inhaler,Vitamin/Supplement,Aurobindo,No,2025-08,58,514,446,446,0,No,126,5,375.69,0.19,193.19,18
MED0289,Ranitidine 100mg Inhaler,Vitamin/Supplement,Aurobindo,No,2025-09,126,375,388,388,0,No,113,5,375.69,0.19,192.33,18
MED0289,Ranitidine 100mg Inhaler,Vitamin/Supplement,Aurobindo,No,2025-10,113,203,274,274,0,No,42,5,375.69,0.19,192.83,18
MED0289,Ranitidine 100mg Inhaler,Vitamin/Supplement,Aurobindo,No,2025-11,42,155,202,197,5,Yes,0,5,375.69,0.19,195.22,18
MED0289,Ranitidine 100mg Inhaler,Vitamin/Supplement,Aurobindo,No,2025-12,0,177,144,144,0,No,33,5,375.69,0.19,197.68,18
MED0289,Ranitidine 100mg Inhaler,Vitamin/Supplement,Aurobindo,No,2026-01,33,0,155,33,122,Yes,0,5,375.69,0.19,193.68,18
MED0289,Ranitidine 100mg Inhaler,Vitamin/Supplement,Aurobindo,No,2026-02,0,200,166,166,0,No,34,5,375.69,0.19,193.68,18
MED0289,Ranitidine 100mg Inhaler,Vitamin/Supplement,Aurobindo,No,2026-03,34,192,186,186,0,No,40,5,375.69,0.19,192.61,18
MED0289,Ranitidine 100mg Inhaler,Vitamin/Supplement,Aurobindo,No,2026-04,40,212,188,188,0,No,64,5,375.69,0.19,197.12,18
MED0289,Ranitidine 100mg Inhaler,Vitamin/Supplement,Aurobindo,No,2026-05,64,202,269,266,3,Yes,0,5,375.69,0.19,198.72,18
MED0289,Ranitidine 100mg Inhaler,Vitamin/Supplement,Aurobindo,No,2026-06,0,451,433,433,0,No,18,5,375.69,0.19,199.12,18
MED0289,Ranitidine 100mg Inhaler,Vitamin/Supplement,Aurobindo,No,2026-07,18,393,493,411,82,Yes,0,5,375.69,0.19,194.44,18
MED0290,Amlodipine 2.5mg Injection,Antibiotic,Torrent,No,2025-08,1223,1718,1793,1793,0,No,1148,14,505.5,0.13,239.72,9
MED0290,Amlodipine 2.5mg Injection,Antibiotic,Torrent,No,2025-09,1148,1581,2151,2151,0,No,578,14,505.5,0.13,241.32,9
MED0290,Amlodipine 2.5mg Injection,Antibiotic,Torrent,No,2025-10,578,2198,2402,2402,0,No,374,14,505.5,0.13,235.54,9
MED0290,Amlodipine 2.5mg Injection,Antibiotic,Torrent,No,2025-11,374,3650,3447,3447,0,No,577,14,505.5,0.13,233.08,9
MED0290,Amlodipine 2.5mg Injection,Antibiotic,Torrent,No,2025-12,577,0,3283,577,2706,Yes,0,14,505.5,0.13,227.69,9
MED0290,Amlodipine 2.5mg Injection,Antibiotic,Torrent,No,2026-01,0,4117,3872,3872,0,No,245,14,505.5,0.13,230.59,9
MED0290,Amlodipine 2.5mg Injection,Antibiotic,Torrent,No,2026-02,245,3620,3107,3107,0,No,758,14,505.5,0.13,226.15,9
MED0290,Amlodipine 2.5mg Injection,Antibiotic,Torrent,No,2026-03,758,1937,2387,2387,0,No,308,14,505.5,0.13,224.52,9
MED0290,Amlodipine 2.5mg Injection,Antibiotic,Torrent,No,2026-04,308,1974,1776,1776,0,No,506,14,505.5,0.13,230.5,9
MED0290,Amlodipine 2.5mg Injection,Antibiotic,Torrent,No,2026-05,506,0,1734,506,1228,Yes,0,14,505.5,0.13,226.03,9
MED0290,Amlodipine 2.5mg Injection,Antibiotic,Torrent,No,2026-06,0,1962,1863,1863,0,No,99,14,505.5,0.13,226.15,9
MED0290,Amlodipine 2.5mg Injection,Antibiotic,Torrent,No,2026-07,99,1349,1613,1448,165,Yes,0,14,505.5,0.13,224.93,9
MED0291,Tramadol 20mg Ointment,Cardiac,Intas,Yes,2025-08,127,925,831,831,0,No,221,3,34.35,0.21,180.4,18
MED0291,Tramadol 20mg Ointment,Cardiac,Intas,Yes,2025-09,221,942,897,897,0,No,266,3,34.35,0.21,174.92,18
MED0291,Tramadol 20mg Ointment,Cardiac,Intas,Yes,2025-10,266,926,831,831,0,No,361,3,34.35,0.21,178.25,18
MED0291,Tramadol 20mg Ointment,Cardiac,Intas,Yes,2025-11,361,1080,1115,1115,0,No,326,3,34.35,0.21,173.35,18
MED0291,Tramadol 20mg Ointment,Cardiac,Intas,Yes,2025-12,326,2118,1650,1650,0,No,794,3,34.35,0.21,173.06,18
MED0291,Tramadol 20mg Ointment,Cardiac,Intas,Yes,2026-01,794,1462,1379,1379,0,No,877,3,34.35,0.21,173.75,18
MED0291,Tramadol 20mg Ointment,Cardiac,Intas,Yes,2026-02,877,0,1352,877,475,Yes,0,3,34.35,0.21,175.21,18
MED0291,Tramadol 20mg Ointment,Cardiac,Intas,Yes,2026-03,0,925,838,838,0,No,87,3,34.35,0.21,177.35,18
MED0291,Tramadol 20mg Ointment,Cardiac,Intas,Yes,2026-04,87,746,780,780,0,No,53,3,35.74,0.21,174.55,18
MED0291,Tramadol 20mg Ointment,Cardiac,Intas,Yes,2026-05,53,0,689,53,636,Yes,0,3,35.74,0.21,168.98,18
MED0291,Tramadol 20mg Ointment,Cardiac,Intas,Yes,2026-06,0,790,739,739,0,No,51,3,35.74,0.21,171.52,18
MED0291,Tramadol 20mg Ointment,Cardiac,Intas,Yes,2026-07,51,765,786,786,0,No,30,3,35.74,0.21,171.93,18
MED0292,Clopidogrel 2.5mg Drops,Emergency/Critical Care,Sun Pharma,No,2025-08,90,0,105,90,15,Yes,0,14,511.41,0.27,313.3,36
MED0292,Clopidogrel 2.5mg Drops,Emergency/Critical Care,Sun Pharma,No,2025-09,0,99,88,88,0,No,11,14,511.41,0.27,319.64,36
MED0292,Clopidogrel 2.5mg Drops,Emergency/Critical Care,Sun Pharma,No,2025-10,11,92,109,103,6,Yes,0,14,511.41,0.27,326.42,36
MED0292,Clopidogrel 2.5mg Drops,Emergency/Critical Care,Sun Pharma,No,2025-11,0,144,160,144,16,Yes,0,14,511.41,0.27,326.13,36
MED0292,Clopidogrel 2.5mg Drops,Emergency/Critical Care,Sun Pharma,No,2025-12,0,185,198,185,13,Yes,0,14,511.41,0.27,322.85,36
MED0292,Clopidogrel 2.5mg Drops,Emergency/Critical Care,Sun Pharma,No,2026-01,0,180,201,180,21,Yes,0,14,511.41,0.27,328.6,36
MED0292,Clopidogrel 2.5mg Drops,Emergency/Critical Care,Sun Pharma,No,2026-02,0,0,148,0,148,Yes,0,14,511.41,0.27,327.64,36
MED0292,Clopidogrel 2.5mg Drops,Emergency/Critical Care,Sun Pharma,No,2026-03,0,0,116,0,116,Yes,0,14,511.41,0.27,321.39,36
MED0292,Clopidogrel 2.5mg Drops,Emergency/Critical Care,Sun Pharma,No,2026-04,0,107,105,105,0,No,2,14,511.41,0.27,328.4,36
MED0292,Clopidogrel 2.5mg Drops,Emergency/Critical Care,Sun Pharma,No,2026-05,2,67,78,69,9,Yes,0,14,511.41,0.27,335.95,36
MED0292,Clopidogrel 2.5mg Drops,Emergency/Critical Care,Sun Pharma,No,2026-06,0,0,89,0,89,Yes,0,14,511.41,0.27,335.29,36
MED0292,Clopidogrel 2.5mg Drops,Emergency/Critical Care,Sun Pharma,No,2026-07,0,95,97,95,2,Yes,0,14,511.41,0.27,326.92,36
MED0293,Lorazepam 2.5mg Syrup,Vaccine,Cipla,No,2025-08,34,119,117,117,0,No,36,5,562.26,0.13,111.55,18
MED0293,Lorazepam 2.5mg Syrup,Vaccine,Cipla,No,2025-09,36,119,126,126,0,No,29,5,562.26,0.13,110.76,18
MED0293,Lorazepam 2.5mg Syrup,Vaccine,Cipla,No,2025-10,29,141,115,115,0,No,55,5,562.26,0.13,112.89,18
MED0293,Lorazepam 2.5mg Syrup,Vaccine,Cipla,No,2025-11,55,162,127,127,0,No,90,5,562.26,0.13,115.71,18
MED0293,Lorazepam 2.5mg Syrup,Vaccine,Cipla,No,2025-12,90,90,124,124,0,No,56,5,562.26,0.13,113.63,18
MED0293,Lorazepam 2.5mg Syrup,Vaccine,Cipla,No,2026-01,56,100,122,122,0,No,34,5,562.26,0.13,110.59,18
MED0293,Lorazepam 2.5mg Syrup,Vaccine,Cipla,No,2026-02,34,135,120,120,0,No,49,5,562.26,0.13,113.24,18
MED0293,Lorazepam 2.5mg Syrup,Vaccine,Cipla,No,2026-03,49,122,137,137,0,No,34,5,562.26,0.13,112.46,18
MED0293,Lorazepam 2.5mg Syrup,Vaccine,Cipla,No,2026-04,34,0,115,34,81,Yes,0,5,562.26,0.13,112.75,18
MED0293,Lorazepam 2.5mg Syrup,Vaccine,Cipla,No,2026-05,0,162,129,129,0,No,33,5,562.26,0.13,116.04,18
MED0293,Lorazepam 2.5mg Syrup,Vaccine,Cipla,No,2026-06,33,103,102,102,0,No,34,5,562.26,0.13,112.99,18
MED0293,Lorazepam 2.5mg Syrup,Vaccine,Cipla,No,2026-07,34,124,116,116,0,No,42,5,562.26,0.13,114.03,18
MED0294,Zinc Sulphate 2.5mg Inhaler,Vitamin/Supplement,Dr Reddy's,Yes,2025-08,259,0,1417,259,1158,Yes,0,4,640.16,0.26,78.82,9
MED0294,Zinc Sulphate 2.5mg Inhaler,Vitamin/Supplement,Dr Reddy's,Yes,2025-09,0,1097,1476,1097,379,Yes,0,4,640.16,0.26,76.71,9
MED0294,Zinc Sulphate 2.5mg Inhaler,Vitamin/Supplement,Dr Reddy's,Yes,2025-10,0,0,1911,0,1911,Yes,0,4,640.16,0.26,76.09,9
MED0294,Zinc Sulphate 2.5mg Inhaler,Vitamin/Supplement,Dr Reddy's,Yes,2025-11,0,0,2230,0,2230,Yes,0,4,640.16,0.26,77.6,9
MED0294,Zinc Sulphate 2.5mg Inhaler,Vitamin/Supplement,Dr Reddy's,Yes,2025-12,0,2319,2823,2319,504,Yes,0,4,640.16,0.26,77.27,9
MED0294,Zinc Sulphate 2.5mg Inhaler,Vitamin/Supplement,Dr Reddy's,Yes,2026-01,0,2394,3222,2394,828,Yes,0,4,640.16,0.26,79.74,9
MED0294,Zinc Sulphate 2.5mg Inhaler,Vitamin/Supplement,Dr Reddy's,Yes,2026-02,0,2772,2384,2384,0,No,388,4,640.16,0.26,80.03,9
MED0294,Zinc Sulphate 2.5mg Inhaler,Vitamin/Supplement,Dr Reddy's,Yes,2026-03,388,1765,1775,1775,0,No,378,4,640.16,0.26,79.14,9
MED0294,Zinc Sulphate 2.5mg Inhaler,Vitamin/Supplement,Dr Reddy's,Yes,2026-04,378,1088,1243,1243,0,No,223,4,630.14,0.26,77.75,9
MED0294,Zinc Sulphate 2.5mg Inhaler,Vitamin/Supplement,Dr Reddy's,Yes,2026-05,223,1523,1211,1211,0,No,535,4,630.14,0.26,77.01,9
MED0294,Zinc Sulphate 2.5mg Inhaler,Vitamin/Supplement,Dr Reddy's,Yes,2026-06,535,1074,1146,1146,0,No,463,4,630.14,0.26,76.38,9
MED0294,Zinc Sulphate 2.5mg Inhaler,Vitamin/Supplement,Dr Reddy's,Yes,2026-07,463,1601,1451,1451,0,No,613,4,630.14,0.26,74.24,9
MED0295,Insulin Regular 5ml Drops,Vaccine,Abbott,No,2025-08,399,2229,1864,1864,0,No,764,7,102.79,0.18,174.97,9
MED0295,Insulin Regular 5ml Drops,Vaccine,Abbott,No,2025-09,764,1428,1603,1603,0,No,589,7,102.79,0.18,174.58,9
MED0295,Insulin Regular 5ml Drops,Vaccine,Abbott,No,2025-10,589,790,994,994,0,No,385,7,102.79,0.18,177.04,9
MED0295,Insulin Regular 5ml Drops,Vaccine,Abbott,No,2025-11,385,1119,961,961,0,No,543,7,102.79,0.18,178.77,9
MED0295,Insulin Regular 5ml Drops,Vaccine,Abbott,No,2025-12,543,0,817,543,274,Yes,0,7,102.79,0.18,181.07,9
MED0295,Insulin Regular 5ml Drops,Vaccine,Abbott,No,2026-01,0,0,662,0,662,Yes,0,7,102.79,0.18,175.65,9
MED0295,Insulin Regular 5ml Drops,Vaccine,Abbott,No,2026-02,0,513,695,513,182,Yes,0,7,102.79,0.18,172.54,9
MED0295,Insulin Regular 5ml Drops,Vaccine,Abbott,No,2026-03,0,611,868,611,257,Yes,0,7,102.79,0.18,174.32,9
MED0295,Insulin Regular 5ml Drops,Vaccine,Abbott,No,2026-04,0,1237,1085,1085,0,No,152,7,102.79,0.18,174.14,9
MED0295,Insulin Regular 5ml Drops,Vaccine,Abbott,No,2026-05,152,1616,1389,1389,0,No,379,7,102.79,0.18,168.69,9
MED0295,Insulin Regular 5ml Drops,Vaccine,Abbott,No,2026-06,379,2151,1970,1970,0,No,560,7,102.79,0.18,172.05,9
MED0295,Insulin Regular 5ml Drops,Vaccine,Abbott,No,2026-07,560,0,2166,560,1606,Yes,0,7,102.79,0.18,175.06,9
MED0296,Glimepiride 2.5mg Inhaler,Antibiotic,Intas,Yes,2025-08,165,828,1058,993,65,Yes,0,3,134.41,0.14,341.65,18
MED0296,Glimepiride 2.5mg Inhaler,Antibiotic,Intas,Yes,2025-09,0,0,1036,0,1036,Yes,0,3,134.41,0.14,342.69,18
MED0296,Glimepiride 2.5mg Inhaler,Antibiotic,Intas,Yes,2025-10,0,983,1224,983,241,Yes,0,3,134.41,0.14,333.36,18
MED0296,Glimepiride 2.5mg Inhaler,Antibiotic,Intas,Yes,2025-11,0,1278,1113,1113,0,No,165,3,134.41,0.14,339.1,18
MED0296,Glimepiride 2.5mg Inhaler,Antibiotic,Intas,Yes,2025-12,165,782,1104,947,157,Yes,0,3,134.41,0.14,340.9,18
MED0296,Glimepiride 2.5mg Inhaler,Antibiotic,Intas,Yes,2026-01,0,0,1141,0,1141,Yes,0,3,134.41,0.14,346.97,18
MED0296,Glimepiride 2.5mg Inhaler,Antibiotic,Intas,Yes,2026-02,0,1449,1159,1159,0,No,290,3,134.41,0.14,352.39,18
MED0296,Glimepiride 2.5mg Inhaler,Antibiotic,Intas,Yes,2026-03,290,0,1020,290,730,Yes,0,3,134.41,0.14,358.91,18
MED0296,Glimepiride 2.5mg Inhaler,Antibiotic,Intas,Yes,2026-04,0,0,960,0,960,Yes,0,3,138.32,0.14,359.3,18
MED0296,Glimepiride 2.5mg Inhaler,Antibiotic,Intas,Yes,2026-05,0,1291,1057,1057,0,No,234,3,138.32,0.14,351.56,18
MED0296,Glimepiride 2.5mg Inhaler,Antibiotic,Intas,Yes,2026-06,234,0,1172,234,938,Yes,0,3,138.32,0.14,355.24,18
MED0296,Glimepiride 2.5mg Inhaler,Antibiotic,Intas,Yes,2026-07,0,0,1147,0,1147,Yes,0,3,138.32,0.14,357.83,18
MED0297,Hydrochlorothiazide 1g Injection,Vaccine,Lupin,Yes,2025-08,81,317,256,256,0,No,142,4,284.58,0.23,59.4,18
MED0297,Hydrochlorothiazide 1g Injection,Vaccine,Lupin,Yes,2025-09,142,291,256,256,0,No,177,4,284.58,0.23,58.16,18
MED0297,Hydrochlorothiazide 1g Injection,Vaccine,Lupin,Yes,2025-10,177,200,234,234,0,No,143,4,284.58,0.23,57.02,18
MED0297,Hydrochlorothiazide 1g Injection,Vaccine,Lupin,Yes,2025-11,143,349,303,303,0,No,189,4,284.58,0.23,58.48,18
MED0297,Hydrochlorothiazide 1g Injection,Vaccine,Lupin,Yes,2025-12,189,210,248,248,0,No,151,4,284.58,0.23,59.42,18
MED0297,Hydrochlorothiazide 1g Injection,Vaccine,Lupin,Yes,2026-01,151,229,287,287,0,No,93,4,284.58,0.23,60.95,18
MED0297,Hydrochlorothiazide 1g Injection,Vaccine,Lupin,Yes,2026-02,93,281,236,236,0,No,138,4,284.58,0.23,61.92,18
MED0297,Hydrochlorothiazide 1g Injection,Vaccine,Lupin,Yes,2026-03,138,210,264,264,0,No,84,4,284.58,0.23,62.28,18
MED0297,Hydrochlorothiazide 1g Injection,Vaccine,Lupin,Yes,2026-04,84,340,268,268,0,No,156,4,272.85,0.23,62.86,18
MED0297,Hydrochlorothiazide 1g Injection,Vaccine,Lupin,Yes,2026-05,156,0,278,156,122,Yes,0,4,272.85,0.23,64.32,18
MED0297,Hydrochlorothiazide 1g Injection,Vaccine,Lupin,Yes,2026-06,0,294,310,294,16,Yes,0,4,272.85,0.23,64.61,18
MED0297,Hydrochlorothiazide 1g Injection,Vaccine,Lupin,Yes,2026-07,0,300,270,270,0,No,30,4,272.85,0.23,64.75,18
MED0298,Morphine 1g Inhaler,Vaccine,Alkem,No,2025-08,470,931,1078,1078,0,No,323,5,643.14,0.14,220.02,12
MED0298,Morphine 1g Inhaler,Vaccine,Alkem,No,2025-09,323,1479,1244,1244,0,No,558,5,643.14,0.14,219.66,12
MED0298,Morphine 1g Inhaler,Vaccine,Alkem,No,2025-10,558,1486,1217,1217,0,No,827,5,643.14,0.14,222.66,12
MED0298,Morphine 1g Inhaler,Vaccine,Alkem,No,2025-11,827,0,1027,827,200,Yes,0,5,643.14,0.14,219.48,12
MED0298,Morphine 1g Inhaler,Vaccine,Alkem,No,2025-12,0,1426,1179,1179,0,No,247,5,643.14,0.14,215.35,12
MED0298,Morphine 1g Inhaler,Vaccine,Alkem,No,2026-01,247,1086,1137,1137,0,No,196,5,643.14,0.14,212.77,12
MED0298,Morphine 1g Inhaler,Vaccine,Alkem,No,2026-02,196,1362,1304,1304,0,No,254,5,643.14,0.14,209.19,12
MED0298,Morphine 1g Inhaler,Vaccine,Alkem,No,2026-03,254,1604,1293,1293,0,No,565,5,643.14,0.14,205.24,12
MED0298,Morphine 1g Inhaler,Vaccine,Alkem,No,2026-04,565,1289,1335,1335,0,No,519,5,643.14,0.14,204.2,12
MED0298,Morphine 1g Inhaler,Vaccine,Alkem,No,2026-05,519,982,1082,1082,0,No,419,5,643.14,0.14,209.85,12
MED0298,Morphine 1g Inhaler,Vaccine,Alkem,No,2026-06,419,1606,1258,1258,0,No,767,5,643.14,0.14,209.95,12
MED0298,Morphine 1g Inhaler,Vaccine,Alkem,No,2026-07,767,1006,1061,1061,0,No,712,5,643.14,0.14,205.62,12
MED0299,Phenytoin 20mg Inhaler,Analgesic,Sun Pharma,No,2025-08,418,628,507,507,0,No,539,21,316.87,0.23,127.39,24
MED0299,Phenytoin 20mg Inhaler,Analgesic,Sun Pharma,No,2025-09,539,516,611,611,0,No,444,21,316.87,0.23,123.99,24
MED0299,Phenytoin 20mg Inhaler,Analgesic,Sun Pharma,No,2025-10,444,596,540,540,0,No,500,21,316.87,0.23,125.56,24
MED0299,Phenytoin 20mg Inhaler,Analgesic,Sun Pharma,No,2025-11,500,0,575,500,75,Yes,0,21,316.87,0.23,124.62,24
MED0299,Phenytoin 20mg Inhaler,Analgesic,Sun Pharma,No,2025-12,0,0,488,0,488,Yes,0,21,316.87,0.23,127.2,24
MED0299,Phenytoin 20mg Inhaler,Analgesic,Sun Pharma,No,2026-01,0,575,618,575,43,Yes,0,21,316.87,0.23,128.48,24
MED0299,Phenytoin 20mg Inhaler,Analgesic,Sun Pharma,No,2026-02,0,418,497,418,79,Yes,0,21,316.87,0.23,130.86,24
MED0299,Phenytoin 20mg Inhaler,Analgesic,Sun Pharma,No,2026-03,0,733,637,637,0,No,96,21,316.87,0.23,129.03,24
MED0299,Phenytoin 20mg Inhaler,Analgesic,Sun Pharma,No,2026-04,96,0,605,96,509,Yes,0,21,316.87,0.23,130.57,24
MED0299,Phenytoin 20mg Inhaler,Analgesic,Sun Pharma,No,2026-05,0,637,631,631,0,No,6,21,316.87,0.23,128.68,24
MED0299,Phenytoin 20mg Inhaler,Analgesic,Sun Pharma,No,2026-06,6,667,640,640,0,No,33,21,316.87,0.23,132.2,24
MED0299,Phenytoin 20mg Inhaler,Analgesic,Sun Pharma,No,2026-07,33,466,557,499,58,Yes,0,21,316.87,0.23,133.29,24
MED0300,Metformin 1mg Injection,Vaccine,Glenmark,Yes,2025-08,54,527,505,505,0,No,76,3,450.26,0.24,331.53,9
MED0300,Metformin 1mg Injection,Vaccine,Glenmark,Yes,2025-09,76,461,483,483,0,No,54,3,450.26,0.24,327.86,9
MED0300,Metformin 1mg Injection,Vaccine,Glenmark,Yes,2025-10,54,445,422,422,0,No,77,3,450.26,0.24,323.05,9
MED0300,Metformin 1mg Injection,Vaccine,Glenmark,Yes,2025-11,77,489,439,439,0,No,127,3,450.26,0.24,316.59,9
MED0300,Metformin 1mg Injection,Vaccine,Glenmark,Yes,2025-12,127,464,490,490,0,No,101,3,450.26,0.24,320.66,9
MED0300,Metformin 1mg Injection,Vaccine,Glenmark,Yes,2026-01,101,490,488,488,0,No,103,3,450.26,0.24,314.78,9
MED0300,Metformin 1mg Injection,Vaccine,Glenmark,Yes,2026-02,103,0,415,103,312,Yes,0,3,450.26,0.24,316.77,9
MED0300,Metformin 1mg Injection,Vaccine,Glenmark,Yes,2026-03,0,0,453,0,453,Yes,0,3,450.26,0.24,311.85,9
MED0300,Metformin 1mg Injection,Vaccine,Glenmark,Yes,2026-04,0,516,450,450,0,No,66,3,433.39,0.24,315.23,9
MED0300,Metformin 1mg Injection,Vaccine,Glenmark,Yes,2026-05,66,502,480,480,0,No,88,3,433.39,0.24,321.81,9
MED0300,Metformin 1mg Injection,Vaccine,Glenmark,Yes,2026-06,88,358,439,439,0,No,7,3,433.39,0.24,327.62,9
MED0300,Metformin 1mg Injection,Vaccine,Glenmark,Yes,2026-07,7,439,504,446,58,Yes,0,3,433.39,0.24,333.07,9
MED0301,Magnesium Sulphate 1mg Drops,Dermatological,Mankind,No,2025-08,855,1833,1680,1680,0,No,1008,7,94.05,0.25,78.2,6
MED0301,Magnesium Sulphate 1mg Drops,Dermatological,Mankind,No,2025-09,1008,1865,1866,1866,0,No,1007,7,94.05,0.25,76.17,6
MED0301,Magnesium Sulphate 1mg Drops,Dermatological,Mankind,No,2025-10,1007,1800,2004,2004,0,No,803,7,94.05,0.25,77.15,6
MED0301,Magnesium Sulphate 1mg Drops,Dermatological,Mankind,No,2025-11,803,2087,1868,1868,0,No,1022,7,94.05,0.25,76.5,6
MED0301,Magnesium Sulphate 1mg Drops,Dermatological,Mankind,No,2025-12,1022,2283,2146,2146,0,No,1159,7,94.05,0.25,76.17,6
MED0301,Magnesium Sulphate 1mg Drops,Dermatological,Mankind,No,2026-01,1159,0,1711,1159,552,Yes,0,7,94.05,0.25,73.86,6
MED0301,Magnesium Sulphate 1mg Drops,Dermatological,Mankind,No,2026-02,0,1289,1767,1289,478,Yes,0,7,94.05,0.25,72.68,6
MED0301,Magnesium Sulphate 1mg Drops,Dermatological,Mankind,No,2026-03,0,0,2078,0,2078,Yes,0,7,94.05,0.25,71.16,6
MED0301,Magnesium Sulphate 1mg Drops,Dermatological,Mankind,No,2026-04,0,1919,1648,1648,0,No,271,7,94.05,0.25,73.03,6
MED0301,Magnesium Sulphate 1mg Drops,Dermatological,Mankind,No,2026-05,271,1780,1788,1788,0,No,263,7,94.05,0.25,71.77,6
MED0301,Magnesium Sulphate 1mg Drops,Dermatological,Mankind,No,2026-06,263,2504,1996,1996,0,No,771,7,94.05,0.25,72.05,6
MED0301,Magnesium Sulphate 1mg Drops,Dermatological,Mankind,No,2026-07,771,1296,1736,1736,0,No,331,7,94.05,0.25,71.16,6
MED0302,Hydrochlorothiazide 50mg Suspension,Analgesic,Torrent,No,2025-08,270,1122,1379,1379,0,No,13,5,515.97,0.16,211.33,12
MED0302,Hydrochlorothiazide 50mg Suspension,Analgesic,Torrent,No,2025-09,13,1303,1481,1316,165,Yes,0,5,515.97,0.16,213.55,12
MED0302,Hydrochlorothiazide 50mg Suspension,Analgesic,Torrent,No,2025-10,0,1814,1551,1551,0,No,263,5,515.97,0.16,211.19,12
MED0302,Hydrochlorothiazide 50mg Suspension,Analgesic,Torrent,No,2025-11,263,1705,1440,1440,0,No,528,5,515.97,0.16,216.49,12
MED0302,Hydrochlorothiazide 50mg Suspension,Analgesic,Torrent,No,2025-12,528,1099,1480,1480,0,No,147,5,515.97,0.16,221.66,12
MED0302,Hydrochlorothiazide 50mg Suspension,Analgesic,Torrent,No,2026-01,147,1008,1295,1155,140,Yes,0,5,515.97,0.16,219.33,12
MED0302,Hydrochlorothiazide 50mg Suspension,Analgesic,Torrent,No,2026-02,0,1350,1666,1350,316,Yes,0,5,515.97,0.16,224.67,12
MED0302,Hydrochlorothiazide 50mg Suspension,Analgesic,Torrent,No,2026-03,0,2174,1694,1694,0,No,480,5,515.97,0.16,230.35,12
MED0302,Hydrochlorothiazide 50mg Suspension,Analgesic,Torrent,No,2026-04,480,1248,1498,1498,0,No,230,5,515.97,0.16,230.35,12
MED0302,Hydrochlorothiazide 50mg Suspension,Analgesic,Torrent,No,2026-05,230,0,1593,230,1363,Yes,0,5,515.97,0.16,230.35,12
MED0302,Hydrochlorothiazide 50mg Suspension,Analgesic,Torrent,No,2026-06,0,1429,1548,1429,119,Yes,0,5,515.97,0.16,227.01,12
MED0302,Hydrochlorothiazide 50mg Suspension,Analgesic,Torrent,No,2026-07,0,0,1637,0,1637,Yes,0,5,515.97,0.16,228.03,12
MED0303,Cloxacillin 1mg Ointment,Respiratory,Cadila,No,2025-08,79,404,408,408,0,No,75,3,146.68,0.25,128.57,36
MED0303,Cloxacillin 1mg Ointment,Respiratory,Cadila,No,2025-09,75,375,321,321,0,No,129,3,146.68,0.25,125.06,36
MED0303,Cloxacillin 1mg Ointment,Respiratory,Cadila,No,2025-10,129,314,378,378,0,No,65,3,146.68,0.25,121.78,36
MED0303,Cloxacillin 1mg Ointment,Respiratory,Cadila,No,2025-11,65,373,311,311,0,No,127,3,146.68,0.25,125.82,36
MED0303,Cloxacillin 1mg Ointment,Respiratory,Cadila,No,2025-12,127,403,345,345,0,No,185,3,146.68,0.25,124.42,36
MED0303,Cloxacillin 1mg Ointment,Respiratory,Cadila,No,2026-01,185,441,411,411,0,No,215,3,146.68,0.25,126.43,36
MED0303,Cloxacillin 1mg Ointment,Respiratory,Cadila,No,2026-02,215,329,394,394,0,No,150,3,146.68,0.25,128.91,36
MED0303,Cloxacillin 1mg Ointment,Respiratory,Cadila,No,2026-03,150,357,313,313,0,No,194,3,146.68,0.25,131.81,36
MED0303,Cloxacillin 1mg Ointment,Respiratory,Cadila,No,2026-04,194,296,341,341,0,No,149,3,146.68,0.25,135.84,36
MED0303,Cloxacillin 1mg Ointment,Respiratory,Cadila,No,2026-05,149,368,307,307,0,No,210,3,146.68,0.25,133.75,36
MED0303,Cloxacillin 1mg Ointment,Respiratory,Cadila,No,2026-06,210,425,337,337,0,No,298,3,146.68,0.25,130.03,36
MED0303,Cloxacillin 1mg Ointment,Respiratory,Cadila,No,2026-07,298,396,390,390,0,No,304,3,146.68,0.25,129.31,36
MED0304,Bisacodyl 250mg Ointment,Neuro/Psychiatric,Torrent,No,2025-08,297,1071,1153,1153,0,No,215,10,636.84,0.15,248.56,24
MED0304,Bisacodyl 250mg Ointment,Neuro/Psychiatric,Torrent,No,2025-09,215,1083,1013,1013,0,No,285,10,636.84,0.15,242.77,24
MED0304,Bisacodyl 250mg Ointment,Neuro/Psychiatric,Torrent,No,2025-10,285,519,517,517,0,No,287,10,636.84,0.15,235.29,24
MED0304,Bisacodyl 250mg Ointment,Neuro/Psychiatric,Torrent,No,2025-11,287,639,509,509,0,No,417,10,636.84,0.15,233.1,24
MED0304,Bisacodyl 250mg Ointment,Neuro/Psychiatric,Torrent,No,2025-12,417,313,344,344,0,No,386,10,636.84,0.15,237.54,24
MED0304,Bisacodyl 250mg Ointment,Neuro/Psychiatric,Torrent,No,2026-01,386,466,391,391,0,No,461,10,636.84,0.15,238.58,24
MED0304,Bisacodyl 250mg Ointment,Neuro/Psychiatric,Torrent,No,2026-02,461,351,407,407,0,No,405,10,636.84,0.15,235.65,24
MED0304,Bisacodyl 250mg Ointment,Neuro/Psychiatric,Torrent,No,2026-03,405,307,429,429,0,No,283,10,636.84,0.15,238.07,24
MED0304,Bisacodyl 250mg Ointment,Neuro/Psychiatric,Torrent,No,2026-04,283,405,485,485,0,No,203,10,636.84,0.15,233.87,24
MED0304,Bisacodyl 250mg Ointment,Neuro/Psychiatric,Torrent,No,2026-05,203,515,604,604,0,No,114,10,636.84,0.15,226.27,24
MED0304,Bisacodyl 250mg Ointment,Neuro/Psychiatric,Torrent,No,2026-06,114,1147,966,966,0,No,295,10,636.84,0.15,230.41,24
MED0304,Bisacodyl 250mg Ointment,Neuro/Psychiatric,Torrent,No,2026-07,295,895,1128,1128,0,No,62,10,636.84,0.15,232.35,24
MED0305,Nifedipine 10mg Drops,Cardiac,Aurobindo,No,2025-08,701,0,1032,701,331,Yes,0,10,634.18,0.22,272.58,6
MED0305,Nifedipine 10mg Drops,Cardiac,Aurobindo,No,2025-09,0,814,1125,814,311,Yes,0,10,634.18,0.22,277.08,6
MED0305,Nifedipine 10mg Drops,Cardiac,Aurobindo,No,2025-10,0,873,1053,873,180,Yes,0,10,634.18,0.22,269.16,6
MED0305,Nifedipine 10mg Drops,Cardiac,Aurobindo,No,2025-11,0,877,1031,877,154,Yes,0,10,634.18,0.22,274.95,6
MED0305,Nifedipine 10mg Drops,Cardiac,Aurobindo,No,2025-12,0,668,952,668,284,Yes,0,10,634.18,0.22,277,6
MED0305,Nifedipine 10mg Drops,Cardiac,Aurobindo,No,2026-01,0,0,1106,0,1106,Yes,0,10,634.18,0.22,278.09,6
MED0305,Nifedipine 10mg Drops,Cardiac,Aurobindo,No,2026-02,0,1085,1168,1085,83,Yes,0,10,634.18,0.22,280.23,6
MED0305,Nifedipine 10mg Drops,Cardiac,Aurobindo,No,2026-03,0,882,1141,882,259,Yes,0,10,634.18,0.22,286.49,6
MED0305,Nifedipine 10mg Drops,Cardiac,Aurobindo,No,2026-04,0,913,1099,913,186,Yes,0,10,634.18,0.22,287.98,6
MED0305,Nifedipine 10mg Drops,Cardiac,Aurobindo,No,2026-05,0,1258,1066,1066,0,No,192,10,634.18,0.22,289.37,6
MED0305,Nifedipine 10mg Drops,Cardiac,Aurobindo,No,2026-06,192,0,973,192,781,Yes,0,10,634.18,0.22,297.11,6
MED0305,Nifedipine 10mg Drops,Cardiac,Aurobindo,No,2026-07,0,899,1035,899,136,Yes,0,10,634.18,0.22,297.11,6
MED0306,Telmisartan 10ml Ointment,Vaccine,Mankind,No,2025-08,418,436,469,469,0,No,385,14,374.72,0.19,275.78,9
MED0306,Telmisartan 10ml Ointment,Vaccine,Mankind,No,2025-09,385,414,477,477,0,No,322,14,374.72,0.19,274.78,9
MED0306,Telmisartan 10ml Ointment,Vaccine,Mankind,No,2025-10,322,647,515,515,0,No,454,14,374.72,0.19,278.38,9
MED0306,Telmisartan 10ml Ointment,Vaccine,Mankind,No,2025-11,454,569,597,597,0,No,426,14,374.72,0.19,276.46,9
MED0306,Telmisartan 10ml Ointment,Vaccine,Mankind,No,2025-12,426,446,499,499,0,No,373,14,374.72,0.19,271.75,9
MED0306,Telmisartan 10ml Ointment,Vaccine,Mankind,No,2026-01,373,780,619,619,0,No,534,14,374.72,0.19,273.43,9
MED0306,Telmisartan 10ml Ointment,Vaccine,Mankind,No,2026-02,534,414,541,541,0,No,407,14,374.72,0.19,280.87,9
MED0306,Telmisartan 10ml Ointment,Vaccine,Mankind,No,2026-03,407,504,526,526,0,No,385,14,374.72,0.19,288.33,9
MED0306,Telmisartan 10ml Ointment,Vaccine,Mankind,No,2026-04,385,485,549,549,0,No,321,14,374.72,0.19,285.58,9
MED0306,Telmisartan 10ml Ointment,Vaccine,Mankind,No,2026-05,321,519,592,592,0,No,248,14,374.72,0.19,286.06,9
MED0306,Telmisartan 10ml Ointment,Vaccine,Mankind,No,2026-06,248,647,517,517,0,No,378,14,374.72,0.19,281.05,9
MED0306,Telmisartan 10ml Ointment,Vaccine,Mankind,No,2026-07,378,0,552,378,174,Yes,0,14,374.72,0.19,289.66,9
MED0307,Digoxin 100mg Drops,Antibiotic,Zydus,No,2025-08,69,426,591,495,96,Yes,0,2,163.96,0.17,198.28,18
MED0307,Digoxin 100mg Drops,Antibiotic,Zydus,No,2025-09,0,813,676,676,0,No,137,2,163.96,0.17,204.29,18
MED0307,Digoxin 100mg Drops,Antibiotic,Zydus,No,2025-10,137,905,715,715,0,No,327,2,163.96,0.17,206.16,18
MED0307,Digoxin 100mg Drops,Antibiotic,Zydus,No,2025-11,327,917,733,733,0,No,511,2,163.96,0.17,209.96,18
MED0307,Digoxin 100mg Drops,Antibiotic,Zydus,No,2025-12,511,588,705,705,0,No,394,2,163.96,0.17,212.65,18
MED0307,Digoxin 100mg Drops,Antibiotic,Zydus,No,2026-01,394,790,736,736,0,No,448,2,163.96,0.17,213.81,18
MED0307,Digoxin 100mg Drops,Antibiotic,Zydus,No,2026-02,448,776,629,629,0,No,595,2,163.96,0.17,208.23,18
MED0307,Digoxin 100mg Drops,Antibiotic,Zydus,No,2026-03,595,690,653,653,0,No,632,2,163.96,0.17,207.66,18
MED0307,Digoxin 100mg Drops,Antibiotic,Zydus,No,2026-04,632,705,699,699,0,No,638,2,163.96,0.17,209.84,18
MED0307,Digoxin 100mg Drops,Antibiotic,Zydus,No,2026-05,638,0,595,595,0,No,43,2,163.96,0.17,212.06,18
MED0307,Digoxin 100mg Drops,Antibiotic,Zydus,No,2026-06,43,935,775,775,0,No,203,2,163.96,0.17,210.48,18
MED0307,Digoxin 100mg Drops,Antibiotic,Zydus,No,2026-07,203,854,712,712,0,No,345,2,163.96,0.17,216,18
MED0308,Insulin Regular 20mg Suspension,Cardiac,Biocon,No,2025-08,1809,1557,1792,1792,0,No,1574,21,636.91,0.24,106.81,24
MED0308,Insulin Regular 20mg Suspension,Cardiac,Biocon,No,2025-09,1574,1641,2175,2175,0,No,1040,21,636.91,0.24,104.57,24
MED0308,Insulin Regular 20mg Suspension,Cardiac,Biocon,No,2025-10,1040,2249,1850,1850,0,No,1439,21,636.91,0.24,104.57,24
MED0308,Insulin Regular 20mg Suspension,Cardiac,Biocon,No,2025-11,1439,2538,2361,2361,0,No,1616,21,636.91,0.24,105.85,24
MED0308,Insulin Regular 20mg Suspension,Cardiac,Biocon,No,2025-12,1616,1999,2146,2146,0,No,1469,21,636.91,0.24,107.18,24
MED0308,Insulin Regular 20mg Suspension,Cardiac,Biocon,No,2026-01,1469,0,2034,1469,565,Yes,0,21,636.91,0.24,108.18,24
MED0308,Insulin Regular 20mg Suspension,Cardiac,Biocon,No,2026-02,0,1528,1982,1528,454,Yes,0,21,636.91,0.24,106.67,24
MED0308,Insulin Regular 20mg Suspension,Cardiac,Biocon,No,2026-03,0,1500,1920,1500,420,Yes,0,21,636.91,0.24,104.36,24
MED0308,Insulin Regular 20mg Suspension,Cardiac,Biocon,No,2026-04,0,1460,1998,1460,538,Yes,0,21,636.91,0.24,105.27,24
MED0308,Insulin Regular 20mg Suspension,Cardiac,Biocon,No,2026-05,0,2160,2031,2031,0,No,129,21,636.91,0.24,105.94,24
MED0308,Insulin Regular 20mg Suspension,Cardiac,Biocon,No,2026-06,129,1418,1884,1547,337,Yes,0,21,636.91,0.24,103.78,24
MED0308,Insulin Regular 20mg Suspension,Cardiac,Biocon,No,2026-07,0,2041,2292,2041,251,Yes,0,21,636.91,0.24,105.16,24
MED0309,Tramadol 1g Injection,Neuro/Psychiatric,Cadila,No,2025-08,295,1159,903,903,0,No,551,7,100.83,0.24,113.45,36
MED0309,Tramadol 1g Injection,Neuro/Psychiatric,Cadila,No,2025-09,551,833,735,735,0,No,649,7,100.83,0.24,113.13,36
MED0309,Tramadol 1g Injection,Neuro/Psychiatric,Cadila,No,2025-10,649,0,956,649,307,Yes,0,7,100.83,0.24,114.33,36
MED0309,Tramadol 1g Injection,Neuro/Psychiatric,Cadila,No,2025-11,0,859,865,859,6,Yes,0,7,100.83,0.24,116.74,36
MED0309,Tramadol 1g Injection,Neuro/Psychiatric,Cadila,No,2025-12,0,823,730,730,0,No,93,7,100.83,0.24,114.38,36
MED0309,Tramadol 1g Injection,Neuro/Psychiatric,Cadila,No,2026-01,93,745,876,838,38,Yes,0,7,100.83,0.24,110.94,36
MED0309,Tramadol 1g Injection,Neuro/Psychiatric,Cadila,No,2026-02,0,828,759,759,0,No,69,7,100.83,0.24,112.93,36
MED0309,Tramadol 1g Injection,Neuro/Psychiatric,Cadila,No,2026-03,69,1079,866,866,0,No,282,7,100.83,0.24,113.71,36
MED0309,Tramadol 1g Injection,Neuro/Psychiatric,Cadila,No,2026-04,282,1113,958,958,0,No,437,7,100.83,0.24,115.14,36
MED0309,Tramadol 1g Injection,Neuro/Psychiatric,Cadila,No,2026-05,437,578,747,747,0,No,268,7,100.83,0.24,117.56,36
MED0309,Tramadol 1g Injection,Neuro/Psychiatric,Cadila,No,2026-06,268,957,960,960,0,No,265,7,100.83,0.24,119.72,36
MED0309,Tramadol 1g Injection,Neuro/Psychiatric,Cadila,No,2026-07,265,639,776,776,0,No,128,7,100.83,0.24,123.01,36
MED0310,Methyldopa 250mg Suspension,Gastrointestinal,Mankind,No,2025-08,222,608,856,830,26,Yes,0,4,266.1,0.17,52.86,6
MED0310,Methyldopa 250mg Suspension,Gastrointestinal,Mankind,No,2025-09,0,0,931,0,931,Yes,0,4,266.1,0.17,52.98,6
MED0310,Methyldopa 250mg Suspension,Gastrointestinal,Mankind,No,2025-10,0,1354,1162,1162,0,No,192,4,266.1,0.17,52.94,6
MED0310,Methyldopa 250mg Suspension,Gastrointestinal,Mankind,No,2025-11,192,1801,1440,1440,0,No,553,4,266.1,0.17,52.61,6
MED0310,Methyldopa 250mg Suspension,Gastrointestinal,Mankind,No,2025-12,553,0,1662,553,1109,Yes,0,4,266.1,0.17,51.46,6
MED0310,Methyldopa 250mg Suspension,Gastrointestinal,Mankind,No,2026-01,0,1664,1766,1664,102,Yes,0,4,266.1,0.17,51.7,6
MED0310,Methyldopa 250mg Suspension,Gastrointestinal,Mankind,No,2026-02,0,0,1506,0,1506,Yes,0,4,266.1,0.17,50.96,6
MED0310,Methyldopa 250mg Suspension,Gastrointestinal,Mankind,No,2026-03,0,1069,909,909,0,No,160,4,266.1,0.17,52.36,6
MED0310,Methyldopa 250mg Suspension,Gastrointestinal,Mankind,No,2026-04,160,761,843,843,0,No,78,4,266.1,0.17,52.64,6
MED0310,Methyldopa 250mg Suspension,Gastrointestinal,Mankind,No,2026-05,78,545,684,623,61,Yes,0,4,266.1,0.17,52.95,6
MED0310,Methyldopa 250mg Suspension,Gastrointestinal,Mankind,No,2026-06,0,648,609,609,0,No,39,4,266.1,0.17,52.47,6
MED0310,Methyldopa 250mg Suspension,Gastrointestinal,Mankind,No,2026-07,39,937,829,829,0,No,147,4,266.1,0.17,50.98,6
MED0311,Risperidone 1mg Inhaler,Antibiotic,Zydus,No,2025-08,313,598,616,616,0,No,295,5,405.31,0.18,323.01,18
MED0311,Risperidone 1mg Inhaler,Antibiotic,Zydus,No,2025-09,295,968,796,796,0,No,467,5,405.31,0.18,313.48,18
MED0311,Risperidone 1mg Inhaler,Antibiotic,Zydus,No,2025-10,467,838,843,843,0,No,462,5,405.31,0.18,311.92,18
MED0311,Risperidone 1mg Inhaler,Antibiotic,Zydus,No,2025-11,462,1084,1151,1151,0,No,395,5,405.31,0.18,303.47,18
MED0311,Risperidone 1mg Inhaler,Antibiotic,Zydus,No,2025-12,395,1623,1341,1341,0,No,677,5,405.31,0.18,305.64,18
MED0311,Risperidone 1mg Inhaler,Antibiotic,Zydus,No,2026-01,677,1262,1349,1349,0,No,590,5,405.31,0.18,313.39,18
MED0311,Risperidone 1mg Inhaler,Antibiotic,Zydus,No,2026-02,590,0,1247,590,657,Yes,0,5,405.31,0.18,321.18,18
MED0311,Risperidone 1mg Inhaler,Antibiotic,Zydus,No,2026-03,0,923,923,923,0,No,0,5,405.31,0.18,324.42,18
MED0311,Risperidone 1mg Inhaler,Antibiotic,Zydus,No,2026-04,0,581,753,581,172,Yes,0,5,405.31,0.18,318.54,18
MED0311,Risperidone 1mg Inhaler,Antibiotic,Zydus,No,2026-05,0,541,551,541,10,Yes,0,5,405.31,0.18,325.93,18
MED0311,Risperidone 1mg Inhaler,Antibiotic,Zydus,No,2026-06,0,655,587,587,0,No,68,5,405.31,0.18,333.79,18
MED0311,Risperidone 1mg Inhaler,Antibiotic,Zydus,No,2026-07,68,773,609,609,0,No,232,5,405.31,0.18,327.62,18
MED0312,Povidone Iodine 500mg Tablet,Vitamin/Supplement,Alkem,No,2025-08,756,4265,3535,3535,0,No,1486,3,250.87,0.26,67.59,18
MED0312,Povidone Iodine 500mg Tablet,Vitamin/Supplement,Alkem,No,2025-09,1486,4122,3214,3214,0,No,2394,3,250.87,0.26,68.6,18
MED0312,Povidone Iodine 500mg Tablet,Vitamin/Supplement,Alkem,No,2025-10,2394,0,2980,2394,586,Yes,0,3,250.87,0.26,67.69,18
MED0312,Povidone Iodine 500mg Tablet,Vitamin/Supplement,Alkem,No,2025-11,0,0,2964,0,2964,Yes,0,3,250.87,0.26,68.98,18
MED0312,Povidone Iodine 500mg Tablet,Vitamin/Supplement,Alkem,No,2025-12,0,2039,2763,2039,724,Yes,0,3,250.87,0.26,71.1,18
MED0312,Povidone Iodine 500mg Tablet,Vitamin/Supplement,Alkem,No,2026-01,0,3142,2931,2931,0,No,211,3,250.87,0.26,69.1,18
MED0312,Povidone Iodine 500mg Tablet,Vitamin/Supplement,Alkem,No,2026-02,211,3685,3255,3255,0,No,641,3,250.87,0.26,70.79,18
MED0312,Povidone Iodine 500mg Tablet,Vitamin/Supplement,Alkem,No,2026-03,641,2896,3411,3411,0,No,126,3,250.87,0.26,71.31,18
MED0312,Povidone Iodine 500mg Tablet,Vitamin/Supplement,Alkem,No,2026-04,126,2330,2809,2456,353,Yes,0,3,250.87,0.26,73.33,18
MED0312,Povidone Iodine 500mg Tablet,Vitamin/Supplement,Alkem,No,2026-05,0,3612,2942,2942,0,No,670,3,250.87,0.26,73.18,18
MED0312,Povidone Iodine 500mg Tablet,Vitamin/Supplement,Alkem,No,2026-06,670,2301,3082,2971,111,Yes,0,3,250.87,0.26,73.67,18
MED0312,Povidone Iodine 500mg Tablet,Vitamin/Supplement,Alkem,No,2026-07,0,3658,3027,3027,0,No,631,3,250.87,0.26,71.81,18
MED0313,Cough Syrup 500mg Syrup,Gastrointestinal,Intas,No,2025-08,78,666,921,744,177,Yes,0,2,130.65,0.22,86.65,9
MED0313,Cough Syrup 500mg Syrup,Gastrointestinal,Intas,No,2025-09,0,917,894,894,0,No,23,2,130.65,0.22,85.75,9
MED0313,Cough Syrup 500mg Syrup,Gastrointestinal,Intas,No,2025-10,23,796,895,819,76,Yes,0,2,130.65,0.22,83.39,9
MED0313,Cough Syrup 500mg Syrup,Gastrointestinal,Intas,No,2025-11,0,1338,1055,1055,0,No,283,2,130.65,0.22,85.98,9
MED0313,Cough Syrup 500mg Syrup,Gastrointestinal,Intas,No,2025-12,283,981,1059,1059,0,No,205,2,130.65,0.22,87.71,9
MED0313,Cough Syrup 500mg Syrup,Gastrointestinal,Intas,No,2026-01,205,964,896,896,0,No,273,2,130.65,0.22,89.63,9
MED0313,Cough Syrup 500mg Syrup,Gastrointestinal,Intas,No,2026-02,273,1329,1069,1069,0,No,533,2,130.65,0.22,92.02,9
MED0313,Cough Syrup 500mg Syrup,Gastrointestinal,Intas,No,2026-03,533,1001,1033,1033,0,No,501,2,130.65,0.22,89.76,9
MED0313,Cough Syrup 500mg Syrup,Gastrointestinal,Intas,No,2026-04,501,825,968,968,0,No,358,2,130.65,0.22,89.14,9
MED0313,Cough Syrup 500mg Syrup,Gastrointestinal,Intas,No,2026-05,358,0,941,358,583,Yes,0,2,130.65,0.22,86.8,9
MED0313,Cough Syrup 500mg Syrup,Gastrointestinal,Intas,No,2026-06,0,1218,1030,1030,0,No,188,2,130.65,0.22,85.22,9
MED0313,Cough Syrup 500mg Syrup,Gastrointestinal,Intas,No,2026-07,188,1210,950,950,0,No,448,2,130.65,0.22,83.74,9
MED0314,Budesonide 10mg Inhaler,Neuro/Psychiatric,Cipla,Yes,2025-08,197,1734,2067,1931,136,Yes,0,3,235.77,0.14,331.88,18
MED0314,Budesonide 10mg Inhaler,Neuro/Psychiatric,Cipla,Yes,2025-09,0,2412,2405,2405,0,No,7,3,235.77,0.14,331.23,18
MED0314,Budesonide 10mg Inhaler,Neuro/Psychiatric,Cipla,Yes,2025-10,7,1365,1338,1338,0,No,34,3,235.77,0.14,326.39,18
MED0314,Budesonide 10mg Inhaler,Neuro/Psychiatric,Cipla,Yes,2025-11,34,856,1035,890,145,Yes,0,3,235.77,0.14,318.05,18
MED0314,Budesonide 10mg Inhaler,Neuro/Psychiatric,Cipla,Yes,2025-12,0,1272,999,999,0,No,273,3,235.77,0.14,311.1,18
MED0314,Budesonide 10mg Inhaler,Neuro/Psychiatric,Cipla,Yes,2026-01,273,761,938,938,0,No,96,3,235.77,0.14,303.73,18
MED0314,Budesonide 10mg Inhaler,Neuro/Psychiatric,Cipla,Yes,2026-02,96,904,873,873,0,No,127,3,235.77,0.14,313.62,18
MED0314,Budesonide 10mg Inhaler,Neuro/Psychiatric,Cipla,Yes,2026-03,127,784,984,911,73,Yes,0,3,235.77,0.14,319.04,18
MED0314,Budesonide 10mg Inhaler,Neuro/Psychiatric,Cipla,Yes,2026-04,0,1290,1227,1227,0,No,63,3,230.85,0.14,328.82,18
MED0314,Budesonide 10mg Inhaler,Neuro/Psychiatric,Cipla,Yes,2026-05,63,1662,1444,1444,0,No,281,3,230.85,0.14,327.56,18
MED0314,Budesonide 10mg Inhaler,Neuro/Psychiatric,Cipla,Yes,2026-06,281,2570,2155,2155,0,No,696,3,230.85,0.14,322.93,18
MED0314,Budesonide 10mg Inhaler,Neuro/Psychiatric,Cipla,Yes,2026-07,696,0,2655,696,1959,Yes,0,3,230.85,0.14,329.17,18
MED0315,Ivermectin 100mg Syrup,Vitamin/Supplement,Cipla,No,2025-08,796,2775,2142,2142,0,No,1429,10,727.39,0.17,254.23,9
MED0315,Ivermectin 100mg Syrup,Vitamin/Supplement,Cipla,No,2025-09,1429,2508,1987,1987,0,No,1950,10,727.39,0.17,251.02,9
MED0315,Ivermectin 100mg Syrup,Vitamin/Supplement,Cipla,No,2025-10,1950,2667,2314,2314,0,No,2303,10,727.39,0.17,246.74,9
MED0315,Ivermectin 100mg Syrup,Vitamin/Supplement,Cipla,No,2025-11,2303,2555,2187,2187,0,No,2671,10,727.39,0.17,240.81,9
MED0315,Ivermectin 100mg Syrup,Vitamin/Supplement,Cipla,No,2025-12,2671,0,1895,1895,0,No,776,10,727.39,0.17,236.91,9
MED0315,Ivermectin 100mg Syrup,Vitamin/Supplement,Cipla,No,2026-01,776,2542,2245,2245,0,No,1073,10,727.39,0.17,234.59,9
MED0315,Ivermectin 100mg Syrup,Vitamin/Supplement,Cipla,No,2026-02,1073,2495,2245,2245,0,No,1323,10,727.39,0.17,237.38,9
MED0315,Ivermectin 100mg Syrup,Vitamin/Supplement,Cipla,No,2026-03,1323,1497,2133,2133,0,No,687,10,727.39,0.17,231.35,9
MED0315,Ivermectin 100mg Syrup,Vitamin/Supplement,Cipla,No,2026-04,687,2407,1934,1934,0,No,1160,10,727.39,0.17,231.35,9
MED0315,Ivermectin 100mg Syrup,Vitamin/Supplement,Cipla,No,2026-05,1160,2097,2161,2161,0,No,1096,10,727.39,0.17,236.3,9
MED0315,Ivermectin 100mg Syrup,Vitamin/Supplement,Cipla,No,2026-06,1096,1649,2106,2106,0,No,639,10,727.39,0.17,231.35,9
MED0315,Ivermectin 100mg Syrup,Vitamin/Supplement,Cipla,No,2026-07,639,2144,2187,2187,0,No,596,10,727.39,0.17,231.35,9
MED0316,Atorvastatin 500mg Tablet,Analgesic,Biocon,No,2025-08,114,789,784,784,0,No,119,3,545.88,0.27,82.5,24
MED0316,Atorvastatin 500mg Tablet,Analgesic,Biocon,No,2025-09,119,664,765,765,0,No,18,3,545.88,0.27,84.4,24
MED0316,Atorvastatin 500mg Tablet,Analgesic,Biocon,No,2025-10,18,912,893,893,0,No,37,3,545.88,0.27,82.61,24
MED0316,Atorvastatin 500mg Tablet,Analgesic,Biocon,No,2025-11,37,1223,1297,1260,37,Yes,0,3,545.88,0.27,80.44,24
MED0316,Atorvastatin 500mg Tablet,Analgesic,Biocon,No,2025-12,0,1388,1322,1322,0,No,66,3,545.88,0.27,80.36,24
MED0316,Atorvastatin 500mg Tablet,Analgesic,Biocon,No,2026-01,66,1653,1274,1274,0,No,445,3,545.88,0.27,79.33,24
MED0316,Atorvastatin 500mg Tablet,Analgesic,Biocon,No,2026-02,445,1151,1383,1383,0,No,213,3,545.88,0.27,79.66,24
MED0316,Atorvastatin 500mg Tablet,Analgesic,Biocon,No,2026-03,213,936,878,878,0,No,271,3,545.88,0.27,81.24,24
MED0316,Atorvastatin 500mg Tablet,Analgesic,Biocon,No,2026-04,271,557,600,600,0,No,228,3,545.88,0.27,79.35,24
MED0316,Atorvastatin 500mg Tablet,Analgesic,Biocon,No,2026-05,228,680,611,611,0,No,297,3,545.88,0.27,79.77,24
MED0316,Atorvastatin 500mg Tablet,Analgesic,Biocon,No,2026-06,297,724,568,568,0,No,453,3,545.88,0.27,79.8,24
MED0316,Atorvastatin 500mg Tablet,Analgesic,Biocon,No,2026-07,453,727,588,588,0,No,592,3,545.88,0.27,77.95,24
MED0317,Metronidazole 50mg Inhaler,Emergency/Critical Care,Aurobindo,No,2025-08,904,1249,1685,1685,0,No,468,7,527.1,0.27,294.5,12
MED0317,Metronidazole 50mg Inhaler,Emergency/Critical Care,Aurobindo,No,2025-09,468,2176,1728,1728,0,No,916,7,527.1,0.27,296.8,12
MED0317,Metronidazole 50mg Inhaler,Emergency/Critical Care,Aurobindo,No,2025-10,916,1405,1581,1581,0,No,740,7,527.1,0.27,292.6,12
MED0317,Metronidazole 50mg Inhaler,Emergency/Critical Care,Aurobindo,No,2025-11,740,2143,1744,1744,0,No,1139,7,527.1,0.27,292.37,12
MED0317,Metronidazole 50mg Inhaler,Emergency/Critical Care,Aurobindo,No,2025-12,1139,1781,1448,1448,0,No,1472,7,527.1,0.27,284.62,12
MED0317,Metronidazole 50mg Inhaler,Emergency/Critical Care,Aurobindo,No,2026-01,1472,1313,1630,1630,0,No,1155,7,527.1,0.27,283.87,12
MED0317,Metronidazole 50mg Inhaler,Emergency/Critical Care,Aurobindo,No,2026-02,1155,2246,1890,1890,0,No,1511,7,527.1,0.27,280.28,12
MED0317,Metronidazole 50mg Inhaler,Emergency/Critical Care,Aurobindo,No,2026-03,1511,1774,1481,1481,0,No,1804,7,527.1,0.27,286.26,12
MED0317,Metronidazole 50mg Inhaler,Emergency/Critical Care,Aurobindo,No,2026-04,1804,1826,1502,1502,0,No,2128,7,527.1,0.27,278.04,12
MED0317,Metronidazole 50mg Inhaler,Emergency/Critical Care,Aurobindo,No,2026-05,2128,1823,1899,1899,0,No,2052,7,527.1,0.27,276.53,12
MED0317,Metronidazole 50mg Inhaler,Emergency/Critical Care,Aurobindo,No,2026-06,2052,1694,1484,1484,0,No,2262,7,527.1,0.27,275.76,12
MED0317,Metronidazole 50mg Inhaler,Emergency/Critical Care,Aurobindo,No,2026-07,2262,1599,1436,1436,0,No,2425,7,527.1,0.27,279.93,12
MED0318,Pantoprazole 500mg Tablet,Analgesic,Aurobindo,Yes,2025-08,149,1965,1758,1758,0,No,356,2,60.99,0.18,68.57,6
MED0318,Pantoprazole 500mg Tablet,Analgesic,Aurobindo,Yes,2025-09,356,1715,1392,1392,0,No,679,2,60.99,0.18,68.89,6
MED0318,Pantoprazole 500mg Tablet,Analgesic,Aurobindo,Yes,2025-10,679,0,944,679,265,Yes,0,2,60.99,0.18,69.61,6
MED0318,Pantoprazole 500mg Tablet,Analgesic,Aurobindo,Yes,2025-11,0,762,706,706,0,No,56,2,60.99,0.18,70.81,6
MED0318,Pantoprazole 500mg Tablet,Analgesic,Aurobindo,Yes,2025-12,56,0,690,56,634,Yes,0,2,60.99,0.18,72.37,6
MED0318,Pantoprazole 500mg Tablet,Analgesic,Aurobindo,Yes,2026-01,0,0,620,0,620,Yes,0,2,60.99,0.18,71.57,6
MED0318,Pantoprazole 500mg Tablet,Analgesic,Aurobindo,Yes,2026-02,0,803,675,675,0,No,128,2,60.99,0.18,71.73,6
MED0318,Pantoprazole 500mg Tablet,Analgesic,Aurobindo,Yes,2026-03,128,1027,793,793,0,No,362,2,60.99,0.18,73.2,6
MED0318,Pantoprazole 500mg Tablet,Analgesic,Aurobindo,Yes,2026-04,362,1003,781,781,0,No,584,2,60.91,0.18,74.74,6
MED0318,Pantoprazole 500mg Tablet,Analgesic,Aurobindo,Yes,2026-05,584,1252,1238,1238,0,No,598,2,60.91,0.18,74.74,6
MED0318,Pantoprazole 500mg Tablet,Analgesic,Aurobindo,Yes,2026-06,598,1644,1848,1848,0,No,394,2,60.91,0.18,74.18,6
MED0318,Pantoprazole 500mg Tablet,Analgesic,Aurobindo,Yes,2026-07,394,0,1744,394,1350,Yes,0,2,60.91,0.18,72.86,6
MED0319,Amoxicillin 1g Tablet,Dermatological,Alkem,No,2025-08,774,1086,962,962,0,No,898,10,178.84,0.26,284.74,24
MED0319,Amoxicillin 1g Tablet,Dermatological,Alkem,No,2025-09,898,1222,955,955,0,No,1165,10,178.84,0.26,289.07,24
MED0319,Amoxicillin 1g Tablet,Dermatological,Alkem,No,2025-10,1165,889,1015,1015,0,No,1039,10,178.84,0.26,288.94,24
MED0319,Amoxicillin 1g Tablet,Dermatological,Alkem,No,2025-11,1039,804,923,923,0,No,920,10,178.84,0.26,288.64,24
MED0319,Amoxicillin 1g Tablet,Dermatological,Alkem,No,2025-12,920,698,890,890,0,No,728,10,178.84,0.26,294.71,24
MED0319,Amoxicillin 1g Tablet,Dermatological,Alkem,No,2026-01,728,0,1037,728,309,Yes,0,10,178.84,0.26,292.22,24
MED0319,Amoxicillin 1g Tablet,Dermatological,Alkem,No,2026-02,0,1048,1053,1048,5,Yes,0,10,178.84,0.26,298.67,24
MED0319,Amoxicillin 1g Tablet,Dermatological,Alkem,No,2026-03,0,731,1016,731,285,Yes,0,10,178.84,0.26,297,24
MED0319,Amoxicillin 1g Tablet,Dermatological,Alkem,No,2026-04,0,841,947,841,106,Yes,0,10,178.84,0.26,293.92,24
MED0319,Amoxicillin 1g Tablet,Dermatological,Alkem,No,2026-05,0,935,946,935,11,Yes,0,10,178.84,0.26,293.09,24
MED0319,Amoxicillin 1g Tablet,Dermatological,Alkem,No,2026-06,0,1075,1043,1043,0,No,32,10,178.84,0.26,297.8,24
MED0319,Amoxicillin 1g Tablet,Dermatological,Alkem,No,2026-07,32,0,1088,32,1056,Yes,0,10,178.84,0.26,291.09,24
MED0320,Rabies Vaccine 5ml Syrup,Vitamin/Supplement,Alkem,No,2025-08,96,905,1219,1001,218,Yes,0,2,42.69,0.23,181.96,6
MED0320,Rabies Vaccine 5ml Syrup,Vitamin/Supplement,Alkem,No,2025-09,0,1181,1063,1063,0,No,118,2,42.69,0.23,178.48,6
MED0320,Rabies Vaccine 5ml Syrup,Vitamin/Supplement,Alkem,No,2025-10,118,1170,1038,1038,0,No,250,2,42.69,0.23,183.66,6
MED0320,Rabies Vaccine 5ml Syrup,Vitamin/Supplement,Alkem,No,2025-11,250,1402,1178,1178,0,No,474,2,42.69,0.23,179.94,6
MED0320,Rabies Vaccine 5ml Syrup,Vitamin/Supplement,Alkem,No,2025-12,474,1262,1133,1133,0,No,603,2,42.69,0.23,180.72,6
MED0320,Rabies Vaccine 5ml Syrup,Vitamin/Supplement,Alkem,No,2026-01,603,781,1102,1102,0,No,282,2,42.69,0.23,181.63,6
MED0320,Rabies Vaccine 5ml Syrup,Vitamin/Supplement,Alkem,No,2026-02,282,894,1088,1088,0,No,88,2,42.69,0.23,181.51,6
MED0320,Rabies Vaccine 5ml Syrup,Vitamin/Supplement,Alkem,No,2026-03,88,1321,1262,1262,0,No,147,2,42.69,0.23,183.17,6
MED0320,Rabies Vaccine 5ml Syrup,Vitamin/Supplement,Alkem,No,2026-04,147,1549,1340,1340,0,No,356,2,42.69,0.23,180.07,6
MED0320,Rabies Vaccine 5ml Syrup,Vitamin/Supplement,Alkem,No,2026-05,356,806,1130,1130,0,No,32,2,42.69,0.23,180.67,6
MED0320,Rabies Vaccine 5ml Syrup,Vitamin/Supplement,Alkem,No,2026-06,32,1159,1183,1183,0,No,8,2,42.69,0.23,179.2,6
MED0320,Rabies Vaccine 5ml Syrup,Vitamin/Supplement,Alkem,No,2026-07,8,1233,1196,1196,0,No,45,2,42.69,0.23,181.05,6
MED0321,Levetiracetam 10mg Syrup,Neuro/Psychiatric,Biocon,Yes,2025-08,1293,1402,1617,1617,0,No,1078,10,382.14,0.18,152.39,36
MED0321,Levetiracetam 10mg Syrup,Neuro/Psychiatric,Biocon,Yes,2025-09,1078,1782,1648,1648,0,No,1212,10,382.14,0.18,148.95,36
MED0321,Levetiracetam 10mg Syrup,Neuro/Psychiatric,Biocon,Yes,2025-10,1212,1273,1633,1633,0,No,852,10,382.14,0.18,149.63,36
MED0321,Levetiracetam 10mg Syrup,Neuro/Psychiatric,Biocon,Yes,2025-11,852,0,1583,852,731,Yes,0,10,382.14,0.18,146.61,36
MED0321,Levetiracetam 10mg Syrup,Neuro/Psychiatric,Biocon,Yes,2025-12,0,1724,1578,1578,0,No,146,10,382.14,0.18,144.48,36
MED0321,Levetiracetam 10mg Syrup,Neuro/Psychiatric,Biocon,Yes,2026-01,146,1743,1484,1484,0,No,405,10,382.14,0.18,141.78,36
MED0321,Levetiracetam 10mg Syrup,Neuro/Psychiatric,Biocon,Yes,2026-02,405,1197,1610,1602,8,Yes,0,10,382.14,0.18,138.74,36
MED0321,Levetiracetam 10mg Syrup,Neuro/Psychiatric,Biocon,Yes,2026-03,0,2158,1963,1963,0,No,195,10,382.14,0.18,141.87,36
MED0321,Levetiracetam 10mg Syrup,Neuro/Psychiatric,Biocon,Yes,2026-04,195,1764,1797,1797,0,No,162,10,365.77,0.18,139.81,36
MED0321,Levetiracetam 10mg Syrup,Neuro/Psychiatric,Biocon,Yes,2026-05,162,1411,1921,1573,348,Yes,0,10,365.77,0.18,143.91,36
MED0321,Levetiracetam 10mg Syrup,Neuro/Psychiatric,Biocon,Yes,2026-06,0,1248,1698,1248,450,Yes,0,10,365.77,0.18,148.42,36
MED0321,Levetiracetam 10mg Syrup,Neuro/Psychiatric,Biocon,Yes,2026-07,0,0,1668,0,1668,Yes,0,10,365.77,0.18,149.1,36
MED0322,Telmisartan 50mg Inhaler,Gastrointestinal,Alkem,No,2025-08,72,308,302,302,0,No,78,5,609.63,0.25,125.48,36
MED0322,Telmisartan 50mg Inhaler,Gastrointestinal,Alkem,No,2025-09,78,255,343,333,10,Yes,0,5,609.63,0.25,124.49,36
MED0322,Telmisartan 50mg Inhaler,Gastrointestinal,Alkem,No,2025-10,0,361,306,306,0,No,55,5,609.63,0.25,126.84,36
MED0322,Telmisartan 50mg Inhaler,Gastrointestinal,Alkem,No,2025-11,55,367,437,422,15,Yes,0,5,609.63,0.25,125.79,36
MED0322,Telmisartan 50mg Inhaler,Gastrointestinal,Alkem,No,2025-12,0,698,578,578,0,No,120,5,609.63,0.25,122.53,36
MED0322,Telmisartan 50mg Inhaler,Gastrointestinal,Alkem,No,2026-01,120,665,582,582,0,No,203,5,609.63,0.25,122.98,36
MED0322,Telmisartan 50mg Inhaler,Gastrointestinal,Alkem,No,2026-02,203,621,571,571,0,No,253,5,609.63,0.25,125.71,36
MED0322,Telmisartan 50mg Inhaler,Gastrointestinal,Alkem,No,2026-03,253,407,381,381,0,No,279,5,609.63,0.25,128.05,36
MED0322,Telmisartan 50mg Inhaler,Gastrointestinal,Alkem,No,2026-04,279,192,258,258,0,No,213,5,609.63,0.25,125.48,36
MED0322,Telmisartan 50mg Inhaler,Gastrointestinal,Alkem,No,2026-05,213,249,224,224,0,No,238,5,609.63,0.25,126.85,36
MED0322,Telmisartan 50mg Inhaler,Gastrointestinal,Alkem,No,2026-06,238,209,243,243,0,No,204,5,609.63,0.25,124.64,36
MED0322,Telmisartan 50mg Inhaler,Gastrointestinal,Alkem,No,2026-07,204,317,286,286,0,No,235,5,609.63,0.25,122.41,36
MED0323,Fluoxetine 20mg Tablet,Anesthetic,Sun Pharma,No,2025-08,934,3147,2425,2425,0,No,1656,14,249.79,0.16,242.79,6
MED0323,Fluoxetine 20mg Tablet,Anesthetic,Sun Pharma,No,2025-09,1656,0,1806,1656,150,Yes,0,14,249.79,0.16,248.51,6
MED0323,Fluoxetine 20mg Tablet,Anesthetic,Sun Pharma,No,2025-10,0,1295,1448,1295,153,Yes,0,14,249.79,0.16,244.68,6
MED0323,Fluoxetine 20mg Tablet,Anesthetic,Sun Pharma,No,2025-11,0,1089,1036,1036,0,No,53,14,249.79,0.16,241.06,6
MED0323,Fluoxetine 20mg Tablet,Anesthetic,Sun Pharma,No,2025-12,53,0,1020,53,967,Yes,0,14,249.79,0.16,233.42,6
MED0323,Fluoxetine 20mg Tablet,Anesthetic,Sun Pharma,No,2026-01,0,591,811,591,220,Yes,0,14,249.79,0.16,239.09,6
MED0323,Fluoxetine 20mg Tablet,Anesthetic,Sun Pharma,No,2026-02,0,756,955,756,199,Yes,0,14,249.79,0.16,243.57,6
MED0323,Fluoxetine 20mg Tablet,Anesthetic,Sun Pharma,No,2026-03,0,1022,1157,1022,135,Yes,0,14,249.79,0.16,245.52,6
MED0323,Fluoxetine 20mg Tablet,Anesthetic,Sun Pharma,No,2026-04,0,0,1077,0,1077,Yes,0,14,249.79,0.16,249.35,6
MED0323,Fluoxetine 20mg Tablet,Anesthetic,Sun Pharma,No,2026-05,0,1291,1410,1291,119,Yes,0,14,249.79,0.16,244.03,6
MED0323,Fluoxetine 20mg Tablet,Anesthetic,Sun Pharma,No,2026-06,0,1816,2231,1816,415,Yes,0,14,249.79,0.16,243.39,6
MED0323,Fluoxetine 20mg Tablet,Anesthetic,Sun Pharma,No,2026-07,0,2131,2834,2131,703,Yes,0,14,249.79,0.16,241.11,6
MED0324,Bisacodyl 20mg Suspension,Dermatological,Glenmark,No,2025-08,361,1276,1542,1542,0,No,95,7,61.9,0.18,210.71,24
MED0324,Bisacodyl 20mg Suspension,Dermatological,Glenmark,No,2025-09,95,1056,1315,1151,164,Yes,0,7,61.9,0.18,205.32,24
MED0324,Bisacodyl 20mg Suspension,Dermatological,Glenmark,No,2025-10,0,1446,1287,1287,0,No,159,7,61.9,0.18,205.14,24
MED0324,Bisacodyl 20mg Suspension,Dermatological,Glenmark,No,2025-11,159,0,1639,159,1480,Yes,0,7,61.9,0.18,210.73,24
MED0324,Bisacodyl 20mg Suspension,Dermatological,Glenmark,No,2025-12,0,1934,1582,1582,0,No,352,7,61.9,0.18,204.62,24
MED0324,Bisacodyl 20mg Suspension,Dermatological,Glenmark,No,2026-01,352,1560,1410,1410,0,No,502,7,61.9,0.18,201.85,24
MED0324,Bisacodyl 20mg Suspension,Dermatological,Glenmark,No,2026-02,502,1078,1387,1387,0,No,193,7,61.9,0.18,197.97,24
MED0324,Bisacodyl 20mg Suspension,Dermatological,Glenmark,No,2026-03,193,1001,1324,1194,130,Yes,0,7,61.9,0.18,194.49,24
MED0324,Bisacodyl 20mg Suspension,Dermatological,Glenmark,No,2026-04,0,1320,1608,1320,288,Yes,0,7,61.9,0.18,199.91,24
MED0324,Bisacodyl 20mg Suspension,Dermatological,Glenmark,No,2026-05,0,1488,1585,1488,97,Yes,0,7,61.9,0.18,199.49,24
MED0324,Bisacodyl 20mg Suspension,Dermatological,Glenmark,No,2026-06,0,0,1650,0,1650,Yes,0,7,61.9,0.18,199.04,24
MED0324,Bisacodyl 20mg Suspension,Dermatological,Glenmark,No,2026-07,0,1812,1433,1433,0,No,379,7,61.9,0.18,202.5,24
MED0325,Oxytocin 100mg Injection,Analgesic,Biocon,No,2025-08,160,275,391,391,0,No,44,7,425.56,0.21,126.21,18
MED0325,Oxytocin 100mg Injection,Analgesic,Biocon,No,2025-09,44,307,407,351,56,Yes,0,7,425.56,0.21,123.46,18
MED0325,Oxytocin 100mg Injection,Analgesic,Biocon,No,2025-10,0,665,517,517,0,No,148,7,425.56,0.21,123.36,18
MED0325,Oxytocin 100mg Injection,Analgesic,Biocon,No,2025-11,148,762,622,622,0,No,288,7,425.56,0.21,122.8,18
MED0325,Oxytocin 100mg Injection,Analgesic,Biocon,No,2025-12,288,0,836,288,548,Yes,0,7,425.56,0.21,123.57,18
MED0325,Oxytocin 100mg Injection,Analgesic,Biocon,No,2026-01,0,975,976,975,1,Yes,0,7,425.56,0.21,127.54,18
MED0325,Oxytocin 100mg Injection,Analgesic,Biocon,No,2026-02,0,747,685,685,0,No,62,7,425.56,0.21,129.68,18
MED0325,Oxytocin 100mg Injection,Analgesic,Biocon,No,2026-03,62,381,463,443,20,Yes,0,7,425.56,0.21,128.87,18
MED0325,Oxytocin 100mg Injection,Analgesic,Biocon,No,2026-04,0,419,394,394,0,No,25,7,425.56,0.21,131.47,18
MED0325,Oxytocin 100mg Injection,Analgesic,Biocon,No,2026-05,25,477,417,417,0,No,85,7,425.56,0.21,128.85,18
MED0325,Oxytocin 100mg Injection,Analgesic,Biocon,No,2026-06,85,466,366,366,0,No,185,7,425.56,0.21,125.12,18
MED0325,Oxytocin 100mg Injection,Analgesic,Biocon,No,2026-07,185,451,381,381,0,No,255,7,425.56,0.21,122.77,18
MED0326,Cough Syrup 500mg Capsule,Neuro/Psychiatric,Alkem,No,2025-08,89,242,256,256,0,No,75,7,766.52,0.16,314.72,9
MED0326,Cough Syrup 500mg Capsule,Neuro/Psychiatric,Alkem,No,2025-09,75,318,270,270,0,No,123,7,766.52,0.16,311.56,9
MED0326,Cough Syrup 500mg Capsule,Neuro/Psychiatric,Alkem,No,2025-10,123,0,237,123,114,Yes,0,7,766.52,0.16,311.77,9
MED0326,Cough Syrup 500mg Capsule,Neuro/Psychiatric,Alkem,No,2025-11,0,246,239,239,0,No,7,7,766.52,0.16,314.05,9
MED0326,Cough Syrup 500mg Capsule,Neuro/Psychiatric,Alkem,No,2025-12,7,320,300,300,0,No,27,7,766.52,0.16,322.19,9
MED0326,Cough Syrup 500mg Capsule,Neuro/Psychiatric,Alkem,No,2026-01,27,335,290,290,0,No,72,7,766.52,0.16,322.39,9
MED0326,Cough Syrup 500mg Capsule,Neuro/Psychiatric,Alkem,No,2026-02,72,235,257,257,0,No,50,7,766.52,0.16,322.42,9
MED0326,Cough Syrup 500mg Capsule,Neuro/Psychiatric,Alkem,No,2026-03,50,393,307,307,0,No,136,7,766.52,0.16,313.5,9
MED0326,Cough Syrup 500mg Capsule,Neuro/Psychiatric,Alkem,No,2026-04,136,284,302,302,0,No,118,7,766.52,0.16,304.28,9
MED0326,Cough Syrup 500mg Capsule,Neuro/Psychiatric,Alkem,No,2026-05,118,248,248,248,0,No,118,7,766.52,0.16,305.29,9
MED0326,Cough Syrup 500mg Capsule,Neuro/Psychiatric,Alkem,No,2026-06,118,0,282,118,164,Yes,0,7,766.52,0.16,304.06,9
MED0326,Cough Syrup 500mg Capsule,Neuro/Psychiatric,Alkem,No,2026-07,0,251,233,233,0,No,18,7,766.52,0.16,310.79,9
MED0327,Cough Syrup 10ml Injection,Gastrointestinal,Cadila,No,2025-08,665,1916,1600,1600,0,No,981,7,343.05,0.24,295.59,36
MED0327,Cough Syrup 10ml Injection,Gastrointestinal,Cadila,No,2025-09,981,1463,1793,1793,0,No,651,7,343.05,0.24,289.27,36
MED0327,Cough Syrup 10ml Injection,Gastrointestinal,Cadila,No,2025-10,651,1403,1644,1644,0,No,410,7,343.05,0.24,280.42,36
MED0327,Cough Syrup 10ml Injection,Gastrointestinal,Cadila,No,2025-11,410,1028,1395,1395,0,No,43,7,343.05,0.24,279.47,36
MED0327,Cough Syrup 10ml Injection,Gastrointestinal,Cadila,No,2025-12,43,1572,1735,1615,120,Yes,0,7,343.05,0.24,274.58,36
MED0327,Cough Syrup 10ml Injection,Gastrointestinal,Cadila,No,2026-01,0,1503,1461,1461,0,No,42,7,343.05,0.24,268.99,36
MED0327,Cough Syrup 10ml Injection,Gastrointestinal,Cadila,No,2026-02,42,1717,1688,1688,0,No,71,7,343.05,0.24,273.17,36
MED0327,Cough Syrup 10ml Injection,Gastrointestinal,Cadila,No,2026-03,71,0,1719,71,1648,Yes,0,7,343.05,0.24,268.99,36
MED0327,Cough Syrup 10ml Injection,Gastrointestinal,Cadila,No,2026-04,0,1819,1586,1586,0,No,233,7,343.05,0.24,271.01,36
MED0327,Cough Syrup 10ml Injection,Gastrointestinal,Cadila,No,2026-05,233,1873,1628,1628,0,No,478,7,343.05,0.24,268.99,36
MED0327,Cough Syrup 10ml Injection,Gastrointestinal,Cadila,No,2026-06,478,1273,1365,1365,0,No,386,7,343.05,0.24,268.99,36
MED0327,Cough Syrup 10ml Injection,Gastrointestinal,Cadila,No,2026-07,386,1428,1721,1721,0,No,93,7,343.05,0.24,268.99,36
MED0328,Ciprofloxacin 20mg Suspension,Gastrointestinal,GSK,No,2025-08,698,2049,1708,1708,0,No,1039,5,247.12,0.21,140.82,9
MED0328,Ciprofloxacin 20mg Suspension,Gastrointestinal,GSK,No,2025-09,1039,0,1773,1039,734,Yes,0,5,247.12,0.21,143.49,9
MED0328,Ciprofloxacin 20mg Suspension,Gastrointestinal,GSK,No,2025-10,0,2488,2186,2186,0,No,302,5,247.12,0.21,142.53,9
MED0328,Ciprofloxacin 20mg Suspension,Gastrointestinal,GSK,No,2025-11,302,2232,1739,1739,0,No,795,5,247.12,0.21,144.75,9
MED0328,Ciprofloxacin 20mg Suspension,Gastrointestinal,GSK,No,2025-12,795,1990,2192,2192,0,No,593,5,247.12,0.21,141.43,9
MED0328,Ciprofloxacin 20mg Suspension,Gastrointestinal,GSK,No,2026-01,593,2532,2218,2218,0,No,907,5,247.12,0.21,143.85,9
MED0328,Ciprofloxacin 20mg Suspension,Gastrointestinal,GSK,No,2026-02,907,0,1693,907,786,Yes,0,5,247.12,0.21,141.52,9
MED0328,Ciprofloxacin 20mg Suspension,Gastrointestinal,GSK,No,2026-03,0,2671,2275,2275,0,No,396,5,247.12,0.21,143.09,9
MED0328,Ciprofloxacin 20mg Suspension,Gastrointestinal,GSK,No,2026-04,396,1434,1802,1802,0,No,28,5,247.12,0.21,143.67,9
MED0328,Ciprofloxacin 20mg Suspension,Gastrointestinal,GSK,No,2026-05,28,2220,2145,2145,0,No,103,5,247.12,0.21,147.48,9
MED0328,Ciprofloxacin 20mg Suspension,Gastrointestinal,GSK,No,2026-06,103,1906,1926,1926,0,No,83,5,247.12,0.21,146.48,9
MED0328,Ciprofloxacin 20mg Suspension,Gastrointestinal,GSK,No,2026-07,83,1946,1896,1896,0,No,133,5,247.12,0.21,142.63,9
MED0329,Telmisartan 500mg Ointment,Cardiac,Cipla,No,2025-08,185,587,792,772,20,Yes,0,3,685.82,0.25,176.58,12
MED0329,Telmisartan 500mg Ointment,Cardiac,Cipla,No,2025-09,0,783,890,783,107,Yes,0,3,685.82,0.25,171.23,12
MED0329,Telmisartan 500mg Ointment,Cardiac,Cipla,No,2025-10,0,871,941,871,70,Yes,0,3,685.82,0.25,174.87,12
MED0329,Telmisartan 500mg Ointment,Cardiac,Cipla,No,2025-11,0,0,935,0,935,Yes,0,3,685.82,0.25,175.15,12
MED0329,Telmisartan 500mg Ointment,Cardiac,Cipla,No,2025-12,0,0,923,0,923,Yes,0,3,685.82,0.25,178.21,12
MED0329,Telmisartan 500mg Ointment,Cardiac,Cipla,No,2026-01,0,857,747,747,0,No,110,3,685.82,0.25,175.26,12
MED0329,Telmisartan 500mg Ointment,Cardiac,Cipla,No,2026-02,110,935,895,895,0,No,150,3,685.82,0.25,173.54,12
MED0329,Telmisartan 500mg Ointment,Cardiac,Cipla,No,2026-03,150,0,779,150,629,Yes,0,3,685.82,0.25,168.31,12
MED0329,Telmisartan 500mg Ointment,Cardiac,Cipla,No,2026-04,0,576,806,576,230,Yes,0,3,685.82,0.25,173.44,12
MED0329,Telmisartan 500mg Ointment,Cardiac,Cipla,No,2026-05,0,752,730,730,0,No,22,3,685.82,0.25,175.31,12
MED0329,Telmisartan 500mg Ointment,Cardiac,Cipla,No,2026-06,22,599,841,621,220,Yes,0,3,685.82,0.25,180.13,12
MED0329,Telmisartan 500mg Ointment,Cardiac,Cipla,No,2026-07,0,588,782,588,194,Yes,0,3,685.82,0.25,177.52,12
MED0330,Azithromycin 1mg Tablet,Dermatological,Biocon,No,2025-08,2849,2886,3945,3945,0,No,1790,14,145.36,0.22,109.03,36
MED0330,Azithromycin 1mg Tablet,Dermatological,Biocon,No,2025-09,1790,3680,3152,3152,0,No,2318,14,145.36,0.22,109.8,36
MED0330,Azithromycin 1mg Tablet,Dermatological,Biocon,No,2025-10,2318,2802,2511,2511,0,No,2609,14,145.36,0.22,111.03,36
MED0330,Azithromycin 1mg Tablet,Dermatological,Biocon,No,2025-11,2609,2374,1910,1910,0,No,3073,14,145.36,0.22,109.78,36
MED0330,Azithromycin 1mg Tablet,Dermatological,Biocon,No,2025-12,3073,1264,1803,1803,0,No,2534,14,145.36,0.22,112.17,36
MED0330,Azithromycin 1mg Tablet,Dermatological,Biocon,No,2026-01,2534,2161,1939,1939,0,No,2756,14,145.36,0.22,115.24,36
MED0330,Azithromycin 1mg Tablet,Dermatological,Biocon,No,2026-02,2756,0,2160,2160,0,No,596,14,145.36,0.22,117.88,36
MED0330,Azithromycin 1mg Tablet,Dermatological,Biocon,No,2026-03,596,3083,2908,2908,0,No,771,14,145.36,0.22,118.84,36
MED0330,Azithromycin 1mg Tablet,Dermatological,Biocon,No,2026-04,771,0,3801,771,3030,Yes,0,14,145.36,0.22,117.31,36
MED0330,Azithromycin 1mg Tablet,Dermatological,Biocon,No,2026-05,0,0,4433,0,4433,Yes,0,14,145.36,0.22,115.81,36
MED0330,Azithromycin 1mg Tablet,Dermatological,Biocon,No,2026-06,0,0,5377,0,5377,Yes,0,14,145.36,0.22,118.84,36
MED0330,Azithromycin 1mg Tablet,Dermatological,Biocon,No,2026-07,0,4732,3910,3910,0,No,822,14,145.36,0.22,115.48,36
MED0331,Nitroglycerin 1g Suspension,Anesthetic,Torrent,No,2025-08,652,2291,2844,2844,0,No,99,7,552.48,0.17,289.54,18
MED0331,Nitroglycerin 1g Suspension,Anesthetic,Torrent,No,2025-09,99,3014,2937,2937,0,No,176,7,552.48,0.17,293.48,18
MED0331,Nitroglycerin 1g Suspension,Anesthetic,Torrent,No,2025-10,176,2554,2249,2249,0,No,481,7,552.48,0.17,297.24,18
MED0331,Nitroglycerin 1g Suspension,Anesthetic,Torrent,No,2025-11,481,0,2601,481,2120,Yes,0,7,552.48,0.17,299.48,18
MED0331,Nitroglycerin 1g Suspension,Anesthetic,Torrent,No,2025-12,0,3488,2930,2930,0,No,558,7,552.48,0.17,308.42,18
MED0331,Nitroglycerin 1g Suspension,Anesthetic,Torrent,No,2026-01,558,2414,2644,2644,0,No,328,7,552.48,0.17,304.99,18
MED0331,Nitroglycerin 1g Suspension,Anesthetic,Torrent,No,2026-02,328,2312,2663,2640,23,Yes,0,7,552.48,0.17,302.07,18
MED0331,Nitroglycerin 1g Suspension,Anesthetic,Torrent,No,2026-03,0,2148,2314,2148,166,Yes,0,7,552.48,0.17,294.39,18
MED0331,Nitroglycerin 1g Suspension,Anesthetic,Torrent,No,2026-04,0,2156,2804,2156,648,Yes,0,7,552.48,0.17,293.35,18
MED0331,Nitroglycerin 1g Suspension,Anesthetic,Torrent,No,2026-05,0,1926,2327,1926,401,Yes,0,7,552.48,0.17,288.99,18
MED0331,Nitroglycerin 1g Suspension,Anesthetic,Torrent,No,2026-06,0,1842,2589,1842,747,Yes,0,7,552.48,0.17,286.13,18
MED0331,Nitroglycerin 1g Suspension,Anesthetic,Torrent,No,2026-07,0,2908,2729,2729,0,No,179,7,552.48,0.17,292.23,18
MED0332,Pantoprazole 2.5mg Injection,Emergency/Critical Care,Cipla,Yes,2025-08,102,0,440,102,338,Yes,0,4,29.23,0.27,106.25,12
MED0332,Pantoprazole 2.5mg Injection,Emergency/Critical Care,Cipla,Yes,2025-09,0,527,508,508,0,No,19,4,29.23,0.27,109.17,12
MED0332,Pantoprazole 2.5mg Injection,Emergency/Critical Care,Cipla,Yes,2025-10,19,435,400,400,0,No,54,4,29.23,0.27,107.07,12
MED0332,Pantoprazole 2.5mg Injection,Emergency/Critical Care,Cipla,Yes,2025-11,54,338,461,392,69,Yes,0,4,29.23,0.27,106.22,12
MED0332,Pantoprazole 2.5mg Injection,Emergency/Critical Care,Cipla,Yes,2025-12,0,574,464,464,0,No,110,4,29.23,0.27,109.09,12
MED0332,Pantoprazole 2.5mg Injection,Emergency/Critical Care,Cipla,Yes,2026-01,110,578,497,497,0,No,191,4,29.23,0.27,106.16,12
MED0332,Pantoprazole 2.5mg Injection,Emergency/Critical Care,Cipla,Yes,2026-02,191,380,511,511,0,No,60,4,29.23,0.27,103.43,12
MED0332,Pantoprazole 2.5mg Injection,Emergency/Critical Care,Cipla,Yes,2026-03,60,462,389,389,0,No,133,4,29.23,0.27,101.17,12
MED0332,Pantoprazole 2.5mg Injection,Emergency/Critical Care,Cipla,Yes,2026-04,133,529,424,424,0,No,238,4,29.24,0.27,101.81,12
MED0332,Pantoprazole 2.5mg Injection,Emergency/Critical Care,Cipla,Yes,2026-05,238,350,394,394,0,No,194,4,29.24,0.27,99.47,12
MED0332,Pantoprazole 2.5mg Injection,Emergency/Critical Care,Cipla,Yes,2026-06,194,0,430,194,236,Yes,0,4,29.24,0.27,102.6,12
MED0332,Pantoprazole 2.5mg Injection,Emergency/Critical Care,Cipla,Yes,2026-07,0,538,446,446,0,No,92,4,29.24,0.27,102.24,12
MED0333,BCG Vaccine 10mg Ointment,Anesthetic,Mankind,Yes,2025-08,133,684,561,561,0,No,256,4,32.69,0.21,163.28,9
MED0333,BCG Vaccine 10mg Ointment,Anesthetic,Mankind,Yes,2025-09,256,618,543,543,0,No,331,4,32.69,0.21,160.67,9
MED0333,BCG Vaccine 10mg Ointment,Anesthetic,Mankind,Yes,2025-10,331,427,577,577,0,No,181,4,32.69,0.21,160.37,9
MED0333,BCG Vaccine 10mg Ointment,Anesthetic,Mankind,Yes,2025-11,181,388,460,460,0,No,109,4,32.69,0.21,162.04,9
MED0333,BCG Vaccine 10mg Ointment,Anesthetic,Mankind,Yes,2025-12,109,614,616,616,0,No,107,4,32.69,0.21,164.62,9
MED0333,BCG Vaccine 10mg Ointment,Anesthetic,Mankind,Yes,2026-01,107,353,494,460,34,Yes,0,4,32.69,0.21,167.23,9
MED0333,BCG Vaccine 10mg Ointment,Anesthetic,Mankind,Yes,2026-02,0,0,612,0,612,Yes,0,4,32.69,0.21,168.03,9
MED0333,BCG Vaccine 10mg Ointment,Anesthetic,Mankind,Yes,2026-03,0,654,567,567,0,No,87,4,32.69,0.21,172.19,9
MED0333,BCG Vaccine 10mg Ointment,Anesthetic,Mankind,Yes,2026-04,87,0,473,87,386,Yes,0,4,31.56,0.21,175.46,9
MED0333,BCG Vaccine 10mg Ointment,Anesthetic,Mankind,Yes,2026-05,0,556,615,556,59,Yes,0,4,31.56,0.21,177.98,9
MED0333,BCG Vaccine 10mg Ointment,Anesthetic,Mankind,Yes,2026-06,0,0,485,0,485,Yes,0,4,31.56,0.21,173.41,9
MED0333,BCG Vaccine 10mg Ointment,Anesthetic,Mankind,Yes,2026-07,0,492,595,492,103,Yes,0,4,31.56,0.21,168.34,9
MED0334,Hydrocortisone 1g Drops,Vitamin/Supplement,Cipla,Yes,2025-08,129,1291,1251,1251,0,No,169,2,328.69,0.15,108.75,24
MED0334,Hydrocortisone 1g Drops,Vitamin/Supplement,Cipla,Yes,2025-09,169,0,1203,169,1034,Yes,0,2,328.69,0.15,109.87,24
MED0334,Hydrocortisone 1g Drops,Vitamin/Supplement,Cipla,Yes,2025-10,0,0,1247,0,1247,Yes,0,2,328.69,0.15,109.26,24
MED0334,Hydrocortisone 1g Drops,Vitamin/Supplement,Cipla,Yes,2025-11,0,946,1337,946,391,Yes,0,2,328.69,0.15,108.59,24
MED0334,Hydrocortisone 1g Drops,Vitamin/Supplement,Cipla,Yes,2025-12,0,1455,1139,1139,0,No,316,2,328.69,0.15,111.22,24
MED0334,Hydrocortisone 1g Drops,Vitamin/Supplement,Cipla,Yes,2026-01,316,1507,1317,1317,0,No,506,2,328.69,0.15,113.93,24
MED0334,Hydrocortisone 1g Drops,Vitamin/Supplement,Cipla,Yes,2026-02,506,1510,1178,1178,0,No,838,2,328.69,0.15,116.73,24
MED0334,Hydrocortisone 1g Drops,Vitamin/Supplement,Cipla,Yes,2026-03,838,1540,1266,1266,0,No,1112,2,328.69,0.15,115.45,24
MED0334,Hydrocortisone 1g Drops,Vitamin/Supplement,Cipla,Yes,2026-04,1112,1001,1091,1091,0,No,1022,2,322.46,0.15,116.76,24
MED0334,Hydrocortisone 1g Drops,Vitamin/Supplement,Cipla,Yes,2026-05,1022,1205,1363,1363,0,No,864,2,322.46,0.15,115.2,24
MED0334,Hydrocortisone 1g Drops,Vitamin/Supplement,Cipla,Yes,2026-06,864,1166,1246,1246,0,No,784,2,322.46,0.15,113.08,24
MED0334,Hydrocortisone 1g Drops,Vitamin/Supplement,Cipla,Yes,2026-07,784,1145,1390,1390,0,No,539,2,322.46,0.15,110.92,24
MED0335,BCG Vaccine 500mg Ointment,Dermatological,Mankind,Yes,2025-08,107,552,538,538,0,No,121,5,230.22,0.16,142.92,18
MED0335,BCG Vaccine 500mg Ointment,Dermatological,Mankind,Yes,2025-09,121,401,427,427,0,No,95,5,230.22,0.16,142.29,18
MED0335,BCG Vaccine 500mg Ointment,Dermatological,Mankind,Yes,2025-10,95,404,360,360,0,No,139,5,230.22,0.16,145.27,18
MED0335,BCG Vaccine 500mg Ointment,Dermatological,Mankind,Yes,2025-11,139,267,272,272,0,No,134,5,230.22,0.16,141.85,18
MED0335,BCG Vaccine 500mg Ointment,Dermatological,Mankind,Yes,2025-12,134,299,333,333,0,No,100,5,230.22,0.16,143.97,18
MED0335,BCG Vaccine 500mg Ointment,Dermatological,Mankind,Yes,2026-01,100,0,282,100,182,Yes,0,5,230.22,0.16,144.25,18
MED0335,BCG Vaccine 500mg Ointment,Dermatological,Mankind,Yes,2026-02,0,278,270,270,0,No,8,5,230.22,0.16,142.34,18
MED0335,BCG Vaccine 500mg Ointment,Dermatological,Mankind,Yes,2026-03,8,365,379,373,6,Yes,0,5,230.22,0.16,142.28,18
MED0335,BCG Vaccine 500mg Ointment,Dermatological,Mankind,Yes,2026-04,0,0,515,0,515,Yes,0,5,219.63,0.16,140.48,18
MED0335,BCG Vaccine 500mg Ointment,Dermatological,Mankind,Yes,2026-05,0,716,778,716,62,Yes,0,5,219.63,0.16,141.35,18
MED0335,BCG Vaccine 500mg Ointment,Dermatological,Mankind,Yes,2026-06,0,453,615,453,162,Yes,0,5,219.63,0.16,140.75,18
MED0335,BCG Vaccine 500mg Ointment,Dermatological,Mankind,Yes,2026-07,0,569,561,561,0,No,8,5,219.63,0.16,137.73,18
MED0336,Spironolactone 500mg Injection,Cardiac,Zydus,No,2025-08,536,1797,1543,1543,0,No,790,7,123.54,0.14,123.13,9
MED0336,Spironolactone 500mg Injection,Cardiac,Zydus,No,2025-09,790,1880,1456,1456,0,No,1214,7,123.54,0.14,123.49,9
MED0336,Spironolactone 500mg Injection,Cardiac,Zydus,No,2025-10,1214,0,1593,1214,379,Yes,0,7,123.54,0.14,126.61,9
MED0336,Spironolactone 500mg Injection,Cardiac,Zydus,No,2025-11,0,1221,1509,1221,288,Yes,0,7,123.54,0.14,125.4,9
MED0336,Spironolactone 500mg Injection,Cardiac,Zydus,No,2025-12,0,1666,1284,1284,0,No,382,7,123.54,0.14,127.21,9
MED0336,Spironolactone 500mg Injection,Cardiac,Zydus,No,2026-01,382,1792,1700,1700,0,No,474,7,123.54,0.14,128.44,9
MED0336,Spironolactone 500mg Injection,Cardiac,Zydus,No,2026-02,474,1671,1517,1517,0,No,628,7,123.54,0.14,131.79,9
MED0336,Spironolactone 500mg Injection,Cardiac,Zydus,No,2026-03,628,1650,1329,1329,0,No,949,7,123.54,0.14,134.21,9
MED0336,Spironolactone 500mg Injection,Cardiac,Zydus,No,2026-04,949,1700,1517,1517,0,No,1132,7,123.54,0.14,134.21,9
MED0336,Spironolactone 500mg Injection,Cardiac,Zydus,No,2026-05,1132,1430,1461,1461,0,No,1101,7,123.54,0.14,134.21,9
MED0336,Spironolactone 500mg Injection,Cardiac,Zydus,No,2026-06,1101,0,1674,1101,573,Yes,0,7,123.54,0.14,134.21,9
MED0336,Spironolactone 500mg Injection,Cardiac,Zydus,No,2026-07,0,0,1276,0,1276,Yes,0,7,123.54,0.14,133.43,9
MED0337,Verapamil 250mg Inhaler,Vitamin/Supplement,Biocon,No,2025-08,51,238,332,289,43,Yes,0,3,780.84,0.18,144.57,12
MED0337,Verapamil 250mg Inhaler,Vitamin/Supplement,Biocon,No,2025-09,0,0,402,0,402,Yes,0,3,780.84,0.18,142.99,12
MED0337,Verapamil 250mg Inhaler,Vitamin/Supplement,Biocon,No,2025-10,0,281,401,281,120,Yes,0,3,780.84,0.18,138.53,12
MED0337,Verapamil 250mg Inhaler,Vitamin/Supplement,Biocon,No,2025-11,0,0,424,0,424,Yes,0,3,780.84,0.18,141.5,12
MED0337,Verapamil 250mg Inhaler,Vitamin/Supplement,Biocon,No,2025-12,0,401,366,366,0,No,35,3,780.84,0.18,144.24,12
MED0337,Verapamil 250mg Inhaler,Vitamin/Supplement,Biocon,No,2026-01,35,370,419,405,14,Yes,0,3,780.84,0.18,140.64,12
MED0337,Verapamil 250mg Inhaler,Vitamin/Supplement,Biocon,No,2026-02,0,479,373,373,0,No,106,3,780.84,0.18,141.34,12
MED0337,Verapamil 250mg Inhaler,Vitamin/Supplement,Biocon,No,2026-03,106,409,412,412,0,No,103,3,780.84,0.18,141.01,12
MED0337,Verapamil 250mg Inhaler,Vitamin/Supplement,Biocon,No,2026-04,103,333,380,380,0,No,56,3,780.84,0.18,137.54,12
MED0337,Verapamil 250mg Inhaler,Vitamin/Supplement,Biocon,No,2026-05,56,464,422,422,0,No,98,3,780.84,0.18,141.92,12
MED0337,Verapamil 250mg Inhaler,Vitamin/Supplement,Biocon,No,2026-06,98,0,338,98,240,Yes,0,3,780.84,0.18,139.32,12
MED0337,Verapamil 250mg Inhaler,Vitamin/Supplement,Biocon,No,2026-07,0,382,334,334,0,No,48,3,780.84,0.18,135.38,12
MED0338,Adrenaline 5ml Capsule,Cardiac,Cadila,No,2025-08,569,2660,3467,3229,238,Yes,0,3,590.49,0.18,248.09,24
MED0338,Adrenaline 5ml Capsule,Cardiac,Cadila,No,2025-09,0,4465,3556,3556,0,No,909,3,590.49,0.18,249.57,24
MED0338,Adrenaline 5ml Capsule,Cardiac,Cadila,No,2025-10,909,1692,2200,2200,0,No,401,3,590.49,0.18,253.3,24
MED0338,Adrenaline 5ml Capsule,Cardiac,Cadila,No,2025-11,401,1880,1685,1685,0,No,596,3,590.49,0.18,245.99,24
MED0338,Adrenaline 5ml Capsule,Cardiac,Cadila,No,2025-12,596,1081,1444,1444,0,No,233,3,590.49,0.18,248.47,24
MED0338,Adrenaline 5ml Capsule,Cardiac,Cadila,No,2026-01,233,1213,1537,1446,91,Yes,0,3,590.49,0.18,248.97,24
MED0338,Adrenaline 5ml Capsule,Cardiac,Cadila,No,2026-02,0,1584,1472,1472,0,No,112,3,590.49,0.18,242.77,24
MED0338,Adrenaline 5ml Capsule,Cardiac,Cadila,No,2026-03,112,1702,1520,1520,0,No,294,3,590.49,0.18,237.65,24
MED0338,Adrenaline 5ml Capsule,Cardiac,Cadila,No,2026-04,294,1584,2155,1878,277,Yes,0,3,590.49,0.18,238.71,24
MED0338,Adrenaline 5ml Capsule,Cardiac,Cadila,No,2026-05,0,3174,2782,2782,0,No,392,3,590.49,0.18,235.53,24
MED0338,Adrenaline 5ml Capsule,Cardiac,Cadila,No,2026-06,392,0,3177,392,2785,Yes,0,3,590.49,0.18,242.38,24
MED0338,Adrenaline 5ml Capsule,Cardiac,Cadila,No,2026-07,0,4401,3619,3619,0,No,782,3,590.49,0.18,247.36,24
MED0339,Insulin Regular 500mg Drops,Antidiabetic,Biocon,No,2025-08,400,1611,1905,1905,0,No,106,4,609.46,0.2,237.75,9
MED0339,Insulin Regular 500mg Drops,Antidiabetic,Biocon,No,2025-09,106,1460,1714,1566,148,Yes,0,4,609.46,0.2,244.99,9
MED0339,Insulin Regular 500mg Drops,Antidiabetic,Biocon,No,2025-10,0,1898,1971,1898,73,Yes,0,4,609.46,0.2,241.39,9
MED0339,Insulin Regular 500mg Drops,Antidiabetic,Biocon,No,2025-11,0,1857,1924,1857,67,Yes,0,4,609.46,0.2,248.43,9
MED0339,Insulin Regular 500mg Drops,Antidiabetic,Biocon,No,2025-12,0,1200,1611,1200,411,Yes,0,4,609.46,0.2,247.4,9
MED0339,Insulin Regular 500mg Drops,Antidiabetic,Biocon,No,2026-01,0,0,1918,0,1918,Yes,0,4,609.46,0.2,245.12,9
MED0339,Insulin Regular 500mg Drops,Antidiabetic,Biocon,No,2026-02,0,2278,2017,2017,0,No,261,4,609.46,0.2,238.39,9
MED0339,Insulin Regular 500mg Drops,Antidiabetic,Biocon,No,2026-03,261,2329,2008,2008,0,No,582,4,609.46,0.2,231.69,9
MED0339,Insulin Regular 500mg Drops,Antidiabetic,Biocon,No,2026-04,582,0,1643,582,1061,Yes,0,4,609.46,0.2,234.57,9
MED0339,Insulin Regular 500mg Drops,Antidiabetic,Biocon,No,2026-05,0,0,1933,0,1933,Yes,0,4,609.46,0.2,233.94,9
MED0339,Insulin Regular 500mg Drops,Antidiabetic,Biocon,No,2026-06,0,2194,1970,1970,0,No,224,4,609.46,0.2,229.84,9
MED0339,Insulin Regular 500mg Drops,Antidiabetic,Biocon,No,2026-07,224,1640,1530,1530,0,No,334,4,609.46,0.2,231.55,9
MED0340,Pantoprazole 100mg Syrup,Dermatological,Lupin,No,2025-08,163,1558,1252,1252,0,No,469,2,343.98,0.16,80.04,9
MED0340,Pantoprazole 100mg Syrup,Dermatological,Lupin,No,2025-09,469,1397,1260,1260,0,No,606,2,343.98,0.16,78.79,9
MED0340,Pantoprazole 100mg Syrup,Dermatological,Lupin,No,2025-10,606,0,1303,606,697,Yes,0,2,343.98,0.16,79.18,9
MED0340,Pantoprazole 100mg Syrup,Dermatological,Lupin,No,2025-11,0,1424,1203,1203,0,No,221,2,343.98,0.16,78.47,9
MED0340,Pantoprazole 100mg Syrup,Dermatological,Lupin,No,2025-12,221,1752,1402,1402,0,No,571,2,343.98,0.16,80.1,9
MED0340,Pantoprazole 100mg Syrup,Dermatological,Lupin,No,2026-01,571,1662,1297,1297,0,No,936,2,343.98,0.16,81.72,9
MED0340,Pantoprazole 100mg Syrup,Dermatological,Lupin,No,2026-02,936,1155,1409,1409,0,No,682,2,343.98,0.16,81.61,9
MED0340,Pantoprazole 100mg Syrup,Dermatological,Lupin,No,2026-03,682,0,1136,682,454,Yes,0,2,343.98,0.16,80.86,9
MED0340,Pantoprazole 100mg Syrup,Dermatological,Lupin,No,2026-04,0,1185,1116,1116,0,No,69,2,343.98,0.16,80.17,9
MED0340,Pantoprazole 100mg Syrup,Dermatological,Lupin,No,2026-05,69,1078,1153,1147,6,Yes,0,2,343.98,0.16,81.71,9
MED0340,Pantoprazole 100mg Syrup,Dermatological,Lupin,No,2026-06,0,1119,1205,1119,86,Yes,0,2,343.98,0.16,80.84,9
MED0340,Pantoprazole 100mg Syrup,Dermatological,Lupin,No,2026-07,0,1167,1198,1167,31,Yes,0,2,343.98,0.16,79.37,9
MED0341,Cetirizine 50mg Drops,Analgesic,Glenmark,No,2025-08,931,5704,4923,4923,0,No,1712,3,521.85,0.24,285.35,18
MED0341,Cetirizine 50mg Drops,Analgesic,Glenmark,No,2025-09,1712,4215,3910,3910,0,No,2017,3,521.85,0.24,277.88,18
MED0341,Cetirizine 50mg Drops,Analgesic,Glenmark,No,2025-10,2017,4735,4554,4554,0,No,2198,3,521.85,0.24,277.28,18
MED0341,Cetirizine 50mg Drops,Analgesic,Glenmark,No,2025-11,2198,5222,5002,5002,0,No,2418,3,521.85,0.24,276.96,18
MED0341,Cetirizine 50mg Drops,Analgesic,Glenmark,No,2025-12,2418,4657,3953,3953,0,No,3122,3,521.85,0.24,283.09,18
MED0341,Cetirizine 50mg Drops,Analgesic,Glenmark,No,2026-01,3122,5164,4504,4504,0,No,3782,3,521.85,0.24,278.08,18
MED0341,Cetirizine 50mg Drops,Analgesic,Glenmark,No,2026-02,3782,3930,4478,4478,0,No,3234,3,521.85,0.24,275.94,18
MED0341,Cetirizine 50mg Drops,Analgesic,Glenmark,No,2026-03,3234,4753,4034,4034,0,No,3953,3,521.85,0.24,281.48,18
MED0341,Cetirizine 50mg Drops,Analgesic,Glenmark,No,2026-04,3953,5803,5234,5234,0,No,4522,3,521.85,0.24,287.3,18
MED0341,Cetirizine 50mg Drops,Analgesic,Glenmark,No,2026-05,4522,5326,5258,5258,0,No,4590,3,521.85,0.24,285.23,18
MED0341,Cetirizine 50mg Drops,Analgesic,Glenmark,No,2026-06,4590,4680,4123,4123,0,No,5147,3,521.85,0.24,284.5,18
MED0341,Cetirizine 50mg Drops,Analgesic,Glenmark,No,2026-07,5147,5428,4776,4776,0,No,5799,3,521.85,0.24,280.96,18
MED0342,Domperidone 100mg Ointment,Emergency/Critical Care,Aurobindo,Yes,2025-08,97,257,345,345,0,No,9,5,754.48,0.17,244.95,24
MED0342,Domperidone 100mg Ointment,Emergency/Critical Care,Aurobindo,Yes,2025-09,9,554,444,444,0,No,119,5,754.48,0.17,251.63,24
MED0342,Domperidone 100mg Ointment,Emergency/Critical Care,Aurobindo,Yes,2025-10,119,616,492,492,0,No,243,5,754.48,0.17,245.74,24
MED0342,Domperidone 100mg Ointment,Emergency/Critical Care,Aurobindo,Yes,2025-11,243,565,610,610,0,No,198,5,754.48,0.17,252.43,24
MED0342,Domperidone 100mg Ointment,Emergency/Critical Care,Aurobindo,Yes,2025-12,198,608,704,704,0,No,102,5,754.48,0.17,255.27,24
MED0342,Domperidone 100mg Ointment,Emergency/Critical Care,Aurobindo,Yes,2026-01,102,705,886,807,79,Yes,0,5,754.48,0.17,255.76,24
MED0342,Domperidone 100mg Ointment,Emergency/Critical Care,Aurobindo,Yes,2026-02,0,443,632,443,189,Yes,0,5,754.48,0.17,248.55,24
MED0342,Domperidone 100mg Ointment,Emergency/Critical Care,Aurobindo,Yes,2026-03,0,515,533,515,18,Yes,0,5,754.48,0.17,248.17,24
MED0342,Domperidone 100mg Ointment,Emergency/Critical Care,Aurobindo,Yes,2026-04,0,453,424,424,0,No,29,5,760.11,0.17,246.75,24
MED0342,Domperidone 100mg Ointment,Emergency/Critical Care,Aurobindo,Yes,2026-05,29,363,338,338,0,No,54,5,760.11,0.17,241.52,24
MED0342,Domperidone 100mg Ointment,Emergency/Critical Care,Aurobindo,Yes,2026-06,54,332,330,330,0,No,56,5,760.11,0.17,243.93,24
MED0342,Domperidone 100mg Ointment,Emergency/Critical Care,Aurobindo,Yes,2026-07,56,302,351,351,0,No,7,5,760.11,0.17,251.2,24
MED0343,Rosuvastatin 500mg Tablet,Antibiotic,Alkem,Yes,2025-08,497,1082,957,957,0,No,622,7,273.38,0.2,327.95,9
MED0343,Rosuvastatin 500mg Tablet,Antibiotic,Alkem,Yes,2025-09,622,681,877,877,0,No,426,7,273.38,0.2,332.39,9
MED0343,Rosuvastatin 500mg Tablet,Antibiotic,Alkem,Yes,2025-10,426,731,991,991,0,No,166,7,273.38,0.2,323.47,9
MED0343,Rosuvastatin 500mg Tablet,Antibiotic,Alkem,Yes,2025-11,166,863,936,936,0,No,93,7,273.38,0.2,321.77,9
MED0343,Rosuvastatin 500mg Tablet,Antibiotic,Alkem,Yes,2025-12,93,1319,1050,1050,0,No,362,7,273.38,0.2,313.84,9
MED0343,Rosuvastatin 500mg Tablet,Antibiotic,Alkem,Yes,2026-01,362,1356,1062,1062,0,No,656,7,273.38,0.2,316.17,9
MED0343,Rosuvastatin 500mg Tablet,Antibiotic,Alkem,Yes,2026-02,656,0,1017,656,361,Yes,0,7,273.38,0.2,325.23,9
MED0343,Rosuvastatin 500mg Tablet,Antibiotic,Alkem,Yes,2026-03,0,790,1056,790,266,Yes,0,7,273.38,0.2,328.57,9
MED0343,Rosuvastatin 500mg Tablet,Antibiotic,Alkem,Yes,2026-04,0,802,855,802,53,Yes,0,7,284.33,0.2,319.83,9
MED0343,Rosuvastatin 500mg Tablet,Antibiotic,Alkem,Yes,2026-05,0,947,1024,947,77,Yes,0,7,284.33,0.2,316.83,9
MED0343,Rosuvastatin 500mg Tablet,Antibiotic,Alkem,Yes,2026-06,0,713,888,713,175,Yes,0,7,284.33,0.2,317.88,9
MED0343,Rosuvastatin 500mg Tablet,Antibiotic,Alkem,Yes,2026-07,0,851,969,851,118,Yes,0,7,284.33,0.2,315.88,9
MED0344,Vitamin B Complex 20mg Capsule,Dermatological,Biocon,No,2025-08,421,1960,2242,2242,0,No,139,5,506.91,0.25,163.34,18
MED0344,Vitamin B Complex 20mg Capsule,Dermatological,Biocon,No,2025-09,139,2266,2102,2102,0,No,303,5,506.91,0.25,166.58,18
MED0344,Vitamin B Complex 20mg Capsule,Dermatological,Biocon,No,2025-10,303,2820,2172,2172,0,No,951,5,506.91,0.25,167.73,18
MED0344,Vitamin B Complex 20mg Capsule,Dermatological,Biocon,No,2025-11,951,1957,1973,1973,0,No,935,5,506.91,0.25,166.43,18
MED0344,Vitamin B Complex 20mg Capsule,Dermatological,Biocon,No,2025-12,935,0,2161,935,1226,Yes,0,5,506.91,0.25,163.91,18
MED0344,Vitamin B Complex 20mg Capsule,Dermatological,Biocon,No,2026-01,0,2564,2033,2033,0,No,531,5,506.91,0.25,159.85,18
MED0344,Vitamin B Complex 20mg Capsule,Dermatological,Biocon,No,2026-02,531,1913,1873,1873,0,No,571,5,506.91,0.25,158.36,18
MED0344,Vitamin B Complex 20mg Capsule,Dermatological,Biocon,No,2026-03,571,1407,1922,1922,0,No,56,5,506.91,0.25,157.47,18
MED0344,Vitamin B Complex 20mg Capsule,Dermatological,Biocon,No,2026-04,56,1609,2210,1665,545,Yes,0,5,506.91,0.25,159.28,18
MED0344,Vitamin B Complex 20mg Capsule,Dermatological,Biocon,No,2026-05,0,2233,2263,2233,30,Yes,0,5,506.91,0.25,160.91,18
MED0344,Vitamin B Complex 20mg Capsule,Dermatological,Biocon,No,2026-06,0,1791,1942,1791,151,Yes,0,5,506.91,0.25,156.49,18
MED0344,Vitamin B Complex 20mg Capsule,Dermatological,Biocon,No,2026-07,0,2212,1983,1983,0,No,229,5,506.91,0.25,155.41,18
MED0345,Nifedipine 5mg Ointment,Neuro/Psychiatric,Aurobindo,Yes,2025-08,1206,3204,3824,3824,0,No,586,10,102.42,0.25,307.53,18
MED0345,Nifedipine 5mg Ointment,Neuro/Psychiatric,Aurobindo,Yes,2025-09,586,4161,3871,3871,0,No,876,10,102.42,0.25,301.36,18
MED0345,Nifedipine 5mg Ointment,Neuro/Psychiatric,Aurobindo,Yes,2025-10,876,0,2226,876,1350,Yes,0,10,102.42,0.25,294.71,18
MED0345,Nifedipine 5mg Ointment,Neuro/Psychiatric,Aurobindo,Yes,2025-11,0,1211,1640,1211,429,Yes,0,10,102.42,0.25,301.05,18
MED0345,Nifedipine 5mg Ointment,Neuro/Psychiatric,Aurobindo,Yes,2025-12,0,1552,1532,1532,0,No,20,10,102.42,0.25,292.17,18
MED0345,Nifedipine 5mg Ointment,Neuro/Psychiatric,Aurobindo,Yes,2026-01,20,0,1575,20,1555,Yes,0,10,102.42,0.25,290.6,18
MED0345,Nifedipine 5mg Ointment,Neuro/Psychiatric,Aurobindo,Yes,2026-02,0,1249,1699,1249,450,Yes,0,10,102.42,0.25,284.17,18
MED0345,Nifedipine 5mg Ointment,Neuro/Psychiatric,Aurobindo,Yes,2026-03,0,1687,1981,1687,294,Yes,0,10,102.42,0.25,291.52,18
MED0345,Nifedipine 5mg Ointment,Neuro/Psychiatric,Aurobindo,Yes,2026-04,0,2062,2265,2062,203,Yes,0,10,108.05,0.25,292.63,18
MED0345,Nifedipine 5mg Ointment,Neuro/Psychiatric,Aurobindo,Yes,2026-05,0,2895,2852,2852,0,No,43,10,108.05,0.25,287.43,18
MED0345,Nifedipine 5mg Ointment,Neuro/Psychiatric,Aurobindo,Yes,2026-06,43,2838,3505,2881,624,Yes,0,10,108.05,0.25,287.48,18
MED0345,Nifedipine 5mg Ointment,Neuro/Psychiatric,Aurobindo,Yes,2026-07,0,6193,5019,5019,0,No,1174,10,108.05,0.25,291.96,18
MED0346,Rosuvastatin 500mg Inhaler,Vaccine,GSK,No,2025-08,2154,1469,1697,1697,0,No,1926,14,237.01,0.12,124.31,24
MED0346,Rosuvastatin 500mg Inhaler,Vaccine,GSK,No,2025-09,1926,1402,1867,1867,0,No,1461,14,237.01,0.12,122.12,24
MED0346,Rosuvastatin 500mg Inhaler,Vaccine,GSK,No,2025-10,1461,1432,1998,1998,0,No,895,14,237.01,0.12,125.14,24
MED0346,Rosuvastatin 500mg Inhaler,Vaccine,GSK,No,2025-11,895,3200,2868,2868,0,No,1227,14,237.01,0.12,128.54,24
MED0346,Rosuvastatin 500mg Inhaler,Vaccine,GSK,No,2025-12,1227,2561,2752,2752,0,No,1036,14,237.01,0.12,131.8,24
MED0346,Rosuvastatin 500mg Inhaler,Vaccine,GSK,No,2026-01,1036,3077,2924,2924,0,No,1189,14,237.01,0.12,132.86,24
MED0346,Rosuvastatin 500mg Inhaler,Vaccine,GSK,No,2026-02,1189,2525,2452,2452,0,No,1262,14,237.01,0.12,133.88,24
MED0346,Rosuvastatin 500mg Inhaler,Vaccine,GSK,No,2026-03,1262,1578,2038,2038,0,No,802,14,237.01,0.12,133.12,24
MED0346,Rosuvastatin 500mg Inhaler,Vaccine,GSK,No,2026-04,802,2223,1765,1765,0,No,1260,14,237.01,0.12,135.1,24
MED0346,Rosuvastatin 500mg Inhaler,Vaccine,GSK,No,2026-05,1260,2000,1541,1541,0,No,1719,14,237.01,0.12,135.35,24
MED0346,Rosuvastatin 500mg Inhaler,Vaccine,GSK,No,2026-06,1719,1366,1439,1439,0,No,1646,14,237.01,0.12,135.5,24
MED0346,Rosuvastatin 500mg Inhaler,Vaccine,GSK,No,2026-07,1646,1965,1632,1632,0,No,1979,14,237.01,0.12,134.94,24
MED0347,Bisacodyl 10mg Drops,Dermatological,Abbott,No,2025-08,1330,3345,4351,4351,0,No,324,7,445.48,0.17,81.72,36
MED0347,Bisacodyl 10mg Drops,Dermatological,Abbott,No,2025-09,324,0,3936,324,3612,Yes,0,7,445.48,0.17,82.91,36
MED0347,Bisacodyl 10mg Drops,Dermatological,Abbott,No,2025-10,0,2286,2030,2030,0,No,256,7,445.48,0.17,84.58,36
MED0347,Bisacodyl 10mg Drops,Dermatological,Abbott,No,2025-11,256,1911,1626,1626,0,No,541,7,445.48,0.17,82.76,36
MED0347,Bisacodyl 10mg Drops,Dermatological,Abbott,No,2025-12,541,1384,1524,1524,0,No,401,7,445.48,0.17,84.47,36
MED0347,Bisacodyl 10mg Drops,Dermatological,Abbott,No,2026-01,401,1835,1686,1686,0,No,550,7,445.48,0.17,84.68,36
MED0347,Bisacodyl 10mg Drops,Dermatological,Abbott,No,2026-02,550,0,1499,550,949,Yes,0,7,445.48,0.17,86.45,36
MED0347,Bisacodyl 10mg Drops,Dermatological,Abbott,No,2026-03,0,2030,1792,1792,0,No,238,7,445.48,0.17,86.1,36
MED0347,Bisacodyl 10mg Drops,Dermatological,Abbott,No,2026-04,238,1964,2000,2000,0,No,202,7,445.48,0.17,85.48,36
MED0347,Bisacodyl 10mg Drops,Dermatological,Abbott,No,2026-05,202,3049,2917,2917,0,No,334,7,445.48,0.17,87.62,36
MED0347,Bisacodyl 10mg Drops,Dermatological,Abbott,No,2026-06,334,2768,3899,3102,797,Yes,0,7,445.48,0.17,86.34,36
MED0347,Bisacodyl 10mg Drops,Dermatological,Abbott,No,2026-07,0,4602,4855,4602,253,Yes,0,7,445.48,0.17,88.11,36
MED0348,Nitroglycerin 2.5mg Suspension,Cardiac,Intas,Yes,2025-08,237,480,604,604,0,No,113,10,11.4,0.17,211.85,24
MED0348,Nitroglycerin 2.5mg Suspension,Cardiac,Intas,Yes,2025-09,113,486,519,519,0,No,80,10,11.4,0.17,211.64,24
MED0348,Nitroglycerin 2.5mg Suspension,Cardiac,Intas,Yes,2025-10,80,209,293,289,4,Yes,0,10,11.4,0.17,211.83,24
MED0348,Nitroglycerin 2.5mg Suspension,Cardiac,Intas,Yes,2025-11,0,238,206,206,0,No,32,10,11.4,0.17,209.27,24
MED0348,Nitroglycerin 2.5mg Suspension,Cardiac,Intas,Yes,2025-12,32,216,174,174,0,No,74,10,11.4,0.17,210.24,24
MED0348,Nitroglycerin 2.5mg Suspension,Cardiac,Intas,Yes,2026-01,74,165,212,212,0,No,27,10,11.4,0.17,207.91,24
MED0348,Nitroglycerin 2.5mg Suspension,Cardiac,Intas,Yes,2026-02,27,263,226,226,0,No,64,10,11.4,0.17,201.76,24
MED0348,Nitroglycerin 2.5mg Suspension,Cardiac,Intas,Yes,2026-03,64,254,260,260,0,No,58,10,11.4,0.17,198.72,24
MED0348,Nitroglycerin 2.5mg Suspension,Cardiac,Intas,Yes,2026-04,58,279,272,272,0,No,65,10,11.71,0.17,192.78,24
MED0348,Nitroglycerin 2.5mg Suspension,Cardiac,Intas,Yes,2026-05,65,346,284,284,0,No,127,10,11.71,0.17,199.16,24
MED0348,Nitroglycerin 2.5mg Suspension,Cardiac,Intas,Yes,2026-06,127,0,547,127,420,Yes,0,10,11.71,0.17,205.38,24
MED0348,Nitroglycerin 2.5mg Suspension,Cardiac,Intas,Yes,2026-07,0,504,518,504,14,Yes,0,10,11.71,0.17,203.98,24
MED0349,Cefixime 5ml Suspension,Gastrointestinal,Alkem,Yes,2025-08,524,1742,2139,2139,0,No,127,4,533.18,0.28,109.98,18
MED0349,Cefixime 5ml Suspension,Gastrointestinal,Alkem,Yes,2025-09,127,1755,2484,1882,602,Yes,0,4,533.18,0.28,108.91,18
MED0349,Cefixime 5ml Suspension,Gastrointestinal,Alkem,Yes,2025-10,0,1610,2018,1610,408,Yes,0,4,533.18,0.28,110.1,18
MED0349,Cefixime 5ml Suspension,Gastrointestinal,Alkem,Yes,2025-11,0,1669,2366,1669,697,Yes,0,4,533.18,0.28,112.22,18
MED0349,Cefixime 5ml Suspension,Gastrointestinal,Alkem,Yes,2025-12,0,1971,2708,1971,737,Yes,0,4,533.18,0.28,115.32,18
MED0349,Cefixime 5ml Suspension,Gastrointestinal,Alkem,Yes,2026-01,0,2030,2397,2030,367,Yes,0,4,533.18,0.28,114.63,18
MED0349,Cefixime 5ml Suspension,Gastrointestinal,Alkem,Yes,2026-02,0,0,2476,0,2476,Yes,0,4,533.18,0.28,116.59,18
MED0349,Cefixime 5ml Suspension,Gastrointestinal,Alkem,Yes,2026-03,0,0,2388,0,2388,Yes,0,4,533.18,0.28,114.97,18
MED0349,Cefixime 5ml Suspension,Gastrointestinal,Alkem,Yes,2026-04,0,2088,2647,2088,559,Yes,0,4,545.21,0.28,118.37,18
MED0349,Cefixime 5ml Suspension,Gastrointestinal,Alkem,Yes,2026-05,0,2744,2720,2720,0,No,24,4,545.21,0.28,115.08,18
MED0349,Cefixime 5ml Suspension,Gastrointestinal,Alkem,Yes,2026-06,24,1533,2031,1557,474,Yes,0,4,545.21,0.28,115.8,18
MED0349,Cefixime 5ml Suspension,Gastrointestinal,Alkem,Yes,2026-07,0,2167,2029,2029,0,No,138,4,545.21,0.28,116.91,18
MED0350,Enoxaparin 20mg Injection,Gastrointestinal,Biocon,No,2025-08,3894,1705,2396,2396,0,No,3203,21,466.38,0.25,141.35,9
MED0350,Enoxaparin 20mg Injection,Gastrointestinal,Biocon,No,2025-09,3203,2867,2526,2526,0,No,3544,21,466.38,0.25,137.97,9
MED0350,Enoxaparin 20mg Injection,Gastrointestinal,Biocon,No,2025-10,3544,3878,3653,3653,0,No,3769,21,466.38,0.25,141.88,9
MED0350,Enoxaparin 20mg Injection,Gastrointestinal,Biocon,No,2025-11,3769,5063,4075,4075,0,No,4757,21,466.38,0.25,139.04,9
MED0350,Enoxaparin 20mg Injection,Gastrointestinal,Biocon,No,2025-12,4757,6023,4683,4683,0,No,6097,21,466.38,0.25,140.13,9
MED0350,Enoxaparin 20mg Injection,Gastrointestinal,Biocon,No,2026-01,6097,5407,5811,5811,0,No,5693,21,466.38,0.25,137.66,9
MED0350,Enoxaparin 20mg Injection,Gastrointestinal,Biocon,No,2026-02,5693,4257,4922,4922,0,No,5028,21,466.38,0.25,135.94,9
MED0350,Enoxaparin 20mg Injection,Gastrointestinal,Biocon,No,2026-03,5028,3769,3597,3597,0,No,5200,21,466.38,0.25,136.35,9
MED0350,Enoxaparin 20mg Injection,Gastrointestinal,Biocon,No,2026-04,5200,3565,2789,2789,0,No,5976,21,466.38,0.25,135.61,9
MED0350,Enoxaparin 20mg Injection,Gastrointestinal,Biocon,No,2026-05,5976,1721,1906,1906,0,No,5791,21,466.38,0.25,132.58,9
MED0350,Enoxaparin 20mg Injection,Gastrointestinal,Biocon,No,2026-06,5791,2834,2324,2324,0,No,6301,21,466.38,0.25,129.65,9
MED0350,Enoxaparin 20mg Injection,Gastrointestinal,Biocon,No,2026-07,6301,2057,2458,2458,0,No,5900,21,466.38,0.25,128.92,9
MED0351,Clopidogrel 1mg Injection,Antidiabetic,GSK,Yes,2025-08,790,1704,1820,1820,0,No,674,10,341.04,0.28,68.68,18
MED0351,Clopidogrel 1mg Injection,Antidiabetic,GSK,Yes,2025-09,674,1707,1567,1567,0,No,814,10,341.04,0.28,69.79,18
MED0351,Clopidogrel 1mg Injection,Antidiabetic,GSK,Yes,2025-10,814,1620,1304,1304,0,No,1130,10,341.04,0.28,71.51,18
MED0351,Clopidogrel 1mg Injection,Antidiabetic,GSK,Yes,2025-11,1130,1217,1060,1060,0,No,1287,10,341.04,0.28,69.71,18
MED0351,Clopidogrel 1mg Injection,Antidiabetic,GSK,Yes,2025-12,1287,1174,914,914,0,No,1547,10,341.04,0.28,69.25,18
MED0351,Clopidogrel 1mg Injection,Antidiabetic,GSK,Yes,2026-01,1547,751,981,981,0,No,1317,10,341.04,0.28,67.52,18
MED0351,Clopidogrel 1mg Injection,Antidiabetic,GSK,Yes,2026-02,1317,998,931,931,0,No,1384,10,341.04,0.28,65.43,18
MED0351,Clopidogrel 1mg Injection,Antidiabetic,GSK,Yes,2026-03,1384,1200,1360,1360,0,No,1224,10,341.04,0.28,66.13,18
MED0351,Clopidogrel 1mg Injection,Antidiabetic,GSK,Yes,2026-04,1224,2212,1842,1842,0,No,1594,10,354.75,0.28,66.57,18
MED0351,Clopidogrel 1mg Injection,Antidiabetic,GSK,Yes,2026-05,1594,2850,2433,2433,0,No,2011,10,354.75,0.28,65.11,18
MED0351,Clopidogrel 1mg Injection,Antidiabetic,GSK,Yes,2026-06,2011,1615,2113,2113,0,No,1513,10,354.75,0.28,63.96,18
MED0351,Clopidogrel 1mg Injection,Antidiabetic,GSK,Yes,2026-07,1513,1297,1744,1744,0,No,1066,10,354.75,0.28,62.5,18
MED0352,Rabies Vaccine 5mg Capsule,Gastrointestinal,Mankind,No,2025-08,101,525,651,626,25,Yes,0,3,441.07,0.2,127.5,18
MED0352,Rabies Vaccine 5mg Capsule,Gastrointestinal,Mankind,No,2025-09,0,557,523,523,0,No,34,3,441.07,0.2,131.31,18
MED0352,Rabies Vaccine 5mg Capsule,Gastrointestinal,Mankind,No,2025-10,34,544,436,436,0,No,142,3,441.07,0.2,128.38,18
MED0352,Rabies Vaccine 5mg Capsule,Gastrointestinal,Mankind,No,2025-11,142,295,304,304,0,No,133,3,441.07,0.2,126.22,18
MED0352,Rabies Vaccine 5mg Capsule,Gastrointestinal,Mankind,No,2025-12,133,462,366,366,0,No,229,3,441.07,0.2,129.18,18
MED0352,Rabies Vaccine 5mg Capsule,Gastrointestinal,Mankind,No,2026-01,229,274,301,301,0,No,202,3,441.07,0.2,132.61,18
MED0352,Rabies Vaccine 5mg Capsule,Gastrointestinal,Mankind,No,2026-02,202,414,349,349,0,No,267,3,441.07,0.2,131.96,18
MED0352,Rabies Vaccine 5mg Capsule,Gastrointestinal,Mankind,No,2026-03,267,473,492,492,0,No,248,3,441.07,0.2,128.35,18
MED0352,Rabies Vaccine 5mg Capsule,Gastrointestinal,Mankind,No,2026-04,248,805,654,654,0,No,399,3,441.07,0.2,124.65,18
MED0352,Rabies Vaccine 5mg Capsule,Gastrointestinal,Mankind,No,2026-05,399,666,922,922,0,No,143,3,441.07,0.2,125.24,18
MED0352,Rabies Vaccine 5mg Capsule,Gastrointestinal,Mankind,No,2026-06,143,588,700,700,0,No,31,3,441.07,0.2,124.38,18
MED0352,Rabies Vaccine 5mg Capsule,Gastrointestinal,Mankind,No,2026-07,31,658,759,689,70,Yes,0,3,441.07,0.2,120.59,18
MED0353,Risperidone 20mg Injection,Antidiabetic,Aurobindo,No,2025-08,682,2121,2099,2099,0,No,704,5,656.14,0.13,194.42,36
MED0353,Risperidone 20mg Injection,Antidiabetic,Aurobindo,No,2025-09,704,0,2410,704,1706,Yes,0,5,656.14,0.13,195.44,36
MED0353,Risperidone 20mg Injection,Antidiabetic,Aurobindo,No,2025-10,0,2679,2989,2679,310,Yes,0,5,656.14,0.13,189.45,36
MED0353,Risperidone 20mg Injection,Antidiabetic,Aurobindo,No,2025-11,0,3483,3490,3483,7,Yes,0,5,656.14,0.13,192.97,36
MED0353,Risperidone 20mg Injection,Antidiabetic,Aurobindo,No,2025-12,0,5095,5073,5073,0,No,22,5,656.14,0.13,190.6,36
MED0353,Risperidone 20mg Injection,Antidiabetic,Aurobindo,No,2026-01,22,4590,4043,4043,0,No,569,5,656.14,0.13,184.97,36
MED0353,Risperidone 20mg Injection,Antidiabetic,Aurobindo,No,2026-02,569,3459,3991,3991,0,No,37,5,656.14,0.13,186.05,36
MED0353,Risperidone 20mg Injection,Antidiabetic,Aurobindo,No,2026-03,37,3579,2991,2991,0,No,625,5,656.14,0.13,184.8,36
MED0353,Risperidone 20mg Injection,Antidiabetic,Aurobindo,No,2026-04,625,2543,2538,2538,0,No,630,5,656.14,0.13,190.6,36
MED0353,Risperidone 20mg Injection,Antidiabetic,Aurobindo,No,2026-05,630,0,2054,630,1424,Yes,0,5,656.14,0.13,191.14,36
MED0353,Risperidone 20mg Injection,Antidiabetic,Aurobindo,No,2026-06,0,1531,1934,1531,403,Yes,0,5,656.14,0.13,188.39,36
MED0353,Risperidone 20mg Injection,Antidiabetic,Aurobindo,No,2026-07,0,2747,2173,2173,0,No,574,5,656.14,0.13,190.96,36
MED0354,Rabies Vaccine 250mg Tablet,Vaccine,Zydus,Yes,2025-08,677,5695,5249,5249,0,No,1123,3,714.96,0.13,321.4,9
MED0354,Rabies Vaccine 250mg Tablet,Vaccine,Zydus,Yes,2025-09,1123,0,4721,1123,3598,Yes,0,3,714.96,0.13,316.77,9
MED0354,Rabies Vaccine 250mg Tablet,Vaccine,Zydus,Yes,2025-10,0,5566,4411,4411,0,No,1155,3,714.96,0.13,324.96,9
MED0354,Rabies Vaccine 250mg Tablet,Vaccine,Zydus,Yes,2025-11,1155,2602,3335,3335,0,No,422,3,714.96,0.13,322.42,9
MED0354,Rabies Vaccine 250mg Tablet,Vaccine,Zydus,Yes,2025-12,422,3151,3056,3056,0,No,517,3,714.96,0.13,323.43,9
MED0354,Rabies Vaccine 250mg Tablet,Vaccine,Zydus,Yes,2026-01,517,1943,2729,2460,269,Yes,0,3,714.96,0.13,314.33,9
MED0354,Rabies Vaccine 250mg Tablet,Vaccine,Zydus,Yes,2026-02,0,3825,3981,3825,156,Yes,0,3,714.96,0.13,312.83,9
MED0354,Rabies Vaccine 250mg Tablet,Vaccine,Zydus,Yes,2026-03,0,4716,3889,3889,0,No,827,3,714.96,0.13,319.56,9
MED0354,Rabies Vaccine 250mg Tablet,Vaccine,Zydus,Yes,2026-04,827,6143,6925,6925,0,No,45,3,751.89,0.13,325.75,9
MED0354,Rabies Vaccine 250mg Tablet,Vaccine,Zydus,Yes,2026-05,45,7556,7491,7491,0,No,110,3,751.89,0.13,320.17,9
MED0354,Rabies Vaccine 250mg Tablet,Vaccine,Zydus,Yes,2026-06,110,7088,8546,7198,1348,Yes,0,3,751.89,0.13,314.62,9
MED0354,Rabies Vaccine 250mg Tablet,Vaccine,Zydus,Yes,2026-07,0,6325,6966,6325,641,Yes,0,3,751.89,0.13,321.04,9
MED0355,Cetirizine 250mg Injection,Respiratory,Zydus,No,2025-08,6444,3065,3252,3252,0,No,6257,21,666.65,0.17,339.63,6
MED0355,Cetirizine 250mg Injection,Respiratory,Zydus,No,2025-09,6257,3510,3177,3177,0,No,6590,21,666.65,0.17,330.97,6
MED0355,Cetirizine 250mg Injection,Respiratory,Zydus,No,2025-10,6590,4850,4063,4063,0,No,7377,21,666.65,0.17,329.9,6
MED0355,Cetirizine 250mg Injection,Respiratory,Zydus,No,2025-11,7377,4392,4516,4516,0,No,7253,21,666.65,0.17,326.42,6
MED0355,Cetirizine 250mg Injection,Respiratory,Zydus,No,2025-12,7253,6313,5454,5454,0,No,8112,21,666.65,0.17,334.35,6
MED0355,Cetirizine 250mg Injection,Respiratory,Zydus,No,2026-01,8112,8414,7325,7325,0,No,9201,21,666.65,0.17,325.44,6
MED0355,Cetirizine 250mg Injection,Respiratory,Zydus,No,2026-02,9201,5507,5872,5872,0,No,8836,21,666.65,0.17,319.26,6
MED0355,Cetirizine 250mg Injection,Respiratory,Zydus,No,2026-03,8836,4821,4224,4224,0,No,9433,21,666.65,0.17,324.66,6
MED0355,Cetirizine 250mg Injection,Respiratory,Zydus,No,2026-04,9433,3565,3447,3447,0,No,9551,21,666.65,0.17,315.06,6
MED0355,Cetirizine 250mg Injection,Respiratory,Zydus,No,2026-05,9551,2098,2519,2519,0,No,9130,21,666.65,0.17,314.9,6
MED0355,Cetirizine 250mg Injection,Respiratory,Zydus,No,2026-06,9130,1951,2663,2663,0,No,8418,21,666.65,0.17,313.66,6
MED0355,Cetirizine 250mg Injection,Respiratory,Zydus,No,2026-07,8418,1860,2458,2458,0,No,7820,21,666.65,0.17,310.12,6
MED0356,Ranitidine 10mg Capsule,Anesthetic,Aurobindo,No,2025-08,232,1362,1508,1508,0,No,86,3,467.84,0.28,157.13,6
MED0356,Ranitidine 10mg Capsule,Anesthetic,Aurobindo,No,2025-09,86,1172,1561,1258,303,Yes,0,3,467.84,0.28,156.09,6
MED0356,Ranitidine 10mg Capsule,Anesthetic,Aurobindo,No,2025-10,0,1095,1380,1095,285,Yes,0,3,467.84,0.28,156.39,6
MED0356,Ranitidine 10mg Capsule,Anesthetic,Aurobindo,No,2025-11,0,1041,1453,1041,412,Yes,0,3,467.84,0.28,153.04,6
MED0356,Ranitidine 10mg Capsule,Anesthetic,Aurobindo,No,2025-12,0,0,1494,0,1494,Yes,0,3,467.84,0.28,153.75,6
MED0356,Ranitidine 10mg Capsule,Anesthetic,Aurobindo,No,2026-01,0,0,1632,0,1632,Yes,0,3,467.84,0.28,156.77,6
MED0356,Ranitidine 10mg Capsule,Anesthetic,Aurobindo,No,2026-02,0,1467,1542,1467,75,Yes,0,3,467.84,0.28,159.35,6
MED0356,Ranitidine 10mg Capsule,Anesthetic,Aurobindo,No,2026-03,0,1471,1640,1471,169,Yes,0,3,467.84,0.28,155.92,6
MED0356,Ranitidine 10mg Capsule,Anesthetic,Aurobindo,No,2026-04,0,1872,1589,1589,0,No,283,3,467.84,0.28,152.45,6
MED0356,Ranitidine 10mg Capsule,Anesthetic,Aurobindo,No,2026-05,283,2171,1684,1684,0,No,770,3,467.84,0.28,150.16,6
MED0356,Ranitidine 10mg Capsule,Anesthetic,Aurobindo,No,2026-06,770,1565,1252,1252,0,No,1083,3,467.84,0.28,148.78,6
MED0356,Ranitidine 10mg Capsule,Anesthetic,Aurobindo,No,2026-07,1083,1675,1639,1639,0,No,1119,3,467.84,0.28,147.87,6
MED0357,Bisacodyl 1mg Injection,Analgesic,Mankind,No,2025-08,262,1292,1331,1331,0,No,223,5,493.33,0.19,163.05,36
MED0357,Bisacodyl 1mg Injection,Analgesic,Mankind,No,2025-09,223,1836,1513,1513,0,No,546,5,493.33,0.19,164.9,36
MED0357,Bisacodyl 1mg Injection,Analgesic,Mankind,No,2025-10,546,2021,1748,1748,0,No,819,5,493.33,0.19,160.35,36
MED0357,Bisacodyl 1mg Injection,Analgesic,Mankind,No,2025-11,819,0,1657,819,838,Yes,0,5,493.33,0.19,155.57,36
MED0357,Bisacodyl 1mg Injection,Analgesic,Mankind,No,2025-12,0,1241,1449,1241,208,Yes,0,5,493.33,0.19,154.46,36
MED0357,Bisacodyl 1mg Injection,Analgesic,Mankind,No,2026-01,0,2039,1624,1624,0,No,415,5,493.33,0.19,156.49,36
MED0357,Bisacodyl 1mg Injection,Analgesic,Mankind,No,2026-02,415,1514,1692,1692,0,No,237,5,493.33,0.19,153.34,36
MED0357,Bisacodyl 1mg Injection,Analgesic,Mankind,No,2026-03,237,1214,1722,1451,271,Yes,0,5,493.33,0.19,154.79,36
MED0357,Bisacodyl 1mg Injection,Analgesic,Mankind,No,2026-04,0,0,1696,0,1696,Yes,0,5,493.33,0.19,152.32,36
MED0357,Bisacodyl 1mg Injection,Analgesic,Mankind,No,2026-05,0,2125,1702,1702,0,No,423,5,493.33,0.19,156.29,36
MED0357,Bisacodyl 1mg Injection,Analgesic,Mankind,No,2026-06,423,1394,1579,1579,0,No,238,5,493.33,0.19,160.35,36
MED0357,Bisacodyl 1mg Injection,Analgesic,Mankind,No,2026-07,238,1284,1698,1522,176,Yes,0,5,493.33,0.19,158.27,36
MED0358,Fluconazole 10ml Syrup,Anesthetic,Lupin,No,2025-08,341,1119,1424,1424,0,No,36,5,321.47,0.17,79.32,18
MED0358,Fluconazole 10ml Syrup,Anesthetic,Lupin,No,2025-09,36,1338,1202,1202,0,No,172,5,321.47,0.17,77.97,18
MED0358,Fluconazole 10ml Syrup,Anesthetic,Lupin,No,2025-10,172,1248,987,987,0,No,433,5,321.47,0.17,77.53,18
MED0358,Fluconazole 10ml Syrup,Anesthetic,Lupin,No,2025-11,433,994,870,870,0,No,557,5,321.47,0.17,76.23,18
MED0358,Fluconazole 10ml Syrup,Anesthetic,Lupin,No,2025-12,557,925,845,845,0,No,637,5,321.47,0.17,77.09,18
MED0358,Fluconazole 10ml Syrup,Anesthetic,Lupin,No,2026-01,637,0,632,632,0,No,5,5,321.47,0.17,78.72,18
MED0358,Fluconazole 10ml Syrup,Anesthetic,Lupin,No,2026-02,5,0,762,5,757,Yes,0,5,321.47,0.17,79.58,18
MED0358,Fluconazole 10ml Syrup,Anesthetic,Lupin,No,2026-03,0,1467,1232,1232,0,No,235,5,321.47,0.17,81.2,18
MED0358,Fluconazole 10ml Syrup,Anesthetic,Lupin,No,2026-04,235,1422,1741,1657,84,Yes,0,5,321.47,0.17,80.69,18
MED0358,Fluconazole 10ml Syrup,Anesthetic,Lupin,No,2026-05,0,1426,1986,1426,560,Yes,0,5,321.47,0.17,78.97,18
MED0358,Fluconazole 10ml Syrup,Anesthetic,Lupin,No,2026-06,0,2095,1799,1799,0,No,296,5,321.47,0.17,80.16,18
MED0358,Fluconazole 10ml Syrup,Anesthetic,Lupin,No,2026-07,296,0,1630,296,1334,Yes,0,5,321.47,0.17,79.46,18
MED0359,Mebendazole 10ml Inhaler,Cardiac,GSK,No,2025-08,1525,4091,4640,4640,0,No,976,5,276.71,0.25,207.49,36
MED0359,Mebendazole 10ml Inhaler,Cardiac,GSK,No,2025-09,976,4344,4156,4156,0,No,1164,5,276.71,0.25,209.73,36
MED0359,Mebendazole 10ml Inhaler,Cardiac,GSK,No,2025-10,1164,5510,5171,5171,0,No,1503,5,276.71,0.25,206.73,36
MED0359,Mebendazole 10ml Inhaler,Cardiac,GSK,No,2025-11,1503,5408,4958,4958,0,No,1953,5,276.71,0.25,201.26,36
MED0359,Mebendazole 10ml Inhaler,Cardiac,GSK,No,2025-12,1953,5360,4136,4136,0,No,3177,5,276.71,0.25,207.7,36
MED0359,Mebendazole 10ml Inhaler,Cardiac,GSK,No,2026-01,3177,6083,4983,4983,0,No,4277,5,276.71,0.25,203.21,36
MED0359,Mebendazole 10ml Inhaler,Cardiac,GSK,No,2026-02,4277,4044,5412,5412,0,No,2909,5,276.71,0.25,209.59,36
MED0359,Mebendazole 10ml Inhaler,Cardiac,GSK,No,2026-03,2909,3896,5030,5030,0,No,1775,5,276.71,0.25,215.83,36
MED0359,Mebendazole 10ml Inhaler,Cardiac,GSK,No,2026-04,1775,4159,4927,4927,0,No,1007,5,276.71,0.25,219.67,36
MED0359,Mebendazole 10ml Inhaler,Cardiac,GSK,No,2026-05,1007,0,4969,1007,3962,Yes,0,5,276.71,0.25,221.75,36
MED0359,Mebendazole 10ml Inhaler,Cardiac,GSK,No,2026-06,0,6148,4898,4898,0,No,1250,5,276.71,0.25,222.77,36
MED0359,Mebendazole 10ml Inhaler,Cardiac,GSK,No,2026-07,1250,4900,5373,5373,0,No,777,5,276.71,0.25,226.16,36
MED0360,Furosemide 250mg Capsule,Emergency/Critical Care,Mankind,No,2025-08,1093,2734,3030,3030,0,No,797,5,64.95,0.27,274.09,36
MED0360,Furosemide 250mg Capsule,Emergency/Critical Care,Mankind,No,2025-09,797,3214,3028,3028,0,No,983,5,64.95,0.27,270.45,36
MED0360,Furosemide 250mg Capsule,Emergency/Critical Care,Mankind,No,2025-10,983,3615,3188,3188,0,No,1410,5,64.95,0.27,269.89,36
MED0360,Furosemide 250mg Capsule,Emergency/Critical Care,Mankind,No,2025-11,1410,0,3065,1410,1655,Yes,0,5,64.95,0.27,271.95,36
MED0360,Furosemide 250mg Capsule,Emergency/Critical Care,Mankind,No,2025-12,0,2103,2624,2103,521,Yes,0,5,64.95,0.27,270.42,36
MED0360,Furosemide 250mg Capsule,Emergency/Critical Care,Mankind,No,2026-01,0,3063,2786,2786,0,No,277,5,64.95,0.27,269.17,36
MED0360,Furosemide 250mg Capsule,Emergency/Critical Care,Mankind,No,2026-02,277,2598,2427,2427,0,No,448,5,64.95,0.27,266.24,36
MED0360,Furosemide 250mg Capsule,Emergency/Critical Care,Mankind,No,2026-03,448,2398,3109,2846,263,Yes,0,5,64.95,0.27,267.35,36
MED0360,Furosemide 250mg Capsule,Emergency/Critical Care,Mankind,No,2026-04,0,2389,2713,2389,324,Yes,0,5,64.95,0.27,273.4,36
MED0360,Furosemide 250mg Capsule,Emergency/Critical Care,Mankind,No,2026-05,0,3137,2904,2904,0,No,233,5,64.95,0.27,268.25,36
MED0360,Furosemide 250mg Capsule,Emergency/Critical Care,Mankind,No,2026-06,233,2377,2551,2551,0,No,59,5,64.95,0.27,275.75,36
MED0360,Furosemide 250mg Capsule,Emergency/Critical Care,Mankind,No,2026-07,59,2470,2819,2529,290,Yes,0,5,64.95,0.27,279.02,36
MED0361,Domperidone 1mg Syrup,Dermatological,Cadila,No,2025-08,1414,0,1618,1414,204,Yes,0,14,99.91,0.26,340.99,18
MED0361,Domperidone 1mg Syrup,Dermatological,Cadila,No,2025-09,0,1754,1665,1665,0,No,89,14,99.91,0.26,347.93,18
MED0361,Domperidone 1mg Syrup,Dermatological,Cadila,No,2025-10,89,0,1922,89,1833,Yes,0,14,99.91,0.26,349.14,18
MED0361,Domperidone 1mg Syrup,Dermatological,Cadila,No,2025-11,0,1826,1937,1826,111,Yes,0,14,99.91,0.26,355.14,18
MED0361,Domperidone 1mg Syrup,Dermatological,Cadila,No,2025-12,0,0,1790,0,1790,Yes,0,14,99.91,0.26,344.75,18
MED0361,Domperidone 1mg Syrup,Dermatological,Cadila,No,2026-01,0,2156,1821,1821,0,No,335,14,99.91,0.26,351.59,18
MED0361,Domperidone 1mg Syrup,Dermatological,Cadila,No,2026-02,335,1878,1651,1651,0,No,562,14,99.91,0.26,341.71,18
MED0361,Domperidone 1mg Syrup,Dermatological,Cadila,No,2026-03,562,0,1939,562,1377,Yes,0,14,99.91,0.26,350.09,18
MED0361,Domperidone 1mg Syrup,Dermatological,Cadila,No,2026-04,0,1146,1560,1146,414,Yes,0,14,99.91,0.26,360.66,18
MED0361,Domperidone 1mg Syrup,Dermatological,Cadila,No,2026-05,0,0,1717,0,1717,Yes,0,14,99.91,0.26,356.24,18
MED0361,Domperidone 1mg Syrup,Dermatological,Cadila,No,2026-06,0,0,1861,0,1861,Yes,0,14,99.91,0.26,350.02,18
MED0361,Domperidone 1mg Syrup,Dermatological,Cadila,No,2026-07,0,2059,1690,1690,0,No,369,14,99.91,0.26,355.72,18
MED0362,Dextrose 5% 5mg Injection,Antibiotic,Aurobindo,No,2025-08,1851,2385,2746,2746,0,No,1490,14,537.96,0.2,291,6
MED0362,Dextrose 5% 5mg Injection,Antibiotic,Aurobindo,No,2025-09,1490,0,2616,1490,1126,Yes,0,14,537.96,0.2,286.47,6
MED0362,Dextrose 5% 5mg Injection,Antibiotic,Aurobindo,No,2025-10,0,1984,1571,1571,0,No,413,14,537.96,0.2,293.17,6
MED0362,Dextrose 5% 5mg Injection,Antibiotic,Aurobindo,No,2025-11,413,1753,1493,1493,0,No,673,14,537.96,0.2,285.89,6
MED0362,Dextrose 5% 5mg Injection,Antibiotic,Aurobindo,No,2025-12,673,961,1001,1001,0,No,633,14,537.96,0.2,279.03,6
MED0362,Dextrose 5% 5mg Injection,Antibiotic,Aurobindo,No,2026-01,633,787,1016,1016,0,No,404,14,537.96,0.2,287.81,6
MED0362,Dextrose 5% 5mg Injection,Antibiotic,Aurobindo,No,2026-02,404,1205,1041,1041,0,No,568,14,537.96,0.2,291,6
MED0362,Dextrose 5% 5mg Injection,Antibiotic,Aurobindo,No,2026-03,568,0,1385,568,817,Yes,0,14,537.96,0.2,297.36,6
MED0362,Dextrose 5% 5mg Injection,Antibiotic,Aurobindo,No,2026-04,0,1046,1328,1046,282,Yes,0,14,537.96,0.2,294.14,6
MED0362,Dextrose 5% 5mg Injection,Antibiotic,Aurobindo,No,2026-05,0,2121,1809,1809,0,No,312,14,537.96,0.2,297.38,6
MED0362,Dextrose 5% 5mg Injection,Antibiotic,Aurobindo,No,2026-06,312,3648,2852,2852,0,No,1108,14,537.96,0.2,299.11,6
MED0362,Dextrose 5% 5mg Injection,Antibiotic,Aurobindo,No,2026-07,1108,2947,2879,2879,0,No,1176,14,537.96,0.2,301,6
MED0363,Loperamide 50mg Drops,Emergency/Critical Care,Abbott,No,2025-08,213,1349,1073,1073,0,No,489,4,44.13,0.22,319.75,9
MED0363,Loperamide 50mg Drops,Emergency/Critical Care,Abbott,No,2025-09,489,1290,1159,1159,0,No,620,4,44.13,0.22,323.43,9
MED0363,Loperamide 50mg Drops,Emergency/Critical Care,Abbott,No,2025-10,620,1001,963,963,0,No,658,4,44.13,0.22,324.95,9
MED0363,Loperamide 50mg Drops,Emergency/Critical Care,Abbott,No,2025-11,658,1016,988,988,0,No,686,4,44.13,0.22,323.52,9
MED0363,Loperamide 50mg Drops,Emergency/Critical Care,Abbott,No,2025-12,686,0,1026,686,340,Yes,0,4,44.13,0.22,319.01,9
MED0363,Loperamide 50mg Drops,Emergency/Critical Care,Abbott,No,2026-01,0,0,965,0,965,Yes,0,4,44.13,0.22,324.42,9
MED0363,Loperamide 50mg Drops,Emergency/Critical Care,Abbott,No,2026-02,0,1124,1203,1124,79,Yes,0,4,44.13,0.22,318.91,9
MED0363,Loperamide 50mg Drops,Emergency/Critical Care,Abbott,No,2026-03,0,1188,1047,1047,0,No,141,4,44.13,0.22,322.78,9
MED0363,Loperamide 50mg Drops,Emergency/Critical Care,Abbott,No,2026-04,141,1150,1081,1081,0,No,210,4,44.13,0.22,317.41,9
MED0363,Loperamide 50mg Drops,Emergency/Critical Care,Abbott,No,2026-05,210,1034,1117,1117,0,No,127,4,44.13,0.22,319.93,9
MED0363,Loperamide 50mg Drops,Emergency/Critical Care,Abbott,No,2026-06,127,1045,1104,1104,0,No,68,4,44.13,0.22,324.91,9
MED0363,Loperamide 50mg Drops,Emergency/Critical Care,Abbott,No,2026-07,68,845,1188,913,275,Yes,0,4,44.13,0.22,319.24,9
MED0364,Amitriptyline 10ml Drops,Emergency/Critical Care,Abbott,No,2025-08,127,0,605,127,478,Yes,0,5,282.81,0.25,211.95,9
MED0364,Amitriptyline 10ml Drops,Emergency/Critical Care,Abbott,No,2025-09,0,430,441,430,11,Yes,0,5,282.81,0.25,206.07,9
MED0364,Amitriptyline 10ml Drops,Emergency/Critical Care,Abbott,No,2025-10,0,299,378,299,79,Yes,0,5,282.81,0.25,201.14,9
MED0364,Amitriptyline 10ml Drops,Emergency/Critical Care,Abbott,No,2025-11,0,358,305,305,0,No,53,5,282.81,0.25,202.56,9
MED0364,Amitriptyline 10ml Drops,Emergency/Critical Care,Abbott,No,2025-12,53,0,311,53,258,Yes,0,5,282.81,0.25,207.23,9
MED0364,Amitriptyline 10ml Drops,Emergency/Critical Care,Abbott,No,2026-01,0,313,247,247,0,No,66,5,282.81,0.25,201.15,9
MED0364,Amitriptyline 10ml Drops,Emergency/Critical Care,Abbott,No,2026-02,66,308,274,274,0,No,100,5,282.81,0.25,204.28,9
MED0364,Amitriptyline 10ml Drops,Emergency/Critical Care,Abbott,No,2026-03,100,340,422,422,0,No,18,5,282.81,0.25,202.16,9
MED0364,Amitriptyline 10ml Drops,Emergency/Critical Care,Abbott,No,2026-04,18,402,533,420,113,Yes,0,5,282.81,0.25,201.87,9
MED0364,Amitriptyline 10ml Drops,Emergency/Critical Care,Abbott,No,2026-05,0,871,724,724,0,No,147,5,282.81,0.25,207.6,9
MED0364,Amitriptyline 10ml Drops,Emergency/Critical Care,Abbott,No,2026-06,147,854,666,666,0,No,335,5,282.81,0.25,205.36,9
MED0364,Amitriptyline 10ml Drops,Emergency/Critical Care,Abbott,No,2026-07,335,555,593,593,0,No,297,5,282.81,0.25,204.9,9
MED0365,Sertraline 20mg Suspension,Emergency/Critical Care,Lupin,No,2025-08,302,1478,1197,1197,0,No,583,3,500.71,0.21,97.3,9
MED0365,Sertraline 20mg Suspension,Emergency/Critical Care,Lupin,No,2025-09,583,1348,1432,1432,0,No,499,3,500.71,0.21,94.32,9
MED0365,Sertraline 20mg Suspension,Emergency/Critical Care,Lupin,No,2025-10,499,1429,1474,1474,0,No,454,3,500.71,0.21,91.76,9
MED0365,Sertraline 20mg Suspension,Emergency/Critical Care,Lupin,No,2025-11,454,1576,1302,1302,0,No,728,3,500.71,0.21,90.28,9
MED0365,Sertraline 20mg Suspension,Emergency/Critical Care,Lupin,No,2025-12,728,1041,1292,1292,0,No,477,3,500.71,0.21,88.54,9
MED0365,Sertraline 20mg Suspension,Emergency/Critical Care,Lupin,No,2026-01,477,1647,1459,1459,0,No,665,3,500.71,0.21,89.35,9
MED0365,Sertraline 20mg Suspension,Emergency/Critical Care,Lupin,No,2026-02,665,1736,1402,1402,0,No,999,3,500.71,0.21,88.9,9
MED0365,Sertraline 20mg Suspension,Emergency/Critical Care,Lupin,No,2026-03,999,1001,1161,1161,0,No,839,3,500.71,0.21,89.2,9
MED0365,Sertraline 20mg Suspension,Emergency/Critical Care,Lupin,No,2026-04,839,1227,1383,1383,0,No,683,3,500.71,0.21,88.54,9
MED0365,Sertraline 20mg Suspension,Emergency/Critical Care,Lupin,No,2026-05,683,1329,1360,1360,0,No,652,3,500.71,0.21,88.54,9
MED0365,Sertraline 20mg Suspension,Emergency/Critical Care,Lupin,No,2026-06,652,1070,1327,1327,0,No,395,3,500.71,0.21,89.54,9
MED0365,Sertraline 20mg Suspension,Emergency/Critical Care,Lupin,No,2026-07,395,802,1126,1126,0,No,71,3,500.71,0.21,92.39,9
MED0366,Amitriptyline 2.5mg Syrup,Vitamin/Supplement,Cadila,No,2025-08,346,1609,1865,1865,0,No,90,5,10.37,0.14,270.11,36
MED0366,Amitriptyline 2.5mg Syrup,Vitamin/Supplement,Cadila,No,2025-09,90,1584,1738,1674,64,Yes,0,5,10.37,0.14,262.46,36
MED0366,Amitriptyline 2.5mg Syrup,Vitamin/Supplement,Cadila,No,2025-10,0,0,2019,0,2019,Yes,0,5,10.37,0.14,269.1,36
MED0366,Amitriptyline 2.5mg Syrup,Vitamin/Supplement,Cadila,No,2025-11,0,1719,1968,1719,249,Yes,0,5,10.37,0.14,270.41,36
MED0366,Amitriptyline 2.5mg Syrup,Vitamin/Supplement,Cadila,No,2025-12,0,2506,2018,2018,0,No,488,5,10.37,0.14,271.5,36
MED0366,Amitriptyline 2.5mg Syrup,Vitamin/Supplement,Cadila,No,2026-01,488,0,1885,488,1397,Yes,0,5,10.37,0.14,271.5,36
MED0366,Amitriptyline 2.5mg Syrup,Vitamin/Supplement,Cadila,No,2026-02,0,1751,1752,1751,1,Yes,0,5,10.37,0.14,264.17,36
MED0366,Amitriptyline 2.5mg Syrup,Vitamin/Supplement,Cadila,No,2026-03,0,1277,1818,1277,541,Yes,0,5,10.37,0.14,257.19,36
MED0366,Amitriptyline 2.5mg Syrup,Vitamin/Supplement,Cadila,No,2026-04,0,1493,1974,1493,481,Yes,0,5,10.37,0.14,258.91,36
MED0366,Amitriptyline 2.5mg Syrup,Vitamin/Supplement,Cadila,No,2026-05,0,1660,1731,1660,71,Yes,0,5,10.37,0.14,256.2,36
MED0366,Amitriptyline 2.5mg Syrup,Vitamin/Supplement,Cadila,No,2026-06,0,0,1630,0,1630,Yes,0,5,10.37,0.14,263.3,36
MED0366,Amitriptyline 2.5mg Syrup,Vitamin/Supplement,Cadila,No,2026-07,0,1788,1940,1788,152,Yes,0,5,10.37,0.14,261.71,36
MED0367,Cloxacillin 250mg Suspension,Antidiabetic,Cadila,No,2025-08,959,1896,1975,1975,0,No,880,5,50.1,0.13,217.9,6
MED0367,Cloxacillin 250mg Suspension,Antidiabetic,Cadila,No,2025-09,880,2418,2413,2413,0,No,885,5,50.1,0.13,213,6
MED0367,Cloxacillin 250mg Suspension,Antidiabetic,Cadila,No,2025-10,885,2401,2975,2975,0,No,311,5,50.1,0.13,215.95,6
MED0367,Cloxacillin 250mg Suspension,Antidiabetic,Cadila,No,2025-11,311,4322,3375,3375,0,No,1258,5,50.1,0.13,213.11,6
MED0367,Cloxacillin 250mg Suspension,Antidiabetic,Cadila,No,2025-12,1258,2732,3671,3671,0,No,319,5,50.1,0.13,213.46,6
MED0367,Cloxacillin 250mg Suspension,Antidiabetic,Cadila,No,2026-01,319,0,4942,319,4623,Yes,0,5,50.1,0.13,216.18,6
MED0367,Cloxacillin 250mg Suspension,Antidiabetic,Cadila,No,2026-02,0,2495,3254,2495,759,Yes,0,5,50.1,0.13,221.67,6
MED0367,Cloxacillin 250mg Suspension,Antidiabetic,Cadila,No,2026-03,0,1988,2580,1988,592,Yes,0,5,50.1,0.13,225.68,6
MED0367,Cloxacillin 250mg Suspension,Antidiabetic,Cadila,No,2026-04,0,2356,1925,1925,0,No,431,5,50.1,0.13,228.1,6
MED0367,Cloxacillin 250mg Suspension,Antidiabetic,Cadila,No,2026-05,431,2160,1833,1833,0,No,758,5,50.1,0.13,230.57,6
MED0367,Cloxacillin 250mg Suspension,Antidiabetic,Cadila,No,2026-06,758,1864,1625,1625,0,No,997,5,50.1,0.13,236.69,6
MED0367,Cloxacillin 250mg Suspension,Antidiabetic,Cadila,No,2026-07,997,1808,2011,2011,0,No,794,5,50.1,0.13,233.89,6
MED0368,Lactulose 5ml Suspension,Vitamin/Supplement,Cipla,No,2025-08,146,641,829,787,42,Yes,0,2,148.63,0.21,240.13,36
MED0368,Lactulose 5ml Suspension,Vitamin/Supplement,Cipla,No,2025-09,0,1085,891,891,0,No,194,2,148.63,0.21,232.58,36
MED0368,Lactulose 5ml Suspension,Vitamin/Supplement,Cipla,No,2025-10,194,1044,834,834,0,No,404,2,148.63,0.21,229.13,36
MED0368,Lactulose 5ml Suspension,Vitamin/Supplement,Cipla,No,2025-11,404,0,896,404,492,Yes,0,2,148.63,0.21,224.86,36
MED0368,Lactulose 5ml Suspension,Vitamin/Supplement,Cipla,No,2025-12,0,0,833,0,833,Yes,0,2,148.63,0.21,227.31,36
MED0368,Lactulose 5ml Suspension,Vitamin/Supplement,Cipla,No,2026-01,0,924,840,840,0,No,84,2,148.63,0.21,229.33,36
MED0368,Lactulose 5ml Suspension,Vitamin/Supplement,Cipla,No,2026-02,84,867,880,880,0,No,71,2,148.63,0.21,230.74,36
MED0368,Lactulose 5ml Suspension,Vitamin/Supplement,Cipla,No,2026-03,71,713,939,784,155,Yes,0,2,148.63,0.21,223.42,36
MED0368,Lactulose 5ml Suspension,Vitamin/Supplement,Cipla,No,2026-04,0,890,802,802,0,No,88,2,148.63,0.21,226.88,36
MED0368,Lactulose 5ml Suspension,Vitamin/Supplement,Cipla,No,2026-05,88,1009,941,941,0,No,156,2,148.63,0.21,224.21,36
MED0368,Lactulose 5ml Suspension,Vitamin/Supplement,Cipla,No,2026-06,156,680,875,836,39,Yes,0,2,148.63,0.21,226.71,36
MED0368,Lactulose 5ml Suspension,Vitamin/Supplement,Cipla,No,2026-07,0,880,816,816,0,No,64,2,148.63,0.21,227.57,36
MED0369,Hepatitis B Vaccine 1mg Syrup,Anesthetic,Cadila,Yes,2025-08,273,233,232,232,0,No,274,21,547.61,0.27,84.19,18
MED0369,Hepatitis B Vaccine 1mg Syrup,Anesthetic,Cadila,Yes,2025-09,274,325,273,273,0,No,326,21,547.61,0.27,83.36,18
MED0369,Hepatitis B Vaccine 1mg Syrup,Anesthetic,Cadila,Yes,2025-10,326,0,243,243,0,No,83,21,547.61,0.27,81.42,18
MED0369,Hepatitis B Vaccine 1mg Syrup,Anesthetic,Cadila,Yes,2025-11,83,287,245,245,0,No,125,21,547.61,0.27,79.27,18
MED0369,Hepatitis B Vaccine 1mg Syrup,Anesthetic,Cadila,Yes,2025-12,125,191,215,215,0,No,101,21,547.61,0.27,81.03,18
MED0369,Hepatitis B Vaccine 1mg Syrup,Anesthetic,Cadila,Yes,2026-01,101,235,245,245,0,No,91,21,547.61,0.27,83.25,18
MED0369,Hepatitis B Vaccine 1mg Syrup,Anesthetic,Cadila,Yes,2026-02,91,158,224,224,0,No,25,21,547.61,0.27,84.04,18
MED0369,Hepatitis B Vaccine 1mg Syrup,Anesthetic,Cadila,Yes,2026-03,25,231,204,204,0,No,52,21,547.61,0.27,81.94,18
MED0369,Hepatitis B Vaccine 1mg Syrup,Anesthetic,Cadila,Yes,2026-04,52,242,205,205,0,No,89,21,514.76,0.27,81.42,18
MED0369,Hepatitis B Vaccine 1mg Syrup,Anesthetic,Cadila,Yes,2026-05,89,0,244,89,155,Yes,0,21,514.76,0.27,82.63,18
MED0369,Hepatitis B Vaccine 1mg Syrup,Anesthetic,Cadila,Yes,2026-06,0,0,205,0,205,Yes,0,21,514.76,0.27,84.11,18
MED0369,Hepatitis B Vaccine 1mg Syrup,Anesthetic,Cadila,Yes,2026-07,0,218,275,218,57,Yes,0,21,514.76,0.27,82.09,18
MED0370,Phenytoin 5ml Drops,Dermatological,Cipla,Yes,2025-08,325,887,1180,1180,0,No,32,4,391.97,0.19,47.44,6
MED0370,Phenytoin 5ml Drops,Dermatological,Cipla,Yes,2025-09,32,1863,1491,1491,0,No,404,4,391.97,0.19,48.07,6
MED0370,Phenytoin 5ml Drops,Dermatological,Cipla,Yes,2025-10,404,0,1520,404,1116,Yes,0,4,391.97,0.19,47.64,6
MED0370,Phenytoin 5ml Drops,Dermatological,Cipla,Yes,2025-11,0,1797,1547,1547,0,No,250,4,391.97,0.19,46.91,6
MED0370,Phenytoin 5ml Drops,Dermatological,Cipla,Yes,2025-12,250,1467,1254,1254,0,No,463,4,391.97,0.19,45.45,6
MED0370,Phenytoin 5ml Drops,Dermatological,Cipla,Yes,2026-01,463,1251,1258,1258,0,No,456,4,391.97,0.19,45.57,6
MED0370,Phenytoin 5ml Drops,Dermatological,Cipla,Yes,2026-02,456,1238,1215,1215,0,No,479,4,391.97,0.19,46.62,6
MED0370,Phenytoin 5ml Drops,Dermatological,Cipla,Yes,2026-03,479,1623,1479,1479,0,No,623,4,391.97,0.19,47.99,6
MED0370,Phenytoin 5ml Drops,Dermatological,Cipla,Yes,2026-04,623,1158,1470,1470,0,No,311,4,386.32,0.19,48.19,6
MED0370,Phenytoin 5ml Drops,Dermatological,Cipla,Yes,2026-05,311,1343,1285,1285,0,No,369,4,386.32,0.19,48.23,6
MED0370,Phenytoin 5ml Drops,Dermatological,Cipla,Yes,2026-06,369,1422,1431,1431,0,No,360,4,386.32,0.19,46.99,6
MED0370,Phenytoin 5ml Drops,Dermatological,Cipla,Yes,2026-07,360,0,1374,360,1014,Yes,0,4,386.32,0.19,47.14,6
MED0371,Lidocaine 1g Syrup,Gastrointestinal,Sun Pharma,No,2025-08,88,429,587,517,70,Yes,0,3,78.02,0.15,287.23,24
MED0371,Lidocaine 1g Syrup,Gastrointestinal,Sun Pharma,No,2025-09,0,674,544,544,0,No,130,3,78.02,0.15,289.17,24
MED0371,Lidocaine 1g Syrup,Gastrointestinal,Sun Pharma,No,2025-10,130,0,539,130,409,Yes,0,3,78.02,0.15,287.16,24
MED0371,Lidocaine 1g Syrup,Gastrointestinal,Sun Pharma,No,2025-11,0,0,526,0,526,Yes,0,3,78.02,0.15,282.46,24
MED0371,Lidocaine 1g Syrup,Gastrointestinal,Sun Pharma,No,2025-12,0,655,511,511,0,No,144,3,78.02,0.15,275.13,24
MED0371,Lidocaine 1g Syrup,Gastrointestinal,Sun Pharma,No,2026-01,144,718,592,592,0,No,270,3,78.02,0.15,271.78,24
MED0371,Lidocaine 1g Syrup,Gastrointestinal,Sun Pharma,No,2026-02,270,657,552,552,0,No,375,3,78.02,0.15,264.48,24
MED0371,Lidocaine 1g Syrup,Gastrointestinal,Sun Pharma,No,2026-03,375,342,488,488,0,No,229,3,78.02,0.15,261.38,24
MED0371,Lidocaine 1g Syrup,Gastrointestinal,Sun Pharma,No,2026-04,229,690,617,617,0,No,302,3,78.02,0.15,270.2,24
MED0371,Lidocaine 1g Syrup,Gastrointestinal,Sun Pharma,No,2026-05,302,698,591,591,0,No,409,3,78.02,0.15,269.19,24
MED0371,Lidocaine 1g Syrup,Gastrointestinal,Sun Pharma,No,2026-06,409,409,499,499,0,No,319,3,78.02,0.15,269.77,24
MED0371,Lidocaine 1g Syrup,Gastrointestinal,Sun Pharma,No,2026-07,319,577,469,469,0,No,427,3,78.02,0.15,276.53,24
MED0372,Levetiracetam 100mg Capsule,Anesthetic,Cadila,Yes,2025-08,1240,2160,2129,2129,0,No,1271,10,260.28,0.23,338.1,6
MED0372,Levetiracetam 100mg Capsule,Anesthetic,Cadila,Yes,2025-09,1271,1650,2207,2207,0,No,714,10,260.28,0.23,348.66,6
MED0372,Levetiracetam 100mg Capsule,Anesthetic,Cadila,Yes,2025-10,714,0,2655,714,1941,Yes,0,10,260.28,0.23,350.42,6
MED0372,Levetiracetam 100mg Capsule,Anesthetic,Cadila,Yes,2025-11,0,3138,3600,3138,462,Yes,0,10,260.28,0.23,357.08,6
MED0372,Levetiracetam 100mg Capsule,Anesthetic,Cadila,Yes,2025-12,0,4604,4033,4033,0,No,571,10,260.28,0.23,353.39,6
MED0372,Levetiracetam 100mg Capsule,Anesthetic,Cadila,Yes,2026-01,571,5999,4785,4785,0,No,1785,10,260.28,0.23,349.25,6
MED0372,Levetiracetam 100mg Capsule,Anesthetic,Cadila,Yes,2026-02,1785,4177,3701,3701,0,No,2261,10,260.28,0.23,347.18,6
MED0372,Levetiracetam 100mg Capsule,Anesthetic,Cadila,Yes,2026-03,2261,3191,2727,2727,0,No,2725,10,260.28,0.23,350.85,6
MED0372,Levetiracetam 100mg Capsule,Anesthetic,Cadila,Yes,2026-04,2725,1804,2438,2438,0,No,2091,10,248.67,0.23,354.73,6
MED0372,Levetiracetam 100mg Capsule,Anesthetic,Cadila,Yes,2026-05,2091,1785,1722,1722,0,No,2154,10,248.67,0.23,350.79,6
MED0372,Levetiracetam 100mg Capsule,Anesthetic,Cadila,Yes,2026-06,2154,1812,1814,1814,0,No,2152,10,248.67,0.23,342.98,6
MED0372,Levetiracetam 100mg Capsule,Anesthetic,Cadila,Yes,2026-07,2152,1944,1849,1849,0,No,2247,10,248.67,0.23,345.8,6
MED0373,Mebendazole 10mg Drops,Vitamin/Supplement,Lupin,No,2025-08,135,746,615,615,0,No,266,4,417.75,0.13,96.18,9
MED0373,Mebendazole 10mg Drops,Vitamin/Supplement,Lupin,No,2025-09,266,0,719,266,453,Yes,0,4,417.75,0.13,96.66,9
MED0373,Mebendazole 10mg Drops,Vitamin/Supplement,Lupin,No,2025-10,0,666,744,666,78,Yes,0,4,417.75,0.13,97.83,9
MED0373,Mebendazole 10mg Drops,Vitamin/Supplement,Lupin,No,2025-11,0,852,1016,852,164,Yes,0,4,417.75,0.13,99.05,9
MED0373,Mebendazole 10mg Drops,Vitamin/Supplement,Lupin,No,2025-12,0,1135,1350,1135,215,Yes,0,4,417.75,0.13,100.59,9
MED0373,Mebendazole 10mg Drops,Vitamin/Supplement,Lupin,No,2026-01,0,1788,1464,1464,0,No,324,4,417.75,0.13,102.85,9
MED0373,Mebendazole 10mg Drops,Vitamin/Supplement,Lupin,No,2026-02,324,1364,1104,1104,0,No,584,4,417.75,0.13,102.85,9
MED0373,Mebendazole 10mg Drops,Vitamin/Supplement,Lupin,No,2026-03,584,947,735,735,0,No,796,4,417.75,0.13,104.25,9
MED0373,Mebendazole 10mg Drops,Vitamin/Supplement,Lupin,No,2026-04,796,544,590,590,0,No,750,4,417.75,0.13,104.84,9
MED0373,Mebendazole 10mg Drops,Vitamin/Supplement,Lupin,No,2026-05,750,475,472,472,0,No,753,4,417.75,0.13,102.94,9
MED0373,Mebendazole 10mg Drops,Vitamin/Supplement,Lupin,No,2026-06,753,622,482,482,0,No,893,4,417.75,0.13,100.07,9
MED0373,Mebendazole 10mg Drops,Vitamin/Supplement,Lupin,No,2026-07,893,563,622,622,0,No,834,4,417.75,0.13,98.76,9
MED0374,Vancomycin 10mg Ointment,Vitamin/Supplement,Alkem,Yes,2025-08,296,3553,4049,3849,200,Yes,0,2,506.43,0.24,348.17,36
MED0374,Vancomycin 10mg Ointment,Vitamin/Supplement,Alkem,Yes,2025-09,0,2808,2890,2808,82,Yes,0,2,506.43,0.24,346.92,36
MED0374,Vancomycin 10mg Ointment,Vitamin/Supplement,Alkem,Yes,2025-10,0,2126,2260,2126,134,Yes,0,2,506.43,0.24,349.49,36
MED0374,Vancomycin 10mg Ointment,Vitamin/Supplement,Alkem,Yes,2025-11,0,0,1620,0,1620,Yes,0,2,506.43,0.24,357.17,36
MED0374,Vancomycin 10mg Ointment,Vitamin/Supplement,Alkem,Yes,2025-12,0,1637,1529,1529,0,No,108,2,506.43,0.24,350.51,36
MED0374,Vancomycin 10mg Ointment,Vitamin/Supplement,Alkem,Yes,2026-01,108,1444,1167,1167,0,No,385,2,506.43,0.24,342.3,36
MED0374,Vancomycin 10mg Ointment,Vitamin/Supplement,Alkem,Yes,2026-02,385,1145,1267,1267,0,No,263,2,506.43,0.24,352.47,36
MED0374,Vancomycin 10mg Ointment,Vitamin/Supplement,Alkem,Yes,2026-03,263,950,1351,1213,138,Yes,0,2,506.43,0.24,343.87,36
MED0374,Vancomycin 10mg Ointment,Vitamin/Supplement,Alkem,Yes,2026-04,0,1598,1560,1560,0,No,38,2,479.51,0.24,343.4,36
MED0374,Vancomycin 10mg Ointment,Vitamin/Supplement,Alkem,Yes,2026-05,38,1638,2082,1676,406,Yes,0,2,479.51,0.24,345.28,36
MED0374,Vancomycin 10mg Ointment,Vitamin/Supplement,Alkem,Yes,2026-06,0,3758,3325,3325,0,No,433,2,479.51,0.24,346.19,36
MED0374,Vancomycin 10mg Ointment,Vitamin/Supplement,Alkem,Yes,2026-07,433,3988,3696,3696,0,No,725,2,479.51,0.24,337.11,36
MED0375,Hydrochlorothiazide 5ml Suspension,Anesthetic,Mankind,Yes,2025-08,145,723,741,741,0,No,127,5,335,0.18,224.07,24
MED0375,Hydrochlorothiazide 5ml Suspension,Anesthetic,Mankind,Yes,2025-09,127,856,741,741,0,No,242,5,335,0.18,218.5,24
MED0375,Hydrochlorothiazide 5ml Suspension,Anesthetic,Mankind,Yes,2025-10,242,796,719,719,0,No,319,5,335,0.18,219.71,24
MED0375,Hydrochlorothiazide 5ml Suspension,Anesthetic,Mankind,Yes,2025-11,319,858,795,795,0,No,382,5,335,0.18,220.34,24
MED0375,Hydrochlorothiazide 5ml Suspension,Anesthetic,Mankind,Yes,2025-12,382,778,758,758,0,No,402,5,335,0.18,216.58,24
MED0375,Hydrochlorothiazide 5ml Suspension,Anesthetic,Mankind,Yes,2026-01,402,872,851,851,0,No,423,5,335,0.18,218.52,24
MED0375,Hydrochlorothiazide 5ml Suspension,Anesthetic,Mankind,Yes,2026-02,423,0,692,423,269,Yes,0,5,335,0.18,223.04,24
MED0375,Hydrochlorothiazide 5ml Suspension,Anesthetic,Mankind,Yes,2026-03,0,955,739,739,0,No,216,5,335,0.18,216.57,24
MED0375,Hydrochlorothiazide 5ml Suspension,Anesthetic,Mankind,Yes,2026-04,216,0,788,216,572,Yes,0,5,339.57,0.18,216.54,24
MED0375,Hydrochlorothiazide 5ml Suspension,Anesthetic,Mankind,Yes,2026-05,0,600,743,600,143,Yes,0,5,339.57,0.18,219.21,24
MED0375,Hydrochlorothiazide 5ml Suspension,Anesthetic,Mankind,Yes,2026-06,0,886,740,740,0,No,146,5,339.57,0.18,215.71,24
MED0375,Hydrochlorothiazide 5ml Suspension,Anesthetic,Mankind,Yes,2026-07,146,700,689,689,0,No,157,5,339.57,0.18,213,24
MED0376,Salbutamol 1mg Injection,Antibiotic,GSK,No,2025-08,224,463,432,432,0,No,255,10,204.01,0.2,53.43,6
MED0376,Salbutamol 1mg Injection,Antibiotic,GSK,No,2025-09,255,328,464,464,0,No,119,10,204.01,0.2,54.77,6
MED0376,Salbutamol 1mg Injection,Antibiotic,GSK,No,2025-10,119,392,351,351,0,No,160,10,204.01,0.2,55.81,6
MED0376,Salbutamol 1mg Injection,Antibiotic,GSK,No,2025-11,160,293,337,337,0,No,116,10,204.01,0.2,56.09,6
MED0376,Salbutamol 1mg Injection,Antibiotic,GSK,No,2025-12,116,0,271,116,155,Yes,0,10,204.01,0.2,56.86,6
MED0376,Salbutamol 1mg Injection,Antibiotic,GSK,No,2026-01,0,258,288,258,30,Yes,0,10,204.01,0.2,56.4,6
MED0376,Salbutamol 1mg Injection,Antibiotic,GSK,No,2026-02,0,0,269,0,269,Yes,0,10,204.01,0.2,56.87,6
MED0376,Salbutamol 1mg Injection,Antibiotic,GSK,No,2026-03,0,346,375,346,29,Yes,0,10,204.01,0.2,56.76,6
MED0376,Salbutamol 1mg Injection,Antibiotic,GSK,No,2026-04,0,554,496,496,0,No,58,10,204.01,0.2,55.72,6
MED0376,Salbutamol 1mg Injection,Antibiotic,GSK,No,2026-05,58,879,712,712,0,No,225,10,204.01,0.2,56.4,6
MED0376,Salbutamol 1mg Injection,Antibiotic,GSK,No,2026-06,225,773,612,612,0,No,386,10,204.01,0.2,56.59,6
MED0376,Salbutamol 1mg Injection,Antibiotic,GSK,No,2026-07,386,401,510,510,0,No,277,10,204.01,0.2,56.11,6
MED0377,Sertraline 5mg Drops,Neuro/Psychiatric,Sun Pharma,No,2025-08,147,510,394,394,0,No,263,4,729.61,0.13,255.15,9
MED0377,Sertraline 5mg Drops,Neuro/Psychiatric,Sun Pharma,No,2025-09,263,573,448,448,0,No,388,4,729.61,0.13,261.76,9
MED0377,Sertraline 5mg Drops,Neuro/Psychiatric,Sun Pharma,No,2025-10,388,370,488,488,0,No,270,4,729.61,0.13,254.06,9
MED0377,Sertraline 5mg Drops,Neuro/Psychiatric,Sun Pharma,No,2025-11,270,578,469,469,0,No,379,4,729.61,0.13,251.1,9
MED0377,Sertraline 5mg Drops,Neuro/Psychiatric,Sun Pharma,No,2025-12,379,317,426,426,0,No,270,4,729.61,0.13,243.98,9
MED0377,Sertraline 5mg Drops,Neuro/Psychiatric,Sun Pharma,No,2026-01,270,385,431,431,0,No,224,4,729.61,0.13,248.26,9
MED0377,Sertraline 5mg Drops,Neuro/Psychiatric,Sun Pharma,No,2026-02,224,510,433,433,0,No,301,4,729.61,0.13,251.51,9
MED0377,Sertraline 5mg Drops,Neuro/Psychiatric,Sun Pharma,No,2026-03,301,609,511,511,0,No,399,4,729.61,0.13,248.8,9
MED0377,Sertraline 5mg Drops,Neuro/Psychiatric,Sun Pharma,No,2026-04,399,376,451,451,0,No,324,4,729.61,0.13,251.62,9
MED0377,Sertraline 5mg Drops,Neuro/Psychiatric,Sun Pharma,No,2026-05,324,0,402,324,78,Yes,0,4,729.61,0.13,249.95,9
MED0377,Sertraline 5mg Drops,Neuro/Psychiatric,Sun Pharma,No,2026-06,0,604,502,502,0,No,102,4,729.61,0.13,254.07,9
MED0377,Sertraline 5mg Drops,Neuro/Psychiatric,Sun Pharma,No,2026-07,102,301,407,403,4,Yes,0,4,729.61,0.13,253.33,9
MED0378,Domperidone 10mg Tablet,Gastrointestinal,Alkem,Yes,2025-08,254,873,1187,1127,60,Yes,0,5,753.21,0.15,186.21,6
MED0378,Domperidone 10mg Tablet,Gastrointestinal,Alkem,Yes,2025-09,0,975,1160,975,185,Yes,0,5,753.21,0.15,185.18,6
MED0378,Domperidone 10mg Tablet,Gastrointestinal,Alkem,Yes,2025-10,0,1082,1161,1082,79,Yes,0,5,753.21,0.15,190.28,6
MED0378,Domperidone 10mg Tablet,Gastrointestinal,Alkem,Yes,2025-11,0,1257,1401,1257,144,Yes,0,5,753.21,0.15,187.36,6
MED0378,Domperidone 10mg Tablet,Gastrointestinal,Alkem,Yes,2025-12,0,1095,1301,1095,206,Yes,0,5,753.21,0.15,182.91,6
MED0378,Domperidone 10mg Tablet,Gastrointestinal,Alkem,Yes,2026-01,0,1381,1335,1335,0,No,46,5,753.21,0.15,183.9,6
MED0378,Domperidone 10mg Tablet,Gastrointestinal,Alkem,Yes,2026-02,46,1507,1330,1330,0,No,223,5,753.21,0.15,189.41,6
MED0378,Domperidone 10mg Tablet,Gastrointestinal,Alkem,Yes,2026-03,223,1125,1159,1159,0,No,189,5,753.21,0.15,187.98,6
MED0378,Domperidone 10mg Tablet,Gastrointestinal,Alkem,Yes,2026-04,189,1082,1130,1130,0,No,141,5,767.5,0.15,182.84,6
MED0378,Domperidone 10mg Tablet,Gastrointestinal,Alkem,Yes,2026-05,141,1461,1225,1225,0,No,377,5,767.5,0.15,180.95,6
MED0378,Domperidone 10mg Tablet,Gastrointestinal,Alkem,Yes,2026-06,377,1283,1194,1194,0,No,466,5,767.5,0.15,181.02,6
MED0378,Domperidone 10mg Tablet,Gastrointestinal,Alkem,Yes,2026-07,466,1254,1187,1187,0,No,533,5,767.5,0.15,177.05,6
MED0379,Carbamazepine 500mg Tablet,Anesthetic,Cipla,No,2025-08,1184,0,2530,1184,1346,Yes,0,10,344.02,0.24,323.04,6
MED0379,Carbamazepine 500mg Tablet,Anesthetic,Cipla,No,2025-09,0,2256,2235,2235,0,No,21,10,344.02,0.24,333.17,6
MED0379,Carbamazepine 500mg Tablet,Anesthetic,Cipla,No,2025-10,21,3009,2374,2374,0,No,656,10,344.02,0.24,332.19,6
MED0379,Carbamazepine 500mg Tablet,Anesthetic,Cipla,No,2025-11,656,2671,2258,2258,0,No,1069,10,344.02,0.24,329.23,6
MED0379,Carbamazepine 500mg Tablet,Anesthetic,Cipla,No,2025-12,1069,2648,2283,2283,0,No,1434,10,344.02,0.24,327.21,6
MED0379,Carbamazepine 500mg Tablet,Anesthetic,Cipla,No,2026-01,1434,2245,2038,2038,0,No,1641,10,344.02,0.24,319.38,6
MED0379,Carbamazepine 500mg Tablet,Anesthetic,Cipla,No,2026-02,1641,1890,2554,2554,0,No,977,10,344.02,0.24,327.18,6
MED0379,Carbamazepine 500mg Tablet,Anesthetic,Cipla,No,2026-03,977,2464,2342,2342,0,No,1099,10,344.02,0.24,325.45,6
MED0379,Carbamazepine 500mg Tablet,Anesthetic,Cipla,No,2026-04,1099,2127,2234,2234,0,No,992,10,344.02,0.24,323.16,6
MED0379,Carbamazepine 500mg Tablet,Anesthetic,Cipla,No,2026-05,992,3177,2654,2654,0,No,1515,10,344.02,0.24,326.41,6
MED0379,Carbamazepine 500mg Tablet,Anesthetic,Cipla,No,2026-06,1515,2662,2243,2243,0,No,1934,10,344.02,0.24,325.23,6
MED0379,Carbamazepine 500mg Tablet,Anesthetic,Cipla,No,2026-07,1934,2040,2605,2605,0,No,1369,10,344.02,0.24,328.25,6
MED0380,Hydrochlorothiazide 100mg Drops,Antibiotic,GSK,Yes,2025-08,400,2323,1945,1945,0,No,778,5,471.93,0.13,297.78,9
MED0380,Hydrochlorothiazide 100mg Drops,Antibiotic,GSK,Yes,2025-09,778,1142,1609,1609,0,No,311,5,471.93,0.13,289.55,9
MED0380,Hydrochlorothiazide 100mg Drops,Antibiotic,GSK,Yes,2025-10,311,1414,1204,1204,0,No,521,5,471.93,0.13,295.44,9
MED0380,Hydrochlorothiazide 100mg Drops,Antibiotic,GSK,Yes,2025-11,521,699,927,927,0,No,293,5,471.93,0.13,303.7,9
MED0380,Hydrochlorothiazide 100mg Drops,Antibiotic,GSK,Yes,2025-12,293,1000,851,851,0,No,442,5,471.93,0.13,306.49,9
MED0380,Hydrochlorothiazide 100mg Drops,Antibiotic,GSK,Yes,2026-01,442,751,831,831,0,No,362,5,471.93,0.13,315.02,9
MED0380,Hydrochlorothiazide 100mg Drops,Antibiotic,GSK,Yes,2026-02,362,1127,1053,1053,0,No,436,5,471.93,0.13,308.48,9
MED0380,Hydrochlorothiazide 100mg Drops,Antibiotic,GSK,Yes,2026-03,436,1066,1338,1338,0,No,164,5,471.93,0.13,308.06,9
MED0380,Hydrochlorothiazide 100mg Drops,Antibiotic,GSK,Yes,2026-04,164,0,2044,164,1880,Yes,0,5,450.8,0.13,309.97,9
MED0380,Hydrochlorothiazide 100mg Drops,Antibiotic,GSK,Yes,2026-05,0,2365,2468,2365,103,Yes,0,5,450.8,0.13,311.5,9
MED0380,Hydrochlorothiazide 100mg Drops,Antibiotic,GSK,Yes,2026-06,0,2210,2370,2210,160,Yes,0,5,450.8,0.13,309.65,9
MED0380,Hydrochlorothiazide 100mg Drops,Antibiotic,GSK,Yes,2026-07,0,2444,1891,1891,0,No,553,5,450.8,0.13,306.61,9
MED0381,Metformin 1g Capsule,Cardiac,Biocon,Yes,2025-08,1934,0,3862,1934,1928,Yes,0,10,247.39,0.17,122.46,18
MED0381,Metformin 1g Capsule,Cardiac,Biocon,Yes,2025-09,0,2718,2688,2688,0,No,30,10,247.39,0.17,121.62,18
MED0381,Metformin 1g Capsule,Cardiac,Biocon,Yes,2025-10,30,2860,2331,2331,0,No,559,10,247.39,0.17,119.02,18
MED0381,Metformin 1g Capsule,Cardiac,Biocon,Yes,2025-11,559,1423,1766,1766,0,No,216,10,247.39,0.17,120.83,18
MED0381,Metformin 1g Capsule,Cardiac,Biocon,Yes,2025-12,216,2115,1877,1877,0,No,454,10,247.39,0.17,118.58,18
MED0381,Metformin 1g Capsule,Cardiac,Biocon,Yes,2026-01,454,2257,1829,1829,0,No,882,10,247.39,0.17,115.17,18
MED0381,Metformin 1g Capsule,Cardiac,Biocon,Yes,2026-02,882,1697,2007,2007,0,No,572,10,247.39,0.17,115.57,18
MED0381,Metformin 1g Capsule,Cardiac,Biocon,Yes,2026-03,572,0,2257,572,1685,Yes,0,10,247.39,0.17,116.3,18
MED0381,Metformin 1g Capsule,Cardiac,Biocon,Yes,2026-04,0,2513,3474,2513,961,Yes,0,10,248.59,0.17,119.17,18
MED0381,Metformin 1g Capsule,Cardiac,Biocon,Yes,2026-05,0,3969,4566,3969,597,Yes,0,10,248.59,0.17,119.76,18
MED0381,Metformin 1g Capsule,Cardiac,Biocon,Yes,2026-06,0,3864,4252,3864,388,Yes,0,10,248.59,0.17,118.57,18
MED0381,Metformin 1g Capsule,Cardiac,Biocon,Yes,2026-07,0,3292,3192,3192,0,No,100,10,248.59,0.17,120.91,18
MED0382,Metronidazole 100mg Capsule,Antibiotic,Dr Reddy's,Yes,2025-08,30,260,222,222,0,No,68,2,588.87,0.15,81.21,36
MED0382,Metronidazole 100mg Capsule,Antibiotic,Dr Reddy's,Yes,2025-09,68,208,208,208,0,No,68,2,588.87,0.15,79.06,36
MED0382,Metronidazole 100mg Capsule,Antibiotic,Dr Reddy's,Yes,2025-10,68,210,216,216,0,No,62,2,588.87,0.15,79.4,36
MED0382,Metronidazole 100mg Capsule,Antibiotic,Dr Reddy's,Yes,2025-11,62,179,217,217,0,No,24,2,588.87,0.15,81.49,36
MED0382,Metronidazole 100mg Capsule,Antibiotic,Dr Reddy's,Yes,2025-12,24,168,233,192,41,Yes,0,2,588.87,0.15,80.96,36
MED0382,Metronidazole 100mg Capsule,Antibiotic,Dr Reddy's,Yes,2026-01,0,225,221,221,0,No,4,2,588.87,0.15,79.92,36
MED0382,Metronidazole 100mg Capsule,Antibiotic,Dr Reddy's,Yes,2026-02,4,233,196,196,0,No,41,2,588.87,0.15,78.1,36
MED0382,Metronidazole 100mg Capsule,Antibiotic,Dr Reddy's,Yes,2026-03,41,237,197,197,0,No,81,2,588.87,0.15,76.32,36
MED0382,Metronidazole 100mg Capsule,Antibiotic,Dr Reddy's,Yes,2026-04,81,200,183,183,0,No,98,2,606.9,0.15,75.98,36
MED0382,Metronidazole 100mg Capsule,Antibiotic,Dr Reddy's,Yes,2026-05,98,202,190,190,0,No,110,2,606.9,0.15,76.47,36
MED0382,Metronidazole 100mg Capsule,Antibiotic,Dr Reddy's,Yes,2026-06,110,189,200,200,0,No,99,2,606.9,0.15,74.32,36
MED0382,Metronidazole 100mg Capsule,Antibiotic,Dr Reddy's,Yes,2026-07,99,237,190,190,0,No,146,2,606.9,0.15,76.57,36
MED0383,Insulin Glargine 2.5mg Suspension,Antidiabetic,Abbott,Yes,2025-08,689,1541,1387,1387,0,No,843,14,32.71,0.2,250.95,24
MED0383,Insulin Glargine 2.5mg Suspension,Antidiabetic,Abbott,Yes,2025-09,843,1606,1247,1247,0,No,1202,14,32.71,0.2,252.32,24
MED0383,Insulin Glargine 2.5mg Suspension,Antidiabetic,Abbott,Yes,2025-10,1202,708,793,793,0,No,1117,14,32.71,0.2,257.51,24
MED0383,Insulin Glargine 2.5mg Suspension,Antidiabetic,Abbott,Yes,2025-11,1117,390,550,550,0,No,957,14,32.71,0.2,250.87,24
MED0383,Insulin Glargine 2.5mg Suspension,Antidiabetic,Abbott,Yes,2025-12,957,447,553,553,0,No,851,14,32.71,0.2,250.5,24
MED0383,Insulin Glargine 2.5mg Suspension,Antidiabetic,Abbott,Yes,2026-01,851,541,584,584,0,No,808,14,32.71,0.2,252.56,24
MED0383,Insulin Glargine 2.5mg Suspension,Antidiabetic,Abbott,Yes,2026-02,808,492,522,522,0,No,778,14,32.71,0.2,257.76,24
MED0383,Insulin Glargine 2.5mg Suspension,Antidiabetic,Abbott,Yes,2026-03,778,0,636,636,0,No,142,14,32.71,0.2,262.24,24
MED0383,Insulin Glargine 2.5mg Suspension,Antidiabetic,Abbott,Yes,2026-04,142,528,656,656,0,No,14,14,34.56,0.2,258.72,24
MED0383,Insulin Glargine 2.5mg Suspension,Antidiabetic,Abbott,Yes,2026-05,14,0,804,14,790,Yes,0,14,34.56,0.2,265.69,24
MED0383,Insulin Glargine 2.5mg Suspension,Antidiabetic,Abbott,Yes,2026-06,0,0,1412,0,1412,Yes,0,14,34.56,0.2,259.75,24
MED0383,Insulin Glargine 2.5mg Suspension,Antidiabetic,Abbott,Yes,2026-07,0,1391,1523,1391,132,Yes,0,14,34.56,0.2,265.68,24
MED0384,Bisacodyl 250mg Syrup,Respiratory,Sun Pharma,No,2025-08,192,217,266,266,0,No,143,7,772.53,0.18,80.52,9
MED0384,Bisacodyl 250mg Syrup,Respiratory,Sun Pharma,No,2025-09,143,223,281,281,0,No,85,7,772.53,0.18,78.88,9
MED0384,Bisacodyl 250mg Syrup,Respiratory,Sun Pharma,No,2025-10,85,0,311,85,226,Yes,0,7,772.53,0.18,80.01,9
MED0384,Bisacodyl 250mg Syrup,Respiratory,Sun Pharma,No,2025-11,0,283,384,283,101,Yes,0,7,772.53,0.18,77.68,9
MED0384,Bisacodyl 250mg Syrup,Respiratory,Sun Pharma,No,2025-12,0,641,558,558,0,No,83,7,772.53,0.18,77.2,9
MED0384,Bisacodyl 250mg Syrup,Respiratory,Sun Pharma,No,2026-01,83,0,586,83,503,Yes,0,7,772.53,0.18,77.28,9
MED0384,Bisacodyl 250mg Syrup,Respiratory,Sun Pharma,No,2026-02,0,623,493,493,0,No,130,7,772.53,0.18,77.69,9
MED0384,Bisacodyl 250mg Syrup,Respiratory,Sun Pharma,No,2026-03,130,0,330,130,200,Yes,0,7,772.53,0.18,79.9,9
MED0384,Bisacodyl 250mg Syrup,Respiratory,Sun Pharma,No,2026-04,0,195,262,195,67,Yes,0,7,772.53,0.18,80.77,9
MED0384,Bisacodyl 250mg Syrup,Respiratory,Sun Pharma,No,2026-05,0,166,208,166,42,Yes,0,7,772.53,0.18,80.68,9
MED0384,Bisacodyl 250mg Syrup,Respiratory,Sun Pharma,No,2026-06,0,0,255,0,255,Yes,0,7,772.53,0.18,82.25,9
MED0384,Bisacodyl 250mg Syrup,Respiratory,Sun Pharma,No,2026-07,0,0,239,0,239,Yes,0,7,772.53,0.18,84.54,9
MED0385,Adrenaline 10ml Injection,Antidiabetic,Alkem,No,2025-08,473,3623,4419,4096,323,Yes,0,3,324.56,0.16,101.58,6
MED0385,Adrenaline 10ml Injection,Antidiabetic,Alkem,No,2025-09,0,4715,4060,4060,0,No,655,3,324.56,0.16,98.52,6
MED0385,Adrenaline 10ml Injection,Antidiabetic,Alkem,No,2025-10,655,3804,4433,4433,0,No,26,3,324.56,0.16,101.61,6
MED0385,Adrenaline 10ml Injection,Antidiabetic,Alkem,No,2025-11,26,2758,3789,2784,1005,Yes,0,3,324.56,0.16,98.96,6
MED0385,Adrenaline 10ml Injection,Antidiabetic,Alkem,No,2025-12,0,5026,4242,4242,0,No,784,3,324.56,0.16,100.97,6
MED0385,Adrenaline 10ml Injection,Antidiabetic,Alkem,No,2026-01,784,4797,4174,4174,0,No,1407,3,324.56,0.16,99.56,6
MED0385,Adrenaline 10ml Injection,Antidiabetic,Alkem,No,2026-02,1407,3339,3800,3800,0,No,946,3,324.56,0.16,97.21,6
MED0385,Adrenaline 10ml Injection,Antidiabetic,Alkem,No,2026-03,946,4784,3768,3768,0,No,1962,3,324.56,0.16,96.83,6
MED0385,Adrenaline 10ml Injection,Antidiabetic,Alkem,No,2026-04,1962,4561,4244,4244,0,No,2279,3,324.56,0.16,97.75,6
MED0385,Adrenaline 10ml Injection,Antidiabetic,Alkem,No,2026-05,2279,4051,4229,4229,0,No,2101,3,324.56,0.16,96.99,6
MED0385,Adrenaline 10ml Injection,Antidiabetic,Alkem,No,2026-06,2101,3199,3516,3516,0,No,1784,3,324.56,0.16,94.14,6
MED0385,Adrenaline 10ml Injection,Antidiabetic,Alkem,No,2026-07,1784,3600,4684,4684,0,No,700,3,324.56,0.16,94.78,6
MED0386,Cefixime 50mg Drops,Antidiabetic,Alkem,No,2025-08,95,555,520,520,0,No,130,4,271.72,0.13,190.71,9
MED0386,Cefixime 50mg Drops,Antidiabetic,Alkem,No,2025-09,130,437,524,524,0,No,43,4,271.72,0.13,195.54,9
MED0386,Cefixime 50mg Drops,Antidiabetic,Alkem,No,2025-10,43,332,458,375,83,Yes,0,4,271.72,0.13,194.14,9
MED0386,Cefixime 50mg Drops,Antidiabetic,Alkem,No,2025-11,0,383,453,383,70,Yes,0,4,271.72,0.13,190.73,9
MED0386,Cefixime 50mg Drops,Antidiabetic,Alkem,No,2025-12,0,411,458,411,47,Yes,0,4,271.72,0.13,190.04,9
MED0386,Cefixime 50mg Drops,Antidiabetic,Alkem,No,2026-01,0,470,521,470,51,Yes,0,4,271.72,0.13,184.61,9
MED0386,Cefixime 50mg Drops,Antidiabetic,Alkem,No,2026-02,0,417,586,417,169,Yes,0,4,271.72,0.13,188.46,9
MED0386,Cefixime 50mg Drops,Antidiabetic,Alkem,No,2026-03,0,605,516,516,0,No,89,4,271.72,0.13,192.38,9
MED0386,Cefixime 50mg Drops,Antidiabetic,Alkem,No,2026-04,89,588,582,582,0,No,95,4,271.72,0.13,193.44,9
MED0386,Cefixime 50mg Drops,Antidiabetic,Alkem,No,2026-05,95,619,492,492,0,No,222,4,271.72,0.13,191.68,9
MED0386,Cefixime 50mg Drops,Antidiabetic,Alkem,No,2026-06,222,529,524,524,0,No,227,4,271.72,0.13,195.28,9
MED0386,Cefixime 50mg Drops,Antidiabetic,Alkem,No,2026-07,227,363,486,486,0,No,104,4,271.72,0.13,195.94,9
MED0387,Hydrogen Peroxide 50mg Syrup,Vitamin/Supplement,Cipla,No,2025-08,614,2323,1929,1929,0,No,1008,7,756.05,0.23,142.8,12
MED0387,Hydrogen Peroxide 50mg Syrup,Vitamin/Supplement,Cipla,No,2025-09,1008,1679,1754,1754,0,No,933,7,756.05,0.23,145.73,12
MED0387,Hydrogen Peroxide 50mg Syrup,Vitamin/Supplement,Cipla,No,2025-10,933,1620,1474,1474,0,No,1079,7,756.05,0.23,146.91,12
MED0387,Hydrogen Peroxide 50mg Syrup,Vitamin/Supplement,Cipla,No,2025-11,1079,1992,1695,1695,0,No,1376,7,756.05,0.23,149.47,12
MED0387,Hydrogen Peroxide 50mg Syrup,Vitamin/Supplement,Cipla,No,2025-12,1376,1478,1503,1503,0,No,1351,7,756.05,0.23,150.36,12
MED0387,Hydrogen Peroxide 50mg Syrup,Vitamin/Supplement,Cipla,No,2026-01,1351,1291,1736,1736,0,No,906,7,756.05,0.23,149.59,12
MED0387,Hydrogen Peroxide 50mg Syrup,Vitamin/Supplement,Cipla,No,2026-02,906,1931,1702,1702,0,No,1135,7,756.05,0.23,153.71,12
MED0387,Hydrogen Peroxide 50mg Syrup,Vitamin/Supplement,Cipla,No,2026-03,1135,1652,1553,1553,0,No,1234,7,756.05,0.23,154.08,12
MED0387,Hydrogen Peroxide 50mg Syrup,Vitamin/Supplement,Cipla,No,2026-04,1234,1762,1513,1513,0,No,1483,7,756.05,0.23,155.03,12
MED0387,Hydrogen Peroxide 50mg Syrup,Vitamin/Supplement,Cipla,No,2026-05,1483,1889,1902,1902,0,No,1470,7,756.05,0.23,152.52,12
MED0387,Hydrogen Peroxide 50mg Syrup,Vitamin/Supplement,Cipla,No,2026-06,1470,1316,1510,1510,0,No,1276,7,756.05,0.23,153.65,12
MED0387,Hydrogen Peroxide 50mg Syrup,Vitamin/Supplement,Cipla,No,2026-07,1276,1153,1441,1441,0,No,988,7,756.05,0.23,154.29,12
MED0388,Nitroglycerin 250mg Capsule,Emergency/Critical Care,Intas,No,2025-08,240,2567,2879,2807,72,Yes,0,3,761.93,0.17,245.32,12
MED0388,Nitroglycerin 250mg Capsule,Emergency/Critical Care,Intas,No,2025-09,0,2899,2956,2899,57,Yes,0,3,761.93,0.17,240.45,12
MED0388,Nitroglycerin 250mg Capsule,Emergency/Critical Care,Intas,No,2025-10,0,1656,1629,1629,0,No,27,3,761.93,0.17,233.64,12
MED0388,Nitroglycerin 250mg Capsule,Emergency/Critical Care,Intas,No,2025-11,27,1482,1312,1312,0,No,197,3,761.93,0.17,235.25,12
MED0388,Nitroglycerin 250mg Capsule,Emergency/Critical Care,Intas,No,2025-12,197,1416,1142,1142,0,No,471,3,761.93,0.17,239.33,12
MED0388,Nitroglycerin 250mg Capsule,Emergency/Critical Care,Intas,No,2026-01,471,918,1223,1223,0,No,166,3,761.93,0.17,239.69,12
MED0388,Nitroglycerin 250mg Capsule,Emergency/Critical Care,Intas,No,2026-02,166,1136,1266,1266,0,No,36,3,761.93,0.17,235.47,12
MED0388,Nitroglycerin 250mg Capsule,Emergency/Critical Care,Intas,No,2026-03,36,1241,1274,1274,0,No,3,3,761.93,0.17,238.04,12
MED0388,Nitroglycerin 250mg Capsule,Emergency/Critical Care,Intas,No,2026-04,3,1387,1705,1390,315,Yes,0,3,761.93,0.17,231.55,12
MED0388,Nitroglycerin 250mg Capsule,Emergency/Critical Care,Intas,No,2026-05,0,1562,1980,1562,418,Yes,0,3,761.93,0.17,230.65,12
MED0388,Nitroglycerin 250mg Capsule,Emergency/Critical Care,Intas,No,2026-06,0,2181,2734,2181,553,Yes,0,3,761.93,0.17,225.45,12
MED0388,Nitroglycerin 250mg Capsule,Emergency/Critical Care,Intas,No,2026-07,0,0,2926,0,2926,Yes,0,3,761.93,0.17,223.24,12
MED0389,Enoxaparin 2.5mg Inhaler,Vitamin/Supplement,Alkem,No,2025-08,735,1644,1734,1734,0,No,645,7,202.23,0.26,92.35,6
MED0389,Enoxaparin 2.5mg Inhaler,Vitamin/Supplement,Alkem,No,2025-09,645,1515,1596,1596,0,No,564,7,202.23,0.26,90.62,6
MED0389,Enoxaparin 2.5mg Inhaler,Vitamin/Supplement,Alkem,No,2025-10,564,1835,1829,1829,0,No,570,7,202.23,0.26,89.96,6
MED0389,Enoxaparin 2.5mg Inhaler,Vitamin/Supplement,Alkem,No,2025-11,570,1559,1581,1581,0,No,548,7,202.23,0.26,87.35,6
MED0389,Enoxaparin 2.5mg Inhaler,Vitamin/Supplement,Alkem,No,2025-12,548,1900,1764,1764,0,No,684,7,202.23,0.26,86.76,6
MED0389,Enoxaparin 2.5mg Inhaler,Vitamin/Supplement,Alkem,No,2026-01,684,1548,1868,1868,0,No,364,7,202.23,0.26,86.83,6
MED0389,Enoxaparin 2.5mg Inhaler,Vitamin/Supplement,Alkem,No,2026-02,364,1397,1475,1475,0,No,286,7,202.23,0.26,86.73,6
MED0389,Enoxaparin 2.5mg Inhaler,Vitamin/Supplement,Alkem,No,2026-03,286,1542,1765,1765,0,No,63,7,202.23,0.26,86.05,6
MED0389,Enoxaparin 2.5mg Inhaler,Vitamin/Supplement,Alkem,No,2026-04,63,1246,1620,1309,311,Yes,0,7,202.23,0.26,88.02,6
MED0389,Enoxaparin 2.5mg Inhaler,Vitamin/Supplement,Alkem,No,2026-05,0,1412,1474,1412,62,Yes,0,7,202.23,0.26,85.96,6
MED0389,Enoxaparin 2.5mg Inhaler,Vitamin/Supplement,Alkem,No,2026-06,0,1855,1504,1504,0,No,351,7,202.23,0.26,85.99,6
MED0389,Enoxaparin 2.5mg Inhaler,Vitamin/Supplement,Alkem,No,2026-07,351,1505,1782,1782,0,No,74,7,202.23,0.26,84.04,6
MED0390,Methyldopa 1mg Drops,Vitamin/Supplement,Torrent,No,2025-08,324,639,599,599,0,No,364,10,439.35,0.15,263.32,6
MED0390,Methyldopa 1mg Drops,Vitamin/Supplement,Torrent,No,2025-09,364,748,693,693,0,No,419,10,439.35,0.15,256.21,6
MED0390,Methyldopa 1mg Drops,Vitamin/Supplement,Torrent,No,2025-10,419,798,687,687,0,No,530,10,439.35,0.15,257.44,6
MED0390,Methyldopa 1mg Drops,Vitamin/Supplement,Torrent,No,2025-11,530,822,648,648,0,No,704,10,439.35,0.15,258.54,6
MED0390,Methyldopa 1mg Drops,Vitamin/Supplement,Torrent,No,2025-12,704,478,596,596,0,No,586,10,439.35,0.15,264.81,6
MED0390,Methyldopa 1mg Drops,Vitamin/Supplement,Torrent,No,2026-01,586,466,574,574,0,No,478,10,439.35,0.15,265.77,6
MED0390,Methyldopa 1mg Drops,Vitamin/Supplement,Torrent,No,2026-02,478,795,754,754,0,No,519,10,439.35,0.15,273.4,6
MED0390,Methyldopa 1mg Drops,Vitamin/Supplement,Torrent,No,2026-03,519,798,666,666,0,No,651,10,439.35,0.15,265.91,6
MED0390,Methyldopa 1mg Drops,Vitamin/Supplement,Torrent,No,2026-04,651,0,602,602,0,No,49,10,439.35,0.15,259.24,6
MED0390,Methyldopa 1mg Drops,Vitamin/Supplement,Torrent,No,2026-05,49,0,574,49,525,Yes,0,10,439.35,0.15,251.68,6
MED0390,Methyldopa 1mg Drops,Vitamin/Supplement,Torrent,No,2026-06,0,490,675,490,185,Yes,0,10,439.35,0.15,246.46,6
MED0390,Methyldopa 1mg Drops,Vitamin/Supplement,Torrent,No,2026-07,0,735,702,702,0,No,33,10,439.35,0.15,247.14,6
MED0391,Metronidazole 250mg Ointment,Cardiac,Zydus,Yes,2025-08,338,1120,922,922,0,No,536,7,737.79,0.14,134.31,9
MED0391,Metronidazole 250mg Ointment,Cardiac,Zydus,Yes,2025-09,536,1248,1069,1069,0,No,715,7,737.79,0.14,135.54,9
MED0391,Metronidazole 250mg Ointment,Cardiac,Zydus,Yes,2025-10,715,1427,1126,1126,0,No,1016,7,737.79,0.14,131.69,9
MED0391,Metronidazole 250mg Ointment,Cardiac,Zydus,Yes,2025-11,1016,903,1185,1185,0,No,734,7,737.79,0.14,135.46,9
MED0391,Metronidazole 250mg Ointment,Cardiac,Zydus,Yes,2025-12,734,0,1005,734,271,Yes,0,7,737.79,0.14,138.36,9
MED0391,Metronidazole 250mg Ointment,Cardiac,Zydus,Yes,2026-01,0,1254,1060,1060,0,No,194,7,737.79,0.14,136.64,9
MED0391,Metronidazole 250mg Ointment,Cardiac,Zydus,Yes,2026-02,194,1112,941,941,0,No,365,7,737.79,0.14,133.06,9
MED0391,Metronidazole 250mg Ointment,Cardiac,Zydus,Yes,2026-03,365,1158,1224,1224,0,No,299,7,737.79,0.14,130.27,9
MED0391,Metronidazole 250mg Ointment,Cardiac,Zydus,Yes,2026-04,299,1182,999,999,0,No,482,7,725.23,0.14,127.11,9
MED0391,Metronidazole 250mg Ointment,Cardiac,Zydus,Yes,2026-05,482,1096,1091,1091,0,No,487,7,725.23,0.14,123.92,9
MED0391,Metronidazole 250mg Ointment,Cardiac,Zydus,Yes,2026-06,487,1388,1100,1100,0,No,775,7,725.23,0.14,124.08,9
MED0391,Metronidazole 250mg Ointment,Cardiac,Zydus,Yes,2026-07,775,1252,1178,1178,0,No,849,7,725.23,0.14,122.22,9
MED0392,Ranitidine Syrup 10mg Drops,Emergency/Critical Care,Torrent,Yes,2025-08,457,1508,1822,1822,0,No,143,5,216.81,0.16,332.04,24
MED0392,Ranitidine Syrup 10mg Drops,Emergency/Critical Care,Torrent,Yes,2025-09,143,2118,2079,2079,0,No,182,5,216.81,0.16,342.28,24
MED0392,Ranitidine Syrup 10mg Drops,Emergency/Critical Care,Torrent,Yes,2025-10,182,1979,1878,1878,0,No,283,5,216.81,0.16,346.14,24
MED0392,Ranitidine Syrup 10mg Drops,Emergency/Critical Care,Torrent,Yes,2025-11,283,1247,1736,1530,206,Yes,0,5,216.81,0.16,355.53,24
MED0392,Ranitidine Syrup 10mg Drops,Emergency/Critical Care,Torrent,Yes,2025-12,0,2108,1784,1784,0,No,324,5,216.81,0.16,348.05,24
MED0392,Ranitidine Syrup 10mg Drops,Emergency/Critical Care,Torrent,Yes,2026-01,324,0,1973,324,1649,Yes,0,5,216.81,0.16,345.58,24
MED0392,Ranitidine Syrup 10mg Drops,Emergency/Critical Care,Torrent,Yes,2026-02,0,1502,1888,1502,386,Yes,0,5,216.81,0.16,346.72,24
MED0392,Ranitidine Syrup 10mg Drops,Emergency/Critical Care,Torrent,Yes,2026-03,0,0,1952,0,1952,Yes,0,5,216.81,0.16,337.87,24
MED0392,Ranitidine Syrup 10mg Drops,Emergency/Critical Care,Torrent,Yes,2026-04,0,0,2086,0,2086,Yes,0,5,216.54,0.16,327.5,24
MED0392,Ranitidine Syrup 10mg Drops,Emergency/Critical Care,Torrent,Yes,2026-05,0,1913,2114,1913,201,Yes,0,5,216.54,0.16,331.07,24
MED0392,Ranitidine Syrup 10mg Drops,Emergency/Critical Care,Torrent,Yes,2026-06,0,2128,2027,2027,0,No,101,5,216.54,0.16,334.04,24
MED0392,Ranitidine Syrup 10mg Drops,Emergency/Critical Care,Torrent,Yes,2026-07,101,1620,1757,1721,36,Yes,0,5,216.54,0.16,332.17,24
MED0393,Insulin Glargine 50mg Capsule,Analgesic,Intas,No,2025-08,138,382,397,397,0,No,123,5,27.1,0.14,168.92,36
MED0393,Insulin Glargine 50mg Capsule,Analgesic,Intas,No,2025-09,123,360,384,384,0,No,99,5,27.1,0.14,168.02,36
MED0393,Insulin Glargine 50mg Capsule,Analgesic,Intas,No,2025-10,99,370,404,404,0,No,65,5,27.1,0.14,162.95,36
MED0393,Insulin Glargine 50mg Capsule,Analgesic,Intas,No,2025-11,65,484,398,398,0,No,151,5,27.1,0.14,161.2,36
MED0393,Insulin Glargine 50mg Capsule,Analgesic,Intas,No,2025-12,151,234,333,333,0,No,52,5,27.1,0.14,157.76,36
MED0393,Insulin Glargine 50mg Capsule,Analgesic,Intas,No,2026-01,52,358,309,309,0,No,101,5,27.1,0.14,153.72,36
MED0393,Insulin Glargine 50mg Capsule,Analgesic,Intas,No,2026-02,101,368,330,330,0,No,139,5,27.1,0.14,158.58,36
MED0393,Insulin Glargine 50mg Capsule,Analgesic,Intas,No,2026-03,139,400,329,329,0,No,210,5,27.1,0.14,159.64,36
MED0393,Insulin Glargine 50mg Capsule,Analgesic,Intas,No,2026-04,210,0,409,210,199,Yes,0,5,27.1,0.14,162.07,36
MED0393,Insulin Glargine 50mg Capsule,Analgesic,Intas,No,2026-05,0,360,392,360,32,Yes,0,5,27.1,0.14,160.11,36
MED0393,Insulin Glargine 50mg Capsule,Analgesic,Intas,No,2026-06,0,373,376,373,3,Yes,0,5,27.1,0.14,158.97,36
MED0393,Insulin Glargine 50mg Capsule,Analgesic,Intas,No,2026-07,0,396,329,329,0,No,67,5,27.1,0.14,156.17,36
MED0394,Propranolol 5ml Inhaler,Vaccine,Sun Pharma,No,2025-08,542,1848,1474,1474,0,No,916,5,328.86,0.25,317.47,6
MED0394,Propranolol 5ml Inhaler,Vaccine,Sun Pharma,No,2025-09,916,1108,1531,1531,0,No,493,5,328.86,0.25,309.41,6
MED0394,Propranolol 5ml Inhaler,Vaccine,Sun Pharma,No,2025-10,493,1464,1207,1207,0,No,750,5,328.86,0.25,302.99,6
MED0394,Propranolol 5ml Inhaler,Vaccine,Sun Pharma,No,2025-11,750,0,1335,750,585,Yes,0,5,328.86,0.25,308.94,6
MED0394,Propranolol 5ml Inhaler,Vaccine,Sun Pharma,No,2025-12,0,1002,1248,1002,246,Yes,0,5,328.86,0.25,312.49,6
MED0394,Propranolol 5ml Inhaler,Vaccine,Sun Pharma,No,2026-01,0,1105,1457,1105,352,Yes,0,5,328.86,0.25,313.43,6
MED0394,Propranolol 5ml Inhaler,Vaccine,Sun Pharma,No,2026-02,0,1338,1422,1338,84,Yes,0,5,328.86,0.25,312.93,6
MED0394,Propranolol 5ml Inhaler,Vaccine,Sun Pharma,No,2026-03,0,0,1416,0,1416,Yes,0,5,328.86,0.25,321.38,6
MED0394,Propranolol 5ml Inhaler,Vaccine,Sun Pharma,No,2026-04,0,1008,1152,1008,144,Yes,0,5,328.86,0.25,312.83,6
MED0394,Propranolol 5ml Inhaler,Vaccine,Sun Pharma,No,2026-05,0,1285,1347,1285,62,Yes,0,5,328.86,0.25,308.44,6
MED0394,Propranolol 5ml Inhaler,Vaccine,Sun Pharma,No,2026-06,0,1818,1485,1485,0,No,333,5,328.86,0.25,305.44,6
MED0394,Propranolol 5ml Inhaler,Vaccine,Sun Pharma,No,2026-07,333,1045,1272,1272,0,No,106,5,328.86,0.25,311.09,6
MED0395,Cough Syrup 20mg Syrup,Antibiotic,Dr Reddy's,Yes,2025-08,294,1218,1647,1512,135,Yes,0,4,676.6,0.16,40.51,6
MED0395,Cough Syrup 20mg Syrup,Antibiotic,Dr Reddy's,Yes,2025-09,0,1436,1341,1341,0,No,95,4,676.6,0.16,41.77,6
MED0395,Cough Syrup 20mg Syrup,Antibiotic,Dr Reddy's,Yes,2025-10,95,1218,1612,1313,299,Yes,0,4,676.6,0.16,41.11,6
MED0395,Cough Syrup 20mg Syrup,Antibiotic,Dr Reddy's,Yes,2025-11,0,0,1242,0,1242,Yes,0,4,676.6,0.16,42.07,6
MED0395,Cough Syrup 20mg Syrup,Antibiotic,Dr Reddy's,Yes,2025-12,0,1565,1393,1393,0,No,172,4,676.6,0.16,42.91,6
MED0395,Cough Syrup 20mg Syrup,Antibiotic,Dr Reddy's,Yes,2026-01,172,1626,1354,1354,0,No,444,4,676.6,0.16,42.21,6
MED0395,Cough Syrup 20mg Syrup,Antibiotic,Dr Reddy's,Yes,2026-02,444,1643,1400,1400,0,No,687,4,676.6,0.16,41.95,6
MED0395,Cough Syrup 20mg Syrup,Antibiotic,Dr Reddy's,Yes,2026-03,687,1499,1307,1307,0,No,879,4,676.6,0.16,41.72,6
MED0395,Cough Syrup 20mg Syrup,Antibiotic,Dr Reddy's,Yes,2026-04,879,1430,1437,1437,0,No,872,4,695.34,0.16,42.94,6
MED0395,Cough Syrup 20mg Syrup,Antibiotic,Dr Reddy's,Yes,2026-05,872,1406,1447,1447,0,No,831,4,695.34,0.16,42.13,6
MED0395,Cough Syrup 20mg Syrup,Antibiotic,Dr Reddy's,Yes,2026-06,831,1803,1420,1420,0,No,1214,4,695.34,0.16,42.89,6
MED0395,Cough Syrup 20mg Syrup,Antibiotic,Dr Reddy's,Yes,2026-07,1214,1618,1504,1504,0,No,1328,4,695.34,0.16,42.47,6
MED0396,Sertraline 5ml Syrup,Emergency/Critical Care,Intas,No,2025-08,1195,0,1876,1195,681,Yes,0,10,593.96,0.15,77.31,6
MED0396,Sertraline 5ml Syrup,Emergency/Critical Care,Intas,No,2025-09,0,0,1740,0,1740,Yes,0,10,593.96,0.15,76.92,6
MED0396,Sertraline 5ml Syrup,Emergency/Critical Care,Intas,No,2025-10,0,1586,2002,1586,416,Yes,0,10,593.96,0.15,77.3,6
MED0396,Sertraline 5ml Syrup,Emergency/Critical Care,Intas,No,2025-11,0,2002,1586,1586,0,No,416,10,593.96,0.15,78.92,6
MED0396,Sertraline 5ml Syrup,Emergency/Critical Care,Intas,No,2025-12,416,1452,1561,1561,0,No,307,10,593.96,0.15,80.4,6
MED0396,Sertraline 5ml Syrup,Emergency/Critical Care,Intas,No,2026-01,307,1302,1606,1606,0,No,3,10,593.96,0.15,82.18,6
MED0396,Sertraline 5ml Syrup,Emergency/Critical Care,Intas,No,2026-02,3,1321,1811,1324,487,Yes,0,10,593.96,0.15,80.04,6
MED0396,Sertraline 5ml Syrup,Emergency/Critical Care,Intas,No,2026-03,0,1505,1643,1505,138,Yes,0,10,593.96,0.15,80.98,6
MED0396,Sertraline 5ml Syrup,Emergency/Critical Care,Intas,No,2026-04,0,0,2018,0,2018,Yes,0,10,593.96,0.15,79.23,6
MED0396,Sertraline 5ml Syrup,Emergency/Critical Care,Intas,No,2026-05,0,1531,1898,1531,367,Yes,0,10,593.96,0.15,78.82,6
MED0396,Sertraline 5ml Syrup,Emergency/Critical Care,Intas,No,2026-06,0,1329,1650,1329,321,Yes,0,10,593.96,0.15,79.06,6
MED0396,Sertraline 5ml Syrup,Emergency/Critical Care,Intas,No,2026-07,0,0,2099,0,2099,Yes,0,10,593.96,0.15,78.59,6
MED0397,Paracetamol 500mg Ointment,Cardiac,Intas,Yes,2025-08,322,1522,1199,1199,0,No,645,7,187.98,0.24,324.53,9
MED0397,Paracetamol 500mg Ointment,Cardiac,Intas,Yes,2025-09,645,1286,1150,1150,0,No,781,7,187.98,0.24,324.93,9
MED0397,Paracetamol 500mg Ointment,Cardiac,Intas,Yes,2025-10,781,0,1123,781,342,Yes,0,7,187.98,0.24,335.08,9
MED0397,Paracetamol 500mg Ointment,Cardiac,Intas,Yes,2025-11,0,993,1148,993,155,Yes,0,7,187.98,0.24,327.62,9
MED0397,Paracetamol 500mg Ointment,Cardiac,Intas,Yes,2025-12,0,1331,1144,1144,0,No,187,7,187.98,0.24,331.21,9
MED0397,Paracetamol 500mg Ointment,Cardiac,Intas,Yes,2026-01,187,1515,1253,1253,0,No,449,7,187.98,0.24,329.08,9
MED0397,Paracetamol 500mg Ointment,Cardiac,Intas,Yes,2026-02,449,1053,1085,1085,0,No,417,7,187.98,0.24,321.58,9
MED0397,Paracetamol 500mg Ointment,Cardiac,Intas,Yes,2026-03,417,1116,1293,1293,0,No,240,7,187.98,0.24,314.6,9
MED0397,Paracetamol 500mg Ointment,Cardiac,Intas,Yes,2026-04,240,0,1202,240,962,Yes,0,7,181.4,0.24,323.79,9
MED0397,Paracetamol 500mg Ointment,Cardiac,Intas,Yes,2026-05,0,1343,1234,1234,0,No,109,7,181.4,0.24,331.55,9
MED0397,Paracetamol 500mg Ointment,Cardiac,Intas,Yes,2026-06,109,1660,1278,1278,0,No,491,7,181.4,0.24,339.87,9
MED0397,Paracetamol 500mg Ointment,Cardiac,Intas,Yes,2026-07,491,1232,1293,1293,0,No,430,7,181.4,0.24,349.92,9
MED0398,Risperidone 1g Tablet,Antibiotic,Sun Pharma,No,2025-08,586,1240,1280,1280,0,No,546,7,549.37,0.25,312.01,12
MED0398,Risperidone 1g Tablet,Antibiotic,Sun Pharma,No,2025-09,546,989,1063,1063,0,No,472,7,549.37,0.25,309.17,12
MED0398,Risperidone 1g Tablet,Antibiotic,Sun Pharma,No,2025-10,472,1052,1026,1026,0,No,498,7,549.37,0.25,312.5,12
MED0398,Risperidone 1g Tablet,Antibiotic,Sun Pharma,No,2025-11,498,1009,1023,1023,0,No,484,7,549.37,0.25,312.18,12
MED0398,Risperidone 1g Tablet,Antibiotic,Sun Pharma,No,2025-12,484,0,1165,484,681,Yes,0,7,549.37,0.25,310.58,12
MED0398,Risperidone 1g Tablet,Antibiotic,Sun Pharma,No,2026-01,0,1021,1266,1021,245,Yes,0,7,549.37,0.25,307.79,12
MED0398,Risperidone 1g Tablet,Antibiotic,Sun Pharma,No,2026-02,0,938,1211,938,273,Yes,0,7,549.37,0.25,309.63,12
MED0398,Risperidone 1g Tablet,Antibiotic,Sun Pharma,No,2026-03,0,1337,1321,1321,0,No,16,7,549.37,0.25,311.12,12
MED0398,Risperidone 1g Tablet,Antibiotic,Sun Pharma,No,2026-04,16,1156,1369,1172,197,Yes,0,7,549.37,0.25,304.47,12
MED0398,Risperidone 1g Tablet,Antibiotic,Sun Pharma,No,2026-05,0,1136,1066,1066,0,No,70,7,549.37,0.25,303.91,12
MED0398,Risperidone 1g Tablet,Antibiotic,Sun Pharma,No,2026-06,70,1321,1034,1034,0,No,357,7,549.37,0.25,304.96,12
MED0398,Risperidone 1g Tablet,Antibiotic,Sun Pharma,No,2026-07,357,991,1231,1231,0,No,117,7,549.37,0.25,306.34,12
MED0399,Nitroglycerin 500mg Syrup,Antidiabetic,Sun Pharma,Yes,2025-08,208,593,796,796,0,No,5,4,626.11,0.26,163.58,24
MED0399,Nitroglycerin 500mg Syrup,Antidiabetic,Sun Pharma,Yes,2025-09,5,731,842,736,106,Yes,0,4,626.11,0.26,160.59,24
MED0399,Nitroglycerin 500mg Syrup,Antidiabetic,Sun Pharma,Yes,2025-10,0,590,730,590,140,Yes,0,4,626.11,0.26,163.09,24
MED0399,Nitroglycerin 500mg Syrup,Antidiabetic,Sun Pharma,Yes,2025-11,0,695,791,695,96,Yes,0,4,626.11,0.26,158.2,24
MED0399,Nitroglycerin 500mg Syrup,Antidiabetic,Sun Pharma,Yes,2025-12,0,464,639,464,175,Yes,0,4,626.11,0.26,156.7,24
MED0399,Nitroglycerin 500mg Syrup,Antidiabetic,Sun Pharma,Yes,2026-01,0,878,794,794,0,No,84,4,626.11,0.26,159.59,24
MED0399,Nitroglycerin 500mg Syrup,Antidiabetic,Sun Pharma,Yes,2026-02,84,833,758,758,0,No,159,4,626.11,0.26,160.25,24
MED0399,Nitroglycerin 500mg Syrup,Antidiabetic,Sun Pharma,Yes,2026-03,159,659,682,682,0,No,136,4,626.11,0.26,157.79,24
MED0399,Nitroglycerin 500mg Syrup,Antidiabetic,Sun Pharma,Yes,2026-04,136,690,811,811,0,No,15,4,634.38,0.26,159.8,24
MED0399,Nitroglycerin 500mg Syrup,Antidiabetic,Sun Pharma,Yes,2026-05,15,770,685,685,0,No,100,4,634.38,0.26,160.49,24
MED0399,Nitroglycerin 500mg Syrup,Antidiabetic,Sun Pharma,Yes,2026-06,100,805,731,731,0,No,174,4,634.38,0.26,163.54,24
MED0399,Nitroglycerin 500mg Syrup,Antidiabetic,Sun Pharma,Yes,2026-07,174,996,831,831,0,No,339,4,634.38,0.26,165.96,24
MED0400,Omeprazole 1mg Injection,Neuro/Psychiatric,Cipla,No,2025-08,2064,2207,2581,2581,0,No,1690,10,270.2,0.25,40.19,6
MED0400,Omeprazole 1mg Injection,Neuro/Psychiatric,Cipla,No,2025-09,1690,0,2381,1690,691,Yes,0,10,270.2,0.25,40.16,6
MED0400,Omeprazole 1mg Injection,Neuro/Psychiatric,Cipla,No,2025-10,0,3148,2558,2558,0,No,590,10,270.2,0.25,39.23,6
MED0400,Omeprazole 1mg Injection,Neuro/Psychiatric,Cipla,No,2025-11,590,2713,2754,2754,0,No,549,10,270.2,0.25,38.63,6
MED0400,Omeprazole 1mg Injection,Neuro/Psychiatric,Cipla,No,2025-12,549,0,2421,549,1872,Yes,0,10,270.2,0.25,38.43,6
MED0400,Omeprazole 1mg Injection,Neuro/Psychiatric,Cipla,No,2026-01,0,2248,2522,2248,274,Yes,0,10,270.2,0.25,38.68,6
MED0400,Omeprazole 1mg Injection,Neuro/Psychiatric,Cipla,No,2026-02,0,2449,2438,2438,0,No,11,10,270.2,0.25,38.71,6
MED0400,Omeprazole 1mg Injection,Neuro/Psychiatric,Cipla,No,2026-03,11,2482,2134,2134,0,No,359,10,270.2,0.25,38.17,6
MED0400,Omeprazole 1mg Injection,Neuro/Psychiatric,Cipla,No,2026-04,359,3061,2640,2640,0,No,780,10,270.2,0.25,36.92,6
MED0400,Omeprazole 1mg Injection,Neuro/Psychiatric,Cipla,No,2026-05,780,2150,2544,2544,0,No,386,10,270.2,0.25,36.91,6
MED0400,Omeprazole 1mg Injection,Neuro/Psychiatric,Cipla,No,2026-06,386,0,2766,386,2380,Yes,0,10,270.2,0.25,36.57,6
MED0400,Omeprazole 1mg Injection,Neuro/Psychiatric,Cipla,No,2026-07,0,0,2380,0,2380,Yes,0,10,270.2,0.25,37.16,6
MED0401,Vitamin D3 250mg Drops,Gastrointestinal,Torrent,No,2025-08,24,272,269,269,0,No,27,4,700.79,0.26,192.82,6
MED0401,Vitamin D3 250mg Drops,Gastrointestinal,Torrent,No,2025-09,27,304,256,256,0,No,75,4,700.79,0.26,187.04,6
MED0401,Vitamin D3 250mg Drops,Gastrointestinal,Torrent,No,2025-10,75,108,142,142,0,No,41,4,700.79,0.26,188.07,6
MED0401,Vitamin D3 250mg Drops,Gastrointestinal,Torrent,No,2025-11,41,105,126,126,0,No,20,4,700.79,0.26,193.43,6
MED0401,Vitamin D3 250mg Drops,Gastrointestinal,Torrent,No,2025-12,20,83,101,101,0,No,2,4,700.79,0.26,189.47,6
MED0401,Vitamin D3 250mg Drops,Gastrointestinal,Torrent,No,2026-01,2,92,123,94,29,Yes,0,4,700.79,0.26,189.13,6
MED0401,Vitamin D3 250mg Drops,Gastrointestinal,Torrent,No,2026-02,0,130,101,101,0,No,29,4,700.79,0.26,184.17,6
MED0401,Vitamin D3 250mg Drops,Gastrointestinal,Torrent,No,2026-03,29,0,111,29,82,Yes,0,4,700.79,0.26,185.7,6
MED0401,Vitamin D3 250mg Drops,Gastrointestinal,Torrent,No,2026-04,0,0,153,0,153,Yes,0,4,700.79,0.26,186.31,6
MED0401,Vitamin D3 250mg Drops,Gastrointestinal,Torrent,No,2026-05,0,0,171,0,171,Yes,0,4,700.79,0.26,185.18,6
MED0401,Vitamin D3 250mg Drops,Gastrointestinal,Torrent,No,2026-06,0,261,248,248,0,No,13,4,700.79,0.26,185.44,6
MED0401,Vitamin D3 250mg Drops,Gastrointestinal,Torrent,No,2026-07,13,0,326,13,313,Yes,0,4,700.79,0.26,190.26,6
MED0402,Metformin 10ml Drops,Analgesic,Mankind,Yes,2025-08,768,1601,1547,1547,0,No,822,7,675.53,0.27,262.56,18
MED0402,Metformin 10ml Drops,Analgesic,Mankind,Yes,2025-09,822,1749,1541,1541,0,No,1030,7,675.53,0.27,257.54,18
MED0402,Metformin 10ml Drops,Analgesic,Mankind,Yes,2025-10,1030,1766,1521,1521,0,No,1275,7,675.53,0.27,249.64,18
MED0402,Metformin 10ml Drops,Analgesic,Mankind,Yes,2025-11,1275,1682,1998,1998,0,No,959,7,675.53,0.27,255.62,18
MED0402,Metformin 10ml Drops,Analgesic,Mankind,Yes,2025-12,959,0,1804,959,845,Yes,0,7,675.53,0.27,256.9,18
MED0402,Metformin 10ml Drops,Analgesic,Mankind,Yes,2026-01,0,1623,1516,1516,0,No,107,7,675.53,0.27,263.36,18
MED0402,Metformin 10ml Drops,Analgesic,Mankind,Yes,2026-02,107,2499,1937,1937,0,No,669,7,675.53,0.27,264.96,18
MED0402,Metformin 10ml Drops,Analgesic,Mankind,Yes,2026-03,669,1225,1717,1717,0,No,177,7,675.53,0.27,270.09,18
MED0402,Metformin 10ml Drops,Analgesic,Mankind,Yes,2026-04,177,1828,1766,1766,0,No,239,7,649.65,0.27,268.93,18
MED0402,Metformin 10ml Drops,Analgesic,Mankind,Yes,2026-05,239,1379,1604,1604,0,No,14,7,649.65,0.27,273.06,18
MED0402,Metformin 10ml Drops,Analgesic,Mankind,Yes,2026-06,14,1905,1679,1679,0,No,240,7,649.65,0.27,279.89,18
MED0402,Metformin 10ml Drops,Analgesic,Mankind,Yes,2026-07,240,0,1933,240,1693,Yes,0,7,649.65,0.27,281.08,18
MED0403,Paracetamol 5mg Capsule,Gastrointestinal,Glenmark,No,2025-08,742,1862,2037,2037,0,No,567,10,11.08,0.2,278.53,6
MED0403,Paracetamol 5mg Capsule,Gastrointestinal,Glenmark,No,2025-09,567,1737,2149,2149,0,No,155,10,11.08,0.2,274.47,6
MED0403,Paracetamol 5mg Capsule,Gastrointestinal,Glenmark,No,2025-10,155,1393,1699,1548,151,Yes,0,10,11.08,0.2,269.18,6
MED0403,Paracetamol 5mg Capsule,Gastrointestinal,Glenmark,No,2025-11,0,1369,1244,1244,0,No,125,10,11.08,0.2,264.74,6
MED0403,Paracetamol 5mg Capsule,Gastrointestinal,Glenmark,No,2025-12,125,1056,1403,1181,222,Yes,0,10,11.08,0.2,261.34,6
MED0403,Paracetamol 5mg Capsule,Gastrointestinal,Glenmark,No,2026-01,0,1098,1177,1098,79,Yes,0,10,11.08,0.2,262.31,6
MED0403,Paracetamol 5mg Capsule,Gastrointestinal,Glenmark,No,2026-02,0,1290,1394,1290,104,Yes,0,10,11.08,0.2,263.85,6
MED0403,Paracetamol 5mg Capsule,Gastrointestinal,Glenmark,No,2026-03,0,0,1601,0,1601,Yes,0,10,11.08,0.2,262.56,6
MED0403,Paracetamol 5mg Capsule,Gastrointestinal,Glenmark,No,2026-04,0,2097,2705,2097,608,Yes,0,10,11.08,0.2,264.59,6
MED0403,Paracetamol 5mg Capsule,Gastrointestinal,Glenmark,No,2026-05,0,2778,2793,2778,15,Yes,0,10,11.08,0.2,257.25,6
MED0403,Paracetamol 5mg Capsule,Gastrointestinal,Glenmark,No,2026-06,0,3095,3091,3091,0,No,4,10,11.08,0.2,253.46,6
MED0403,Paracetamol 5mg Capsule,Gastrointestinal,Glenmark,No,2026-07,4,2185,2335,2189,146,Yes,0,10,11.08,0.2,253.46,6
MED0404,Salbutamol 1mg Drops,Respiratory,Mankind,No,2025-08,263,1223,979,979,0,No,507,4,301.95,0.18,208.81,9
MED0404,Salbutamol 1mg Drops,Respiratory,Mankind,No,2025-09,507,895,788,788,0,No,614,4,301.95,0.18,209.05,9
MED0404,Salbutamol 1mg Drops,Respiratory,Mankind,No,2025-10,614,740,980,980,0,No,374,4,301.95,0.18,205.29,9
MED0404,Salbutamol 1mg Drops,Respiratory,Mankind,No,2025-11,374,756,755,755,0,No,375,4,301.95,0.18,202.44,9
MED0404,Salbutamol 1mg Drops,Respiratory,Mankind,No,2025-12,375,678,752,752,0,No,301,4,301.95,0.18,201.13,9
MED0404,Salbutamol 1mg Drops,Respiratory,Mankind,No,2026-01,301,826,750,750,0,No,377,4,301.95,0.18,205.23,9
MED0404,Salbutamol 1mg Drops,Respiratory,Mankind,No,2026-02,377,932,757,757,0,No,552,4,301.95,0.18,198.83,9
MED0404,Salbutamol 1mg Drops,Respiratory,Mankind,No,2026-03,552,653,877,877,0,No,328,4,301.95,0.18,200.8,9
MED0404,Salbutamol 1mg Drops,Respiratory,Mankind,No,2026-04,328,692,792,792,0,No,228,4,301.95,0.18,203.02,9
MED0404,Salbutamol 1mg Drops,Respiratory,Mankind,No,2026-05,228,646,848,848,0,No,26,4,301.95,0.18,206.95,9
MED0404,Salbutamol 1mg Drops,Respiratory,Mankind,No,2026-06,26,875,812,812,0,No,89,4,301.95,0.18,212.64,9
MED0404,Salbutamol 1mg Drops,Respiratory,Mankind,No,2026-07,89,816,985,905,80,Yes,0,4,301.95,0.18,206.33,9
MED0405,Povidone Iodine 1mg Suspension,Gastrointestinal,Cipla,Yes,2025-08,80,539,507,507,0,No,112,3,321.5,0.25,108.36,9
MED0405,Povidone Iodine 1mg Suspension,Gastrointestinal,Cipla,Yes,2025-09,112,0,483,112,371,Yes,0,3,321.5,0.25,106,9
MED0405,Povidone Iodine 1mg Suspension,Gastrointestinal,Cipla,Yes,2025-10,0,387,430,387,43,Yes,0,3,321.5,0.25,108.64,9
MED0405,Povidone Iodine 1mg Suspension,Gastrointestinal,Cipla,Yes,2025-11,0,490,499,490,9,Yes,0,3,321.5,0.25,108.36,9
MED0405,Povidone Iodine 1mg Suspension,Gastrointestinal,Cipla,Yes,2025-12,0,0,447,0,447,Yes,0,3,321.5,0.25,108.8,9
MED0405,Povidone Iodine 1mg Suspension,Gastrointestinal,Cipla,Yes,2026-01,0,415,543,415,128,Yes,0,3,321.5,0.25,109.91,9
MED0405,Povidone Iodine 1mg Suspension,Gastrointestinal,Cipla,Yes,2026-02,0,360,418,360,58,Yes,0,3,321.5,0.25,111.13,9
MED0405,Povidone Iodine 1mg Suspension,Gastrointestinal,Cipla,Yes,2026-03,0,607,488,488,0,No,119,3,321.5,0.25,114.08,9
MED0405,Povidone Iodine 1mg Suspension,Gastrointestinal,Cipla,Yes,2026-04,119,433,531,531,0,No,21,3,304.11,0.25,117.47,9
MED0405,Povidone Iodine 1mg Suspension,Gastrointestinal,Cipla,Yes,2026-05,21,502,545,523,22,Yes,0,3,304.11,0.25,118.11,9
MED0405,Povidone Iodine 1mg Suspension,Gastrointestinal,Cipla,Yes,2026-06,0,594,549,549,0,No,45,3,304.11,0.25,116.66,9
MED0405,Povidone Iodine 1mg Suspension,Gastrointestinal,Cipla,Yes,2026-07,45,629,546,546,0,No,128,3,304.11,0.25,118.11,9
MED0406,Ranitidine Syrup 2.5mg Capsule,Neuro/Psychiatric,Sun Pharma,No,2025-08,1653,4431,4134,4134,0,No,1950,7,682.41,0.14,258.85,6
MED0406,Ranitidine Syrup 2.5mg Capsule,Neuro/Psychiatric,Sun Pharma,No,2025-09,1950,3545,3882,3882,0,No,1613,7,682.41,0.14,254.46,6
MED0406,Ranitidine Syrup 2.5mg Capsule,Neuro/Psychiatric,Sun Pharma,No,2025-10,1613,3499,3503,3503,0,No,1609,7,682.41,0.14,260.94,6
MED0406,Ranitidine Syrup 2.5mg Capsule,Neuro/Psychiatric,Sun Pharma,No,2025-11,1609,3441,4304,4304,0,No,746,7,682.41,0.14,256.96,6
MED0406,Ranitidine Syrup 2.5mg Capsule,Neuro/Psychiatric,Sun Pharma,No,2025-12,746,0,4301,746,3555,Yes,0,7,682.41,0.14,252.4,6
MED0406,Ranitidine Syrup 2.5mg Capsule,Neuro/Psychiatric,Sun Pharma,No,2026-01,0,0,3993,0,3993,Yes,0,7,682.41,0.14,246.5,6
MED0406,Ranitidine Syrup 2.5mg Capsule,Neuro/Psychiatric,Sun Pharma,No,2026-02,0,0,3934,0,3934,Yes,0,7,682.41,0.14,252.36,6
MED0406,Ranitidine Syrup 2.5mg Capsule,Neuro/Psychiatric,Sun Pharma,No,2026-03,0,4295,3990,3990,0,No,305,7,682.41,0.14,252.36,6
MED0406,Ranitidine Syrup 2.5mg Capsule,Neuro/Psychiatric,Sun Pharma,No,2026-04,305,0,3324,305,3019,Yes,0,7,682.41,0.14,255.21,6
MED0406,Ranitidine Syrup 2.5mg Capsule,Neuro/Psychiatric,Sun Pharma,No,2026-05,0,3199,3617,3199,418,Yes,0,7,682.41,0.14,250.95,6
MED0406,Ranitidine Syrup 2.5mg Capsule,Neuro/Psychiatric,Sun Pharma,No,2026-06,0,4277,4221,4221,0,No,56,7,682.41,0.14,255.16,6
MED0406,Ranitidine Syrup 2.5mg Capsule,Neuro/Psychiatric,Sun Pharma,No,2026-07,56,3725,4282,3781,501,Yes,0,7,682.41,0.14,259.4,6
MED0407,Cloxacillin 10ml Drops,Antidiabetic,Sun Pharma,No,2025-08,224,458,417,417,0,No,265,14,734.16,0.26,233.88,6
MED0407,Cloxacillin 10ml Drops,Antidiabetic,Sun Pharma,No,2025-09,265,471,371,371,0,No,365,14,734.16,0.26,231.12,6
MED0407,Cloxacillin 10ml Drops,Antidiabetic,Sun Pharma,No,2025-10,365,0,402,365,37,Yes,0,14,734.16,0.26,229.8,6
MED0407,Cloxacillin 10ml Drops,Antidiabetic,Sun Pharma,No,2025-11,0,304,434,304,130,Yes,0,14,734.16,0.26,225.52,6
MED0407,Cloxacillin 10ml Drops,Antidiabetic,Sun Pharma,No,2025-12,0,301,380,301,79,Yes,0,14,734.16,0.26,232.54,6
MED0407,Cloxacillin 10ml Drops,Antidiabetic,Sun Pharma,No,2026-01,0,435,361,361,0,No,74,14,734.16,0.26,234.69,6
MED0407,Cloxacillin 10ml Drops,Antidiabetic,Sun Pharma,No,2026-02,74,540,476,476,0,No,138,14,734.16,0.26,241.09,6
MED0407,Cloxacillin 10ml Drops,Antidiabetic,Sun Pharma,No,2026-03,138,369,390,390,0,No,117,14,734.16,0.26,238.19,6
MED0407,Cloxacillin 10ml Drops,Antidiabetic,Sun Pharma,No,2026-04,117,0,442,117,325,Yes,0,14,734.16,0.26,242.34,6
MED0407,Cloxacillin 10ml Drops,Antidiabetic,Sun Pharma,No,2026-05,0,374,447,374,73,Yes,0,14,734.16,0.26,246.26,6
MED0407,Cloxacillin 10ml Drops,Antidiabetic,Sun Pharma,No,2026-06,0,408,477,408,69,Yes,0,14,734.16,0.26,249.08,6
MED0407,Cloxacillin 10ml Drops,Antidiabetic,Sun Pharma,No,2026-07,0,446,363,363,0,No,83,14,734.16,0.26,254.93,6
MED0408,Amlodipine 10mg Capsule,Vitamin/Supplement,Cipla,Yes,2025-08,1465,1864,1546,1546,0,No,1783,10,551.2,0.21,114.97,9
MED0408,Amlodipine 10mg Capsule,Vitamin/Supplement,Cipla,Yes,2025-09,1783,1386,1488,1488,0,No,1681,10,551.2,0.21,114.2,9
MED0408,Amlodipine 10mg Capsule,Vitamin/Supplement,Cipla,Yes,2025-10,1681,1629,1783,1783,0,No,1527,10,551.2,0.21,111.53,9
MED0408,Amlodipine 10mg Capsule,Vitamin/Supplement,Cipla,Yes,2025-11,1527,1965,2350,2350,0,No,1142,10,551.2,0.21,112.77,9
MED0408,Amlodipine 10mg Capsule,Vitamin/Supplement,Cipla,Yes,2025-12,1142,1837,2571,2571,0,No,408,10,551.2,0.21,114.43,9
MED0408,Amlodipine 10mg Capsule,Vitamin/Supplement,Cipla,Yes,2026-01,408,2860,2870,2870,0,No,398,10,551.2,0.21,114.97,9
MED0408,Amlodipine 10mg Capsule,Vitamin/Supplement,Cipla,Yes,2026-02,398,2495,2457,2457,0,No,436,10,551.2,0.21,112.85,9
MED0408,Amlodipine 10mg Capsule,Vitamin/Supplement,Cipla,Yes,2026-03,436,1668,1510,1510,0,No,594,10,551.2,0.21,112.88,9
MED0408,Amlodipine 10mg Capsule,Vitamin/Supplement,Cipla,Yes,2026-04,594,0,1474,594,880,Yes,0,10,533.49,0.21,111.52,9
MED0408,Amlodipine 10mg Capsule,Vitamin/Supplement,Cipla,Yes,2026-05,0,0,1146,0,1146,Yes,0,10,533.49,0.21,110.99,9
MED0408,Amlodipine 10mg Capsule,Vitamin/Supplement,Cipla,Yes,2026-06,0,975,1093,975,118,Yes,0,10,533.49,0.21,112.04,9
MED0408,Amlodipine 10mg Capsule,Vitamin/Supplement,Cipla,Yes,2026-07,0,1170,1323,1170,153,Yes,0,10,533.49,0.21,113.82,9
MED0409,Loperamide 5ml Ointment,Emergency/Critical Care,Torrent,No,2025-08,210,682,586,586,0,No,306,5,302.89,0.2,168.06,36
MED0409,Loperamide 5ml Ointment,Emergency/Critical Care,Torrent,No,2025-09,306,526,615,615,0,No,217,5,302.89,0.2,167.06,36
MED0409,Loperamide 5ml Ointment,Emergency/Critical Care,Torrent,No,2025-10,217,505,505,505,0,No,217,5,302.89,0.2,164.62,36
MED0409,Loperamide 5ml Ointment,Emergency/Critical Care,Torrent,No,2025-11,217,0,593,217,376,Yes,0,5,302.89,0.2,161.43,36
MED0409,Loperamide 5ml Ointment,Emergency/Critical Care,Torrent,No,2025-12,0,441,551,441,110,Yes,0,5,302.89,0.2,164.43,36
MED0409,Loperamide 5ml Ointment,Emergency/Critical Care,Torrent,No,2026-01,0,513,554,513,41,Yes,0,5,302.89,0.2,168.76,36
MED0409,Loperamide 5ml Ointment,Emergency/Critical Care,Torrent,No,2026-02,0,672,576,576,0,No,96,5,302.89,0.2,167.39,36
MED0409,Loperamide 5ml Ointment,Emergency/Critical Care,Torrent,No,2026-03,96,554,649,649,0,No,1,5,302.89,0.2,170.05,36
MED0409,Loperamide 5ml Ointment,Emergency/Critical Care,Torrent,No,2026-04,1,469,643,470,173,Yes,0,5,302.89,0.2,174.25,36
MED0409,Loperamide 5ml Ointment,Emergency/Critical Care,Torrent,No,2026-05,0,502,586,502,84,Yes,0,5,302.89,0.2,177.91,36
MED0409,Loperamide 5ml Ointment,Emergency/Critical Care,Torrent,No,2026-06,0,0,583,0,583,Yes,0,5,302.89,0.2,174.55,36
MED0409,Loperamide 5ml Ointment,Emergency/Critical Care,Torrent,No,2026-07,0,0,581,0,581,Yes,0,5,302.89,0.2,179.38,36
MED0410,BCG Vaccine 2.5mg Tablet,Neuro/Psychiatric,Intas,No,2025-08,495,1972,1811,1811,0,No,656,4,70.11,0.15,209.1,6
MED0410,BCG Vaccine 2.5mg Tablet,Neuro/Psychiatric,Intas,No,2025-09,656,2176,1902,1902,0,No,930,4,70.11,0.15,207.48,6
MED0410,BCG Vaccine 2.5mg Tablet,Neuro/Psychiatric,Intas,No,2025-10,930,1597,1780,1780,0,No,747,4,70.11,0.15,205.36,6
MED0410,BCG Vaccine 2.5mg Tablet,Neuro/Psychiatric,Intas,No,2025-11,747,0,1903,747,1156,Yes,0,4,70.11,0.15,199.6,6
MED0410,BCG Vaccine 2.5mg Tablet,Neuro/Psychiatric,Intas,No,2025-12,0,1524,1756,1524,232,Yes,0,4,70.11,0.15,199.42,6
MED0410,BCG Vaccine 2.5mg Tablet,Neuro/Psychiatric,Intas,No,2026-01,0,2179,1867,1867,0,No,312,4,70.11,0.15,194.27,6
MED0410,BCG Vaccine 2.5mg Tablet,Neuro/Psychiatric,Intas,No,2026-02,312,2357,1981,1981,0,No,688,4,70.11,0.15,190.96,6
MED0410,BCG Vaccine 2.5mg Tablet,Neuro/Psychiatric,Intas,No,2026-03,688,1816,1752,1752,0,No,752,4,70.11,0.15,190.28,6
MED0410,BCG Vaccine 2.5mg Tablet,Neuro/Psychiatric,Intas,No,2026-04,752,2171,1897,1897,0,No,1026,4,70.11,0.15,194.35,6
MED0410,BCG Vaccine 2.5mg Tablet,Neuro/Psychiatric,Intas,No,2026-05,1026,1679,1723,1723,0,No,982,4,70.11,0.15,199.3,6
MED0410,BCG Vaccine 2.5mg Tablet,Neuro/Psychiatric,Intas,No,2026-06,982,0,2049,982,1067,Yes,0,4,70.11,0.15,196.7,6
MED0410,BCG Vaccine 2.5mg Tablet,Neuro/Psychiatric,Intas,No,2026-07,0,1654,2038,1654,384,Yes,0,4,70.11,0.15,201.43,6
MED0411,Carbamazepine 5ml Ointment,Cardiac,Lupin,No,2025-08,309,1073,1447,1382,65,Yes,0,5,427.88,0.15,91.53,6
MED0411,Carbamazepine 5ml Ointment,Cardiac,Lupin,No,2025-09,0,1486,1430,1430,0,No,56,5,427.88,0.15,93.59,6
MED0411,Carbamazepine 5ml Ointment,Cardiac,Lupin,No,2025-10,56,0,1656,56,1600,Yes,0,5,427.88,0.15,95.12,6
MED0411,Carbamazepine 5ml Ointment,Cardiac,Lupin,No,2025-11,0,0,1354,0,1354,Yes,0,5,427.88,0.15,93.08,6
MED0411,Carbamazepine 5ml Ointment,Cardiac,Lupin,No,2025-12,0,1661,1675,1661,14,Yes,0,5,427.88,0.15,94.18,6
MED0411,Carbamazepine 5ml Ointment,Cardiac,Lupin,No,2026-01,0,1632,1534,1534,0,No,98,5,427.88,0.15,96.75,6
MED0411,Carbamazepine 5ml Ointment,Cardiac,Lupin,No,2026-02,98,1636,1763,1734,29,Yes,0,5,427.88,0.15,97.8,6
MED0411,Carbamazepine 5ml Ointment,Cardiac,Lupin,No,2026-03,0,1901,1718,1718,0,No,183,5,427.88,0.15,96.83,6
MED0411,Carbamazepine 5ml Ointment,Cardiac,Lupin,No,2026-04,183,1577,1425,1425,0,No,335,5,427.88,0.15,96.83,6
MED0411,Carbamazepine 5ml Ointment,Cardiac,Lupin,No,2026-05,335,1787,1742,1742,0,No,380,5,427.88,0.15,97.67,6
MED0411,Carbamazepine 5ml Ointment,Cardiac,Lupin,No,2026-06,380,1217,1358,1358,0,No,239,5,427.88,0.15,97.73,6
MED0411,Carbamazepine 5ml Ointment,Cardiac,Lupin,No,2026-07,239,1330,1429,1429,0,No,140,5,427.88,0.15,95.54,6
MED0412,Folic Acid 500mg Suspension,Antibiotic,GSK,No,2025-08,1333,5458,6223,6223,0,No,568,5,463.38,0.13,137.35,24
MED0412,Folic Acid 500mg Suspension,Antibiotic,GSK,No,2025-09,568,6222,5302,5302,0,No,1488,5,463.38,0.13,135.72,24
MED0412,Folic Acid 500mg Suspension,Antibiotic,GSK,No,2025-10,1488,0,3183,1488,1695,Yes,0,5,463.38,0.13,138.34,24
MED0412,Folic Acid 500mg Suspension,Antibiotic,GSK,No,2025-11,0,3250,2911,2911,0,No,339,5,463.38,0.13,141.47,24
MED0412,Folic Acid 500mg Suspension,Antibiotic,GSK,No,2025-12,339,1849,1972,1972,0,No,216,5,463.38,0.13,138.33,24
MED0412,Folic Acid 500mg Suspension,Antibiotic,GSK,No,2026-01,216,2207,2023,2023,0,No,400,5,463.38,0.13,142.24,24
MED0412,Folic Acid 500mg Suspension,Antibiotic,GSK,No,2026-02,400,1771,2167,2167,0,No,4,5,463.38,0.13,140.76,24
MED0412,Folic Acid 500mg Suspension,Antibiotic,GSK,No,2026-03,4,2215,2410,2219,191,Yes,0,5,463.38,0.13,142.16,24
MED0412,Folic Acid 500mg Suspension,Antibiotic,GSK,No,2026-04,0,3558,2800,2800,0,No,758,5,463.38,0.13,144.34,24
MED0412,Folic Acid 500mg Suspension,Antibiotic,GSK,No,2026-05,758,2982,4059,3740,319,Yes,0,5,463.38,0.13,147.04,24
MED0412,Folic Acid 500mg Suspension,Antibiotic,GSK,No,2026-06,0,4794,5764,4794,970,Yes,0,5,463.38,0.13,149.71,24
MED0412,Folic Acid 500mg Suspension,Antibiotic,GSK,No,2026-07,0,4996,6939,4996,1943,Yes,0,5,463.38,0.13,148.09,24
MED0413,BCG Vaccine 10ml Capsule,Anesthetic,Abbott,No,2025-08,243,406,492,492,0,No,157,10,152.67,0.27,211.6,6
MED0413,BCG Vaccine 10ml Capsule,Anesthetic,Abbott,No,2025-09,157,543,438,438,0,No,262,10,152.67,0.27,216.38,6
MED0413,BCG Vaccine 10ml Capsule,Anesthetic,Abbott,No,2025-10,262,353,504,504,0,No,111,10,152.67,0.27,211.47,6
MED0413,BCG Vaccine 10ml Capsule,Anesthetic,Abbott,No,2025-11,111,0,508,111,397,Yes,0,10,152.67,0.27,214.2,6
MED0413,BCG Vaccine 10ml Capsule,Anesthetic,Abbott,No,2025-12,0,366,389,366,23,Yes,0,10,152.67,0.27,217.43,6
MED0413,BCG Vaccine 10ml Capsule,Anesthetic,Abbott,No,2026-01,0,444,385,385,0,No,59,10,152.67,0.27,219.8,6
MED0413,BCG Vaccine 10ml Capsule,Anesthetic,Abbott,No,2026-02,59,370,420,420,0,No,9,10,152.67,0.27,216.5,6
MED0413,BCG Vaccine 10ml Capsule,Anesthetic,Abbott,No,2026-03,9,428,463,437,26,Yes,0,10,152.67,0.27,221.47,6
MED0413,BCG Vaccine 10ml Capsule,Anesthetic,Abbott,No,2026-04,0,514,432,432,0,No,82,10,152.67,0.27,217.06,6
MED0413,BCG Vaccine 10ml Capsule,Anesthetic,Abbott,No,2026-05,82,551,478,478,0,No,155,10,152.67,0.27,211.11,6
MED0413,BCG Vaccine 10ml Capsule,Anesthetic,Abbott,No,2026-06,155,403,474,474,0,No,84,10,152.67,0.27,214.01,6
MED0413,BCG Vaccine 10ml Capsule,Anesthetic,Abbott,No,2026-07,84,308,387,387,0,No,5,10,152.67,0.27,213.68,6
MED0414,Azithromycin 50mg Injection,Vitamin/Supplement,Zydus,No,2025-08,3480,2797,2933,2933,0,No,3344,21,633.13,0.22,145.16,24
MED0414,Azithromycin 50mg Injection,Vitamin/Supplement,Zydus,No,2025-09,3344,0,2457,2457,0,No,887,21,633.13,0.22,148.35,24
MED0414,Azithromycin 50mg Injection,Vitamin/Supplement,Zydus,No,2025-10,887,1465,1858,1858,0,No,494,21,633.13,0.22,147.28,24
MED0414,Azithromycin 50mg Injection,Vitamin/Supplement,Zydus,No,2025-11,494,1535,1608,1608,0,No,421,21,633.13,0.22,144.25,24
MED0414,Azithromycin 50mg Injection,Vitamin/Supplement,Zydus,No,2025-12,421,1433,1617,1617,0,No,237,21,633.13,0.22,147.33,24
MED0414,Azithromycin 50mg Injection,Vitamin/Supplement,Zydus,No,2026-01,237,0,1163,237,926,Yes,0,21,633.13,0.22,147.78,24
MED0414,Azithromycin 50mg Injection,Vitamin/Supplement,Zydus,No,2026-02,0,1765,1400,1400,0,No,365,21,633.13,0.22,144.94,24
MED0414,Azithromycin 50mg Injection,Vitamin/Supplement,Zydus,No,2026-03,365,2300,2062,2062,0,No,603,21,633.13,0.22,146.96,24
MED0414,Azithromycin 50mg Injection,Vitamin/Supplement,Zydus,No,2026-04,603,2795,2921,2921,0,No,477,21,633.13,0.22,147.06,24
MED0414,Azithromycin 50mg Injection,Vitamin/Supplement,Zydus,No,2026-05,477,2924,3380,3380,0,No,21,21,633.13,0.22,148.01,24
MED0414,Azithromycin 50mg Injection,Vitamin/Supplement,Zydus,No,2026-06,21,3787,3976,3808,168,Yes,0,21,633.13,0.22,147.65,24
MED0414,Azithromycin 50mg Injection,Vitamin/Supplement,Zydus,No,2026-07,0,2987,3374,2987,387,Yes,0,21,633.13,0.22,150.66,24
MED0415,Paracetamol 5ml Tablet,Neuro/Psychiatric,Intas,No,2025-08,381,716,746,746,0,No,351,5,495.55,0.2,245.13,9
MED0415,Paracetamol 5ml Tablet,Neuro/Psychiatric,Intas,No,2025-09,351,717,874,874,0,No,194,5,495.55,0.2,250.22,9
MED0415,Paracetamol 5ml Tablet,Neuro/Psychiatric,Intas,No,2025-10,194,913,978,978,0,No,129,5,495.55,0.2,253.45,9
MED0415,Paracetamol 5ml Tablet,Neuro/Psychiatric,Intas,No,2025-11,129,1260,1530,1389,141,Yes,0,5,495.55,0.2,247.36,9
MED0415,Paracetamol 5ml Tablet,Neuro/Psychiatric,Intas,No,2025-12,0,0,1674,0,1674,Yes,0,5,495.55,0.2,252.59,9
MED0415,Paracetamol 5ml Tablet,Neuro/Psychiatric,Intas,No,2026-01,0,0,1680,0,1680,Yes,0,5,495.55,0.2,255.23,9
MED0415,Paracetamol 5ml Tablet,Neuro/Psychiatric,Intas,No,2026-02,0,1459,1570,1459,111,Yes,0,5,495.55,0.2,258.27,9
MED0415,Paracetamol 5ml Tablet,Neuro/Psychiatric,Intas,No,2026-03,0,1052,950,950,0,No,102,5,495.55,0.2,256.15,9
MED0415,Paracetamol 5ml Tablet,Neuro/Psychiatric,Intas,No,2026-04,102,972,899,899,0,No,175,5,495.55,0.2,262.01,9
MED0415,Paracetamol 5ml Tablet,Neuro/Psychiatric,Intas,No,2026-05,175,634,799,799,0,No,10,5,495.55,0.2,265.49,9
MED0415,Paracetamol 5ml Tablet,Neuro/Psychiatric,Intas,No,2026-06,10,797,690,690,0,No,117,5,495.55,0.2,259.51,9
MED0415,Paracetamol 5ml Tablet,Neuro/Psychiatric,Intas,No,2026-07,117,0,822,117,705,Yes,0,5,495.55,0.2,258.09,9
MED0416,Clopidogrel 5ml Syrup,Cardiac,Intas,No,2025-08,1183,778,804,804,0,No,1157,21,572.24,0.27,172.4,9
MED0416,Clopidogrel 5ml Syrup,Cardiac,Intas,No,2025-09,1157,795,681,681,0,No,1271,21,572.24,0.27,176.6,9
MED0416,Clopidogrel 5ml Syrup,Cardiac,Intas,No,2025-10,1271,563,628,628,0,No,1206,21,572.24,0.27,171.68,9
MED0416,Clopidogrel 5ml Syrup,Cardiac,Intas,No,2025-11,1206,662,720,720,0,No,1148,21,572.24,0.27,176.69,9
MED0416,Clopidogrel 5ml Syrup,Cardiac,Intas,No,2025-12,1148,636,770,770,0,No,1014,21,572.24,0.27,178.64,9
MED0416,Clopidogrel 5ml Syrup,Cardiac,Intas,No,2026-01,1014,0,682,682,0,No,332,21,572.24,0.27,180.07,9
MED0416,Clopidogrel 5ml Syrup,Cardiac,Intas,No,2026-02,332,868,669,669,0,No,531,21,572.24,0.27,177.58,9
MED0416,Clopidogrel 5ml Syrup,Cardiac,Intas,No,2026-03,531,0,633,531,102,Yes,0,21,572.24,0.27,174.85,9
MED0416,Clopidogrel 5ml Syrup,Cardiac,Intas,No,2026-04,0,580,756,580,176,Yes,0,21,572.24,0.27,179.65,9
MED0416,Clopidogrel 5ml Syrup,Cardiac,Intas,No,2026-05,0,847,680,680,0,No,167,21,572.24,0.27,177.46,9
MED0416,Clopidogrel 5ml Syrup,Cardiac,Intas,No,2026-06,167,959,780,780,0,No,346,21,572.24,0.27,180.45,9
MED0416,Clopidogrel 5ml Syrup,Cardiac,Intas,No,2026-07,346,615,709,709,0,No,252,21,572.24,0.27,179.29,9
MED0417,Chlorpheniramine 1g Inhaler,Antibiotic,Cipla,No,2025-08,99,1258,1470,1357,113,Yes,0,2,18.16,0.18,143.43,18
MED0417,Chlorpheniramine 1g Inhaler,Antibiotic,Cipla,No,2025-09,0,1549,1474,1474,0,No,75,2,18.16,0.18,140.17,18
MED0417,Chlorpheniramine 1g Inhaler,Antibiotic,Cipla,No,2025-10,75,1059,1196,1134,62,Yes,0,2,18.16,0.18,135.75,18
MED0417,Chlorpheniramine 1g Inhaler,Antibiotic,Cipla,No,2025-11,0,943,959,943,16,Yes,0,2,18.16,0.18,136.15,18
MED0417,Chlorpheniramine 1g Inhaler,Antibiotic,Cipla,No,2025-12,0,900,791,791,0,No,109,2,18.16,0.18,140.45,18
MED0417,Chlorpheniramine 1g Inhaler,Antibiotic,Cipla,No,2026-01,109,846,910,910,0,No,45,2,18.16,0.18,139.27,18
MED0417,Chlorpheniramine 1g Inhaler,Antibiotic,Cipla,No,2026-02,45,858,877,877,0,No,26,2,18.16,0.18,137.98,18
MED0417,Chlorpheniramine 1g Inhaler,Antibiotic,Cipla,No,2026-03,26,1358,1350,1350,0,No,34,2,18.16,0.18,136.57,18
MED0417,Chlorpheniramine 1g Inhaler,Antibiotic,Cipla,No,2026-04,34,2272,1763,1763,0,No,543,2,18.16,0.18,136.76,18
MED0417,Chlorpheniramine 1g Inhaler,Antibiotic,Cipla,No,2026-05,543,0,2566,543,2023,Yes,0,2,18.16,0.18,136.22,18
MED0417,Chlorpheniramine 1g Inhaler,Antibiotic,Cipla,No,2026-06,0,1900,1969,1900,69,Yes,0,2,18.16,0.18,139.65,18
MED0417,Chlorpheniramine 1g Inhaler,Antibiotic,Cipla,No,2026-07,0,2363,1870,1870,0,No,493,2,18.16,0.18,139.7,18
MED0418,Insulin 250mg Injection,Vitamin/Supplement,Cadila,No,2025-08,1324,9447,8068,8068,0,No,2703,7,780.34,0.21,145.91,24
MED0418,Insulin 250mg Injection,Vitamin/Supplement,Cadila,No,2025-09,2703,6865,5604,5604,0,No,3964,7,780.34,0.21,145.98,24
MED0418,Insulin 250mg Injection,Vitamin/Supplement,Cadila,No,2025-10,3964,0,4712,3964,748,Yes,0,7,780.34,0.21,142.66,24
MED0418,Insulin 250mg Injection,Vitamin/Supplement,Cadila,No,2025-11,0,0,2872,0,2872,Yes,0,7,780.34,0.21,147.1,24
MED0418,Insulin 250mg Injection,Vitamin/Supplement,Cadila,No,2025-12,0,3357,2994,2994,0,No,363,7,780.34,0.21,144.8,24
MED0418,Insulin 250mg Injection,Vitamin/Supplement,Cadila,No,2026-01,363,2455,2467,2467,0,No,351,7,780.34,0.21,140.88,24
MED0418,Insulin 250mg Injection,Vitamin/Supplement,Cadila,No,2026-02,351,2743,2765,2765,0,No,329,7,780.34,0.21,142.38,24
MED0418,Insulin 250mg Injection,Vitamin/Supplement,Cadila,No,2026-03,329,2529,3470,2858,612,Yes,0,7,780.34,0.21,143.26,24
MED0418,Insulin 250mg Injection,Vitamin/Supplement,Cadila,No,2026-04,0,3311,3870,3311,559,Yes,0,7,780.34,0.21,142.48,24
MED0418,Insulin 250mg Injection,Vitamin/Supplement,Cadila,No,2026-05,0,3903,4090,3903,187,Yes,0,7,780.34,0.21,141.76,24
MED0418,Insulin 250mg Injection,Vitamin/Supplement,Cadila,No,2026-06,0,0,7158,0,7158,Yes,0,7,780.34,0.21,144.38,24
MED0418,Insulin 250mg Injection,Vitamin/Supplement,Cadila,No,2026-07,0,9536,7457,7457,0,No,2079,7,780.34,0.21,141.58,24
MED0419,Rosuvastatin 1mg Syrup,Cardiac,GSK,Yes,2025-08,482,1257,1231,1231,0,No,508,5,683.71,0.17,309.59,12
MED0419,Rosuvastatin 1mg Syrup,Cardiac,GSK,Yes,2025-09,508,1049,1446,1446,0,No,111,5,683.71,0.17,315.84,12
MED0419,Rosuvastatin 1mg Syrup,Cardiac,GSK,Yes,2025-10,111,1839,1799,1799,0,No,151,5,683.71,0.17,318.74,12
MED0419,Rosuvastatin 1mg Syrup,Cardiac,GSK,Yes,2025-11,151,1998,2217,2149,68,Yes,0,5,683.71,0.17,317.16,12
MED0419,Rosuvastatin 1mg Syrup,Cardiac,GSK,Yes,2025-12,0,2009,2521,2009,512,Yes,0,5,683.71,0.17,316.34,12
MED0419,Rosuvastatin 1mg Syrup,Cardiac,GSK,Yes,2026-01,0,2562,2698,2562,136,Yes,0,5,683.71,0.17,311.59,12
MED0419,Rosuvastatin 1mg Syrup,Cardiac,GSK,Yes,2026-02,0,0,2179,0,2179,Yes,0,5,683.71,0.17,316.51,12
MED0419,Rosuvastatin 1mg Syrup,Cardiac,GSK,Yes,2026-03,0,1562,1499,1499,0,No,63,5,683.71,0.17,316.76,12
MED0419,Rosuvastatin 1mg Syrup,Cardiac,GSK,Yes,2026-04,63,911,1177,974,203,Yes,0,5,718.23,0.17,313.27,12
MED0419,Rosuvastatin 1mg Syrup,Cardiac,GSK,Yes,2026-05,0,1129,1257,1129,128,Yes,0,5,718.23,0.17,315.14,12
MED0419,Rosuvastatin 1mg Syrup,Cardiac,GSK,Yes,2026-06,0,1280,1173,1173,0,No,107,5,718.23,0.17,324.81,12
MED0419,Rosuvastatin 1mg Syrup,Cardiac,GSK,Yes,2026-07,107,854,1107,961,146,Yes,0,5,718.23,0.17,323.55,12
MED0420,Atenolol 250mg Ointment,Neuro/Psychiatric,Glenmark,Yes,2025-08,1560,3094,2988,2988,0,No,1666,7,95.73,0.14,128.81,24
MED0420,Atenolol 250mg Ointment,Neuro/Psychiatric,Glenmark,Yes,2025-09,1666,2025,2504,2504,0,No,1187,7,95.73,0.14,127.55,24
MED0420,Atenolol 250mg Ointment,Neuro/Psychiatric,Glenmark,Yes,2025-10,1187,2054,2550,2550,0,No,691,7,95.73,0.14,123.94,24
MED0420,Atenolol 250mg Ointment,Neuro/Psychiatric,Glenmark,Yes,2025-11,691,2395,2169,2169,0,No,917,7,95.73,0.14,121.54,24
MED0420,Atenolol 250mg Ointment,Neuro/Psychiatric,Glenmark,Yes,2025-12,917,1890,1780,1780,0,No,1027,7,95.73,0.14,120.88,24
MED0420,Atenolol 250mg Ointment,Neuro/Psychiatric,Glenmark,Yes,2026-01,1027,1479,1638,1638,0,No,868,7,95.73,0.14,118.6,24
MED0420,Atenolol 250mg Ointment,Neuro/Psychiatric,Glenmark,Yes,2026-02,868,1589,1749,1749,0,No,708,7,95.73,0.14,117.22,24
MED0420,Atenolol 250mg Ointment,Neuro/Psychiatric,Glenmark,Yes,2026-03,708,2528,2337,2337,0,No,899,7,95.73,0.14,120.59,24
MED0420,Atenolol 250mg Ointment,Neuro/Psychiatric,Glenmark,Yes,2026-04,899,3906,4128,4128,0,No,677,7,90.76,0.14,123.38,24
MED0420,Atenolol 250mg Ointment,Neuro/Psychiatric,Glenmark,Yes,2026-05,677,4325,5074,5002,72,Yes,0,7,90.76,0.14,125.35,24
MED0420,Atenolol 250mg Ointment,Neuro/Psychiatric,Glenmark,Yes,2026-06,0,0,3906,0,3906,Yes,0,7,90.76,0.14,122.65,24
MED0420,Atenolol 250mg Ointment,Neuro/Psychiatric,Glenmark,Yes,2026-07,0,4851,4065,4065,0,No,786,7,90.76,0.14,119.57,24
MED0421,Cloxacillin 10ml Ointment,Vaccine,Glenmark,No,2025-08,174,832,759,759,0,No,247,7,154.7,0.13,204.99,6
MED0421,Cloxacillin 10ml Ointment,Vaccine,Glenmark,No,2025-09,247,480,542,542,0,No,185,7,154.7,0.13,207.88,6
MED0421,Cloxacillin 10ml Ointment,Vaccine,Glenmark,No,2025-10,185,414,415,415,0,No,184,7,154.7,0.13,213.42,6
MED0421,Cloxacillin 10ml Ointment,Vaccine,Glenmark,No,2025-11,184,381,402,402,0,No,163,7,154.7,0.13,212.52,6
MED0421,Cloxacillin 10ml Ointment,Vaccine,Glenmark,No,2025-12,163,523,425,425,0,No,261,7,154.7,0.13,207.6,6
MED0421,Cloxacillin 10ml Ointment,Vaccine,Glenmark,No,2026-01,261,311,361,361,0,No,211,7,154.7,0.13,207.76,6
MED0421,Cloxacillin 10ml Ointment,Vaccine,Glenmark,No,2026-02,211,347,441,441,0,No,117,7,154.7,0.13,205.81,6
MED0421,Cloxacillin 10ml Ointment,Vaccine,Glenmark,No,2026-03,117,550,552,552,0,No,115,7,154.7,0.13,204.19,6
MED0421,Cloxacillin 10ml Ointment,Vaccine,Glenmark,No,2026-04,115,803,784,784,0,No,134,7,154.7,0.13,205.76,6
MED0421,Cloxacillin 10ml Ointment,Vaccine,Glenmark,No,2026-05,134,768,887,887,0,No,15,7,154.7,0.13,208.58,6
MED0421,Cloxacillin 10ml Ointment,Vaccine,Glenmark,No,2026-06,15,709,904,724,180,Yes,0,7,154.7,0.13,203.55,6
MED0421,Cloxacillin 10ml Ointment,Vaccine,Glenmark,No,2026-07,0,694,717,694,23,Yes,0,7,154.7,0.13,197.55,6
MED0422,Insulin Regular 50mg Injection,Dermatological,Sun Pharma,No,2025-08,537,3127,2470,2470,0,No,1194,3,566.09,0.23,318.49,9
MED0422,Insulin Regular 50mg Injection,Dermatological,Sun Pharma,No,2025-09,1194,2417,2280,2280,0,No,1331,3,566.09,0.23,328.41,9
MED0422,Insulin Regular 50mg Injection,Dermatological,Sun Pharma,No,2025-10,1331,1899,2236,2236,0,No,994,3,566.09,0.23,323.05,9
MED0422,Insulin Regular 50mg Injection,Dermatological,Sun Pharma,No,2025-11,994,2431,2598,2598,0,No,827,3,566.09,0.23,314.1,9
MED0422,Insulin Regular 50mg Injection,Dermatological,Sun Pharma,No,2025-12,827,3199,2562,2562,0,No,1464,3,566.09,0.23,307.88,9
MED0422,Insulin Regular 50mg Injection,Dermatological,Sun Pharma,No,2026-01,1464,0,2885,1464,1421,Yes,0,3,566.09,0.23,298.63,9
MED0422,Insulin Regular 50mg Injection,Dermatological,Sun Pharma,No,2026-02,0,2313,2923,2313,610,Yes,0,3,566.09,0.23,296.46,9
MED0422,Insulin Regular 50mg Injection,Dermatological,Sun Pharma,No,2026-03,0,3004,2359,2359,0,No,645,3,566.09,0.23,302.53,9
MED0422,Insulin Regular 50mg Injection,Dermatological,Sun Pharma,No,2026-04,645,2868,2399,2399,0,No,1114,3,566.09,0.23,299.34,9
MED0422,Insulin Regular 50mg Injection,Dermatological,Sun Pharma,No,2026-05,1114,2533,2789,2789,0,No,858,3,566.09,0.23,298.22,9
MED0422,Insulin Regular 50mg Injection,Dermatological,Sun Pharma,No,2026-06,858,2990,2633,2633,0,No,1215,3,566.09,0.23,301.74,9
MED0422,Insulin Regular 50mg Injection,Dermatological,Sun Pharma,No,2026-07,1215,3005,2736,2736,0,No,1484,3,566.09,0.23,301.92,9
MED0423,Ondansetron 10mg Syrup,Vaccine,Zydus,Yes,2025-08,155,1316,1019,1019,0,No,452,3,326.61,0.16,82.27,18
MED0423,Ondansetron 10mg Syrup,Vaccine,Zydus,Yes,2025-09,452,715,1010,1010,0,No,157,3,326.61,0.16,84.14,18
MED0423,Ondansetron 10mg Syrup,Vaccine,Zydus,Yes,2025-10,157,874,1209,1031,178,Yes,0,3,326.61,0.16,86.04,18
MED0423,Ondansetron 10mg Syrup,Vaccine,Zydus,Yes,2025-11,0,1166,965,965,0,No,201,3,326.61,0.16,83.5,18
MED0423,Ondansetron 10mg Syrup,Vaccine,Zydus,Yes,2025-12,201,0,921,201,720,Yes,0,3,326.61,0.16,84.94,18
MED0423,Ondansetron 10mg Syrup,Vaccine,Zydus,Yes,2026-01,0,979,1184,979,205,Yes,0,3,326.61,0.16,84.74,18
MED0423,Ondansetron 10mg Syrup,Vaccine,Zydus,Yes,2026-02,0,1208,1123,1123,0,No,85,3,326.61,0.16,87.27,18
MED0423,Ondansetron 10mg Syrup,Vaccine,Zydus,Yes,2026-03,85,1267,1239,1239,0,No,113,3,326.61,0.16,87.18,18
MED0423,Ondansetron 10mg Syrup,Vaccine,Zydus,Yes,2026-04,113,1545,1241,1241,0,No,417,3,345.9,0.16,89.67,18
MED0423,Ondansetron 10mg Syrup,Vaccine,Zydus,Yes,2026-05,417,752,993,993,0,No,176,3,345.9,0.16,89.67,18
MED0423,Ondansetron 10mg Syrup,Vaccine,Zydus,Yes,2026-06,176,1344,1038,1038,0,No,482,3,345.9,0.16,88.37,18
MED0423,Ondansetron 10mg Syrup,Vaccine,Zydus,Yes,2026-07,482,0,989,482,507,Yes,0,3,345.9,0.16,88.57,18
MED0424,Doxycycline 10ml Suspension,Dermatological,Intas,No,2025-08,76,137,128,128,0,No,85,10,600.09,0.25,82.42,6
MED0424,Doxycycline 10ml Suspension,Dermatological,Intas,No,2025-09,85,116,121,121,0,No,80,10,600.09,0.25,84.28,6
MED0424,Doxycycline 10ml Suspension,Dermatological,Intas,No,2025-10,80,168,137,137,0,No,111,10,600.09,0.25,82.19,6
MED0424,Doxycycline 10ml Suspension,Dermatological,Intas,No,2025-11,111,0,128,111,17,Yes,0,10,600.09,0.25,83.26,6
MED0424,Doxycycline 10ml Suspension,Dermatological,Intas,No,2025-12,0,95,118,95,23,Yes,0,10,600.09,0.25,82.46,6
MED0424,Doxycycline 10ml Suspension,Dermatological,Intas,No,2026-01,0,103,114,103,11,Yes,0,10,600.09,0.25,79.9,6
MED0424,Doxycycline 10ml Suspension,Dermatological,Intas,No,2026-02,0,144,120,120,0,No,24,10,600.09,0.25,79.4,6
MED0424,Doxycycline 10ml Suspension,Dermatological,Intas,No,2026-03,24,97,133,121,12,Yes,0,10,600.09,0.25,78.02,6
MED0424,Doxycycline 10ml Suspension,Dermatological,Intas,No,2026-04,0,125,135,125,10,Yes,0,10,600.09,0.25,79.68,6
MED0424,Doxycycline 10ml Suspension,Dermatological,Intas,No,2026-05,0,118,136,118,18,Yes,0,10,600.09,0.25,78.84,6
MED0424,Doxycycline 10ml Suspension,Dermatological,Intas,No,2026-06,0,113,112,112,0,No,1,10,600.09,0.25,80.54,6
MED0424,Doxycycline 10ml Suspension,Dermatological,Intas,No,2026-07,1,129,135,130,5,Yes,0,10,600.09,0.25,77.95,6
MED0425,Cloxacillin 10mg Inhaler,Dermatological,Alkem,No,2025-08,236,1875,1633,1633,0,No,478,2,499,0.13,140.63,36
MED0425,Cloxacillin 10mg Inhaler,Dermatological,Alkem,No,2025-09,478,1328,1795,1795,0,No,11,2,499,0.13,138.93,36
MED0425,Cloxacillin 10mg Inhaler,Dermatological,Alkem,No,2025-10,11,2975,2481,2481,0,No,505,2,499,0.13,136.64,36
MED0425,Cloxacillin 10mg Inhaler,Dermatological,Alkem,No,2025-11,505,2871,2565,2565,0,No,811,2,499,0.13,134.28,36
MED0425,Cloxacillin 10mg Inhaler,Dermatological,Alkem,No,2025-12,811,0,3875,811,3064,Yes,0,2,499,0.13,130.45,36
MED0425,Cloxacillin 10mg Inhaler,Dermatological,Alkem,No,2026-01,0,3297,3484,3297,187,Yes,0,2,499,0.13,127.97,36
MED0425,Cloxacillin 10mg Inhaler,Dermatological,Alkem,No,2026-02,0,2390,3415,2390,1025,Yes,0,2,499,0.13,128.46,36
MED0425,Cloxacillin 10mg Inhaler,Dermatological,Alkem,No,2026-03,0,1538,1955,1538,417,Yes,0,2,499,0.13,127.97,36
MED0425,Cloxacillin 10mg Inhaler,Dermatological,Alkem,No,2026-04,0,1842,1829,1829,0,No,13,2,499,0.13,127.97,36
MED0425,Cloxacillin 10mg Inhaler,Dermatological,Alkem,No,2026-05,13,1904,1769,1769,0,No,148,2,499,0.13,127.97,36
MED0425,Cloxacillin 10mg Inhaler,Dermatological,Alkem,No,2026-06,148,0,1618,148,1470,Yes,0,2,499,0.13,131.3,36
MED0425,Cloxacillin 10mg Inhaler,Dermatological,Alkem,No,2026-07,0,1471,1513,1471,42,Yes,0,2,499,0.13,134.89,36
MED0426,Gentamicin 50mg Ointment,Emergency/Critical Care,Glenmark,No,2025-08,305,953,938,938,0,No,320,7,365.73,0.26,75.41,18
MED0426,Gentamicin 50mg Ointment,Emergency/Critical Care,Glenmark,No,2025-09,320,600,736,736,0,No,184,7,365.73,0.26,75.38,18
MED0426,Gentamicin 50mg Ointment,Emergency/Critical Care,Glenmark,No,2025-10,184,650,736,736,0,No,98,7,365.73,0.26,74.57,18
MED0426,Gentamicin 50mg Ointment,Emergency/Critical Care,Glenmark,No,2025-11,98,696,748,748,0,No,46,7,365.73,0.26,72.7,18
MED0426,Gentamicin 50mg Ointment,Emergency/Critical Care,Glenmark,No,2025-12,46,741,873,787,86,Yes,0,7,365.73,0.26,74.85,18
MED0426,Gentamicin 50mg Ointment,Emergency/Critical Care,Glenmark,No,2026-01,0,881,845,845,0,No,36,7,365.73,0.26,72.76,18
MED0426,Gentamicin 50mg Ointment,Emergency/Critical Care,Glenmark,No,2026-02,36,563,759,599,160,Yes,0,7,365.73,0.26,71.8,18
MED0426,Gentamicin 50mg Ointment,Emergency/Critical Care,Glenmark,No,2026-03,0,782,801,782,19,Yes,0,7,365.73,0.26,70.84,18
MED0426,Gentamicin 50mg Ointment,Emergency/Critical Care,Glenmark,No,2026-04,0,1066,878,878,0,No,188,7,365.73,0.26,69.99,18
MED0426,Gentamicin 50mg Ointment,Emergency/Critical Care,Glenmark,No,2026-05,188,978,914,914,0,No,252,7,365.73,0.26,68.62,18
MED0426,Gentamicin 50mg Ointment,Emergency/Critical Care,Glenmark,No,2026-06,252,712,937,937,0,No,27,7,365.73,0.26,69.97,18
MED0426,Gentamicin 50mg Ointment,Emergency/Critical Care,Glenmark,No,2026-07,27,942,824,824,0,No,145,7,365.73,0.26,68.62,18
MED0427,Dexamethasone 2.5mg Tablet,Vitamin/Supplement,Sun Pharma,No,2025-08,163,882,1238,1045,193,Yes,0,4,337.66,0.13,179.21,9
MED0427,Dexamethasone 2.5mg Tablet,Vitamin/Supplement,Sun Pharma,No,2025-09,0,767,1004,767,237,Yes,0,4,337.66,0.13,180.73,9
MED0427,Dexamethasone 2.5mg Tablet,Vitamin/Supplement,Sun Pharma,No,2025-10,0,782,1013,782,231,Yes,0,4,337.66,0.13,176.48,9
MED0427,Dexamethasone 2.5mg Tablet,Vitamin/Supplement,Sun Pharma,No,2025-11,0,1401,1100,1100,0,No,301,4,337.66,0.13,171.63,9
MED0427,Dexamethasone 2.5mg Tablet,Vitamin/Supplement,Sun Pharma,No,2025-12,301,1472,1163,1163,0,No,610,4,337.66,0.13,176.25,9
MED0427,Dexamethasone 2.5mg Tablet,Vitamin/Supplement,Sun Pharma,No,2026-01,610,1374,1134,1134,0,No,850,4,337.66,0.13,172.75,9
MED0427,Dexamethasone 2.5mg Tablet,Vitamin/Supplement,Sun Pharma,No,2026-02,850,911,1169,1169,0,No,592,4,337.66,0.13,176.38,9
MED0427,Dexamethasone 2.5mg Tablet,Vitamin/Supplement,Sun Pharma,No,2026-03,592,1122,996,996,0,No,718,4,337.66,0.13,176.88,9
MED0427,Dexamethasone 2.5mg Tablet,Vitamin/Supplement,Sun Pharma,No,2026-04,718,1469,1284,1284,0,No,903,4,337.66,0.13,172.11,9
MED0427,Dexamethasone 2.5mg Tablet,Vitamin/Supplement,Sun Pharma,No,2026-05,903,0,1020,903,117,Yes,0,4,337.66,0.13,177.25,9
MED0427,Dexamethasone 2.5mg Tablet,Vitamin/Supplement,Sun Pharma,No,2026-06,0,1253,1151,1151,0,No,102,4,337.66,0.13,174.39,9
MED0427,Dexamethasone 2.5mg Tablet,Vitamin/Supplement,Sun Pharma,No,2026-07,102,897,1120,999,121,Yes,0,4,337.66,0.13,178.45,9
MED0428,Tetanus Toxoid 1mg Ointment,Respiratory,Biocon,No,2025-08,194,812,690,690,0,No,316,7,773.04,0.28,308.17,6
MED0428,Tetanus Toxoid 1mg Ointment,Respiratory,Biocon,No,2025-09,316,594,713,713,0,No,197,7,773.04,0.28,301.74,6
MED0428,Tetanus Toxoid 1mg Ointment,Respiratory,Biocon,No,2025-10,197,703,664,664,0,No,236,7,773.04,0.28,308.61,6
MED0428,Tetanus Toxoid 1mg Ointment,Respiratory,Biocon,No,2025-11,236,672,798,798,0,No,110,7,773.04,0.28,299.16,6
MED0428,Tetanus Toxoid 1mg Ointment,Respiratory,Biocon,No,2025-12,110,611,808,721,87,Yes,0,7,773.04,0.28,299.39,6
MED0428,Tetanus Toxoid 1mg Ointment,Respiratory,Biocon,No,2026-01,0,709,694,694,0,No,15,7,773.04,0.28,304.62,6
MED0428,Tetanus Toxoid 1mg Ointment,Respiratory,Biocon,No,2026-02,15,684,856,699,157,Yes,0,7,773.04,0.28,313.06,6
MED0428,Tetanus Toxoid 1mg Ointment,Respiratory,Biocon,No,2026-03,0,497,676,497,179,Yes,0,7,773.04,0.28,321,6
MED0428,Tetanus Toxoid 1mg Ointment,Respiratory,Biocon,No,2026-04,0,787,861,787,74,Yes,0,7,773.04,0.28,327.21,6
MED0428,Tetanus Toxoid 1mg Ointment,Respiratory,Biocon,No,2026-05,0,680,792,680,112,Yes,0,7,773.04,0.28,334.75,6
MED0428,Tetanus Toxoid 1mg Ointment,Respiratory,Biocon,No,2026-06,0,769,845,769,76,Yes,0,7,773.04,0.28,328.91,6
MED0428,Tetanus Toxoid 1mg Ointment,Respiratory,Biocon,No,2026-07,0,732,656,656,0,No,76,7,773.04,0.28,324.72,6
MED0429,Glimepiride 5mg Syrup,Antidiabetic,Lupin,Yes,2025-08,77,809,780,780,0,No,106,2,335.6,0.14,93.29,36
MED0429,Glimepiride 5mg Syrup,Antidiabetic,Lupin,Yes,2025-09,106,882,772,772,0,No,216,2,335.6,0.14,92.05,36
MED0429,Glimepiride 5mg Syrup,Antidiabetic,Lupin,Yes,2025-10,216,650,624,624,0,No,242,2,335.6,0.14,91.33,36
MED0429,Glimepiride 5mg Syrup,Antidiabetic,Lupin,Yes,2025-11,242,720,664,664,0,No,298,2,335.6,0.14,90.7,36
MED0429,Glimepiride 5mg Syrup,Antidiabetic,Lupin,Yes,2025-12,298,617,783,783,0,No,132,2,335.6,0.14,90.96,36
MED0429,Glimepiride 5mg Syrup,Antidiabetic,Lupin,Yes,2026-01,132,997,796,796,0,No,333,2,335.6,0.14,88.96,36
MED0429,Glimepiride 5mg Syrup,Antidiabetic,Lupin,Yes,2026-02,333,765,665,665,0,No,433,2,335.6,0.14,90.08,36
MED0429,Glimepiride 5mg Syrup,Antidiabetic,Lupin,Yes,2026-03,433,754,708,708,0,No,479,2,335.6,0.14,88.13,36
MED0429,Glimepiride 5mg Syrup,Antidiabetic,Lupin,Yes,2026-04,479,925,789,789,0,No,615,2,341.46,0.14,87.02,36
MED0429,Glimepiride 5mg Syrup,Antidiabetic,Lupin,Yes,2026-05,615,0,708,615,93,Yes,0,2,341.46,0.14,87.04,36
MED0429,Glimepiride 5mg Syrup,Antidiabetic,Lupin,Yes,2026-06,0,706,784,706,78,Yes,0,2,341.46,0.14,88.78,36
MED0429,Glimepiride 5mg Syrup,Antidiabetic,Lupin,Yes,2026-07,0,672,719,672,47,Yes,0,2,341.46,0.14,90.19,36
MED0430,Spironolactone 10ml Injection,Vaccine,Cadila,No,2025-08,199,0,639,199,440,Yes,0,5,80.11,0.12,338.74,18
MED0430,Spironolactone 10ml Injection,Vaccine,Cadila,No,2025-09,0,493,671,493,178,Yes,0,5,80.11,0.12,331.39,18
MED0430,Spironolactone 10ml Injection,Vaccine,Cadila,No,2025-10,0,844,657,657,0,No,187,5,80.11,0.12,332.39,18
MED0430,Spironolactone 10ml Injection,Vaccine,Cadila,No,2025-11,187,0,682,187,495,Yes,0,5,80.11,0.12,323.59,18
MED0430,Spironolactone 10ml Injection,Vaccine,Cadila,No,2025-12,0,580,669,580,89,Yes,0,5,80.11,0.12,320.97,18
MED0430,Spironolactone 10ml Injection,Vaccine,Cadila,No,2026-01,0,474,619,474,145,Yes,0,5,80.11,0.12,319.12,18
MED0430,Spironolactone 10ml Injection,Vaccine,Cadila,No,2026-02,0,410,583,410,173,Yes,0,5,80.11,0.12,309.3,18
MED0430,Spironolactone 10ml Injection,Vaccine,Cadila,No,2026-03,0,745,582,582,0,No,163,5,80.11,0.12,308.25,18
MED0430,Spironolactone 10ml Injection,Vaccine,Cadila,No,2026-04,163,806,627,627,0,No,342,5,80.11,0.12,317.97,18
MED0430,Spironolactone 10ml Injection,Vaccine,Cadila,No,2026-05,342,638,550,550,0,No,430,5,80.11,0.12,327.65,18
MED0430,Spironolactone 10ml Injection,Vaccine,Cadila,No,2026-06,430,685,666,666,0,No,449,5,80.11,0.12,324.5,18
MED0430,Spironolactone 10ml Injection,Vaccine,Cadila,No,2026-07,449,443,560,560,0,No,332,5,80.11,0.12,314.75,18
MED0431,Propranolol 10ml Drops,Neuro/Psychiatric,Glenmark,No,2025-08,248,321,417,417,0,No,152,7,325.43,0.26,241.09,6
MED0431,Propranolol 10ml Drops,Neuro/Psychiatric,Glenmark,No,2025-09,152,605,476,476,0,No,281,7,325.43,0.26,236.22,6
MED0431,Propranolol 10ml Drops,Neuro/Psychiatric,Glenmark,No,2025-10,281,482,516,516,0,No,247,7,325.43,0.26,234.58,6
MED0431,Propranolol 10ml Drops,Neuro/Psychiatric,Glenmark,No,2025-11,247,588,476,476,0,No,359,7,325.43,0.26,241.38,6
MED0431,Propranolol 10ml Drops,Neuro/Psychiatric,Glenmark,No,2025-12,359,536,455,455,0,No,440,7,325.43,0.26,235.93,6
MED0431,Propranolol 10ml Drops,Neuro/Psychiatric,Glenmark,No,2026-01,440,582,519,519,0,No,503,7,325.43,0.26,239.93,6
MED0431,Propranolol 10ml Drops,Neuro/Psychiatric,Glenmark,No,2026-02,503,366,489,489,0,No,380,7,325.43,0.26,233.99,6
MED0431,Propranolol 10ml Drops,Neuro/Psychiatric,Glenmark,No,2026-03,380,612,504,504,0,No,488,7,325.43,0.26,241.3,6
MED0431,Propranolol 10ml Drops,Neuro/Psychiatric,Glenmark,No,2026-04,488,0,411,411,0,No,77,7,325.43,0.26,239.5,6
MED0431,Propranolol 10ml Drops,Neuro/Psychiatric,Glenmark,No,2026-05,77,356,413,413,0,No,20,7,325.43,0.26,243.68,6
MED0431,Propranolol 10ml Drops,Neuro/Psychiatric,Glenmark,No,2026-06,20,649,503,503,0,No,166,7,325.43,0.26,241.29,6
MED0431,Propranolol 10ml Drops,Neuro/Psychiatric,Glenmark,No,2026-07,166,473,450,450,0,No,189,7,325.43,0.26,243.23,6
MED0432,Iron Sucrose 10ml Drops,Vaccine,Lupin,No,2025-08,491,1470,1514,1514,0,No,447,7,541.28,0.17,97.05,18
MED0432,Iron Sucrose 10ml Drops,Vaccine,Lupin,No,2025-09,447,1297,1361,1361,0,No,383,7,541.28,0.17,95.17,18
MED0432,Iron Sucrose 10ml Drops,Vaccine,Lupin,No,2025-10,383,1147,1370,1370,0,No,160,7,541.28,0.17,93.01,18
MED0432,Iron Sucrose 10ml Drops,Vaccine,Lupin,No,2025-11,160,1060,1448,1220,228,Yes,0,7,541.28,0.17,95.69,18
MED0432,Iron Sucrose 10ml Drops,Vaccine,Lupin,No,2025-12,0,1218,1448,1218,230,Yes,0,7,541.28,0.17,98.24,18
MED0432,Iron Sucrose 10ml Drops,Vaccine,Lupin,No,2026-01,0,1867,1483,1483,0,No,384,7,541.28,0.17,100.61,18
MED0432,Iron Sucrose 10ml Drops,Vaccine,Lupin,No,2026-02,384,1304,1614,1614,0,No,74,7,541.28,0.17,101.38,18
MED0432,Iron Sucrose 10ml Drops,Vaccine,Lupin,No,2026-03,74,956,1308,1030,278,Yes,0,7,541.28,0.17,103.26,18
MED0432,Iron Sucrose 10ml Drops,Vaccine,Lupin,No,2026-04,0,1596,1480,1480,0,No,116,7,541.28,0.17,100.63,18
MED0432,Iron Sucrose 10ml Drops,Vaccine,Lupin,No,2026-05,116,0,1633,116,1517,Yes,0,7,541.28,0.17,99.62,18
MED0432,Iron Sucrose 10ml Drops,Vaccine,Lupin,No,2026-06,0,1186,1238,1186,52,Yes,0,7,541.28,0.17,98.48,18
MED0432,Iron Sucrose 10ml Drops,Vaccine,Lupin,No,2026-07,0,1294,1441,1294,147,Yes,0,7,541.28,0.17,99.31,18
MED0433,Dexamethasone 5mg Suspension,Vitamin/Supplement,Cadila,No,2025-08,1458,1227,1027,1027,0,No,1658,21,167.67,0.14,103.1,24
MED0433,Dexamethasone 5mg Suspension,Vitamin/Supplement,Cadila,No,2025-09,1658,659,812,812,0,No,1505,21,167.67,0.14,102.16,24
MED0433,Dexamethasone 5mg Suspension,Vitamin/Supplement,Cadila,No,2025-10,1505,1011,840,840,0,No,1676,21,167.67,0.14,99.88,24
MED0433,Dexamethasone 5mg Suspension,Vitamin/Supplement,Cadila,No,2025-11,1676,1226,1063,1063,0,No,1839,21,167.67,0.14,100.51,24
MED0433,Dexamethasone 5mg Suspension,Vitamin/Supplement,Cadila,No,2025-12,1839,817,941,941,0,No,1715,21,167.67,0.14,102.55,24
MED0433,Dexamethasone 5mg Suspension,Vitamin/Supplement,Cadila,No,2026-01,1715,695,910,910,0,No,1500,21,167.67,0.14,101.78,24
MED0433,Dexamethasone 5mg Suspension,Vitamin/Supplement,Cadila,No,2026-02,1500,1218,1065,1065,0,No,1653,21,167.67,0.14,99.39,24
MED0433,Dexamethasone 5mg Suspension,Vitamin/Supplement,Cadila,No,2026-03,1653,984,977,977,0,No,1660,21,167.67,0.14,97.42,24
MED0433,Dexamethasone 5mg Suspension,Vitamin/Supplement,Cadila,No,2026-04,1660,934,968,968,0,No,1626,21,167.67,0.14,95.71,24
MED0433,Dexamethasone 5mg Suspension,Vitamin/Supplement,Cadila,No,2026-05,1626,1145,929,929,0,No,1842,21,167.67,0.14,94.41,24
MED0433,Dexamethasone 5mg Suspension,Vitamin/Supplement,Cadila,No,2026-06,1842,1049,967,967,0,No,1924,21,167.67,0.14,95.34,24
MED0433,Dexamethasone 5mg Suspension,Vitamin/Supplement,Cadila,No,2026-07,1924,684,951,951,0,No,1657,21,167.67,0.14,96,24
MED0434,Ivermectin 10ml Capsule,Respiratory,Abbott,No,2025-08,12,161,169,169,0,No,4,2,404.54,0.18,236.71,24
MED0434,Ivermectin 10ml Capsule,Respiratory,Abbott,No,2025-09,4,155,183,159,24,Yes,0,2,404.54,0.18,239.63,24
MED0434,Ivermectin 10ml Capsule,Respiratory,Abbott,No,2025-10,0,102,111,102,9,Yes,0,2,404.54,0.18,237.58,24
MED0434,Ivermectin 10ml Capsule,Respiratory,Abbott,No,2025-11,0,89,95,89,6,Yes,0,2,404.54,0.18,242.41,24
MED0434,Ivermectin 10ml Capsule,Respiratory,Abbott,No,2025-12,0,0,63,0,63,Yes,0,2,404.54,0.18,238,24
MED0434,Ivermectin 10ml Capsule,Respiratory,Abbott,No,2026-01,0,81,80,80,0,No,1,2,404.54,0.18,237.54,24
MED0434,Ivermectin 10ml Capsule,Respiratory,Abbott,No,2026-02,1,55,74,56,18,Yes,0,2,404.54,0.18,242.03,24
MED0434,Ivermectin 10ml Capsule,Respiratory,Abbott,No,2026-03,0,101,79,79,0,No,22,2,404.54,0.18,237.26,24
MED0434,Ivermectin 10ml Capsule,Respiratory,Abbott,No,2026-04,22,0,99,22,77,Yes,0,2,404.54,0.18,231.44,24
MED0434,Ivermectin 10ml Capsule,Respiratory,Abbott,No,2026-05,0,171,136,136,0,No,35,2,404.54,0.18,237.16,24
MED0434,Ivermectin 10ml Capsule,Respiratory,Abbott,No,2026-06,35,118,158,153,5,Yes,0,2,404.54,0.18,234.82,24
MED0434,Ivermectin 10ml Capsule,Respiratory,Abbott,No,2026-07,0,191,194,191,3,Yes,0,2,404.54,0.18,237.56,24
MED0435,Nitroglycerin 20mg Suspension,Neuro/Psychiatric,Lupin,No,2025-08,414,2942,3530,3356,174,Yes,0,4,502.99,0.15,234.52,9
MED0435,Nitroglycerin 20mg Suspension,Neuro/Psychiatric,Lupin,No,2025-09,0,2615,2773,2615,158,Yes,0,4,502.99,0.15,227.51,9
MED0435,Nitroglycerin 20mg Suspension,Neuro/Psychiatric,Lupin,No,2025-10,0,4254,3434,3434,0,No,820,4,502.99,0.15,230.32,9
MED0435,Nitroglycerin 20mg Suspension,Neuro/Psychiatric,Lupin,No,2025-11,820,4162,3321,3321,0,No,1661,4,502.99,0.15,227.6,9
MED0435,Nitroglycerin 20mg Suspension,Neuro/Psychiatric,Lupin,No,2025-12,1661,3438,3086,3086,0,No,2013,4,502.99,0.15,221.04,9
MED0435,Nitroglycerin 20mg Suspension,Neuro/Psychiatric,Lupin,No,2026-01,2013,2354,2721,2721,0,No,1646,4,502.99,0.15,222.66,9
MED0435,Nitroglycerin 20mg Suspension,Neuro/Psychiatric,Lupin,No,2026-02,1646,3939,3514,3514,0,No,2071,4,502.99,0.15,218.83,9
MED0435,Nitroglycerin 20mg Suspension,Neuro/Psychiatric,Lupin,No,2026-03,2071,0,3112,2071,1041,Yes,0,4,502.99,0.15,217.16,9
MED0435,Nitroglycerin 20mg Suspension,Neuro/Psychiatric,Lupin,No,2026-04,0,2952,3179,2952,227,Yes,0,4,502.99,0.15,213.41,9
MED0435,Nitroglycerin 20mg Suspension,Neuro/Psychiatric,Lupin,No,2026-05,0,2560,2744,2560,184,Yes,0,4,502.99,0.15,213.41,9
MED0435,Nitroglycerin 20mg Suspension,Neuro/Psychiatric,Lupin,No,2026-06,0,3967,3301,3301,0,No,666,4,502.99,0.15,213.41,9
MED0435,Nitroglycerin 20mg Suspension,Neuro/Psychiatric,Lupin,No,2026-07,666,2443,2703,2703,0,No,406,4,502.99,0.15,213.41,9
MED0436,Atenolol 5mg Inhaler,Antidiabetic,Zydus,No,2025-08,235,1133,1029,1029,0,No,339,3,763.67,0.27,54.57,18
MED0436,Atenolol 5mg Inhaler,Antidiabetic,Zydus,No,2025-09,339,1372,1070,1070,0,No,641,3,763.67,0.27,55.98,18
MED0436,Atenolol 5mg Inhaler,Antidiabetic,Zydus,No,2025-10,641,0,1348,641,707,Yes,0,3,763.67,0.27,54.28,18
MED0436,Atenolol 5mg Inhaler,Antidiabetic,Zydus,No,2025-11,0,0,1255,0,1255,Yes,0,3,763.67,0.27,54.22,18
MED0436,Atenolol 5mg Inhaler,Antidiabetic,Zydus,No,2025-12,0,1323,1064,1064,0,No,259,3,763.67,0.27,52.92,18
MED0436,Atenolol 5mg Inhaler,Antidiabetic,Zydus,No,2026-01,259,0,1074,259,815,Yes,0,3,763.67,0.27,52.26,18
MED0436,Atenolol 5mg Inhaler,Antidiabetic,Zydus,No,2026-02,0,1187,1188,1187,1,Yes,0,3,763.67,0.27,53.72,18
MED0436,Atenolol 5mg Inhaler,Antidiabetic,Zydus,No,2026-03,0,883,1054,883,171,Yes,0,3,763.67,0.27,52.56,18
MED0436,Atenolol 5mg Inhaler,Antidiabetic,Zydus,No,2026-04,0,1415,1135,1135,0,No,280,3,763.67,0.27,54.16,18
MED0436,Atenolol 5mg Inhaler,Antidiabetic,Zydus,No,2026-05,280,1456,1159,1159,0,No,577,3,763.67,0.27,53.15,18
MED0436,Atenolol 5mg Inhaler,Antidiabetic,Zydus,No,2026-06,577,0,1296,577,719,Yes,0,3,763.67,0.27,53.98,18
MED0436,Atenolol 5mg Inhaler,Antidiabetic,Zydus,No,2026-07,0,0,1305,0,1305,Yes,0,3,763.67,0.27,54.14,18
MED0437,Propranolol 5ml Injection,Respiratory,Glenmark,No,2025-08,100,828,726,726,0,No,202,4,486.76,0.19,270.13,18
MED0437,Propranolol 5ml Injection,Respiratory,Glenmark,No,2025-09,202,562,590,590,0,No,174,4,486.76,0.19,276.67,18
MED0437,Propranolol 5ml Injection,Respiratory,Glenmark,No,2025-10,174,847,715,715,0,No,306,4,486.76,0.19,277.59,18
MED0437,Propranolol 5ml Injection,Respiratory,Glenmark,No,2025-11,306,837,748,748,0,No,395,4,486.76,0.19,278.18,18
MED0437,Propranolol 5ml Injection,Respiratory,Glenmark,No,2025-12,395,502,592,592,0,No,305,4,486.76,0.19,273,18
MED0437,Propranolol 5ml Injection,Respiratory,Glenmark,No,2026-01,305,705,789,789,0,No,221,4,486.76,0.19,267.32,18
MED0437,Propranolol 5ml Injection,Respiratory,Glenmark,No,2026-02,221,590,744,744,0,No,67,4,486.76,0.19,274.41,18
MED0437,Propranolol 5ml Injection,Respiratory,Glenmark,No,2026-03,67,563,642,630,12,Yes,0,4,486.76,0.19,271.48,18
MED0437,Propranolol 5ml Injection,Respiratory,Glenmark,No,2026-04,0,557,730,557,173,Yes,0,4,486.76,0.19,269.3,18
MED0437,Propranolol 5ml Injection,Respiratory,Glenmark,No,2026-05,0,876,771,771,0,No,105,4,486.76,0.19,273.72,18
MED0437,Propranolol 5ml Injection,Respiratory,Glenmark,No,2026-06,105,559,588,588,0,No,76,4,486.76,0.19,270.98,18
MED0437,Propranolol 5ml Injection,Respiratory,Glenmark,No,2026-07,76,757,776,776,0,No,57,4,486.76,0.19,278.67,18
MED0438,Paracetamol 10ml Drops,Analgesic,Cipla,No,2025-08,73,0,482,73,409,Yes,0,2,466.85,0.26,87.04,36
MED0438,Paracetamol 10ml Drops,Analgesic,Cipla,No,2025-09,0,495,461,461,0,No,34,2,466.85,0.26,88.34,36
MED0438,Paracetamol 10ml Drops,Analgesic,Cipla,No,2025-10,34,498,480,480,0,No,52,2,466.85,0.26,88.87,36
MED0438,Paracetamol 10ml Drops,Analgesic,Cipla,No,2025-11,52,287,393,339,54,Yes,0,2,466.85,0.26,90.96,36
MED0438,Paracetamol 10ml Drops,Analgesic,Cipla,No,2025-12,0,402,485,402,83,Yes,0,2,466.85,0.26,88.49,36
MED0438,Paracetamol 10ml Drops,Analgesic,Cipla,No,2026-01,0,404,494,404,90,Yes,0,2,466.85,0.26,87.16,36
MED0438,Paracetamol 10ml Drops,Analgesic,Cipla,No,2026-02,0,0,500,0,500,Yes,0,2,466.85,0.26,86.97,36
MED0438,Paracetamol 10ml Drops,Analgesic,Cipla,No,2026-03,0,0,383,0,383,Yes,0,2,466.85,0.26,85.47,36
MED0438,Paracetamol 10ml Drops,Analgesic,Cipla,No,2026-04,0,593,467,467,0,No,126,2,466.85,0.26,86.81,36
MED0438,Paracetamol 10ml Drops,Analgesic,Cipla,No,2026-05,126,474,471,471,0,No,129,2,466.85,0.26,89.11,36
MED0438,Paracetamol 10ml Drops,Analgesic,Cipla,No,2026-06,129,552,449,449,0,No,232,2,466.85,0.26,88.69,36
MED0438,Paracetamol 10ml Drops,Analgesic,Cipla,No,2026-07,232,474,397,397,0,No,309,2,466.85,0.26,87.82,36
MED0439,Amitriptyline 500mg Tablet,Vitamin/Supplement,GSK,No,2025-08,445,1421,1732,1732,0,No,134,7,406.6,0.24,136.32,6
MED0439,Amitriptyline 500mg Tablet,Vitamin/Supplement,GSK,No,2025-09,134,1692,1507,1507,0,No,319,7,406.6,0.24,140.28,6
MED0439,Amitriptyline 500mg Tablet,Vitamin/Supplement,GSK,No,2025-10,319,1497,1158,1158,0,No,658,7,406.6,0.24,139.81,6
MED0439,Amitriptyline 500mg Tablet,Vitamin/Supplement,GSK,No,2025-11,658,804,846,846,0,No,616,7,406.6,0.24,139.72,6
MED0439,Amitriptyline 500mg Tablet,Vitamin/Supplement,GSK,No,2025-12,616,868,870,870,0,No,614,7,406.6,0.24,138.45,6
MED0439,Amitriptyline 500mg Tablet,Vitamin/Supplement,GSK,No,2026-01,614,0,719,614,105,Yes,0,7,406.6,0.24,141.97,6
MED0439,Amitriptyline 500mg Tablet,Vitamin/Supplement,GSK,No,2026-02,0,774,1074,774,300,Yes,0,7,406.6,0.24,142.56,6
MED0439,Amitriptyline 500mg Tablet,Vitamin/Supplement,GSK,No,2026-03,0,1188,1280,1188,92,Yes,0,7,406.6,0.24,144.81,6
MED0439,Amitriptyline 500mg Tablet,Vitamin/Supplement,GSK,No,2026-04,0,1689,1542,1542,0,No,147,7,406.6,0.24,147.49,6
MED0439,Amitriptyline 500mg Tablet,Vitamin/Supplement,GSK,No,2026-05,147,2239,2403,2386,17,Yes,0,7,406.6,0.24,146.13,6
MED0439,Amitriptyline 500mg Tablet,Vitamin/Supplement,GSK,No,2026-06,0,1543,2137,1543,594,Yes,0,7,406.6,0.24,145.56,6
MED0439,Amitriptyline 500mg Tablet,Vitamin/Supplement,GSK,No,2026-07,0,1473,1935,1473,462,Yes,0,7,406.6,0.24,148.55,6
MED0440,Cough Syrup 2.5mg Tablet,Cardiac,Sun Pharma,No,2025-08,174,854,1003,1003,0,No,25,4,380.63,0.24,253.63,18
MED0440,Cough Syrup 2.5mg Tablet,Cardiac,Sun Pharma,No,2025-09,25,738,1038,763,275,Yes,0,4,380.63,0.24,251.44,18
MED0440,Cough Syrup 2.5mg Tablet,Cardiac,Sun Pharma,No,2025-10,0,1103,1141,1103,38,Yes,0,4,380.63,0.24,256.14,18
MED0440,Cough Syrup 2.5mg Tablet,Cardiac,Sun Pharma,No,2025-11,0,1242,1229,1229,0,No,13,4,380.63,0.24,263.19,18
MED0440,Cough Syrup 2.5mg Tablet,Cardiac,Sun Pharma,No,2025-12,13,909,1160,922,238,Yes,0,4,380.63,0.24,265.16,18
MED0440,Cough Syrup 2.5mg Tablet,Cardiac,Sun Pharma,No,2026-01,0,1458,1166,1166,0,No,292,4,380.63,0.24,269.02,18
MED0440,Cough Syrup 2.5mg Tablet,Cardiac,Sun Pharma,No,2026-02,292,1573,1326,1326,0,No,539,4,380.63,0.24,273.9,18
MED0440,Cough Syrup 2.5mg Tablet,Cardiac,Sun Pharma,No,2026-03,539,1247,1176,1176,0,No,610,4,380.63,0.24,276.46,18
MED0440,Cough Syrup 2.5mg Tablet,Cardiac,Sun Pharma,No,2026-04,610,1369,1335,1335,0,No,644,4,380.63,0.24,274.78,18
MED0440,Cough Syrup 2.5mg Tablet,Cardiac,Sun Pharma,No,2026-05,644,1639,1278,1278,0,No,1005,4,380.63,0.24,267.61,18
MED0440,Cough Syrup 2.5mg Tablet,Cardiac,Sun Pharma,No,2026-06,1005,1326,1211,1211,0,No,1120,4,380.63,0.24,266.04,18
MED0440,Cough Syrup 2.5mg Tablet,Cardiac,Sun Pharma,No,2026-07,1120,998,999,999,0,No,1119,4,380.63,0.24,268.82,18
MED0441,Haloperidol 1g Suspension,Cardiac,Biocon,No,2025-08,368,1213,1607,1581,26,Yes,0,5,44.16,0.28,198.91,24
MED0441,Haloperidol 1g Suspension,Cardiac,Biocon,No,2025-09,0,1181,1398,1181,217,Yes,0,5,44.16,0.28,198.29,24
MED0441,Haloperidol 1g Suspension,Cardiac,Biocon,No,2025-10,0,1126,965,965,0,No,161,5,44.16,0.28,201.41,24
MED0441,Haloperidol 1g Suspension,Cardiac,Biocon,No,2025-11,161,745,769,769,0,No,137,5,44.16,0.28,199.62,24
MED0441,Haloperidol 1g Suspension,Cardiac,Biocon,No,2025-12,137,513,680,650,30,Yes,0,5,44.16,0.28,201.31,24
MED0441,Haloperidol 1g Suspension,Cardiac,Biocon,No,2026-01,0,601,550,550,0,No,51,5,44.16,0.28,197.38,24
MED0441,Haloperidol 1g Suspension,Cardiac,Biocon,No,2026-02,51,633,581,581,0,No,103,5,44.16,0.28,200.5,24
MED0441,Haloperidol 1g Suspension,Cardiac,Biocon,No,2026-03,103,782,640,640,0,No,245,5,44.16,0.28,201.07,24
MED0441,Haloperidol 1g Suspension,Cardiac,Biocon,No,2026-04,245,790,779,779,0,No,256,5,44.16,0.28,197.36,24
MED0441,Haloperidol 1g Suspension,Cardiac,Biocon,No,2026-05,256,840,1087,1087,0,No,9,5,44.16,0.28,194.75,24
MED0441,Haloperidol 1g Suspension,Cardiac,Biocon,No,2026-06,9,1279,1445,1288,157,Yes,0,5,44.16,0.28,197.87,24
MED0441,Haloperidol 1g Suspension,Cardiac,Biocon,No,2026-07,0,0,1839,0,1839,Yes,0,5,44.16,0.28,197.65,24
MED0442,Digoxin 100mg Suspension,Cardiac,Zydus,No,2025-08,679,1067,1394,1394,0,No,352,7,377.57,0.16,91.52,9
MED0442,Digoxin 100mg Suspension,Cardiac,Zydus,No,2025-09,352,2145,1791,1791,0,No,706,7,377.57,0.16,89.88,9
MED0442,Digoxin 100mg Suspension,Cardiac,Zydus,No,2025-10,706,2282,1791,1791,0,No,1197,7,377.57,0.16,92.57,9
MED0442,Digoxin 100mg Suspension,Cardiac,Zydus,No,2025-11,1197,0,1406,1197,209,Yes,0,7,377.57,0.16,93.81,9
MED0442,Digoxin 100mg Suspension,Cardiac,Zydus,No,2025-12,0,1904,1616,1616,0,No,288,7,377.57,0.16,96.45,9
MED0442,Digoxin 100mg Suspension,Cardiac,Zydus,No,2026-01,288,0,1343,288,1055,Yes,0,7,377.57,0.16,96.03,9
MED0442,Digoxin 100mg Suspension,Cardiac,Zydus,No,2026-02,0,1850,1633,1633,0,No,217,7,377.57,0.16,95.89,9
MED0442,Digoxin 100mg Suspension,Cardiac,Zydus,No,2026-03,217,1063,1457,1280,177,Yes,0,7,377.57,0.16,98.18,9
MED0442,Digoxin 100mg Suspension,Cardiac,Zydus,No,2026-04,0,0,1705,0,1705,Yes,0,7,377.57,0.16,98.32,9
MED0442,Digoxin 100mg Suspension,Cardiac,Zydus,No,2026-05,0,1709,1381,1381,0,No,328,7,377.57,0.16,99.52,9
MED0442,Digoxin 100mg Suspension,Cardiac,Zydus,No,2026-06,328,2088,1789,1789,0,No,627,7,377.57,0.16,98.09,9
MED0442,Digoxin 100mg Suspension,Cardiac,Zydus,No,2026-07,627,1755,1509,1509,0,No,873,7,377.57,0.16,97.78,9
MED0443,Pantoprazole 10ml Ointment,Anesthetic,Lupin,Yes,2025-08,134,744,1025,878,147,Yes,0,2,576.51,0.17,97.13,6
MED0443,Pantoprazole 10ml Ointment,Anesthetic,Lupin,Yes,2025-09,0,1237,995,995,0,No,242,2,576.51,0.17,94.83,6
MED0443,Pantoprazole 10ml Ointment,Anesthetic,Lupin,Yes,2025-10,242,613,698,698,0,No,157,2,576.51,0.17,93.03,6
MED0443,Pantoprazole 10ml Ointment,Anesthetic,Lupin,Yes,2025-11,157,579,634,634,0,No,102,2,576.51,0.17,89.98,6
MED0443,Pantoprazole 10ml Ointment,Anesthetic,Lupin,Yes,2025-12,102,719,655,655,0,No,166,2,576.51,0.17,88.39,6
MED0443,Pantoprazole 10ml Ointment,Anesthetic,Lupin,Yes,2026-01,166,421,602,587,15,Yes,0,2,576.51,0.17,91.31,6
MED0443,Pantoprazole 10ml Ointment,Anesthetic,Lupin,Yes,2026-02,0,529,710,529,181,Yes,0,2,576.51,0.17,89.73,6
MED0443,Pantoprazole 10ml Ointment,Anesthetic,Lupin,Yes,2026-03,0,702,858,702,156,Yes,0,2,576.51,0.17,90.73,6
MED0443,Pantoprazole 10ml Ointment,Anesthetic,Lupin,Yes,2026-04,0,0,1240,0,1240,Yes,0,2,583.45,0.17,92.81,6
MED0443,Pantoprazole 10ml Ointment,Anesthetic,Lupin,Yes,2026-05,0,1772,1626,1626,0,No,146,2,583.45,0.17,93.12,6
MED0443,Pantoprazole 10ml Ointment,Anesthetic,Lupin,Yes,2026-06,146,1656,1546,1546,0,No,256,2,583.45,0.17,91,6
MED0443,Pantoprazole 10ml Ointment,Anesthetic,Lupin,Yes,2026-07,256,872,1034,1034,0,No,94,2,583.45,0.17,92.4,6
MED0444,Sertraline 500mg Inhaler,Vaccine,Cipla,No,2025-08,110,1093,878,878,0,No,325,2,609.63,0.26,174.18,18
MED0444,Sertraline 500mg Inhaler,Vaccine,Cipla,No,2025-09,325,0,850,325,525,Yes,0,2,609.63,0.26,176.72,18
MED0444,Sertraline 500mg Inhaler,Vaccine,Cipla,No,2025-10,0,690,759,690,69,Yes,0,2,609.63,0.26,179.68,18
MED0444,Sertraline 500mg Inhaler,Vaccine,Cipla,No,2025-11,0,676,798,676,122,Yes,0,2,609.63,0.26,184.9,18
MED0444,Sertraline 500mg Inhaler,Vaccine,Cipla,No,2025-12,0,768,851,768,83,Yes,0,2,609.63,0.26,185.71,18
MED0444,Sertraline 500mg Inhaler,Vaccine,Cipla,No,2026-01,0,1007,842,842,0,No,165,2,609.63,0.26,183.97,18
MED0444,Sertraline 500mg Inhaler,Vaccine,Cipla,No,2026-02,165,998,965,965,0,No,198,2,609.63,0.26,185.6,18
MED0444,Sertraline 500mg Inhaler,Vaccine,Cipla,No,2026-03,198,0,944,198,746,Yes,0,2,609.63,0.26,180.86,18
MED0444,Sertraline 500mg Inhaler,Vaccine,Cipla,No,2026-04,0,773,950,773,177,Yes,0,2,609.63,0.26,185.22,18
MED0444,Sertraline 500mg Inhaler,Vaccine,Cipla,No,2026-05,0,632,810,632,178,Yes,0,2,609.63,0.26,181.04,18
MED0444,Sertraline 500mg Inhaler,Vaccine,Cipla,No,2026-06,0,944,840,840,0,No,104,2,609.63,0.26,179.15,18
MED0444,Sertraline 500mg Inhaler,Vaccine,Cipla,No,2026-07,104,694,962,798,164,Yes,0,2,609.63,0.26,182.61,18
MED0445,Ibuprofen 50mg Tablet,Vitamin/Supplement,Zydus,No,2025-08,219,1956,1987,1987,0,No,188,5,741.56,0.27,197.78,6
MED0445,Ibuprofen 50mg Tablet,Vitamin/Supplement,Zydus,No,2025-09,188,1416,1814,1604,210,Yes,0,5,741.56,0.27,198.99,6
MED0445,Ibuprofen 50mg Tablet,Vitamin/Supplement,Zydus,No,2025-10,0,1230,1146,1146,0,No,84,5,741.56,0.27,197.66,6
MED0445,Ibuprofen 50mg Tablet,Vitamin/Supplement,Zydus,No,2025-11,84,0,715,84,631,Yes,0,5,741.56,0.27,197.33,6
MED0445,Ibuprofen 50mg Tablet,Vitamin/Supplement,Zydus,No,2025-12,0,492,596,492,104,Yes,0,5,741.56,0.27,201.75,6
MED0445,Ibuprofen 50mg Tablet,Vitamin/Supplement,Zydus,No,2026-01,0,721,645,645,0,No,76,5,741.56,0.27,199.76,6
MED0445,Ibuprofen 50mg Tablet,Vitamin/Supplement,Zydus,No,2026-02,76,719,692,692,0,No,103,5,741.56,0.27,204.37,6
MED0445,Ibuprofen 50mg Tablet,Vitamin/Supplement,Zydus,No,2026-03,103,603,728,706,22,Yes,0,5,741.56,0.27,199.24,6
MED0445,Ibuprofen 50mg Tablet,Vitamin/Supplement,Zydus,No,2026-04,0,963,1057,963,94,Yes,0,5,741.56,0.27,202.69,6
MED0445,Ibuprofen 50mg Tablet,Vitamin/Supplement,Zydus,No,2026-05,0,1413,1262,1262,0,No,151,5,741.56,0.27,207.02,6
MED0445,Ibuprofen 50mg Tablet,Vitamin/Supplement,Zydus,No,2026-06,151,2348,1836,1836,0,No,663,5,741.56,0.27,203.06,6
MED0445,Ibuprofen 50mg Tablet,Vitamin/Supplement,Zydus,No,2026-07,663,0,1897,663,1234,Yes,0,5,741.56,0.27,202.19,6
MED0446,Atorvastatin 10mg Syrup,Anesthetic,Aurobindo,Yes,2025-08,57,0,207,57,150,Yes,0,5,66.52,0.14,176.26,18
MED0446,Atorvastatin 10mg Syrup,Anesthetic,Aurobindo,Yes,2025-09,0,0,264,0,264,Yes,0,5,66.52,0.14,172.55,18
MED0446,Atorvastatin 10mg Syrup,Anesthetic,Aurobindo,Yes,2025-10,0,183,255,183,72,Yes,0,5,66.52,0.14,174.84,18
MED0446,Atorvastatin 10mg Syrup,Anesthetic,Aurobindo,Yes,2025-11,0,237,265,237,28,Yes,0,5,66.52,0.14,175.23,18
MED0446,Atorvastatin 10mg Syrup,Anesthetic,Aurobindo,Yes,2025-12,0,181,238,181,57,Yes,0,5,66.52,0.14,176.73,18
MED0446,Atorvastatin 10mg Syrup,Anesthetic,Aurobindo,Yes,2026-01,0,234,266,234,32,Yes,0,5,66.52,0.14,173.36,18
MED0446,Atorvastatin 10mg Syrup,Anesthetic,Aurobindo,Yes,2026-02,0,275,240,240,0,No,35,5,66.52,0.14,170.16,18
MED0446,Atorvastatin 10mg Syrup,Anesthetic,Aurobindo,Yes,2026-03,35,238,270,270,0,No,3,5,66.52,0.14,165.07,18
MED0446,Atorvastatin 10mg Syrup,Anesthetic,Aurobindo,Yes,2026-04,3,222,239,225,14,Yes,0,5,66,0.14,163.09,18
MED0446,Atorvastatin 10mg Syrup,Anesthetic,Aurobindo,Yes,2026-05,0,309,254,254,0,No,55,5,66,0.14,163.75,18
MED0446,Atorvastatin 10mg Syrup,Anesthetic,Aurobindo,Yes,2026-06,55,210,234,234,0,No,31,5,66,0.14,167.72,18
MED0446,Atorvastatin 10mg Syrup,Anesthetic,Aurobindo,Yes,2026-07,31,155,205,186,19,Yes,0,5,66,0.14,169.57,18
MED0447,Haloperidol 20mg Ointment,Gastrointestinal,Biocon,No,2025-08,364,0,2259,364,1895,Yes,0,2,648.64,0.27,68.31,12
MED0447,Haloperidol 20mg Ointment,Gastrointestinal,Biocon,No,2025-09,0,0,2117,0,2117,Yes,0,2,648.64,0.27,70.26,12
MED0447,Haloperidol 20mg Ointment,Gastrointestinal,Biocon,No,2025-10,0,1920,2182,1920,262,Yes,0,2,648.64,0.27,71.2,12
MED0447,Haloperidol 20mg Ointment,Gastrointestinal,Biocon,No,2025-11,0,2550,2496,2496,0,No,54,2,648.64,0.27,73.05,12
MED0447,Haloperidol 20mg Ointment,Gastrointestinal,Biocon,No,2025-12,54,1662,2302,1716,586,Yes,0,2,648.64,0.27,73.17,12
MED0447,Haloperidol 20mg Ointment,Gastrointestinal,Biocon,No,2026-01,0,2249,2120,2120,0,No,129,2,648.64,0.27,72.13,12
MED0447,Haloperidol 20mg Ointment,Gastrointestinal,Biocon,No,2026-02,129,0,1895,129,1766,Yes,0,2,648.64,0.27,70.21,12
MED0447,Haloperidol 20mg Ointment,Gastrointestinal,Biocon,No,2026-03,0,2235,2353,2235,118,Yes,0,2,648.64,0.27,71.18,12
MED0447,Haloperidol 20mg Ointment,Gastrointestinal,Biocon,No,2026-04,0,2441,2165,2165,0,No,276,2,648.64,0.27,69.55,12
MED0447,Haloperidol 20mg Ointment,Gastrointestinal,Biocon,No,2026-05,276,1919,2104,2104,0,No,91,2,648.64,0.27,68.7,12
MED0447,Haloperidol 20mg Ointment,Gastrointestinal,Biocon,No,2026-06,91,2346,2264,2264,0,No,173,2,648.64,0.27,68.84,12
MED0447,Haloperidol 20mg Ointment,Gastrointestinal,Biocon,No,2026-07,173,2632,2389,2389,0,No,416,2,648.64,0.27,69.12,12
MED0448,Telmisartan 100mg Injection,Cardiac,Mankind,No,2025-08,19,0,144,19,125,Yes,0,3,693.81,0.27,113.38,24
MED0448,Telmisartan 100mg Injection,Cardiac,Mankind,No,2025-09,0,180,147,147,0,No,33,3,693.81,0.27,114.1,24
MED0448,Telmisartan 100mg Injection,Cardiac,Mankind,No,2025-10,33,0,140,33,107,Yes,0,3,693.81,0.27,111.72,24
MED0448,Telmisartan 100mg Injection,Cardiac,Mankind,No,2025-11,0,0,138,0,138,Yes,0,3,693.81,0.27,110.86,24
MED0448,Telmisartan 100mg Injection,Cardiac,Mankind,No,2025-12,0,162,139,139,0,No,23,3,693.81,0.27,111.7,24
MED0448,Telmisartan 100mg Injection,Cardiac,Mankind,No,2026-01,23,0,166,23,143,Yes,0,3,693.81,0.27,115.06,24
MED0448,Telmisartan 100mg Injection,Cardiac,Mankind,No,2026-02,0,180,150,150,0,No,30,3,693.81,0.27,116.69,24
MED0448,Telmisartan 100mg Injection,Cardiac,Mankind,No,2026-03,30,123,148,148,0,No,5,3,693.81,0.27,119.71,24
MED0448,Telmisartan 100mg Injection,Cardiac,Mankind,No,2026-04,5,167,167,167,0,No,5,3,693.81,0.27,121.58,24
MED0448,Telmisartan 100mg Injection,Cardiac,Mankind,No,2026-05,5,197,156,156,0,No,46,3,693.81,0.27,122.24,24
MED0448,Telmisartan 100mg Injection,Cardiac,Mankind,No,2026-06,46,215,171,171,0,No,90,3,693.81,0.27,120.04,24
MED0448,Telmisartan 100mg Injection,Cardiac,Mankind,No,2026-07,90,180,145,145,0,No,125,3,693.81,0.27,121.23,24
MED0449,Prednisolone 1mg Suspension,Cardiac,Cipla,No,2025-08,172,371,320,320,0,No,223,7,412.38,0.28,229.52,12
MED0449,Prednisolone 1mg Suspension,Cardiac,Cipla,No,2025-09,223,321,303,303,0,No,241,7,412.38,0.28,231.3,12
MED0449,Prednisolone 1mg Suspension,Cardiac,Cipla,No,2025-10,241,391,373,373,0,No,259,7,412.38,0.28,232.78,12
MED0449,Prednisolone 1mg Suspension,Cardiac,Cipla,No,2025-11,259,455,363,363,0,No,351,7,412.38,0.28,232.63,12
MED0449,Prednisolone 1mg Suspension,Cardiac,Cipla,No,2025-12,351,323,349,349,0,No,325,7,412.38,0.28,233.04,12
MED0449,Prednisolone 1mg Suspension,Cardiac,Cipla,No,2026-01,325,326,335,335,0,No,316,7,412.38,0.28,230.65,12
MED0449,Prednisolone 1mg Suspension,Cardiac,Cipla,No,2026-02,316,363,333,333,0,No,346,7,412.38,0.28,230.93,12
MED0449,Prednisolone 1mg Suspension,Cardiac,Cipla,No,2026-03,346,272,367,367,0,No,251,7,412.38,0.28,226.56,12
MED0449,Prednisolone 1mg Suspension,Cardiac,Cipla,No,2026-04,251,345,293,293,0,No,303,7,412.38,0.28,230.97,12
MED0449,Prednisolone 1mg Suspension,Cardiac,Cipla,No,2026-05,303,263,334,334,0,No,232,7,412.38,0.28,226.43,12
MED0449,Prednisolone 1mg Suspension,Cardiac,Cipla,No,2026-06,232,274,319,319,0,No,187,7,412.38,0.28,220.43,12
MED0449,Prednisolone 1mg Suspension,Cardiac,Cipla,No,2026-07,187,366,361,361,0,No,192,7,412.38,0.28,219.51,12
MED0450,Povidone Iodine 1mg Tablet,Anesthetic,Abbott,No,2025-08,499,1496,1821,1821,0,No,174,5,635.31,0.21,146.04,24
MED0450,Povidone Iodine 1mg Tablet,Anesthetic,Abbott,No,2025-09,174,2562,2018,2018,0,No,718,5,635.31,0.21,147.5,24
MED0450,Povidone Iodine 1mg Tablet,Anesthetic,Abbott,No,2025-10,718,2186,1683,1683,0,No,1221,5,635.31,0.21,146.93,24
MED0450,Povidone Iodine 1mg Tablet,Anesthetic,Abbott,No,2025-11,1221,1370,1842,1842,0,No,749,5,635.31,0.21,144.88,24
MED0450,Povidone Iodine 1mg Tablet,Anesthetic,Abbott,No,2025-12,749,1767,1821,1821,0,No,695,5,635.31,0.21,145.42,24
MED0450,Povidone Iodine 1mg Tablet,Anesthetic,Abbott,No,2026-01,695,2555,2015,2015,0,No,1235,5,635.31,0.21,144.01,24
MED0450,Povidone Iodine 1mg Tablet,Anesthetic,Abbott,No,2026-02,1235,1907,1638,1638,0,No,1504,5,635.31,0.21,147.99,24
MED0450,Povidone Iodine 1mg Tablet,Anesthetic,Abbott,No,2026-03,1504,1509,1599,1599,0,No,1414,5,635.31,0.21,151.88,24
MED0450,Povidone Iodine 1mg Tablet,Anesthetic,Abbott,No,2026-04,1414,1103,1561,1561,0,No,956,5,635.31,0.21,151.9,24
MED0450,Povidone Iodine 1mg Tablet,Anesthetic,Abbott,No,2026-05,956,0,1860,956,904,Yes,0,5,635.31,0.21,150.32,24
MED0450,Povidone Iodine 1mg Tablet,Anesthetic,Abbott,No,2026-06,0,0,1848,0,1848,Yes,0,5,635.31,0.21,152.5,24
MED0450,Povidone Iodine 1mg Tablet,Anesthetic,Abbott,No,2026-07,0,1228,1542,1228,314,Yes,0,5,635.31,0.21,148.24,24
MED0451,Paracetamol 2.5mg Syrup,Emergency/Critical Care,Cipla,No,2025-08,631,1124,879,879,0,No,876,10,64.14,0.23,242.85,18
MED0451,Paracetamol 2.5mg Syrup,Emergency/Critical Care,Cipla,No,2025-09,876,601,768,768,0,No,709,10,64.14,0.23,242.46,18
MED0451,Paracetamol 2.5mg Syrup,Emergency/Critical Care,Cipla,No,2025-10,709,538,724,724,0,No,523,10,64.14,0.23,239.96,18
MED0451,Paracetamol 2.5mg Syrup,Emergency/Critical Care,Cipla,No,2025-11,523,0,916,523,393,Yes,0,10,64.14,0.23,246.39,18
MED0451,Paracetamol 2.5mg Syrup,Emergency/Critical Care,Cipla,No,2025-12,0,0,823,0,823,Yes,0,10,64.14,0.23,238.92,18
MED0451,Paracetamol 2.5mg Syrup,Emergency/Critical Care,Cipla,No,2026-01,0,745,795,745,50,Yes,0,10,64.14,0.23,239.73,18
MED0451,Paracetamol 2.5mg Syrup,Emergency/Critical Care,Cipla,No,2026-02,0,0,839,0,839,Yes,0,10,64.14,0.23,243.41,18
MED0451,Paracetamol 2.5mg Syrup,Emergency/Critical Care,Cipla,No,2026-03,0,731,940,731,209,Yes,0,10,64.14,0.23,243.18,18
MED0451,Paracetamol 2.5mg Syrup,Emergency/Critical Care,Cipla,No,2026-04,0,0,866,0,866,Yes,0,10,64.14,0.23,236.84,18
MED0451,Paracetamol 2.5mg Syrup,Emergency/Critical Care,Cipla,No,2026-05,0,0,820,0,820,Yes,0,10,64.14,0.23,244.07,18
MED0451,Paracetamol 2.5mg Syrup,Emergency/Critical Care,Cipla,No,2026-06,0,706,887,706,181,Yes,0,10,64.14,0.23,244.35,18
MED0451,Paracetamol 2.5mg Syrup,Emergency/Critical Care,Cipla,No,2026-07,0,0,942,0,942,Yes,0,10,64.14,0.23,246.1,18
MED0452,Insulin Regular 100mg Inhaler,Vitamin/Supplement,Alkem,No,2025-08,158,0,640,158,482,Yes,0,3,210.36,0.21,262.63,12
MED0452,Insulin Regular 100mg Inhaler,Vitamin/Supplement,Alkem,No,2025-09,0,615,767,615,152,Yes,0,3,210.36,0.21,258.27,12
MED0452,Insulin Regular 100mg Inhaler,Vitamin/Supplement,Alkem,No,2025-10,0,617,863,617,246,Yes,0,3,210.36,0.21,258,12
MED0452,Insulin Regular 100mg Inhaler,Vitamin/Supplement,Alkem,No,2025-11,0,706,998,706,292,Yes,0,3,210.36,0.21,256.83,12
MED0452,Insulin Regular 100mg Inhaler,Vitamin/Supplement,Alkem,No,2025-12,0,1193,1265,1193,72,Yes,0,3,210.36,0.21,249.8,12
MED0452,Insulin Regular 100mg Inhaler,Vitamin/Supplement,Alkem,No,2026-01,0,1507,1608,1507,101,Yes,0,3,210.36,0.21,243.28,12
MED0452,Insulin Regular 100mg Inhaler,Vitamin/Supplement,Alkem,No,2026-02,0,0,1285,0,1285,Yes,0,3,210.36,0.21,248.86,12
MED0452,Insulin Regular 100mg Inhaler,Vitamin/Supplement,Alkem,No,2026-03,0,1167,952,952,0,No,215,3,210.36,0.21,244.56,12
MED0452,Insulin Regular 100mg Inhaler,Vitamin/Supplement,Alkem,No,2026-04,215,758,587,587,0,No,386,3,210.36,0.21,239.51,12
MED0452,Insulin Regular 100mg Inhaler,Vitamin/Supplement,Alkem,No,2026-05,386,704,627,627,0,No,463,3,210.36,0.21,239.59,12
MED0452,Insulin Regular 100mg Inhaler,Vitamin/Supplement,Alkem,No,2026-06,463,0,623,463,160,Yes,0,3,210.36,0.21,244.04,12
MED0452,Insulin Regular 100mg Inhaler,Vitamin/Supplement,Alkem,No,2026-07,0,543,555,543,12,Yes,0,3,210.36,0.21,238.99,12
MED0453,Amlodipine 500mg Capsule,Vitamin/Supplement,Aurobindo,Yes,2025-08,475,1639,1323,1323,0,No,791,5,550.37,0.16,268.31,6
MED0453,Amlodipine 500mg Capsule,Vitamin/Supplement,Aurobindo,Yes,2025-09,791,0,1282,791,491,Yes,0,5,550.37,0.16,269.61,6
MED0453,Amlodipine 500mg Capsule,Vitamin/Supplement,Aurobindo,Yes,2025-10,0,0,1040,0,1040,Yes,0,5,550.37,0.16,263.17,6
MED0453,Amlodipine 500mg Capsule,Vitamin/Supplement,Aurobindo,Yes,2025-11,0,918,1035,918,117,Yes,0,5,550.37,0.16,255.33,6
MED0453,Amlodipine 500mg Capsule,Vitamin/Supplement,Aurobindo,Yes,2025-12,0,0,1272,0,1272,Yes,0,5,550.37,0.16,247.77,6
MED0453,Amlodipine 500mg Capsule,Vitamin/Supplement,Aurobindo,Yes,2026-01,0,1140,1304,1140,164,Yes,0,5,550.37,0.16,253.42,6
MED0453,Amlodipine 500mg Capsule,Vitamin/Supplement,Aurobindo,Yes,2026-02,0,1505,1170,1170,0,No,335,5,550.37,0.16,246.96,6
MED0453,Amlodipine 500mg Capsule,Vitamin/Supplement,Aurobindo,Yes,2026-03,335,1291,1019,1019,0,No,607,5,550.37,0.16,244.16,6
MED0453,Amlodipine 500mg Capsule,Vitamin/Supplement,Aurobindo,Yes,2026-04,607,779,1075,1075,0,No,311,5,519.98,0.16,244.16,6
MED0453,Amlodipine 500mg Capsule,Vitamin/Supplement,Aurobindo,Yes,2026-05,311,946,1164,1164,0,No,93,5,519.98,0.16,249.97,6
MED0453,Amlodipine 500mg Capsule,Vitamin/Supplement,Aurobindo,Yes,2026-06,93,1319,1165,1165,0,No,247,5,519.98,0.16,245.95,6
MED0453,Amlodipine 500mg Capsule,Vitamin/Supplement,Aurobindo,Yes,2026-07,247,1134,1112,1112,0,No,269,5,519.98,0.16,244.63,6
MED0454,Sertraline 1mg Drops,Neuro/Psychiatric,Glenmark,No,2025-08,251,2290,2867,2541,326,Yes,0,3,247.92,0.28,167.45,18
MED0454,Sertraline 1mg Drops,Neuro/Psychiatric,Glenmark,No,2025-09,0,0,2664,0,2664,Yes,0,3,247.92,0.28,166.91,18
MED0454,Sertraline 1mg Drops,Neuro/Psychiatric,Glenmark,No,2025-10,0,1088,1382,1088,294,Yes,0,3,247.92,0.28,167.73,18
MED0454,Sertraline 1mg Drops,Neuro/Psychiatric,Glenmark,No,2025-11,0,1214,1069,1069,0,No,145,3,247.92,0.28,168.48,18
MED0454,Sertraline 1mg Drops,Neuro/Psychiatric,Glenmark,No,2025-12,145,1214,1070,1070,0,No,289,3,247.92,0.28,166.71,18
MED0454,Sertraline 1mg Drops,Neuro/Psychiatric,Glenmark,No,2026-01,289,0,992,289,703,Yes,0,3,247.92,0.28,164.76,18
MED0454,Sertraline 1mg Drops,Neuro/Psychiatric,Glenmark,No,2026-02,0,768,1031,768,263,Yes,0,3,247.92,0.28,160.61,18
MED0454,Sertraline 1mg Drops,Neuro/Psychiatric,Glenmark,No,2026-03,0,1435,1197,1197,0,No,238,3,247.92,0.28,159.2,18
MED0454,Sertraline 1mg Drops,Neuro/Psychiatric,Glenmark,No,2026-04,238,1857,1482,1482,0,No,613,3,247.92,0.28,154.97,18
MED0454,Sertraline 1mg Drops,Neuro/Psychiatric,Glenmark,No,2026-05,613,1478,1533,1533,0,No,558,3,247.92,0.28,157.78,18
MED0454,Sertraline 1mg Drops,Neuro/Psychiatric,Glenmark,No,2026-06,558,2942,2448,2448,0,No,1052,3,247.92,0.28,162.7,18
MED0454,Sertraline 1mg Drops,Neuro/Psychiatric,Glenmark,No,2026-07,1052,2423,3407,3407,0,No,68,3,247.92,0.28,167.66,18
MED0455,Bupivacaine 5ml Drops,Antidiabetic,Abbott,No,2025-08,101,728,717,717,0,No,112,2,477.12,0.24,105.4,36
MED0455,Bupivacaine 5ml Drops,Antidiabetic,Abbott,No,2025-09,112,803,642,642,0,No,273,2,477.12,0.24,107.82,36
MED0455,Bupivacaine 5ml Drops,Antidiabetic,Abbott,No,2025-10,273,0,512,273,239,Yes,0,2,477.12,0.24,108.49,36
MED0455,Bupivacaine 5ml Drops,Antidiabetic,Abbott,No,2025-11,0,0,419,0,419,Yes,0,2,477.12,0.24,109.82,36
MED0455,Bupivacaine 5ml Drops,Antidiabetic,Abbott,No,2025-12,0,302,422,302,120,Yes,0,2,477.12,0.24,108.39,36
MED0455,Bupivacaine 5ml Drops,Antidiabetic,Abbott,No,2026-01,0,523,409,409,0,No,114,2,477.12,0.24,109.26,36
MED0455,Bupivacaine 5ml Drops,Antidiabetic,Abbott,No,2026-02,114,402,396,396,0,No,120,2,477.12,0.24,108.97,36
MED0455,Bupivacaine 5ml Drops,Antidiabetic,Abbott,No,2026-03,120,621,575,575,0,No,166,2,477.12,0.24,108.85,36
MED0455,Bupivacaine 5ml Drops,Antidiabetic,Abbott,No,2026-04,166,964,885,885,0,No,245,2,477.12,0.24,110.56,36
MED0455,Bupivacaine 5ml Drops,Antidiabetic,Abbott,No,2026-05,245,0,954,245,709,Yes,0,2,477.12,0.24,109.11,36
MED0455,Bupivacaine 5ml Drops,Antidiabetic,Abbott,No,2026-06,0,1041,958,958,0,No,83,2,477.12,0.24,107.9,36
MED0455,Bupivacaine 5ml Drops,Antidiabetic,Abbott,No,2026-07,83,1171,910,910,0,No,344,2,477.12,0.24,110.72,36
MED0456,Heparin 250mg Injection,Gastrointestinal,Cadila,No,2025-08,294,1301,1483,1483,0,No,112,3,55.61,0.2,108.23,18
MED0456,Heparin 250mg Injection,Gastrointestinal,Cadila,No,2025-09,112,0,1227,112,1115,Yes,0,3,55.61,0.2,105.2,18
MED0456,Heparin 250mg Injection,Gastrointestinal,Cadila,No,2025-10,0,1090,1361,1090,271,Yes,0,3,55.61,0.2,105.1,18
MED0456,Heparin 250mg Injection,Gastrointestinal,Cadila,No,2025-11,0,1434,1564,1434,130,Yes,0,3,55.61,0.2,107.91,18
MED0456,Heparin 250mg Injection,Gastrointestinal,Cadila,No,2025-12,0,0,1597,0,1597,Yes,0,3,55.61,0.2,108.66,18
MED0456,Heparin 250mg Injection,Gastrointestinal,Cadila,No,2026-01,0,1100,1354,1100,254,Yes,0,3,55.61,0.2,108.98,18
MED0456,Heparin 250mg Injection,Gastrointestinal,Cadila,No,2026-02,0,1169,1272,1169,103,Yes,0,3,55.61,0.2,107.27,18
MED0456,Heparin 250mg Injection,Gastrointestinal,Cadila,No,2026-03,0,1661,1588,1588,0,No,73,3,55.61,0.2,106.2,18
MED0456,Heparin 250mg Injection,Gastrointestinal,Cadila,No,2026-04,73,1000,1226,1073,153,Yes,0,3,55.61,0.2,108.6,18
MED0456,Heparin 250mg Injection,Gastrointestinal,Cadila,No,2026-05,0,0,1548,0,1548,Yes,0,3,55.61,0.2,109,18
MED0456,Heparin 250mg Injection,Gastrointestinal,Cadila,No,2026-06,0,1459,1241,1241,0,No,218,3,55.61,0.2,109.1,18
MED0456,Heparin 250mg Injection,Gastrointestinal,Cadila,No,2026-07,218,1484,1459,1459,0,No,243,3,55.61,0.2,106.37,18
MED0457,Tetanus Toxoid 500mg Tablet,Gastrointestinal,Dr Reddy's,No,2025-08,699,1888,2200,2200,0,No,387,5,111.89,0.26,310.19,6
MED0457,Tetanus Toxoid 500mg Tablet,Gastrointestinal,Dr Reddy's,No,2025-09,387,1767,1945,1945,0,No,209,5,111.89,0.26,300.73,6
MED0457,Tetanus Toxoid 500mg Tablet,Gastrointestinal,Dr Reddy's,No,2025-10,209,1968,2506,2177,329,Yes,0,5,111.89,0.26,309.79,6
MED0457,Tetanus Toxoid 500mg Tablet,Gastrointestinal,Dr Reddy's,No,2025-11,0,0,2447,0,2447,Yes,0,5,111.89,0.26,307.39,6
MED0457,Tetanus Toxoid 500mg Tablet,Gastrointestinal,Dr Reddy's,No,2025-12,0,0,2118,0,2118,Yes,0,5,111.89,0.26,309.41,6
MED0457,Tetanus Toxoid 500mg Tablet,Gastrointestinal,Dr Reddy's,No,2026-01,0,2018,2214,2018,196,Yes,0,5,111.89,0.26,301.2,6
MED0457,Tetanus Toxoid 500mg Tablet,Gastrointestinal,Dr Reddy's,No,2026-02,0,0,2084,0,2084,Yes,0,5,111.89,0.26,304.78,6
MED0457,Tetanus Toxoid 500mg Tablet,Gastrointestinal,Dr Reddy's,No,2026-03,0,1631,2153,1631,522,Yes,0,5,111.89,0.26,313.23,6
MED0457,Tetanus Toxoid 500mg Tablet,Gastrointestinal,Dr Reddy's,No,2026-04,0,1767,2131,1767,364,Yes,0,5,111.89,0.26,314.71,6
MED0457,Tetanus Toxoid 500mg Tablet,Gastrointestinal,Dr Reddy's,No,2026-05,0,2412,2285,2285,0,No,127,5,111.89,0.26,307.4,6
MED0457,Tetanus Toxoid 500mg Tablet,Gastrointestinal,Dr Reddy's,No,2026-06,127,1880,2272,2007,265,Yes,0,5,111.89,0.26,309,6
MED0457,Tetanus Toxoid 500mg Tablet,Gastrointestinal,Dr Reddy's,No,2026-07,0,2777,2258,2258,0,No,519,5,111.89,0.26,314.2,6
MED0458,Vitamin B Complex 250mg Inhaler,Vaccine,Cipla,Yes,2025-08,676,2620,2680,2680,0,No,616,7,686.73,0.26,151.5,6
MED0458,Vitamin B Complex 250mg Inhaler,Vaccine,Cipla,Yes,2025-09,616,2560,2525,2525,0,No,651,7,686.73,0.26,150.61,6
MED0458,Vitamin B Complex 250mg Inhaler,Vaccine,Cipla,Yes,2025-10,651,2106,2035,2035,0,No,722,7,686.73,0.26,154.24,6
MED0458,Vitamin B Complex 250mg Inhaler,Vaccine,Cipla,Yes,2025-11,722,2027,2411,2411,0,No,338,7,686.73,0.26,155.66,6
MED0458,Vitamin B Complex 250mg Inhaler,Vaccine,Cipla,Yes,2025-12,338,1950,2562,2288,274,Yes,0,7,686.73,0.26,159.47,6
MED0458,Vitamin B Complex 250mg Inhaler,Vaccine,Cipla,Yes,2026-01,0,2822,2533,2533,0,No,289,7,686.73,0.26,160.65,6
MED0458,Vitamin B Complex 250mg Inhaler,Vaccine,Cipla,Yes,2026-02,289,2464,2040,2040,0,No,713,7,686.73,0.26,157.13,6
MED0458,Vitamin B Complex 250mg Inhaler,Vaccine,Cipla,Yes,2026-03,713,2452,2285,2285,0,No,880,7,686.73,0.26,155.31,6
MED0458,Vitamin B Complex 250mg Inhaler,Vaccine,Cipla,Yes,2026-04,880,1668,2313,2313,0,No,235,7,670.33,0.26,152.46,6
MED0458,Vitamin B Complex 250mg Inhaler,Vaccine,Cipla,Yes,2026-05,235,1807,2173,2042,131,Yes,0,7,670.33,0.26,156.36,6
MED0458,Vitamin B Complex 250mg Inhaler,Vaccine,Cipla,Yes,2026-06,0,1926,2708,1926,782,Yes,0,7,670.33,0.26,158.85,6
MED0458,Vitamin B Complex 250mg Inhaler,Vaccine,Cipla,Yes,2026-07,0,3330,2643,2643,0,No,687,7,670.33,0.26,160.53,6
MED0459,Mannitol 5ml Syrup,Cardiac,Abbott,No,2025-08,141,1523,1218,1218,0,No,446,4,110.07,0.26,292.99,18
MED0459,Mannitol 5ml Syrup,Cardiac,Abbott,No,2025-09,446,987,1118,1118,0,No,315,4,110.07,0.26,287.16,18
MED0459,Mannitol 5ml Syrup,Cardiac,Abbott,No,2025-10,315,501,674,674,0,No,142,4,110.07,0.26,291.89,18
MED0459,Mannitol 5ml Syrup,Cardiac,Abbott,No,2025-11,142,463,555,555,0,No,50,4,110.07,0.26,291.41,18
MED0459,Mannitol 5ml Syrup,Cardiac,Abbott,No,2025-12,50,460,369,369,0,No,141,4,110.07,0.26,286.35,18
MED0459,Mannitol 5ml Syrup,Cardiac,Abbott,No,2026-01,141,328,379,379,0,No,90,4,110.07,0.26,288.5,18
MED0459,Mannitol 5ml Syrup,Cardiac,Abbott,No,2026-02,90,428,441,441,0,No,77,4,110.07,0.26,280.02,18
MED0459,Mannitol 5ml Syrup,Cardiac,Abbott,No,2026-03,77,439,541,516,25,Yes,0,4,110.07,0.26,276.81,18
MED0459,Mannitol 5ml Syrup,Cardiac,Abbott,No,2026-04,0,601,551,551,0,No,50,4,110.07,0.26,276.23,18
MED0459,Mannitol 5ml Syrup,Cardiac,Abbott,No,2026-05,50,782,751,751,0,No,81,4,110.07,0.26,269.73,18
MED0459,Mannitol 5ml Syrup,Cardiac,Abbott,No,2026-06,81,720,1021,801,220,Yes,0,4,110.07,0.26,278.68,18
MED0459,Mannitol 5ml Syrup,Cardiac,Abbott,No,2026-07,0,0,1141,0,1141,Yes,0,4,110.07,0.26,273.31,18
MED0460,Chlorpheniramine 5ml Tablet,Respiratory,Cadila,Yes,2025-08,317,547,751,751,0,No,113,5,366.64,0.18,173.68,24
MED0460,Chlorpheniramine 5ml Tablet,Respiratory,Cadila,Yes,2025-09,113,664,719,719,0,No,58,5,366.64,0.18,169.64,24
MED0460,Chlorpheniramine 5ml Tablet,Respiratory,Cadila,Yes,2025-10,58,577,750,635,115,Yes,0,5,366.64,0.18,166.4,24
MED0460,Chlorpheniramine 5ml Tablet,Respiratory,Cadila,Yes,2025-11,0,0,723,0,723,Yes,0,5,366.64,0.18,169.34,24
MED0460,Chlorpheniramine 5ml Tablet,Respiratory,Cadila,Yes,2025-12,0,575,775,575,200,Yes,0,5,366.64,0.18,168.52,24
MED0460,Chlorpheniramine 5ml Tablet,Respiratory,Cadila,Yes,2026-01,0,0,765,0,765,Yes,0,5,366.64,0.18,169.24,24
MED0460,Chlorpheniramine 5ml Tablet,Respiratory,Cadila,Yes,2026-02,0,853,677,677,0,No,176,5,366.64,0.18,164,24
MED0460,Chlorpheniramine 5ml Tablet,Respiratory,Cadila,Yes,2026-03,176,739,799,799,0,No,116,5,366.64,0.18,158.91,24
MED0460,Chlorpheniramine 5ml Tablet,Respiratory,Cadila,Yes,2026-04,116,506,693,622,71,Yes,0,5,368.33,0.18,158.32,24
MED0460,Chlorpheniramine 5ml Tablet,Respiratory,Cadila,Yes,2026-05,0,805,726,726,0,No,79,5,368.33,0.18,161.78,24
MED0460,Chlorpheniramine 5ml Tablet,Respiratory,Cadila,Yes,2026-06,79,1069,856,856,0,No,292,5,368.33,0.18,166,24
MED0460,Chlorpheniramine 5ml Tablet,Respiratory,Cadila,Yes,2026-07,292,624,676,676,0,No,240,5,368.33,0.18,161.48,24
MED0461,Oxytocin 1g Suspension,Neuro/Psychiatric,Zydus,No,2025-08,258,1821,1449,1449,0,No,630,3,393.86,0.17,96.35,9
MED0461,Oxytocin 1g Suspension,Neuro/Psychiatric,Zydus,No,2025-09,630,1345,1538,1538,0,No,437,3,393.86,0.17,98.86,9
MED0461,Oxytocin 1g Suspension,Neuro/Psychiatric,Zydus,No,2025-10,437,1748,1468,1468,0,No,717,3,393.86,0.17,98.18,9
MED0461,Oxytocin 1g Suspension,Neuro/Psychiatric,Zydus,No,2025-11,717,1264,1632,1632,0,No,349,3,393.86,0.17,100.18,9
MED0461,Oxytocin 1g Suspension,Neuro/Psychiatric,Zydus,No,2025-12,349,0,1796,349,1447,Yes,0,3,393.86,0.17,97.96,9
MED0461,Oxytocin 1g Suspension,Neuro/Psychiatric,Zydus,No,2026-01,0,1986,1667,1667,0,No,319,3,393.86,0.17,100.6,9
MED0461,Oxytocin 1g Suspension,Neuro/Psychiatric,Zydus,No,2026-02,319,1163,1433,1433,0,No,49,3,393.86,0.17,102.13,9
MED0461,Oxytocin 1g Suspension,Neuro/Psychiatric,Zydus,No,2026-03,49,0,1684,49,1635,Yes,0,3,393.86,0.17,104.81,9
MED0461,Oxytocin 1g Suspension,Neuro/Psychiatric,Zydus,No,2026-04,0,0,1659,0,1659,Yes,0,3,393.86,0.17,105.02,9
MED0461,Oxytocin 1g Suspension,Neuro/Psychiatric,Zydus,No,2026-05,0,0,1517,0,1517,Yes,0,3,393.86,0.17,104.19,9
MED0461,Oxytocin 1g Suspension,Neuro/Psychiatric,Zydus,No,2026-06,0,0,1758,0,1758,Yes,0,3,393.86,0.17,105.02,9
MED0461,Oxytocin 1g Suspension,Neuro/Psychiatric,Zydus,No,2026-07,0,1324,1406,1324,82,Yes,0,3,393.86,0.17,103.66,9
MED0462,Cetirizine 20mg Drops,Analgesic,Aurobindo,No,2025-08,713,3937,5442,4650,792,Yes,0,3,243.65,0.22,133.56,18
MED0462,Cetirizine 20mg Drops,Analgesic,Aurobindo,No,2025-09,0,3661,4253,3661,592,Yes,0,3,243.65,0.22,132.15,18
MED0462,Cetirizine 20mg Drops,Analgesic,Aurobindo,No,2025-10,0,6032,5459,5459,0,No,573,3,243.65,0.22,133.84,18
MED0462,Cetirizine 20mg Drops,Analgesic,Aurobindo,No,2025-11,573,3667,4720,4240,480,Yes,0,3,243.65,0.22,136.07,18
MED0462,Cetirizine 20mg Drops,Analgesic,Aurobindo,No,2025-12,0,6673,5588,5588,0,No,1085,3,243.65,0.22,139.68,18
MED0462,Cetirizine 20mg Drops,Analgesic,Aurobindo,No,2026-01,1085,0,4352,1085,3267,Yes,0,3,243.65,0.22,137.2,18
MED0462,Cetirizine 20mg Drops,Analgesic,Aurobindo,No,2026-02,0,4173,5474,4173,1301,Yes,0,3,243.65,0.22,139.71,18
MED0462,Cetirizine 20mg Drops,Analgesic,Aurobindo,No,2026-03,0,3635,4435,3635,800,Yes,0,3,243.65,0.22,141.72,18
MED0462,Cetirizine 20mg Drops,Analgesic,Aurobindo,No,2026-04,0,0,4249,0,4249,Yes,0,3,243.65,0.22,138.05,18
MED0462,Cetirizine 20mg Drops,Analgesic,Aurobindo,No,2026-05,0,5178,5469,5178,291,Yes,0,3,243.65,0.22,137.1,18
MED0462,Cetirizine 20mg Drops,Analgesic,Aurobindo,No,2026-06,0,5306,4749,4749,0,No,557,3,243.65,0.22,135.27,18
MED0462,Cetirizine 20mg Drops,Analgesic,Aurobindo,No,2026-07,557,0,4771,557,4214,Yes,0,3,243.65,0.22,133.62,18
MED0463,Misoprostol 50mg Suspension,Cardiac,Glenmark,No,2025-08,799,2172,1816,1816,0,No,1155,10,68.67,0.26,194.75,12
MED0463,Misoprostol 50mg Suspension,Cardiac,Glenmark,No,2025-09,1155,2221,1863,1863,0,No,1513,10,68.67,0.26,200.68,12
MED0463,Misoprostol 50mg Suspension,Cardiac,Glenmark,No,2025-10,1513,2139,2240,2240,0,No,1412,10,68.67,0.26,202.43,12
MED0463,Misoprostol 50mg Suspension,Cardiac,Glenmark,No,2025-11,1412,3544,3112,3112,0,No,1844,10,68.67,0.26,205.1,12
MED0463,Misoprostol 50mg Suspension,Cardiac,Glenmark,No,2025-12,1844,3031,3037,3037,0,No,1838,10,68.67,0.26,210.95,12
MED0463,Misoprostol 50mg Suspension,Cardiac,Glenmark,No,2026-01,1838,2904,3827,3827,0,No,915,10,68.67,0.26,209.44,12
MED0463,Misoprostol 50mg Suspension,Cardiac,Glenmark,No,2026-02,915,3516,3241,3241,0,No,1190,10,68.67,0.26,212.28,12
MED0463,Misoprostol 50mg Suspension,Cardiac,Glenmark,No,2026-03,1190,0,2408,1190,1218,Yes,0,10,68.67,0.26,211.48,12
MED0463,Misoprostol 50mg Suspension,Cardiac,Glenmark,No,2026-04,0,1769,1889,1769,120,Yes,0,10,68.67,0.26,212.28,12
MED0463,Misoprostol 50mg Suspension,Cardiac,Glenmark,No,2026-05,0,1268,1447,1268,179,Yes,0,10,68.67,0.26,208.36,12
MED0463,Misoprostol 50mg Suspension,Cardiac,Glenmark,No,2026-06,0,1597,1312,1312,0,No,285,10,68.67,0.26,212.28,12
MED0463,Misoprostol 50mg Suspension,Cardiac,Glenmark,No,2026-07,285,1570,1800,1800,0,No,55,10,68.67,0.26,208.83,12
MED0464,Chlorhexidine 50mg Drops,Gastrointestinal,Lupin,No,2025-08,130,810,758,758,0,No,182,5,419.59,0.23,122.81,24
MED0464,Chlorhexidine 50mg Drops,Gastrointestinal,Lupin,No,2025-09,182,764,645,645,0,No,301,5,419.59,0.23,121.47,24
MED0464,Chlorhexidine 50mg Drops,Gastrointestinal,Lupin,No,2025-10,301,0,779,301,478,Yes,0,5,419.59,0.23,123.45,24
MED0464,Chlorhexidine 50mg Drops,Gastrointestinal,Lupin,No,2025-11,0,634,650,634,16,Yes,0,5,419.59,0.23,122.63,24
MED0464,Chlorhexidine 50mg Drops,Gastrointestinal,Lupin,No,2025-12,0,576,807,576,231,Yes,0,5,419.59,0.23,123.47,24
MED0464,Chlorhexidine 50mg Drops,Gastrointestinal,Lupin,No,2026-01,0,0,685,0,685,Yes,0,5,419.59,0.23,123.04,24
MED0464,Chlorhexidine 50mg Drops,Gastrointestinal,Lupin,No,2026-02,0,881,785,785,0,No,96,5,419.59,0.23,124.92,24
MED0464,Chlorhexidine 50mg Drops,Gastrointestinal,Lupin,No,2026-03,96,0,644,96,548,Yes,0,5,419.59,0.23,122.82,24
MED0464,Chlorhexidine 50mg Drops,Gastrointestinal,Lupin,No,2026-04,0,698,644,644,0,No,54,5,419.59,0.23,119.4,24
MED0464,Chlorhexidine 50mg Drops,Gastrointestinal,Lupin,No,2026-05,54,915,715,715,0,No,254,5,419.59,0.23,117.85,24
MED0464,Chlorhexidine 50mg Drops,Gastrointestinal,Lupin,No,2026-06,254,838,803,803,0,No,289,5,419.59,0.23,117.65,24
MED0464,Chlorhexidine 50mg Drops,Gastrointestinal,Lupin,No,2026-07,289,754,638,638,0,No,405,5,419.59,0.23,115.08,24
MED0465,Insulin 2.5mg Ointment,Neuro/Psychiatric,Lupin,No,2025-08,230,336,353,353,0,No,213,10,107.26,0.18,294.55,9
MED0465,Insulin 2.5mg Ointment,Neuro/Psychiatric,Lupin,No,2025-09,213,0,358,213,145,Yes,0,10,107.26,0.18,291.86,9
MED0465,Insulin 2.5mg Ointment,Neuro/Psychiatric,Lupin,No,2025-10,0,440,362,362,0,No,78,10,107.26,0.18,290,9
MED0465,Insulin 2.5mg Ointment,Neuro/Psychiatric,Lupin,No,2025-11,78,282,353,353,0,No,7,10,107.26,0.18,281.79,9
MED0465,Insulin 2.5mg Ointment,Neuro/Psychiatric,Lupin,No,2025-12,7,462,366,366,0,No,103,10,107.26,0.18,283.34,9
MED0465,Insulin 2.5mg Ointment,Neuro/Psychiatric,Lupin,No,2026-01,103,289,390,390,0,No,2,10,107.26,0.18,290.47,9
MED0465,Insulin 2.5mg Ointment,Neuro/Psychiatric,Lupin,No,2026-02,2,378,336,336,0,No,44,10,107.26,0.18,284.01,9
MED0465,Insulin 2.5mg Ointment,Neuro/Psychiatric,Lupin,No,2026-03,44,337,387,381,6,Yes,0,10,107.26,0.18,285.82,9
MED0465,Insulin 2.5mg Ointment,Neuro/Psychiatric,Lupin,No,2026-04,0,342,317,317,0,No,25,10,107.26,0.18,288.88,9
MED0465,Insulin 2.5mg Ointment,Neuro/Psychiatric,Lupin,No,2026-05,25,315,401,340,61,Yes,0,10,107.26,0.18,287.38,9
MED0465,Insulin 2.5mg Ointment,Neuro/Psychiatric,Lupin,No,2026-06,0,307,402,307,95,Yes,0,10,107.26,0.18,291.11,9
MED0465,Insulin 2.5mg Ointment,Neuro/Psychiatric,Lupin,No,2026-07,0,398,339,339,0,No,59,10,107.26,0.18,289.45,9
MED0466,Glimepiride 10mg Tablet,Neuro/Psychiatric,Cipla,No,2025-08,2044,2605,2282,2282,0,No,2367,21,211.21,0.16,328.51,12
MED0466,Glimepiride 10mg Tablet,Neuro/Psychiatric,Cipla,No,2025-09,2367,1480,1898,1898,0,No,1949,21,211.21,0.16,328.61,12
MED0466,Glimepiride 10mg Tablet,Neuro/Psychiatric,Cipla,No,2025-10,1949,1280,1354,1354,0,No,1875,21,211.21,0.16,318.41,12
MED0466,Glimepiride 10mg Tablet,Neuro/Psychiatric,Cipla,No,2025-11,1875,1380,1489,1489,0,No,1766,21,211.21,0.16,322.38,12
MED0466,Glimepiride 10mg Tablet,Neuro/Psychiatric,Cipla,No,2025-12,1766,1108,1365,1365,0,No,1509,21,211.21,0.16,325.72,12
MED0466,Glimepiride 10mg Tablet,Neuro/Psychiatric,Cipla,No,2026-01,1509,1332,1123,1123,0,No,1718,21,211.21,0.16,316.17,12
MED0466,Glimepiride 10mg Tablet,Neuro/Psychiatric,Cipla,No,2026-02,1718,1247,1462,1462,0,No,1503,21,211.21,0.16,313.44,12
MED0466,Glimepiride 10mg Tablet,Neuro/Psychiatric,Cipla,No,2026-03,1503,1414,1510,1510,0,No,1407,21,211.21,0.16,323.35,12
MED0466,Glimepiride 10mg Tablet,Neuro/Psychiatric,Cipla,No,2026-04,1407,1797,2083,2083,0,No,1121,21,211.21,0.16,321.71,12
MED0466,Glimepiride 10mg Tablet,Neuro/Psychiatric,Cipla,No,2026-05,1121,3201,3159,3159,0,No,1163,21,211.21,0.16,321.75,12
MED0466,Glimepiride 10mg Tablet,Neuro/Psychiatric,Cipla,No,2026-06,1163,2630,2991,2991,0,No,802,21,211.21,0.16,330.23,12
MED0466,Glimepiride 10mg Tablet,Neuro/Psychiatric,Cipla,No,2026-07,802,2041,2476,2476,0,No,367,21,211.21,0.16,334.73,12
MED0467,Atorvastatin 10mg Drops,Antibiotic,Dr Reddy's,Yes,2025-08,1378,0,3554,1378,2176,Yes,0,7,785.99,0.27,176.13,9
MED0467,Atorvastatin 10mg Drops,Antibiotic,Dr Reddy's,Yes,2025-09,0,2837,3003,2837,166,Yes,0,7,785.99,0.27,177.04,9
MED0467,Atorvastatin 10mg Drops,Antibiotic,Dr Reddy's,Yes,2025-10,0,2973,2536,2536,0,No,437,7,785.99,0.27,180.34,9
MED0467,Atorvastatin 10mg Drops,Antibiotic,Dr Reddy's,Yes,2025-11,437,2730,2282,2282,0,No,885,7,785.99,0.27,184.38,9
MED0467,Atorvastatin 10mg Drops,Antibiotic,Dr Reddy's,Yes,2025-12,885,2808,2209,2209,0,No,1484,7,785.99,0.27,183.9,9
MED0467,Atorvastatin 10mg Drops,Antibiotic,Dr Reddy's,Yes,2026-01,1484,1665,1887,1887,0,No,1262,7,785.99,0.27,183.62,9
MED0467,Atorvastatin 10mg Drops,Antibiotic,Dr Reddy's,Yes,2026-02,1262,2289,1915,1915,0,No,1636,7,785.99,0.27,182.36,9
MED0467,Atorvastatin 10mg Drops,Antibiotic,Dr Reddy's,Yes,2026-03,1636,2812,2691,2691,0,No,1757,7,785.99,0.27,187.54,9
MED0467,Atorvastatin 10mg Drops,Antibiotic,Dr Reddy's,Yes,2026-04,1757,2981,3594,3594,0,No,1144,7,745.32,0.27,189.73,9
MED0467,Atorvastatin 10mg Drops,Antibiotic,Dr Reddy's,Yes,2026-05,1144,0,5630,1144,4486,Yes,0,7,745.32,0.27,185.11,9
MED0467,Atorvastatin 10mg Drops,Antibiotic,Dr Reddy's,Yes,2026-06,0,4675,4280,4280,0,No,395,7,745.32,0.27,189.14,9
MED0467,Atorvastatin 10mg Drops,Antibiotic,Dr Reddy's,Yes,2026-07,395,3932,4174,4174,0,No,153,7,745.32,0.27,188.92,9
MED0468,Morphine 5mg Syrup,Anesthetic,Aurobindo,No,2025-08,1210,5001,4540,4540,0,No,1671,5,742.88,0.22,136.61,36
MED0468,Morphine 5mg Syrup,Anesthetic,Aurobindo,No,2025-09,1671,3883,4448,4448,0,No,1106,5,742.88,0.22,137.04,36
MED0468,Morphine 5mg Syrup,Anesthetic,Aurobindo,No,2025-10,1106,2402,2663,2663,0,No,845,5,742.88,0.22,136.33,36
MED0468,Morphine 5mg Syrup,Anesthetic,Aurobindo,No,2025-11,845,2039,2064,2064,0,No,820,5,742.88,0.22,139.58,36
MED0468,Morphine 5mg Syrup,Anesthetic,Aurobindo,No,2025-12,820,1805,2018,2018,0,No,607,5,742.88,0.22,137.03,36
MED0468,Morphine 5mg Syrup,Anesthetic,Aurobindo,No,2026-01,607,2002,1720,1720,0,No,889,5,742.88,0.22,139.84,36
MED0468,Morphine 5mg Syrup,Anesthetic,Aurobindo,No,2026-02,889,1672,1791,1791,0,No,770,5,742.88,0.22,140.34,36
MED0468,Morphine 5mg Syrup,Anesthetic,Aurobindo,No,2026-03,770,2765,2183,2183,0,No,1352,5,742.88,0.22,136.51,36
MED0468,Morphine 5mg Syrup,Anesthetic,Aurobindo,No,2026-04,1352,2319,2056,2056,0,No,1615,5,742.88,0.22,140.57,36
MED0468,Morphine 5mg Syrup,Anesthetic,Aurobindo,No,2026-05,1615,2568,3157,3157,0,No,1026,5,742.88,0.22,140.68,36
MED0468,Morphine 5mg Syrup,Anesthetic,Aurobindo,No,2026-06,1026,3988,4050,4050,0,No,964,5,742.88,0.22,138.88,36
MED0468,Morphine 5mg Syrup,Anesthetic,Aurobindo,No,2026-07,964,4234,4712,4712,0,No,486,5,742.88,0.22,138.62,36
MED0469,Azithromycin 5mg Syrup,Neuro/Psychiatric,Cipla,Yes,2025-08,678,4190,4688,4688,0,No,180,4,252.88,0.14,243.21,12
MED0469,Azithromycin 5mg Syrup,Neuro/Psychiatric,Cipla,Yes,2025-09,180,3952,3314,3314,0,No,818,4,252.88,0.14,248.69,12
MED0469,Azithromycin 5mg Syrup,Neuro/Psychiatric,Cipla,Yes,2025-10,818,2183,2073,2073,0,No,928,4,252.88,0.14,245.7,12
MED0469,Azithromycin 5mg Syrup,Neuro/Psychiatric,Cipla,Yes,2025-11,928,2539,1997,1997,0,No,1470,4,252.88,0.14,240.99,12
MED0469,Azithromycin 5mg Syrup,Neuro/Psychiatric,Cipla,Yes,2025-12,1470,1187,1601,1601,0,No,1056,4,252.88,0.14,235.31,12
MED0469,Azithromycin 5mg Syrup,Neuro/Psychiatric,Cipla,Yes,2026-01,1056,1271,1518,1518,0,No,809,4,252.88,0.14,232.21,12
MED0469,Azithromycin 5mg Syrup,Neuro/Psychiatric,Cipla,Yes,2026-02,809,1377,1667,1667,0,No,519,4,252.88,0.14,236.5,12
MED0469,Azithromycin 5mg Syrup,Neuro/Psychiatric,Cipla,Yes,2026-03,519,2442,2028,2028,0,No,933,4,252.88,0.14,236.07,12
MED0469,Azithromycin 5mg Syrup,Neuro/Psychiatric,Cipla,Yes,2026-04,933,2735,2250,2250,0,No,1418,4,248.12,0.14,231.89,12
MED0469,Azithromycin 5mg Syrup,Neuro/Psychiatric,Cipla,Yes,2026-05,1418,2046,2367,2367,0,No,1097,4,248.12,0.14,226.78,12
MED0469,Azithromycin 5mg Syrup,Neuro/Psychiatric,Cipla,Yes,2026-06,1097,2879,3671,3671,0,No,305,4,248.12,0.14,224.22,12
MED0469,Azithromycin 5mg Syrup,Neuro/Psychiatric,Cipla,Yes,2026-07,305,3492,4586,3797,789,Yes,0,4,248.12,0.14,230.96,12
MED0470,Insulin Regular 1g Suspension,Vitamin/Supplement,Aurobindo,No,2025-08,1872,2049,2854,2854,0,No,1067,10,589.59,0.2,217.56,12
MED0470,Insulin Regular 1g Suspension,Vitamin/Supplement,Aurobindo,No,2025-09,1067,4075,3213,3213,0,No,1929,10,589.59,0.2,224.25,12
MED0470,Insulin Regular 1g Suspension,Vitamin/Supplement,Aurobindo,No,2025-10,1929,3738,2966,2966,0,No,2701,10,589.59,0.2,224.05,12
MED0470,Insulin Regular 1g Suspension,Vitamin/Supplement,Aurobindo,No,2025-11,2701,3703,3068,3068,0,No,3336,10,589.59,0.2,219.65,12
MED0470,Insulin Regular 1g Suspension,Vitamin/Supplement,Aurobindo,No,2025-12,3336,2966,3096,3096,0,No,3206,10,589.59,0.2,225.01,12
MED0470,Insulin Regular 1g Suspension,Vitamin/Supplement,Aurobindo,No,2026-01,3206,0,2479,2479,0,No,727,10,589.59,0.2,224.47,12
MED0470,Insulin Regular 1g Suspension,Vitamin/Supplement,Aurobindo,No,2026-02,727,2878,2918,2918,0,No,687,10,589.59,0.2,227.34,12
MED0470,Insulin Regular 1g Suspension,Vitamin/Supplement,Aurobindo,No,2026-03,687,3570,3343,3343,0,No,914,10,589.59,0.2,233.97,12
MED0470,Insulin Regular 1g Suspension,Vitamin/Supplement,Aurobindo,No,2026-04,914,0,2679,914,1765,Yes,0,10,589.59,0.2,227.8,12
MED0470,Insulin Regular 1g Suspension,Vitamin/Supplement,Aurobindo,No,2026-05,0,2022,2493,2022,471,Yes,0,10,589.59,0.2,222.27,12
MED0470,Insulin Regular 1g Suspension,Vitamin/Supplement,Aurobindo,No,2026-06,0,3322,3157,3157,0,No,165,10,589.59,0.2,225.29,12
MED0470,Insulin Regular 1g Suspension,Vitamin/Supplement,Aurobindo,No,2026-07,165,2422,2497,2497,0,No,90,10,589.59,0.2,222.3,12
MED0471,Streptokinase 20mg Suspension,Gastrointestinal,Biocon,No,2025-08,884,0,1589,884,705,Yes,0,10,350.72,0.17,209.41,9
MED0471,Streptokinase 20mg Suspension,Gastrointestinal,Biocon,No,2025-09,0,1090,1393,1090,303,Yes,0,10,350.72,0.17,205.25,9
MED0471,Streptokinase 20mg Suspension,Gastrointestinal,Biocon,No,2025-10,0,1609,1859,1609,250,Yes,0,10,350.72,0.17,199.17,9
MED0471,Streptokinase 20mg Suspension,Gastrointestinal,Biocon,No,2025-11,0,3386,2660,2660,0,No,726,10,350.72,0.17,192.86,9
MED0471,Streptokinase 20mg Suspension,Gastrointestinal,Biocon,No,2025-12,726,2576,3280,3280,0,No,22,10,350.72,0.17,196.48,9
MED0471,Streptokinase 20mg Suspension,Gastrointestinal,Biocon,No,2026-01,22,3953,3588,3588,0,No,387,10,350.72,0.17,191.66,9
MED0471,Streptokinase 20mg Suspension,Gastrointestinal,Biocon,No,2026-02,387,2028,2870,2415,455,Yes,0,10,350.72,0.17,191.23,9
MED0471,Streptokinase 20mg Suspension,Gastrointestinal,Biocon,No,2026-03,0,1405,1810,1405,405,Yes,0,10,350.72,0.17,192.63,9
MED0471,Streptokinase 20mg Suspension,Gastrointestinal,Biocon,No,2026-04,0,1447,1356,1356,0,No,91,10,350.72,0.17,191.68,9
MED0471,Streptokinase 20mg Suspension,Gastrointestinal,Biocon,No,2026-05,91,0,1307,91,1216,Yes,0,10,350.72,0.17,190.56,9
MED0471,Streptokinase 20mg Suspension,Gastrointestinal,Biocon,No,2026-06,0,0,1293,0,1293,Yes,0,10,350.72,0.17,194.3,9
MED0471,Streptokinase 20mg Suspension,Gastrointestinal,Biocon,No,2026-07,0,1465,1403,1403,0,No,62,10,350.72,0.17,190.56,9
MED0472,Ampicillin 20mg Inhaler,Vitamin/Supplement,Lupin,No,2025-08,375,1569,2222,1944,278,Yes,0,3,420.59,0.14,102.88,6
MED0472,Ampicillin 20mg Inhaler,Vitamin/Supplement,Lupin,No,2025-09,0,1876,2184,1876,308,Yes,0,3,420.59,0.14,104.58,6
MED0472,Ampicillin 20mg Inhaler,Vitamin/Supplement,Lupin,No,2025-10,0,1529,1715,1529,186,Yes,0,3,420.59,0.14,107.13,6
MED0472,Ampicillin 20mg Inhaler,Vitamin/Supplement,Lupin,No,2025-11,0,1281,1774,1281,493,Yes,0,3,420.59,0.14,106.69,6
MED0472,Ampicillin 20mg Inhaler,Vitamin/Supplement,Lupin,No,2025-12,0,1581,2016,1581,435,Yes,0,3,420.59,0.14,106.92,6
MED0472,Ampicillin 20mg Inhaler,Vitamin/Supplement,Lupin,No,2026-01,0,0,1967,0,1967,Yes,0,3,420.59,0.14,106.77,6
MED0472,Ampicillin 20mg Inhaler,Vitamin/Supplement,Lupin,No,2026-02,0,2070,1948,1948,0,No,122,3,420.59,0.14,106.05,6
MED0472,Ampicillin 20mg Inhaler,Vitamin/Supplement,Lupin,No,2026-03,122,1797,2063,1919,144,Yes,0,3,420.59,0.14,108.56,6
MED0472,Ampicillin 20mg Inhaler,Vitamin/Supplement,Lupin,No,2026-04,0,1647,1834,1647,187,Yes,0,3,420.59,0.14,111.11,6
MED0472,Ampicillin 20mg Inhaler,Vitamin/Supplement,Lupin,No,2026-05,0,1679,2182,1679,503,Yes,0,3,420.59,0.14,110.05,6
MED0472,Ampicillin 20mg Inhaler,Vitamin/Supplement,Lupin,No,2026-06,0,1618,2174,1618,556,Yes,0,3,420.59,0.14,110.8,6
MED0472,Ampicillin 20mg Inhaler,Vitamin/Supplement,Lupin,No,2026-07,0,2497,1934,1934,0,No,563,3,420.59,0.14,112.14,6
MED0473,Measles Vaccine 10ml Ointment,Antidiabetic,Glenmark,Yes,2025-08,611,2036,2543,2543,0,No,104,7,714.54,0.23,127.98,6
MED0473,Measles Vaccine 10ml Ointment,Antidiabetic,Glenmark,Yes,2025-09,104,0,2339,104,2235,Yes,0,7,714.54,0.23,131.71,6
MED0473,Measles Vaccine 10ml Ointment,Antidiabetic,Glenmark,Yes,2025-10,0,1344,1492,1344,148,Yes,0,7,714.54,0.23,131.78,6
MED0473,Measles Vaccine 10ml Ointment,Antidiabetic,Glenmark,Yes,2025-11,0,1045,1408,1045,363,Yes,0,7,714.54,0.23,131.4,6
MED0473,Measles Vaccine 10ml Ointment,Antidiabetic,Glenmark,Yes,2025-12,0,1347,1481,1347,134,Yes,0,7,714.54,0.23,129.62,6
MED0473,Measles Vaccine 10ml Ointment,Antidiabetic,Glenmark,Yes,2026-01,0,1464,1214,1214,0,No,250,7,714.54,0.23,133.32,6
MED0473,Measles Vaccine 10ml Ointment,Antidiabetic,Glenmark,Yes,2026-02,250,1091,1336,1336,0,No,5,7,714.54,0.23,130.44,6
MED0473,Measles Vaccine 10ml Ointment,Antidiabetic,Glenmark,Yes,2026-03,5,1928,1913,1913,0,No,20,7,714.54,0.23,131.08,6
MED0473,Measles Vaccine 10ml Ointment,Antidiabetic,Glenmark,Yes,2026-04,20,1946,2344,1966,378,Yes,0,7,676.38,0.23,129.33,6
MED0473,Measles Vaccine 10ml Ointment,Antidiabetic,Glenmark,Yes,2026-05,0,0,3315,0,3315,Yes,0,7,676.38,0.23,127.55,6
MED0473,Measles Vaccine 10ml Ointment,Antidiabetic,Glenmark,Yes,2026-06,0,0,3712,0,3712,Yes,0,7,676.38,0.23,126.78,6
MED0473,Measles Vaccine 10ml Ointment,Antidiabetic,Glenmark,Yes,2026-07,0,2519,2908,2519,389,Yes,0,7,676.38,0.23,130.8,6
MED0474,Hydrocortisone 20mg Tablet,Neuro/Psychiatric,Lupin,No,2025-08,226,588,691,691,0,No,123,4,263.19,0.22,139.92,9
MED0474,Hydrocortisone 20mg Tablet,Neuro/Psychiatric,Lupin,No,2025-09,123,737,664,664,0,No,196,4,263.19,0.22,140.61,9
MED0474,Hydrocortisone 20mg Tablet,Neuro/Psychiatric,Lupin,No,2025-10,196,1067,890,890,0,No,373,4,263.19,0.22,136.93,9
MED0474,Hydrocortisone 20mg Tablet,Neuro/Psychiatric,Lupin,No,2025-11,373,0,1176,373,803,Yes,0,4,263.19,0.22,133.88,9
MED0474,Hydrocortisone 20mg Tablet,Neuro/Psychiatric,Lupin,No,2025-12,0,0,1371,0,1371,Yes,0,4,263.19,0.22,133.35,9
MED0474,Hydrocortisone 20mg Tablet,Neuro/Psychiatric,Lupin,No,2026-01,0,1628,1416,1416,0,No,212,4,263.19,0.22,133.44,9
MED0474,Hydrocortisone 20mg Tablet,Neuro/Psychiatric,Lupin,No,2026-02,212,941,1109,1109,0,No,44,4,263.19,0.22,131.31,9
MED0474,Hydrocortisone 20mg Tablet,Neuro/Psychiatric,Lupin,No,2026-03,44,774,835,818,17,Yes,0,4,263.19,0.22,129.69,9
MED0474,Hydrocortisone 20mg Tablet,Neuro/Psychiatric,Lupin,No,2026-04,0,713,563,563,0,No,150,4,263.19,0.22,127.33,9
MED0474,Hydrocortisone 20mg Tablet,Neuro/Psychiatric,Lupin,No,2026-05,150,0,499,150,349,Yes,0,4,263.19,0.22,127.33,9
MED0474,Hydrocortisone 20mg Tablet,Neuro/Psychiatric,Lupin,No,2026-06,0,506,624,506,118,Yes,0,4,263.19,0.22,131.44,9
MED0474,Hydrocortisone 20mg Tablet,Neuro/Psychiatric,Lupin,No,2026-07,0,601,539,539,0,No,62,4,263.19,0.22,135.36,9
MED0475,Amoxicillin 10mg Capsule,Respiratory,Torrent,Yes,2025-08,192,2199,2306,2306,0,No,85,2,345.88,0.13,335.72,36
MED0475,Amoxicillin 10mg Capsule,Respiratory,Torrent,Yes,2025-09,85,1912,2229,1997,232,Yes,0,2,345.88,0.13,332.23,36
MED0475,Amoxicillin 10mg Capsule,Respiratory,Torrent,Yes,2025-10,0,2248,1776,1776,0,No,472,2,345.88,0.13,333.73,36
MED0475,Amoxicillin 10mg Capsule,Respiratory,Torrent,Yes,2025-11,472,1740,1450,1450,0,No,762,2,345.88,0.13,342.39,36
MED0475,Amoxicillin 10mg Capsule,Respiratory,Torrent,Yes,2025-12,762,931,1172,1172,0,No,521,2,345.88,0.13,331.95,36
MED0475,Amoxicillin 10mg Capsule,Respiratory,Torrent,Yes,2026-01,521,1716,1349,1349,0,No,888,2,345.88,0.13,338.52,36
MED0475,Amoxicillin 10mg Capsule,Respiratory,Torrent,Yes,2026-02,888,1278,1273,1273,0,No,893,2,345.88,0.13,348,36
MED0475,Amoxicillin 10mg Capsule,Respiratory,Torrent,Yes,2026-03,893,1544,1770,1770,0,No,667,2,345.88,0.13,339.36,36
MED0475,Amoxicillin 10mg Capsule,Respiratory,Torrent,Yes,2026-04,667,2187,2399,2399,0,No,455,2,335.82,0.13,332.2,36
MED0475,Amoxicillin 10mg Capsule,Respiratory,Torrent,Yes,2026-05,455,3313,3172,3172,0,No,596,2,335.82,0.13,341.94,36
MED0475,Amoxicillin 10mg Capsule,Respiratory,Torrent,Yes,2026-06,596,3505,3625,3625,0,No,476,2,335.82,0.13,342.73,36
MED0475,Amoxicillin 10mg Capsule,Respiratory,Torrent,Yes,2026-07,476,3260,2928,2928,0,No,808,2,335.82,0.13,332.46,36
MED0476,Tetanus Toxoid 1mg Inhaler,Neuro/Psychiatric,Alkem,Yes,2025-08,107,822,1170,929,241,Yes,0,2,736.95,0.28,108.91,6
MED0476,Tetanus Toxoid 1mg Inhaler,Neuro/Psychiatric,Alkem,Yes,2025-09,0,0,1370,0,1370,Yes,0,2,736.95,0.28,108.57,6
MED0476,Tetanus Toxoid 1mg Inhaler,Neuro/Psychiatric,Alkem,Yes,2025-10,0,847,1077,847,230,Yes,0,2,736.95,0.28,109.89,6
MED0476,Tetanus Toxoid 1mg Inhaler,Neuro/Psychiatric,Alkem,Yes,2025-11,0,948,1082,948,134,Yes,0,2,736.95,0.28,111.49,6
MED0476,Tetanus Toxoid 1mg Inhaler,Neuro/Psychiatric,Alkem,Yes,2025-12,0,1445,1157,1157,0,No,288,2,736.95,0.28,114.89,6
MED0476,Tetanus Toxoid 1mg Inhaler,Neuro/Psychiatric,Alkem,Yes,2026-01,288,1272,1060,1060,0,No,500,2,736.95,0.28,113.43,6
MED0476,Tetanus Toxoid 1mg Inhaler,Neuro/Psychiatric,Alkem,Yes,2026-02,500,937,1086,1086,0,No,351,2,736.95,0.28,113.69,6
MED0476,Tetanus Toxoid 1mg Inhaler,Neuro/Psychiatric,Alkem,Yes,2026-03,351,1061,1213,1213,0,No,199,2,736.95,0.28,113.92,6
MED0476,Tetanus Toxoid 1mg Inhaler,Neuro/Psychiatric,Alkem,Yes,2026-04,199,1144,1259,1259,0,No,84,2,736.8,0.28,113.27,6
MED0476,Tetanus Toxoid 1mg Inhaler,Neuro/Psychiatric,Alkem,Yes,2026-05,84,1091,1218,1175,43,Yes,0,2,736.8,0.28,111,6
MED0476,Tetanus Toxoid 1mg Inhaler,Neuro/Psychiatric,Alkem,Yes,2026-06,0,1007,1261,1007,254,Yes,0,2,736.8,0.28,114.28,6
MED0476,Tetanus Toxoid 1mg Inhaler,Neuro/Psychiatric,Alkem,Yes,2026-07,0,1190,1140,1140,0,No,50,2,736.8,0.28,116.7,6
MED0477,Ranitidine Syrup 5ml Ointment,Antibiotic,Mankind,No,2025-08,1067,2442,2304,2304,0,No,1205,4,324.67,0.28,130.6,9
MED0477,Ranitidine Syrup 5ml Ointment,Antibiotic,Mankind,No,2025-09,1205,3297,3039,3039,0,No,1463,4,324.67,0.28,131.45,9
MED0477,Ranitidine Syrup 5ml Ointment,Antibiotic,Mankind,No,2025-10,1463,4648,3710,3710,0,No,2401,4,324.67,0.28,129.21,9
MED0477,Ranitidine Syrup 5ml Ointment,Antibiotic,Mankind,No,2025-11,2401,3372,4240,4240,0,No,1533,4,324.67,0.28,129.57,9
MED0477,Ranitidine Syrup 5ml Ointment,Antibiotic,Mankind,No,2025-12,1533,6567,5367,5367,0,No,2733,4,324.67,0.28,131.17,9
MED0477,Ranitidine Syrup 5ml Ointment,Antibiotic,Mankind,No,2026-01,2733,4374,4868,4868,0,No,2239,4,324.67,0.28,131.29,9
MED0477,Ranitidine Syrup 5ml Ointment,Antibiotic,Mankind,No,2026-02,2239,0,4465,2239,2226,Yes,0,4,324.67,0.28,135.32,9
MED0477,Ranitidine Syrup 5ml Ointment,Antibiotic,Mankind,No,2026-03,0,2658,2782,2658,124,Yes,0,4,324.67,0.28,136.24,9
MED0477,Ranitidine Syrup 5ml Ointment,Antibiotic,Mankind,No,2026-04,0,0,2986,0,2986,Yes,0,4,324.67,0.28,135.18,9
MED0477,Ranitidine Syrup 5ml Ointment,Antibiotic,Mankind,No,2026-05,0,2653,2294,2294,0,No,359,4,324.67,0.28,137.42,9
MED0477,Ranitidine Syrup 5ml Ointment,Antibiotic,Mankind,No,2026-06,359,2459,2259,2259,0,No,559,4,324.67,0.28,134.71,9
MED0477,Ranitidine Syrup 5ml Ointment,Antibiotic,Mankind,No,2026-07,559,0,2532,559,1973,Yes,0,4,324.67,0.28,133.76,9
MED0478,Amitriptyline 250mg Drops,Dermatological,Mankind,Yes,2025-08,1493,1549,1638,1638,0,No,1404,10,83.23,0.23,321.17,18
MED0478,Amitriptyline 250mg Drops,Dermatological,Mankind,Yes,2025-09,1404,1608,1655,1655,0,No,1357,10,83.23,0.23,318.07,18
MED0478,Amitriptyline 250mg Drops,Dermatological,Mankind,Yes,2025-10,1357,1580,2060,2060,0,No,877,10,83.23,0.23,316.69,18
MED0478,Amitriptyline 250mg Drops,Dermatological,Mankind,Yes,2025-11,877,1865,1770,1770,0,No,972,10,83.23,0.23,322.39,18
MED0478,Amitriptyline 250mg Drops,Dermatological,Mankind,Yes,2025-12,972,1811,1639,1639,0,No,1144,10,83.23,0.23,322.07,18
MED0478,Amitriptyline 250mg Drops,Dermatological,Mankind,Yes,2026-01,1144,1248,1617,1617,0,No,775,10,83.23,0.23,328.02,18
MED0478,Amitriptyline 250mg Drops,Dermatological,Mankind,Yes,2026-02,775,0,1666,775,891,Yes,0,10,83.23,0.23,329.57,18
MED0478,Amitriptyline 250mg Drops,Dermatological,Mankind,Yes,2026-03,0,2531,1993,1993,0,No,538,10,83.23,0.23,326.37,18
MED0478,Amitriptyline 250mg Drops,Dermatological,Mankind,Yes,2026-04,538,1483,1759,1759,0,No,262,10,80.84,0.23,332.64,18
MED0478,Amitriptyline 250mg Drops,Dermatological,Mankind,Yes,2026-05,262,2014,1829,1829,0,No,447,10,80.84,0.23,327.34,18
MED0478,Amitriptyline 250mg Drops,Dermatological,Mankind,Yes,2026-06,447,1525,1982,1972,10,Yes,0,10,80.84,0.23,321.76,18
MED0478,Amitriptyline 250mg Drops,Dermatological,Mankind,Yes,2026-07,0,0,1853,0,1853,Yes,0,10,80.84,0.23,321.85,18
MED0479,Doxycycline 1mg Ointment,Analgesic,Lupin,Yes,2025-08,150,768,597,597,0,No,321,4,459.88,0.2,199.11,36
MED0479,Doxycycline 1mg Ointment,Analgesic,Lupin,Yes,2025-09,321,703,678,678,0,No,346,4,459.88,0.2,192.95,36
MED0479,Doxycycline 1mg Ointment,Analgesic,Lupin,Yes,2025-10,346,613,666,666,0,No,293,4,459.88,0.2,194.81,36
MED0479,Doxycycline 1mg Ointment,Analgesic,Lupin,Yes,2025-11,293,432,586,586,0,No,139,4,459.88,0.2,194.95,36
MED0479,Doxycycline 1mg Ointment,Analgesic,Lupin,Yes,2025-12,139,661,567,567,0,No,233,4,459.88,0.2,194.27,36
MED0479,Doxycycline 1mg Ointment,Analgesic,Lupin,Yes,2026-01,233,554,688,688,0,No,99,4,459.88,0.2,200.13,36
MED0479,Doxycycline 1mg Ointment,Analgesic,Lupin,Yes,2026-02,99,582,563,563,0,No,118,4,459.88,0.2,201.02,36
MED0479,Doxycycline 1mg Ointment,Analgesic,Lupin,Yes,2026-03,118,0,629,118,511,Yes,0,4,459.88,0.2,205.58,36
MED0479,Doxycycline 1mg Ointment,Analgesic,Lupin,Yes,2026-04,0,590,541,541,0,No,49,4,471.91,0.2,201.06,36
MED0479,Doxycycline 1mg Ointment,Analgesic,Lupin,Yes,2026-05,49,604,638,638,0,No,15,4,471.91,0.2,201.93,36
MED0479,Doxycycline 1mg Ointment,Analgesic,Lupin,Yes,2026-06,15,743,652,652,0,No,106,4,471.91,0.2,206.55,36
MED0479,Doxycycline 1mg Ointment,Analgesic,Lupin,Yes,2026-07,106,771,653,653,0,No,224,4,471.91,0.2,207.59,36
MED0480,Propranolol 500mg Suspension,Cardiac,Sun Pharma,No,2025-08,164,742,1025,906,119,Yes,0,3,132.36,0.14,153.43,18
MED0480,Propranolol 500mg Suspension,Cardiac,Sun Pharma,No,2025-09,0,955,914,914,0,No,41,3,132.36,0.14,152.19,18
MED0480,Propranolol 500mg Suspension,Cardiac,Sun Pharma,No,2025-10,41,1258,1158,1158,0,No,141,3,132.36,0.14,148.25,18
MED0480,Propranolol 500mg Suspension,Cardiac,Sun Pharma,No,2025-11,141,1286,1433,1427,6,Yes,0,3,132.36,0.14,147.84,18
MED0480,Propranolol 500mg Suspension,Cardiac,Sun Pharma,No,2025-12,0,1535,2057,1535,522,Yes,0,3,132.36,0.14,146.82,18
MED0480,Propranolol 500mg Suspension,Cardiac,Sun Pharma,No,2026-01,0,2304,2108,2108,0,No,196,3,132.36,0.14,150.37,18
MED0480,Propranolol 500mg Suspension,Cardiac,Sun Pharma,No,2026-02,196,1772,1461,1461,0,No,507,3,132.36,0.14,147.9,18
MED0480,Propranolol 500mg Suspension,Cardiac,Sun Pharma,No,2026-03,507,1391,1332,1332,0,No,566,3,132.36,0.14,152.41,18
MED0480,Propranolol 500mg Suspension,Cardiac,Sun Pharma,No,2026-04,566,696,804,804,0,No,458,3,132.36,0.14,156.84,18
MED0480,Propranolol 500mg Suspension,Cardiac,Sun Pharma,No,2026-05,458,0,916,458,458,Yes,0,3,132.36,0.14,154.4,18
MED0480,Propranolol 500mg Suspension,Cardiac,Sun Pharma,No,2026-06,0,865,735,735,0,No,130,3,132.36,0.14,152.93,18
MED0480,Propranolol 500mg Suspension,Cardiac,Sun Pharma,No,2026-07,130,844,885,885,0,No,89,3,132.36,0.14,156.75,18
MED0481,Gentamicin 10mg Suspension,Neuro/Psychiatric,Intas,No,2025-08,1784,4241,3422,3422,0,No,2603,10,793.3,0.15,254.45,6
MED0481,Gentamicin 10mg Suspension,Neuro/Psychiatric,Intas,No,2025-09,2603,2900,3120,3120,0,No,2383,10,793.3,0.15,261.93,6
MED0481,Gentamicin 10mg Suspension,Neuro/Psychiatric,Intas,No,2025-10,2383,2216,1928,1928,0,No,2671,10,793.3,0.15,261.02,6
MED0481,Gentamicin 10mg Suspension,Neuro/Psychiatric,Intas,No,2025-11,2671,0,1640,1640,0,No,1031,10,793.3,0.15,258.15,6
MED0481,Gentamicin 10mg Suspension,Neuro/Psychiatric,Intas,No,2025-12,1031,1396,1512,1512,0,No,915,10,793.3,0.15,258.57,6
MED0481,Gentamicin 10mg Suspension,Neuro/Psychiatric,Intas,No,2026-01,915,1593,1565,1565,0,No,943,10,793.3,0.15,261.58,6
MED0481,Gentamicin 10mg Suspension,Neuro/Psychiatric,Intas,No,2026-02,943,1620,1573,1573,0,No,990,10,793.3,0.15,257.95,6
MED0481,Gentamicin 10mg Suspension,Neuro/Psychiatric,Intas,No,2026-03,990,2058,1757,1757,0,No,1291,10,793.3,0.15,261.74,6
MED0481,Gentamicin 10mg Suspension,Neuro/Psychiatric,Intas,No,2026-04,1291,0,1780,1291,489,Yes,0,10,793.3,0.15,254.55,6
MED0481,Gentamicin 10mg Suspension,Neuro/Psychiatric,Intas,No,2026-05,0,0,2519,0,2519,Yes,0,10,793.3,0.15,247.33,6
MED0481,Gentamicin 10mg Suspension,Neuro/Psychiatric,Intas,No,2026-06,0,3565,4027,3565,462,Yes,0,10,793.3,0.15,245.51,6
MED0481,Gentamicin 10mg Suspension,Neuro/Psychiatric,Intas,No,2026-07,0,4204,4013,4013,0,No,191,10,793.3,0.15,243.16,6
MED0482,Nifedipine 250mg Syrup,Cardiac,Cadila,No,2025-08,128,1346,1043,1043,0,No,431,3,685.75,0.25,178.99,18
MED0482,Nifedipine 250mg Syrup,Cardiac,Cadila,No,2025-09,431,0,1140,431,709,Yes,0,3,685.75,0.25,176.91,18
MED0482,Nifedipine 250mg Syrup,Cardiac,Cadila,No,2025-10,0,1214,1296,1214,82,Yes,0,3,685.75,0.25,176.81,18
MED0482,Nifedipine 250mg Syrup,Cardiac,Cadila,No,2025-11,0,880,1111,880,231,Yes,0,3,685.75,0.25,174.79,18
MED0482,Nifedipine 250mg Syrup,Cardiac,Cadila,No,2025-12,0,910,1139,910,229,Yes,0,3,685.75,0.25,171.32,18
MED0482,Nifedipine 250mg Syrup,Cardiac,Cadila,No,2026-01,0,0,1076,0,1076,Yes,0,3,685.75,0.25,169.17,18
MED0482,Nifedipine 250mg Syrup,Cardiac,Cadila,No,2026-02,0,0,1098,0,1098,Yes,0,3,685.75,0.25,174.53,18
MED0482,Nifedipine 250mg Syrup,Cardiac,Cadila,No,2026-03,0,1407,1175,1175,0,No,232,3,685.75,0.25,173.53,18
MED0482,Nifedipine 250mg Syrup,Cardiac,Cadila,No,2026-04,232,777,1060,1009,51,Yes,0,3,685.75,0.25,172.91,18
MED0482,Nifedipine 250mg Syrup,Cardiac,Cadila,No,2026-05,0,1247,1039,1039,0,No,208,3,685.75,0.25,173.77,18
MED0482,Nifedipine 250mg Syrup,Cardiac,Cadila,No,2026-06,208,1026,1234,1234,0,No,0,3,685.75,0.25,179.22,18
MED0482,Nifedipine 250mg Syrup,Cardiac,Cadila,No,2026-07,0,941,1218,941,277,Yes,0,3,685.75,0.25,176.31,18
MED0483,Povidone Iodine 10ml Syrup,Neuro/Psychiatric,Torrent,No,2025-08,1337,0,2226,1337,889,Yes,0,10,217.51,0.12,90.39,9
MED0483,Povidone Iodine 10ml Syrup,Neuro/Psychiatric,Torrent,No,2025-09,0,2047,1729,1729,0,No,318,10,217.51,0.12,91.42,9
MED0483,Povidone Iodine 10ml Syrup,Neuro/Psychiatric,Torrent,No,2025-10,318,1773,1934,1934,0,No,157,10,217.51,0.12,92.65,9
MED0483,Povidone Iodine 10ml Syrup,Neuro/Psychiatric,Torrent,No,2025-11,157,1320,1864,1477,387,Yes,0,10,217.51,0.12,93.26,9
MED0483,Povidone Iodine 10ml Syrup,Neuro/Psychiatric,Torrent,No,2025-12,0,1523,1741,1523,218,Yes,0,10,217.51,0.12,90.92,9
MED0483,Povidone Iodine 10ml Syrup,Neuro/Psychiatric,Torrent,No,2026-01,0,2125,2048,2048,0,No,77,10,217.51,0.12,91.93,9
MED0483,Povidone Iodine 10ml Syrup,Neuro/Psychiatric,Torrent,No,2026-02,77,2314,1872,1872,0,No,519,10,217.51,0.12,89.45,9
MED0483,Povidone Iodine 10ml Syrup,Neuro/Psychiatric,Torrent,No,2026-03,519,1656,1769,1769,0,No,406,10,217.51,0.12,90,9
MED0483,Povidone Iodine 10ml Syrup,Neuro/Psychiatric,Torrent,No,2026-04,406,1542,1752,1752,0,No,196,10,217.51,0.12,91.36,9
MED0483,Povidone Iodine 10ml Syrup,Neuro/Psychiatric,Torrent,No,2026-05,196,2413,2240,2240,0,No,369,10,217.51,0.12,89.71,9
MED0483,Povidone Iodine 10ml Syrup,Neuro/Psychiatric,Torrent,No,2026-06,369,1749,1800,1800,0,No,318,10,217.51,0.12,91.66,9
MED0483,Povidone Iodine 10ml Syrup,Neuro/Psychiatric,Torrent,No,2026-07,318,2494,2123,2123,0,No,689,10,217.51,0.12,88.99,9
MED0484,Snake Antivenom 100mg Capsule,Antibiotic,Intas,Yes,2025-08,164,308,298,298,0,No,174,10,188.41,0.22,165.61,36
MED0484,Snake Antivenom 100mg Capsule,Antibiotic,Intas,Yes,2025-09,174,0,285,174,111,Yes,0,10,188.41,0.22,169.2,36
MED0484,Snake Antivenom 100mg Capsule,Antibiotic,Intas,Yes,2025-10,0,370,308,308,0,No,62,10,188.41,0.22,168.79,36
MED0484,Snake Antivenom 100mg Capsule,Antibiotic,Intas,Yes,2025-11,62,402,341,341,0,No,123,10,188.41,0.22,165.84,36
MED0484,Snake Antivenom 100mg Capsule,Antibiotic,Intas,Yes,2025-12,123,355,355,355,0,No,123,10,188.41,0.22,162.02,36
MED0484,Snake Antivenom 100mg Capsule,Antibiotic,Intas,Yes,2026-01,123,391,317,317,0,No,197,10,188.41,0.22,166.75,36
MED0484,Snake Antivenom 100mg Capsule,Antibiotic,Intas,Yes,2026-02,197,378,339,339,0,No,236,10,188.41,0.22,162.29,36
MED0484,Snake Antivenom 100mg Capsule,Antibiotic,Intas,Yes,2026-03,236,286,344,344,0,No,178,10,188.41,0.22,159.15,36
MED0484,Snake Antivenom 100mg Capsule,Antibiotic,Intas,Yes,2026-04,178,0,294,178,116,Yes,0,10,183.66,0.22,157.56,36
MED0484,Snake Antivenom 100mg Capsule,Antibiotic,Intas,Yes,2026-05,0,381,326,326,0,No,55,10,183.66,0.22,158.81,36
MED0484,Snake Antivenom 100mg Capsule,Antibiotic,Intas,Yes,2026-06,55,367,354,354,0,No,68,10,183.66,0.22,159.28,36
MED0484,Snake Antivenom 100mg Capsule,Antibiotic,Intas,Yes,2026-07,68,416,368,368,0,No,116,10,183.66,0.22,155.37,36
MED0485,Chlorhexidine 500mg Syrup,Neuro/Psychiatric,Lupin,No,2025-08,131,1061,925,925,0,No,267,3,67.63,0.24,235.35,6
MED0485,Chlorhexidine 500mg Syrup,Neuro/Psychiatric,Lupin,No,2025-09,267,978,1008,1008,0,No,237,3,67.63,0.24,231.48,6
MED0485,Chlorhexidine 500mg Syrup,Neuro/Psychiatric,Lupin,No,2025-10,237,1089,1041,1041,0,No,285,3,67.63,0.24,227.23,6
MED0485,Chlorhexidine 500mg Syrup,Neuro/Psychiatric,Lupin,No,2025-11,285,1297,1034,1034,0,No,548,3,67.63,0.24,225.91,6
MED0485,Chlorhexidine 500mg Syrup,Neuro/Psychiatric,Lupin,No,2025-12,548,875,950,950,0,No,473,3,67.63,0.24,228.94,6
MED0485,Chlorhexidine 500mg Syrup,Neuro/Psychiatric,Lupin,No,2026-01,473,705,971,971,0,No,207,3,67.63,0.24,224.75,6
MED0485,Chlorhexidine 500mg Syrup,Neuro/Psychiatric,Lupin,No,2026-02,207,729,1012,936,76,Yes,0,3,67.63,0.24,222.77,6
MED0485,Chlorhexidine 500mg Syrup,Neuro/Psychiatric,Lupin,No,2026-03,0,1207,1009,1009,0,No,198,3,67.63,0.24,221.15,6
MED0485,Chlorhexidine 500mg Syrup,Neuro/Psychiatric,Lupin,No,2026-04,198,1063,1137,1137,0,No,124,3,67.63,0.24,228.21,6
MED0485,Chlorhexidine 500mg Syrup,Neuro/Psychiatric,Lupin,No,2026-05,124,895,994,994,0,No,25,3,67.63,0.24,234.95,6
MED0485,Chlorhexidine 500mg Syrup,Neuro/Psychiatric,Lupin,No,2026-06,25,1158,1029,1029,0,No,154,3,67.63,0.24,239.4,6
MED0485,Chlorhexidine 500mg Syrup,Neuro/Psychiatric,Lupin,No,2026-07,154,1037,1129,1129,0,No,62,3,67.63,0.24,235.57,6
MED0486,Clopidogrel 250mg Inhaler,Antibiotic,Intas,No,2025-08,299,566,551,551,0,No,314,10,302.96,0.13,146.09,18
MED0486,Clopidogrel 250mg Inhaler,Antibiotic,Intas,No,2025-09,314,814,681,681,0,No,447,10,302.96,0.13,142.11,18
MED0486,Clopidogrel 250mg Inhaler,Antibiotic,Intas,No,2025-10,447,763,721,721,0,No,489,10,302.96,0.13,140.42,18
MED0486,Clopidogrel 250mg Inhaler,Antibiotic,Intas,No,2025-11,489,561,559,559,0,No,491,10,302.96,0.13,138.27,18
MED0486,Clopidogrel 250mg Inhaler,Antibiotic,Intas,No,2025-12,491,625,666,666,0,No,450,10,302.96,0.13,138.32,18
MED0486,Clopidogrel 250mg Inhaler,Antibiotic,Intas,No,2026-01,450,786,671,671,0,No,565,10,302.96,0.13,140.88,18
MED0486,Clopidogrel 250mg Inhaler,Antibiotic,Intas,No,2026-02,565,663,538,538,0,No,690,10,302.96,0.13,144.18,18
MED0486,Clopidogrel 250mg Inhaler,Antibiotic,Intas,No,2026-03,690,620,572,572,0,No,738,10,302.96,0.13,147.35,18
MED0486,Clopidogrel 250mg Inhaler,Antibiotic,Intas,No,2026-04,738,531,614,614,0,No,655,10,302.96,0.13,146.06,18
MED0486,Clopidogrel 250mg Inhaler,Antibiotic,Intas,No,2026-05,655,461,657,657,0,No,459,10,302.96,0.13,147.78,18
MED0486,Clopidogrel 250mg Inhaler,Antibiotic,Intas,No,2026-06,459,645,639,639,0,No,465,10,302.96,0.13,146.06,18
MED0486,Clopidogrel 250mg Inhaler,Antibiotic,Intas,No,2026-07,465,742,657,657,0,No,550,10,302.96,0.13,142.02,18
MED0487,Chlorpheniramine 1mg Drops,Antidiabetic,Sun Pharma,No,2025-08,85,876,725,725,0,No,236,2,96.74,0.21,327.92,24
MED0487,Chlorpheniramine 1mg Drops,Antidiabetic,Sun Pharma,No,2025-09,236,625,723,723,0,No,138,2,96.74,0.21,332.08,24
MED0487,Chlorpheniramine 1mg Drops,Antidiabetic,Sun Pharma,No,2025-10,138,692,651,651,0,No,179,2,96.74,0.21,321.95,24
MED0487,Chlorpheniramine 1mg Drops,Antidiabetic,Sun Pharma,No,2025-11,179,883,760,760,0,No,302,2,96.74,0.21,320.07,24
MED0487,Chlorpheniramine 1mg Drops,Antidiabetic,Sun Pharma,No,2025-12,302,548,749,749,0,No,101,2,96.74,0.21,316.55,24
MED0487,Chlorpheniramine 1mg Drops,Antidiabetic,Sun Pharma,No,2026-01,101,473,671,574,97,Yes,0,2,96.74,0.21,320.54,24
MED0487,Chlorpheniramine 1mg Drops,Antidiabetic,Sun Pharma,No,2026-02,0,762,799,762,37,Yes,0,2,96.74,0.21,326.04,24
MED0487,Chlorpheniramine 1mg Drops,Antidiabetic,Sun Pharma,No,2026-03,0,0,754,0,754,Yes,0,2,96.74,0.21,321.99,24
MED0487,Chlorpheniramine 1mg Drops,Antidiabetic,Sun Pharma,No,2026-04,0,693,702,693,9,Yes,0,2,96.74,0.21,328.43,24
MED0487,Chlorpheniramine 1mg Drops,Antidiabetic,Sun Pharma,No,2026-05,0,580,766,580,186,Yes,0,2,96.74,0.21,324.17,24
MED0487,Chlorpheniramine 1mg Drops,Antidiabetic,Sun Pharma,No,2026-06,0,820,839,820,19,Yes,0,2,96.74,0.21,323.06,24
MED0487,Chlorpheniramine 1mg Drops,Antidiabetic,Sun Pharma,No,2026-07,0,0,807,0,807,Yes,0,2,96.74,0.21,327.75,24
MED0488,Ivermectin 1g Syrup,Emergency/Critical Care,Dr Reddy's,No,2025-08,1209,0,1672,1209,463,Yes,0,7,400.28,0.14,220.49,9
MED0488,Ivermectin 1g Syrup,Emergency/Critical Care,Dr Reddy's,No,2025-09,0,2512,2011,2011,0,No,501,7,400.28,0.14,223.17,9
MED0488,Ivermectin 1g Syrup,Emergency/Critical Care,Dr Reddy's,No,2025-10,501,2728,2119,2119,0,No,1110,7,400.28,0.14,229.94,9
MED0488,Ivermectin 1g Syrup,Emergency/Critical Care,Dr Reddy's,No,2025-11,1110,0,2723,1110,1613,Yes,0,7,400.28,0.14,226.12,9
MED0488,Ivermectin 1g Syrup,Emergency/Critical Care,Dr Reddy's,No,2025-12,0,2749,3833,2749,1084,Yes,0,7,400.28,0.14,228.37,9
MED0488,Ivermectin 1g Syrup,Emergency/Critical Care,Dr Reddy's,No,2026-01,0,3499,3296,3296,0,No,203,7,400.28,0.14,229.89,9
MED0488,Ivermectin 1g Syrup,Emergency/Critical Care,Dr Reddy's,No,2026-02,203,0,3486,203,3283,Yes,0,7,400.28,0.14,235.66,9
MED0488,Ivermectin 1g Syrup,Emergency/Critical Care,Dr Reddy's,No,2026-03,0,2409,2026,2026,0,No,383,7,400.28,0.14,230.89,9
MED0488,Ivermectin 1g Syrup,Emergency/Critical Care,Dr Reddy's,No,2026-04,383,0,2041,383,1658,Yes,0,7,400.28,0.14,234.39,9
MED0488,Ivermectin 1g Syrup,Emergency/Critical Care,Dr Reddy's,No,2026-05,0,1089,1430,1089,341,Yes,0,7,400.28,0.14,235.34,9
MED0488,Ivermectin 1g Syrup,Emergency/Critical Care,Dr Reddy's,No,2026-06,0,1170,1377,1170,207,Yes,0,7,400.28,0.14,232.21,9
MED0488,Ivermectin 1g Syrup,Emergency/Critical Care,Dr Reddy's,No,2026-07,0,1494,1821,1494,327,Yes,0,7,400.28,0.14,231.85,9
MED0489,Budesonide 10mg Suspension,Emergency/Critical Care,Zydus,Yes,2025-08,596,1930,1736,1736,0,No,790,7,199.41,0.27,87.87,36
MED0489,Budesonide 10mg Suspension,Emergency/Critical Care,Zydus,Yes,2025-09,790,1384,1932,1932,0,No,242,7,199.41,0.27,86.95,36
MED0489,Budesonide 10mg Suspension,Emergency/Critical Care,Zydus,Yes,2025-10,242,0,2604,242,2362,Yes,0,7,199.41,0.27,87.39,36
MED0489,Budesonide 10mg Suspension,Emergency/Critical Care,Zydus,Yes,2025-11,0,3054,2918,2918,0,No,136,7,199.41,0.27,89.54,36
MED0489,Budesonide 10mg Suspension,Emergency/Critical Care,Zydus,Yes,2025-12,136,0,3684,136,3548,Yes,0,7,199.41,0.27,89.92,36
MED0489,Budesonide 10mg Suspension,Emergency/Critical Care,Zydus,Yes,2026-01,0,4773,4177,4177,0,No,596,7,199.41,0.27,90.65,36
MED0489,Budesonide 10mg Suspension,Emergency/Critical Care,Zydus,Yes,2026-02,596,3804,3418,3418,0,No,982,7,199.41,0.27,90.75,36
MED0489,Budesonide 10mg Suspension,Emergency/Critical Care,Zydus,Yes,2026-03,982,1797,2174,2174,0,No,605,7,199.41,0.27,88.27,36
MED0489,Budesonide 10mg Suspension,Emergency/Critical Care,Zydus,Yes,2026-04,605,1923,1806,1806,0,No,722,7,199.51,0.27,86.79,36
MED0489,Budesonide 10mg Suspension,Emergency/Critical Care,Zydus,Yes,2026-05,722,1649,1618,1618,0,No,753,7,199.51,0.27,86.75,36
MED0489,Budesonide 10mg Suspension,Emergency/Critical Care,Zydus,Yes,2026-06,753,2222,1730,1730,0,No,1245,7,199.51,0.27,85.7,36
MED0489,Budesonide 10mg Suspension,Emergency/Critical Care,Zydus,Yes,2026-07,1245,1262,1508,1508,0,No,999,7,199.51,0.27,83.94,36
MED0490,Diazepam 100mg Injection,Emergency/Critical Care,Zydus,No,2025-08,263,975,879,879,0,No,359,4,405.08,0.15,337.52,12
MED0490,Diazepam 100mg Injection,Emergency/Critical Care,Zydus,No,2025-09,359,1179,1135,1135,0,No,403,4,405.08,0.15,333.75,12
MED0490,Diazepam 100mg Injection,Emergency/Critical Care,Zydus,No,2025-10,403,853,876,876,0,No,380,4,405.08,0.15,328.61,12
MED0490,Diazepam 100mg Injection,Emergency/Critical Care,Zydus,No,2025-11,380,853,912,912,0,No,321,4,405.08,0.15,327.84,12
MED0490,Diazepam 100mg Injection,Emergency/Critical Care,Zydus,No,2025-12,321,1054,1016,1016,0,No,359,4,405.08,0.15,320.04,12
MED0490,Diazepam 100mg Injection,Emergency/Critical Care,Zydus,No,2026-01,359,1121,1124,1124,0,No,356,4,405.08,0.15,329.14,12
MED0490,Diazepam 100mg Injection,Emergency/Critical Care,Zydus,No,2026-02,356,668,867,867,0,No,157,4,405.08,0.15,336.96,12
MED0490,Diazepam 100mg Injection,Emergency/Critical Care,Zydus,No,2026-03,157,927,1003,1003,0,No,81,4,405.08,0.15,341.37,12
MED0490,Diazepam 100mg Injection,Emergency/Critical Care,Zydus,No,2026-04,81,811,1033,892,141,Yes,0,4,405.08,0.15,333,12
MED0490,Diazepam 100mg Injection,Emergency/Critical Care,Zydus,No,2026-05,0,855,953,855,98,Yes,0,4,405.08,0.15,338.87,12
MED0490,Diazepam 100mg Injection,Emergency/Critical Care,Zydus,No,2026-06,0,964,1009,964,45,Yes,0,4,405.08,0.15,345.42,12
MED0490,Diazepam 100mg Injection,Emergency/Critical Care,Zydus,No,2026-07,0,1462,1152,1152,0,No,310,4,405.08,0.15,351.11,12
MED0491,Ranitidine Syrup 1g Ointment,Antidiabetic,Dr Reddy's,No,2025-08,49,454,380,380,0,No,123,2,338.44,0.23,177.24,9
MED0491,Ranitidine Syrup 1g Ointment,Antidiabetic,Dr Reddy's,No,2025-09,123,467,465,465,0,No,125,2,338.44,0.23,172.93,9
MED0491,Ranitidine Syrup 1g Ointment,Antidiabetic,Dr Reddy's,No,2025-10,125,322,433,433,0,No,14,2,338.44,0.23,174.54,9
MED0491,Ranitidine Syrup 1g Ointment,Antidiabetic,Dr Reddy's,No,2025-11,14,316,401,330,71,Yes,0,2,338.44,0.23,178.27,9
MED0491,Ranitidine Syrup 1g Ointment,Antidiabetic,Dr Reddy's,No,2025-12,0,336,393,336,57,Yes,0,2,338.44,0.23,179.13,9
MED0491,Ranitidine Syrup 1g Ointment,Antidiabetic,Dr Reddy's,No,2026-01,0,264,372,264,108,Yes,0,2,338.44,0.23,180.76,9
MED0491,Ranitidine Syrup 1g Ointment,Antidiabetic,Dr Reddy's,No,2026-02,0,487,386,386,0,No,101,2,338.44,0.23,180.3,9
MED0491,Ranitidine Syrup 1g Ointment,Antidiabetic,Dr Reddy's,No,2026-03,101,293,391,391,0,No,3,2,338.44,0.23,180.62,9
MED0491,Ranitidine Syrup 1g Ointment,Antidiabetic,Dr Reddy's,No,2026-04,3,568,469,469,0,No,102,2,338.44,0.23,175.42,9
MED0491,Ranitidine Syrup 1g Ointment,Antidiabetic,Dr Reddy's,No,2026-05,102,381,463,463,0,No,20,2,338.44,0.23,176.97,9
MED0491,Ranitidine Syrup 1g Ointment,Antidiabetic,Dr Reddy's,No,2026-06,20,443,405,405,0,No,58,2,338.44,0.23,172.3,9
MED0491,Ranitidine Syrup 1g Ointment,Antidiabetic,Dr Reddy's,No,2026-07,58,595,462,462,0,No,191,2,338.44,0.23,171.57,9
MED0492,Misoprostol 10ml Suspension,Dermatological,GSK,No,2025-08,1021,8269,6741,6741,0,No,2549,5,478.31,0.24,49.04,12
MED0492,Misoprostol 10ml Suspension,Dermatological,GSK,No,2025-09,2549,3447,4845,4845,0,No,1151,5,478.31,0.24,48.4,12
MED0492,Misoprostol 10ml Suspension,Dermatological,GSK,No,2025-10,1151,2995,3980,3980,0,No,166,5,478.31,0.24,48.54,12
MED0492,Misoprostol 10ml Suspension,Dermatological,GSK,No,2025-11,166,3858,3443,3443,0,No,581,5,478.31,0.24,47.41,12
MED0492,Misoprostol 10ml Suspension,Dermatological,GSK,No,2025-12,581,2505,3323,3086,237,Yes,0,5,478.31,0.24,48,12
MED0492,Misoprostol 10ml Suspension,Dermatological,GSK,No,2026-01,0,2966,3244,2966,278,Yes,0,5,478.31,0.24,48.91,12
MED0492,Misoprostol 10ml Suspension,Dermatological,GSK,No,2026-02,0,2850,3448,2850,598,Yes,0,5,478.31,0.24,47.87,12
MED0492,Misoprostol 10ml Suspension,Dermatological,GSK,No,2026-03,0,0,4345,0,4345,Yes,0,5,478.31,0.24,46.65,12
MED0492,Misoprostol 10ml Suspension,Dermatological,GSK,No,2026-04,0,0,6677,0,6677,Yes,0,5,478.31,0.24,45.55,12
MED0492,Misoprostol 10ml Suspension,Dermatological,GSK,No,2026-05,0,0,9474,0,9474,Yes,0,5,478.31,0.24,46.72,12
MED0492,Misoprostol 10ml Suspension,Dermatological,GSK,No,2026-06,0,7597,6900,6900,0,No,697,5,478.31,0.24,46.81,12
MED0492,Misoprostol 10ml Suspension,Dermatological,GSK,No,2026-07,697,6362,6748,6748,0,No,311,5,478.31,0.24,46.71,12
MED0493,Digoxin 20mg Syrup,Analgesic,GSK,No,2025-08,95,0,130,95,35,Yes,0,14,640.75,0.19,262.8,18
MED0493,Digoxin 20mg Syrup,Analgesic,GSK,No,2025-09,0,149,133,133,0,No,16,14,640.75,0.19,256.29,18
MED0493,Digoxin 20mg Syrup,Analgesic,GSK,No,2025-10,16,114,126,126,0,No,4,14,640.75,0.19,258.77,18
MED0493,Digoxin 20mg Syrup,Analgesic,GSK,No,2025-11,4,118,106,106,0,No,16,14,640.75,0.19,264.86,18
MED0493,Digoxin 20mg Syrup,Analgesic,GSK,No,2025-12,16,130,102,102,0,No,44,14,640.75,0.19,270.29,18
MED0493,Digoxin 20mg Syrup,Analgesic,GSK,No,2026-01,44,97,134,134,0,No,7,14,640.75,0.19,272.38,18
MED0493,Digoxin 20mg Syrup,Analgesic,GSK,No,2026-02,7,0,113,7,106,Yes,0,14,640.75,0.19,265.35,18
MED0493,Digoxin 20mg Syrup,Analgesic,GSK,No,2026-03,0,92,112,92,20,Yes,0,14,640.75,0.19,258.93,18
MED0493,Digoxin 20mg Syrup,Analgesic,GSK,No,2026-04,0,107,105,105,0,No,2,14,640.75,0.19,251.47,18
MED0493,Digoxin 20mg Syrup,Analgesic,GSK,No,2026-05,2,91,128,93,35,Yes,0,14,640.75,0.19,247.45,18
MED0493,Digoxin 20mg Syrup,Analgesic,GSK,No,2026-06,0,122,117,117,0,No,5,14,640.75,0.19,241.42,18
MED0493,Digoxin 20mg Syrup,Analgesic,GSK,No,2026-07,5,105,107,107,0,No,3,14,640.75,0.19,239.15,18
MED0494,Carbamazepine 10ml Suspension,Gastrointestinal,Torrent,No,2025-08,97,475,450,450,0,No,122,5,718.98,0.19,86.33,6
MED0494,Carbamazepine 10ml Suspension,Gastrointestinal,Torrent,No,2025-09,122,349,393,393,0,No,78,5,718.98,0.19,85.7,6
MED0494,Carbamazepine 10ml Suspension,Gastrointestinal,Torrent,No,2025-10,78,482,388,388,0,No,172,5,718.98,0.19,88.11,6
MED0494,Carbamazepine 10ml Suspension,Gastrointestinal,Torrent,No,2025-11,172,494,387,387,0,No,279,5,718.98,0.19,88.71,6
MED0494,Carbamazepine 10ml Suspension,Gastrointestinal,Torrent,No,2025-12,279,432,386,386,0,No,325,5,718.98,0.19,90.53,6
MED0494,Carbamazepine 10ml Suspension,Gastrointestinal,Torrent,No,2026-01,325,356,499,499,0,No,182,5,718.98,0.19,91.67,6
MED0494,Carbamazepine 10ml Suspension,Gastrointestinal,Torrent,No,2026-02,182,341,388,388,0,No,135,5,718.98,0.19,89.56,6
MED0494,Carbamazepine 10ml Suspension,Gastrointestinal,Torrent,No,2026-03,135,429,449,449,0,No,115,5,718.98,0.19,90.84,6
MED0494,Carbamazepine 10ml Suspension,Gastrointestinal,Torrent,No,2026-04,115,0,384,115,269,Yes,0,5,718.98,0.19,89.62,6
MED0494,Carbamazepine 10ml Suspension,Gastrointestinal,Torrent,No,2026-05,0,527,485,485,0,No,42,5,718.98,0.19,90.38,6
MED0494,Carbamazepine 10ml Suspension,Gastrointestinal,Torrent,No,2026-06,42,566,465,465,0,No,143,5,718.98,0.19,89.52,6
MED0494,Carbamazepine 10ml Suspension,Gastrointestinal,Torrent,No,2026-07,143,457,384,384,0,No,216,5,718.98,0.19,92.23,6
MED0495,Haloperidol 5ml Injection,Cardiac,Cipla,No,2025-08,369,0,2410,369,2041,Yes,0,5,67.83,0.28,246.59,9
MED0495,Haloperidol 5ml Injection,Cardiac,Cipla,No,2025-09,0,1499,2089,1499,590,Yes,0,5,67.83,0.28,242.92,9
MED0495,Haloperidol 5ml Injection,Cardiac,Cipla,No,2025-10,0,0,1358,0,1358,Yes,0,5,67.83,0.28,239.49,9
MED0495,Haloperidol 5ml Injection,Cardiac,Cipla,No,2025-11,0,892,1042,892,150,Yes,0,5,67.83,0.28,246.18,9
MED0495,Haloperidol 5ml Injection,Cardiac,Cipla,No,2025-12,0,854,828,828,0,No,26,5,67.83,0.28,238.8,9
MED0495,Haloperidol 5ml Injection,Cardiac,Cipla,No,2026-01,26,664,796,690,106,Yes,0,5,67.83,0.28,241.86,9
MED0495,Haloperidol 5ml Injection,Cardiac,Cipla,No,2026-02,0,796,866,796,70,Yes,0,5,67.83,0.28,245.36,9
MED0495,Haloperidol 5ml Injection,Cardiac,Cipla,No,2026-03,0,1071,1051,1051,0,No,20,5,67.83,0.28,250.59,9
MED0495,Haloperidol 5ml Injection,Cardiac,Cipla,No,2026-04,20,1139,986,986,0,No,173,5,67.83,0.28,257.96,9
MED0495,Haloperidol 5ml Injection,Cardiac,Cipla,No,2026-05,173,1167,1272,1272,0,No,68,5,67.83,0.28,265.35,9
MED0495,Haloperidol 5ml Injection,Cardiac,Cipla,No,2026-06,68,2021,1997,1997,0,No,92,5,67.83,0.28,258.6,9
MED0495,Haloperidol 5ml Injection,Cardiac,Cipla,No,2026-07,92,2236,2566,2328,238,Yes,0,5,67.83,0.28,263.6,9
MED0496,Loperamide 250mg Suspension,Emergency/Critical Care,Abbott,Yes,2025-08,566,1915,1580,1580,0,No,901,5,778.29,0.12,167.93,9
MED0496,Loperamide 250mg Suspension,Emergency/Critical Care,Abbott,Yes,2025-09,901,1316,1767,1767,0,No,450,5,778.29,0.12,169.48,9
MED0496,Loperamide 250mg Suspension,Emergency/Critical Care,Abbott,Yes,2025-10,450,0,1427,450,977,Yes,0,5,778.29,0.12,171.04,9
MED0496,Loperamide 250mg Suspension,Emergency/Critical Care,Abbott,Yes,2025-11,0,1572,1445,1445,0,No,127,5,778.29,0.12,167.11,9
MED0496,Loperamide 250mg Suspension,Emergency/Critical Care,Abbott,Yes,2025-12,127,1870,1743,1743,0,No,254,5,778.29,0.12,168.7,9
MED0496,Loperamide 250mg Suspension,Emergency/Critical Care,Abbott,Yes,2026-01,254,1241,1689,1495,194,Yes,0,5,778.29,0.12,173.8,9
MED0496,Loperamide 250mg Suspension,Emergency/Critical Care,Abbott,Yes,2026-02,0,1798,1725,1725,0,No,73,5,778.29,0.12,178.16,9
MED0496,Loperamide 250mg Suspension,Emergency/Critical Care,Abbott,Yes,2026-03,73,0,1431,73,1358,Yes,0,5,778.29,0.12,177.52,9
MED0496,Loperamide 250mg Suspension,Emergency/Critical Care,Abbott,Yes,2026-04,0,1088,1435,1088,347,Yes,0,5,774.49,0.12,172.65,9
MED0496,Loperamide 250mg Suspension,Emergency/Critical Care,Abbott,Yes,2026-05,0,1907,1771,1771,0,No,136,5,774.49,0.12,171.19,9
MED0496,Loperamide 250mg Suspension,Emergency/Critical Care,Abbott,Yes,2026-06,136,1191,1423,1327,96,Yes,0,5,774.49,0.12,174.64,9
MED0496,Loperamide 250mg Suspension,Emergency/Critical Care,Abbott,Yes,2026-07,0,1891,1721,1721,0,No,170,5,774.49,0.12,176.77,9
MED0497,Cough Syrup 1g Ointment,Antidiabetic,Torrent,Yes,2025-08,950,1555,1560,1560,0,No,945,10,508.39,0.13,104.11,9
MED0497,Cough Syrup 1g Ointment,Antidiabetic,Torrent,Yes,2025-09,945,1651,1311,1311,0,No,1285,10,508.39,0.13,101.19,9
MED0497,Cough Syrup 1g Ointment,Antidiabetic,Torrent,Yes,2025-10,1285,1504,1271,1271,0,No,1518,10,508.39,0.13,100.71,9
MED0497,Cough Syrup 1g Ointment,Antidiabetic,Torrent,Yes,2025-11,1518,903,1214,1214,0,No,1207,10,508.39,0.13,100.51,9
MED0497,Cough Syrup 1g Ointment,Antidiabetic,Torrent,Yes,2025-12,1207,0,1343,1207,136,Yes,0,10,508.39,0.13,103.32,9
MED0497,Cough Syrup 1g Ointment,Antidiabetic,Torrent,Yes,2026-01,0,1410,1384,1384,0,No,26,10,508.39,0.13,104.25,9
MED0497,Cough Syrup 1g Ointment,Antidiabetic,Torrent,Yes,2026-02,26,1198,1386,1224,162,Yes,0,10,508.39,0.13,103.01,9
MED0497,Cough Syrup 1g Ointment,Antidiabetic,Torrent,Yes,2026-03,0,1010,1360,1010,350,Yes,0,10,508.39,0.13,103.18,9
MED0497,Cough Syrup 1g Ointment,Antidiabetic,Torrent,Yes,2026-04,0,1290,1480,1290,190,Yes,0,10,499.56,0.13,100.33,9
MED0497,Cough Syrup 1g Ointment,Antidiabetic,Torrent,Yes,2026-05,0,1654,1510,1510,0,No,144,10,499.56,0.13,103.43,9
MED0497,Cough Syrup 1g Ointment,Antidiabetic,Torrent,Yes,2026-06,144,1583,1548,1548,0,No,179,10,499.56,0.13,102.51,9
MED0497,Cough Syrup 1g Ointment,Antidiabetic,Torrent,Yes,2026-07,179,1241,1534,1420,114,Yes,0,10,499.56,0.13,102.36,9
MED0498,Heparin 250mg Ointment,Antibiotic,Glenmark,No,2025-08,888,1385,1099,1099,0,No,1174,21,686.58,0.19,343.88,6
MED0498,Heparin 250mg Ointment,Antibiotic,Glenmark,No,2025-09,1174,860,1121,1121,0,No,913,21,686.58,0.19,347.83,6
MED0498,Heparin 250mg Ointment,Antibiotic,Glenmark,No,2025-10,913,1214,1260,1260,0,No,867,21,686.58,0.19,351.34,6
MED0498,Heparin 250mg Ointment,Antibiotic,Glenmark,No,2025-11,867,1077,1201,1201,0,No,743,21,686.58,0.19,356,6
MED0498,Heparin 250mg Ointment,Antibiotic,Glenmark,No,2025-12,743,0,1386,743,643,Yes,0,21,686.58,0.19,350.98,6
MED0498,Heparin 250mg Ointment,Antibiotic,Glenmark,No,2026-01,0,910,1051,910,141,Yes,0,21,686.58,0.19,346.99,6
MED0498,Heparin 250mg Ointment,Antibiotic,Glenmark,No,2026-02,0,913,1141,913,228,Yes,0,21,686.58,0.19,338.87,6
MED0498,Heparin 250mg Ointment,Antibiotic,Glenmark,No,2026-03,0,1522,1371,1371,0,No,151,21,686.58,0.19,342.24,6
MED0498,Heparin 250mg Ointment,Antibiotic,Glenmark,No,2026-04,151,787,1087,938,149,Yes,0,21,686.58,0.19,332.27,6
MED0498,Heparin 250mg Ointment,Antibiotic,Glenmark,No,2026-05,0,1292,1170,1170,0,No,122,21,686.58,0.19,334.39,6
MED0498,Heparin 250mg Ointment,Antibiotic,Glenmark,No,2026-06,122,771,1100,893,207,Yes,0,21,686.58,0.19,342.4,6
MED0498,Heparin 250mg Ointment,Antibiotic,Glenmark,No,2026-07,0,1410,1172,1172,0,No,238,21,686.58,0.19,350.87,6
MED0499,Diazepam 10mg Injection,Neuro/Psychiatric,Abbott,No,2025-08,313,918,1108,1108,0,No,123,3,675.43,0.14,201.27,24
MED0499,Diazepam 10mg Injection,Neuro/Psychiatric,Abbott,No,2025-09,123,0,1293,123,1170,Yes,0,3,675.43,0.14,200.62,24
MED0499,Diazepam 10mg Injection,Neuro/Psychiatric,Abbott,No,2025-10,0,1383,1302,1302,0,No,81,3,675.43,0.14,200.1,24
MED0499,Diazepam 10mg Injection,Neuro/Psychiatric,Abbott,No,2025-11,81,1999,1908,1908,0,No,172,3,675.43,0.14,194.74,24
MED0499,Diazepam 10mg Injection,Neuro/Psychiatric,Abbott,No,2025-12,172,1979,2270,2151,119,Yes,0,3,675.43,0.14,196.91,24
MED0499,Diazepam 10mg Injection,Neuro/Psychiatric,Abbott,No,2026-01,0,2872,2427,2427,0,No,445,3,675.43,0.14,200.98,24
MED0499,Diazepam 10mg Injection,Neuro/Psychiatric,Abbott,No,2026-02,445,1859,1876,1876,0,No,428,3,675.43,0.14,197.74,24
MED0499,Diazepam 10mg Injection,Neuro/Psychiatric,Abbott,No,2026-03,428,1859,1437,1437,0,No,850,3,675.43,0.14,196.74,24
MED0499,Diazepam 10mg Injection,Neuro/Psychiatric,Abbott,No,2026-04,850,0,1247,850,397,Yes,0,3,675.43,0.14,201.04,24
MED0499,Diazepam 10mg Injection,Neuro/Psychiatric,Abbott,No,2026-05,0,1347,1169,1169,0,No,178,3,675.43,0.14,205.82,24
MED0499,Diazepam 10mg Injection,Neuro/Psychiatric,Abbott,No,2026-06,178,1115,1054,1054,0,No,239,3,675.43,0.14,202.56,24
MED0499,Diazepam 10mg Injection,Neuro/Psychiatric,Abbott,No,2026-07,239,1311,1151,1151,0,No,399,3,675.43,0.14,203.2,24
MED0500,Vancomycin 500mg Syrup,Antidiabetic,Torrent,No,2025-08,672,2738,2168,2168,0,No,1242,7,161.13,0.25,303.54,24
MED0500,Vancomycin 500mg Syrup,Antidiabetic,Torrent,No,2025-09,1242,2113,2395,2395,0,No,960,7,161.13,0.25,297.66,24
MED0500,Vancomycin 500mg Syrup,Antidiabetic,Torrent,No,2025-10,960,2640,2284,2284,0,No,1316,7,161.13,0.25,290.05,24
MED0500,Vancomycin 500mg Syrup,Antidiabetic,Torrent,No,2025-11,1316,1846,2066,2066,0,No,1096,7,161.13,0.25,297.91,24
MED0500,Vancomycin 500mg Syrup,Antidiabetic,Torrent,No,2025-12,1096,1860,2132,2132,0,No,824,7,161.13,0.25,304.04,24
MED0500,Vancomycin 500mg Syrup,Antidiabetic,Torrent,No,2026-01,824,1649,2092,2092,0,No,381,7,161.13,0.25,309.01,24
MED0500,Vancomycin 500mg Syrup,Antidiabetic,Torrent,No,2026-02,381,1858,2398,2239,159,Yes,0,7,161.13,0.25,300.38,24
MED0500,Vancomycin 500mg Syrup,Antidiabetic,Torrent,No,2026-03,0,2907,2504,2504,0,No,403,7,161.13,0.25,306.95,24
MED0500,Vancomycin 500mg Syrup,Antidiabetic,Torrent,No,2026-04,403,0,2330,403,1927,Yes,0,7,161.13,0.25,305.77,24
MED0500,Vancomycin 500mg Syrup,Antidiabetic,Torrent,No,2026-05,0,2939,2307,2307,0,No,632,7,161.13,0.25,302.76,24
MED0500,Vancomycin 500mg Syrup,Antidiabetic,Torrent,No,2026-06,632,2253,2453,2453,0,No,432,7,161.13,0.25,303.65,24
MED0500,Vancomycin 500mg Syrup,Antidiabetic,Torrent,No,2026-07,432,2514,1941,1941,0,No,1005,7,161.13,0.25,295.84,24
